<?xml version="1.0"?>
<VTKFile type="UnstructuredGrid"  version="0.1"  >
<UnstructuredGrid>
<Piece  NumberOfPoints="1514" NumberOfCells="1559">
<Points>
<DataArray  type="Float64"  NumberOfComponents="3"  format="ascii">0.5424547606462795 -0.5777610874880028 -0.002982175894762611  0.4132532380861361 -0.5406867699033321 0.02720942573188431  0.5800751902981839 -0.6019334394593004 0.01678587456773306  0.5172571408483233 -0.5703957455851507 -0.02705828272165909  0.09266595662331954 -0.6007705917591479 0.009268978289923846  0.001279257831821881 -0.5183333194248357 0.002858994233038203  0.1014253881257866 -0.6264624548887937 -0.005367907024452598  -0.0076874336411175 -0.5164210613798321 -0.00306481204230924  0.2210536693402627 -0.1206330485315819 0.6085277240994348  0.2588657901642518 -0.2137025407697239 0.5416231836556357  0.2176207407303142 -0.1093031900604581 0.6134413764827013  0.2779046188854203 -0.2214286545031544 0.4921665181044245  0.4247385870012098 -0.3728652785427115 0.3947396904452315  0.3937994256448343 -0.3808988946330567 0.4049946345166475  0.4250202826200757 -0.372771427075799 0.3941451146359771  0.1714362405983206 -0.3699739356657977 0.4218087793644574  0.1745783821335524 -0.3746736412720156 0.411084912429365  0.1671896062812745 -0.3678647885763435 0.4223059105598508  0.5561134876442539 -0.6503088879074418 0.1403418178139637  0.5549273025446687 -0.6501229446717173 0.1409487025864613  0.5751183878057361 -0.6522627808099311 0.1284295390722349  0.3282127674993848 -0.5809094859590135 -0.1385249129214601  0.3270294618504669 -0.5815247350619525 -0.1384630330721972  0.3351191407942277 -0.5772707944091839 -0.1647007727489271  -0.6018741831815029 -0.2770628448701461 0.3099385267729843  -0.5801295881767085 -0.2810958880595138 0.2855445034148715  -0.6016414433313272 -0.2739392595846678 0.310581049482392  -0.106970905819817 -0.1252215752499414 0.6031985487002339  -0.108090011229741 -0.1233963151919564 0.6018457962706342  -0.02826110938625161 -0.1321736518538306 0.5472955974476486  -0.1105722891577559 -0.1203883462104853 0.6295658922231379  0.2593470522941362 -0.6676602300632657 -0.3464262263568866  0.3417026917877043 -0.6621080088472334 -0.3304390481410043  0.2584834706801931 -0.6673841556431548 -0.3479450558894778  -0.5793728435259626 -0.2793989436023558 0.2852198211068743  0.3432071026890026 0.2171371471481672 0.8710527842028157  0.2942955258348558 0.1836207254100357 0.8581804131455805  0.3513676370545211 0.2140147584694855 0.8699458481651103  0.206041911658423 0.1657035683175188 0.9000047183509587  0.4163492169156418 -0.0290813349848003 0.558558252569103  0.3869026113848505 -0.08517666307671036 0.4768963720099606  0.4153816427443067 -0.02565355400735351 0.5617189286242715  0.4134145597321588 -0.06898598954238279 0.415060866002971  0.06708799270633975 0.003533003259127362 -0.08998769000787177  0.1053855068864992 0.001081516345764179 -0.08287019651988509  0.05440365582588762 -0.02040215012638145 -0.001634106268635321  0.7175327018479164 -0.1963584453625869 0.4296344032603692  0.7181468223828873 -0.1982500648885761 0.4307690959253563  0.7022180840832468 -0.1426882727753847 0.4142807576189393  0.3032513914743439 0.8851018188692455 -0.1274013846894134  0.2834819485233023 0.8773627445090935 -0.1237705828117157  0.2674861164088387 0.9044419539822167 -0.1307340664238966  -0.09009679127836892 0.09044584107870385 0.04783591420261624  -0.107848957622977 0.09128039686035608 0.04107696078875242  -0.077049709176473 0.07400213471458797 0.03814399248162009  0.5653681073173167 -0.7120785712857439 -0.1869818475512969  0.5542662329389966 -0.709722060012126 -0.2036729624615937  0.5362917292924064 -0.7551559886075082 -0.1069947771183503  0.6324893178590844 0.1398788438226464 0.08698185910857806  0.6156996644562129 0.1225754635610455 0.07649717256512252  0.6551082666285423 0.1406646263774797 0.128794408753529  0.6061305516285315 0.1161579611809038 0.07117971751747372  0.5992299129614046 0.1081055393386149 0.04664899821230838  0.5839448894168422 0.1126951998199924 0.02236848353558291  0.1221440069119275 0.01285309461671343 -0.0827368682945428  0.1313638484547404 -0.0966437670468505 0.06214492420530073  0.1308512163765767 -0.09669282732316628 0.06244396774075456  0.153041709314898 -0.1352475867531977 0.03256116743944633  -0.03505211197298808 -0.04005727092874575 0.05352526782688759  -0.03342686845501584 -0.03786853963836058 0.05427549653629687  -0.02033515833984022 -0.03581843337827202 0.05100695263715221  -0.03660000938853322 -0.04206030864854224 0.05401732014996741  0.8691369648752478 0.09317384229782914 0.3688886805014631  0.8557449234960062 0.08542424428541914 0.3749148820277025  0.9048344176925882 0.06872014934074261 0.3530690559448165  -0.1791872475264049 -0.05173647473060436 0.7588020378795445  -0.1759798144230556 -0.07803287481236076 0.7674419276077845  -0.1782299268671615 -0.03249257005320903 0.7264054105935409  -0.0134634305015479 -0.1855729849563066 0.5173754571188633  0.4107472741587957 -0.5399134112509062 0.01573937656605805  0.4104711032417145 -0.5401756482357956 0.0155838073415743  0.3822589388478563 -0.5824631941358027 -0.0199710478560606  0.4091051460140364 -0.5351655061425417 0.01479647890390055  0.4586899454607166 -0.4000564588476693 0.3174216076306305  0.4445991742840036 -0.3800796980587904 0.3270346372101937  0.4669300692106849 -0.4689805982999451 0.289330275084544  0.3672328753873854 -0.3772096994873511 0.4256073593437061  0.55835523906938 -0.5334893591651876 0.2044338805764168  0.558022829900477 -0.531063299703172 0.2055545700669593  0.4778004619528554 -0.6112998033009476 0.123336398465983  0.4253660290776585 -0.6333956908683694 0.1248709718154616  0.3655916868285121 -0.6705772789141318 0.2013457774318544  0.4344515959204836 -0.6202495998278506 0.1220094215641184  0.3845124586917744 -0.6016947838588683 0.08154127658412344  0.3546760729477632 -0.6030955319073446 0.09099345658094513  0.4057023903843226 -0.7123369806641088 0.02581146430974259  0.3305732962815094 -0.6138301138767259 0.1147029883925179  0.3845014280324653 -0.5935084820689513 -0.03542198335210091  0.1107254196097873 -0.8800435468936469 0.3451062403048331  0.07815294884482306 -0.8817188652573823 0.3737333037996924  0.1253008014001482 -0.8855633066027264 0.3506088706533064  0.2920435513816316 -0.2868537496230416 0.449904682903405  0.2789112425821628 -0.2470510240570652 0.4658797351930068  0.3207023973320398 -0.3423531906578715 0.4592350528934435  0.2898376585128253 -0.2001084272407208 0.4567311965478774  0.2870086518959161 -0.2029482202283922 0.4595819052641177  0.3550401448147458 -0.1667439667197639 0.4714392151523458  0.2740445439975576 -0.2271545786069619 0.4720662311576301  0.324900844376491 -0.3443392484726502 0.4593918563338716  0.2093763058431206 -0.2435109454238477 0.4640598316666001  -0.07053113536276648 -0.5282521363080547 0.03236898789436443  -0.07734045722903696 -0.5234685999938031 0.03639301735764722  -0.03251120744547906 -0.5188739060805917 0.0041601253555094  0.07331005371200594 -0.400777640345316 0.003044257084726817  0.0723796242729048 -0.4020697405117863 0.003075104412556512  0.09243265451261959 -0.3723617054449766 0.01235657429049493  0.03827267741517194 -0.4354606884380838 0.0789259865283712  0.2220891778709439 -0.5321679644006978 0.3705600414455515  0.2238456999754349 -0.5378795321134618 0.3730274151632078  0.2147689380468854 -0.5149327199355058 0.3662761626307849  0.01529262777311705 -0.4509135602951622 0.4487942181275487  0.127977566150919 -0.3749552261115039 0.4550885364234731  -0.005063472009635223 -0.4686237713740031 0.4387408168750151  0.156076915228782 -0.367050223020524 0.4319874739186401  0.3910776987090626 -0.6274610391095183 -0.05826050178975574  0.3821178593715098 -0.5197216869208232 -0.2213980956749245  0.4596937272596153 -0.4862200341664409 -0.1531138717049337  0.3595508488700939 -0.5423763197989847 -0.2095354828107515  0.3871081097184096 -0.5211235430808746 -0.2298439930863156  0.4623712774080896 -0.5004347407461895 -0.1129791712183584  -0.3994792469117107 -0.37743028492614 0.2193896244135419  -0.4034397045046264 -0.3310918926087706 0.2087863196287746  -0.3819001204087794 -0.391283265522382 0.2364259620808445  0.5428936423682369 0.1960078701608534 -0.1691313761480327  0.5498938129726008 0.1959129436003425 -0.1737940369157452  0.5244673507866618 0.178440859767627 -0.1753366528438177  0.5383255266101039 0.1790682360460306 -0.183721698079394  0.5725849848300283 0.2378839043246449 -0.1969925459985529  0.6928096785852972 0.6368642867988031 -0.1406858206008545  0.6738205829676961 0.6214959760005252 -0.1088072256847775  0.6027196393102907 0.5974792721839127 -0.08566521980578869  0.5841369952069758 0.567810815868196 -0.09375796903998598  0.6175207115835235 0.5978245598025618 -0.07712510070227421  0.6005003950985748 0.5585832615934047 -0.0834521642940429  0.4880038105580326 0.5743374995773085 -0.08846306371287828  0.6297931029269147 0.6004452456162541 -0.07674363063823983  0.3156344802929837 -0.08032619322056059 0.2961492370472722  0.2991992047013296 -0.07542335282001314 0.2966743955248795  0.3502212622438793 -0.07545728568158452 0.2932474818969596  0.2112324082596675 -0.04107826188374785 0.1986488592227334  0.2039028710340453 -0.043037269192544 0.1963173287898181  -0.3650850895937817 -0.6138595481735817 0.03892357362281374  -0.3603104878094616 -0.6061451405435452 0.1039294802440024  -0.3672101969292286 -0.6062967909433218 0.007126941594866529  -0.3918712699995105 -0.6123315024486604 0.1410535343397784  -0.5036874439111947 0.7999976207483954 -0.09993829984340019  -0.5169517907047424 0.8092031420856032 -0.1138410500990803  -0.4469508374135079 0.7826750044478168 -0.07245852733334877  0.4124620543267877 -0.02913357423267311 0.5800545188510886  0.7817408315472438 0.01896469350572742 0.3532593359529885  0.7765060138445902 0.02013665543419013 0.3491232032032361  0.3778631477919221 0.2447620028379627 0.7947528860551706  0.1064902019948253 -0.1063421929617562 0.6506490831357105  0.1072090646805125 -0.1067231752578812 0.6463679548248115  0.09639602296449841 -0.07696165998104225 0.6528133849331836  0.1237044684464692 -0.106715853887505 0.6305131035602162  0.08125001224051151 -0.1502247341590245 0.6480918685695655  0.1291494049063824 -0.1062372329749723 0.6297633537193054  0.3848751822548682 -0.09583559598010172 0.4804230808682008  0.3899096805065952 -0.1550291243625965 0.4607360573425945  0.4152764486851464 -0.04549755860620247 0.5749305487481294  0.4148139264520527 -0.04482440110504116 0.5770559034221643  -0.07754377810065834 -0.3760929579381834 -0.3514607443286525  -0.1157757793985451 -0.3922546214525693 -0.323623413188543  -0.0475651392163844 -0.3540869300412399 -0.4073269977357112  -0.1453249990449381 -0.3861739943094038 -0.3030896262898852  -0.2112877230916747 -0.3071193580801438 -0.2607125389504937  0.0240206593138574 -0.04662724334245662 -0.06950579739558352  0.007282625876793639 -0.05356809855119954 -0.07679178877020293  0.04746907992503957 -0.0269814405345614 -0.0117904145484208  0.008733936371090647 -0.0264827424668606 -0.1260522573533652  -0.1232854315445666 0.5063734955871062 -0.02323089271925841  -0.09648469806620194 0.5030578411057598 -0.02092433931793246  -0.2495170999199343 0.5731330310383205 0.02876204015922861  -0.1678110410330793 0.2328832844805712 0.1402689071772656  -0.2193324995902461 0.2211303699896995 0.199242479351468  -0.09015641130661153 0.246692467459306 0.1463617735907131  0.3268687609175741 0.3026231385138095 0.4808953886829272  0.2979947996924094 0.2820843425181282 0.4988614853045715  0.3578576423349476 0.3024888727562991 0.487525660401827  0.2799813612309507 0.2562830386858946 0.5252450381452574  0.2842537434918871 0.8640622797678568 -0.1278020879653385  0.2780339516467837 0.8305719332968827 -0.1178857875137244  0.2287045859569725 0.8687419105424055 -0.1845238225854578  0.1586958827879939 0.8922406015406459 -0.1964024476986885  0.259742391679849 0.9110863482507889 -0.1364592944051522  0.1084685592726877 0.8715667812766684 -0.1719063247295116  -0.8257085110961426 -0.1327715498736699 0.4159014936869997  -0.8332554350174703 -0.1761798183617454 0.4033966439748892  -0.8242012805492206 -0.1093817921418146 0.422815937631932  -0.5172461146552221 0.8095830427210342 -0.1144043018840473  -0.1927376994619504 0.1372986670136646 -0.0009932883553479058  -0.120606945522705 0.1045554203565552 0.02960253235699862  -0.1860892935085566 0.1480786205463184 -0.008494003924420714  -0.1168479089256605 0.1004406188167771 0.02941111417312052  -0.3572044828215287 -0.2126943658051414 -0.04047045238883243  -0.3438164272389538 -0.2124015539646154 -0.04757377200292348  -0.4094372546997305 -0.1953113496338192 -0.01190941461249844  0.5969474810928245 -0.6459468114516158 0.09647173492826255  0.5946317852887647 -0.6613182409891565 0.09004739638842715  0.4415659023063895 0.08295691773103646 0.1499516573577869  0.3957812390316788 0.1177546927996671 0.1339083967531203  0.4697681053989988 0.07949013061321357 0.2003751793388051  0.3937766618373107 0.1548270543949903 0.1076971600704398  0.391270094213356 0.1550442823232143 0.1022718849352153  0.3900379743996523 0.124845788046378 0.1299397927038584  0.3686541449375016 0.1704962080708698 0.07239020564179302  0.4806658972965254 0.05246166407052438 -0.04763867435419388  0.4754176309382607 0.04792326050112201 -0.06517796740694896  0.1454679699879121 0.01107441536040884 -0.09441011713305805  0.1325075501110091 0.01466898703929972 -0.0862219286735228  0.2054049452793782 -0.005187227621623795 -0.09366307963488152  0.3161560577148697 -0.1894578486209623 -0.1300752381782547  0.3222588451219742 -0.1977475327248153 -0.1329364162153097  0.2207071212283356 -0.1827857788133735 -0.04173401950694242  0.05334879499331281 -0.1982571514039193 0.1079843872413215  0.08417900191180741 -0.2515571909120128 0.1247382101690585  0.05100979809643175 -0.2003998992081266 0.08657073844151988  -0.07696201225588076 0.07379863252969114 0.03799274971618738  -0.0427637250822339 0.005058841895755456 0.05120837445469771  0.1165081562479145 -0.04781598316505838 0.3702519928211701  0.1053609832293814 -0.06040472304510439 0.3485940387058886  0.1158687163145186 -0.04767754898886191 0.3748298231542178  0.1828681670957661 -0.06577212298904411 0.171255835104649  0.1956561704616373 -0.04595579532049786 0.1772361264689498  0.2493068348904211 -0.06223046682243109 0.1173900745991265  0.1802094801475047 -0.07782725692788406 0.1822644113249357  0.1713097768640443 -0.06846517006143252 0.1694863928596518  0.249786978866068 -0.0625253850646225 0.115281558318367  0.2595856890917496 -0.04731197791333447 0.07047151236120597  -0.3810317705736476 0.13720017807919 0.2491163901482184  -0.3916702633773448 0.1266905540867431 0.2780326247271999  -0.3462277351723452 0.2145754942826027 0.2357043604596437  -0.4923240245452563 -0.06653850967020029 0.1132104309136011  -0.4910710823037435 -0.06587961203616034 0.1102519827017695  -0.4983814617542106 -0.07380914161875962 0.1261064814450275  -0.4838106289860056 -0.08504683106991313 0.08519327880350583  0.08105631015107626 -0.1553824592353845 0.6455234648341185  0.08104076333700373 -0.1991847959728942 0.6452201332537214  -0.1049226993423256 -0.2984430070462142 0.7208165305442371  -0.09599328292929905 -0.2984921690240526 0.6774454964731434  -0.1071700154785602 -0.2972796830664838 0.741634758596326  0.1440862691502841 -0.09047972451882372 0.3106056254585181  0.1324597666375579 -0.09717598855555684 0.1831633825116445  0.1379461807783941 -0.1002411173819007 0.1883390895490391  0.132871786645715 -0.09627913383570486 0.1824270080459063  0.07140827333379497 -0.007274837201713569 0.4517893928253656  0.0507064579386375 0.01398007075318769 0.4684711340395475  0.109709713774633 -0.04321206933328381 0.3943627608753467  0.2161033702994686 -0.08013819934949043 0.3843174151088988  0.2231550981740443 -0.08298842856466025 0.3803385801182004  0.2110950257193533 -0.07240355250301141 0.3891495699594241  0.2325546650425483 -0.09003431117043389 0.375971517079399  0.401382227047143 -0.06557715337439583 0.3871265802080092  0.1367372129642201 -0.1838065530947158 0.2820497927622364  0.1351193159952324 -0.1604549115320818 0.2124334387245884  0.105422329110288 -0.1921622840365272 0.3009683957072843  0.1364961658323893 -0.1283679560161796 0.1967173246826442  0.08157456147513392 -0.2021572652847825 0.6522595639669765  -0.06305983074638953 -0.2651243004899048 0.8061421755076954  0.08144575794939984 -0.2024269428406817 0.6505587645911663  -0.03882200019650822 -0.1821396967842916 0.7867847514345144  -0.07891306131283549 -0.2748849441787065 0.7984111680416847  0.01354784818417071 -0.1353879437713292 0.7605991037610169  -0.002282764776270083 -0.149747473489156 0.7493725609316848  0.1161105654590396 -0.09186354620658323 0.7349938147262398  -0.1785895833959406 -0.09559649490791072 0.7738432656316484  -0.186466507182578 -0.1061400875575152 0.7785235157489637  -0.1695282451349016 -0.05902249169053483 0.6919954250160325  -0.1112959597424653 -0.1091937893801594 0.6374761693851402  -0.174961506582575 -0.03562102225217384 0.7046552508671933  -0.2118713083804895 -0.1632306446216599 0.8273772828341115  -0.203573382940255 -0.2037727015167617 0.8293645491649599  0.4353816602340962 -0.3679539269245209 0.3392249960350541  0.4331653813430502 -0.3698709351559991 0.3724312663698741  0.08007966629425045 -0.3183104037125698 0.1666502740822974  0.06988701700283556 -0.2749273433972664 0.06850643651763513  0.07508604662281844 -0.2501416146120525 0.07322252282540774  0.09741218438102096 -0.326427046938733 0.0380853832372062  0.05531606264080823 -0.2132031058396607 0.07146428821685981  0.4934694974871774 -0.4654606081692086 0.3945362866433393  0.4820225026234244 -0.488698080465891 0.2559257510324979  0.3542313075044044 -0.6668611399220261 0.1978318622227461  0.3027426558995748 -0.5514717205870572 0.2257220558925201  0.2732832037736923 -0.5186047458732514 0.2721093781952442  0.2973121946046875 -0.5722387820825008 0.2140189742769908  0.1637432661892844 -0.6435870884506905 -0.07248774511581124  0.1695101614525618 -0.6393882619317849 -0.08301893070315447  0.1594586817624409 -0.6436888764117205 -0.06634434592768107  0.2214121495520188 -0.6129844934120388 -0.1312733537837595  0.3458353233345342 -0.3734113388790283 0.4357091865175651  0.2046385485380727 0.165419111035845 0.8997840345722401  0.1661839598668126 0.4312732496772664 0.01497170659256381  0.1142860713391142 0.3615795306739099 0.03902869300045737  0.2164184335428235 0.4647180587851129 -0.05265473054856086  0.07210072083572304 0.4459115778035828 0.4480086324200175  0.06774732884378326 0.4368551900912602 0.4783561729551944  0.07477519581130117 0.4458180297519974 0.4349259180276187  -0.357418591821715 -0.5634506783964566 -0.05348937995236117  -0.362293579365129 -0.5754058632804689 -0.0245036373601346  -0.3368265947466788 -0.5371030089979114 -0.0892791978692014  -0.3685241620861547 -0.5763799066717257 -0.01910574861464746  0.03231956516175483 -0.8843795512918546 0.3746678243976804  -0.004879659249883025 -0.8700454482837718 0.3790052340437673  0.4552496941079135 -0.8603861428364543 0.0647209520713084  0.4143570657711931 -0.8775069359817176 0.06136197964491624  -0.2623513042978414 -0.7710842737163092 0.1394030165681266  -0.2599036231474239 -0.7740611183837846 0.1362434191669576  -0.3264122428167827 -0.7825741866697373 0.174178324511133  -0.2598953437704236 -0.774067258293252 0.1362402503444843  0.3202954086089518 -0.9103334749794368 -0.1535235210633263  0.2913439102756121 -0.8798971440745311 -0.1387148017742687  0.3270632997198574 -0.9121223770601136 -0.1533300048242569  0.2671210507239483 -0.8936610206760677 -0.1110946086070221  0.5984602550028388 -0.5097185916817276 0.2690560886838169  0.586059814704703 -0.5237740733962809 0.276563356919648  0.6522733472600264 -0.5169870080997345 0.3103761433292443  0.5646031321745764 -0.5345319823950651 0.2964976507388926  0.5340245562275857 -0.4981347538624129 0.3513929788785176  0.2671900249228955 -0.8117482328092549 0.3344413371065402  0.2486327682000937 -0.820278634982709 0.3364734166197945  0.2781668920938591 -0.8041834430236656 0.3406847396040567  0.503902944543993 -0.711491203305481 0.3499424786392915  0.4501011907495069 -0.7654881283918376 0.3819400939619808  0.5699767301324252 -0.7311376702347103 0.3453894132547395  -0.197675109079609 -0.4894602684977889 0.03659920500467894  0.2199659152072734 -0.5695124563319954 0.4079945178294231  0.1929651975463862 -0.6161471921178607 0.4307858029623181  0.2241133383792301 -0.5393201831729262 0.373924362752795  0.1950566008170332 -0.6128937353732129 0.442494626039579  -0.007445391115393898 -0.5464380288709819 0.08847722209391824  -0.02530012753768243 -0.5494351157405276 0.09743353344073501  -0.004704801943035658 -0.5402652253286989 0.09731182948334116  0.1306549695476534 -0.09667922456226405 0.06273215671783802  0.08406239350223366 -0.02938834584516631 0.02985795215287933  0.1398372767632026 -0.08010113268410209 0.141586893463499  0.05163562929463539 -0.202702557163826 0.08293632017789289  -0.02590703402146002 -0.2584287947345991 0.49376383697321  -0.02233799374605397 -0.2793371710721445 0.5304038682042819  0.003395861203333001 -0.2646930257435093 0.4455620330362524  -0.02464885930711959 -0.2147851629541306 0.5140668821921782  -0.021692895838639 -0.2703448010046146 0.538875720619538  -0.02201336633494086 -0.2788634150629512 0.5340804746921105  0.04456266780007444 -0.3165832668667133 0.4687729813945291  -0.2209057558569951 -0.005137696411891442 0.7839605628103304  -0.2392531311340062 0.02677768793287503 0.8212349447897724  -0.202526303267596 -0.02092048668552322 0.7516423631950968  -0.2592659248715726 0.05030314938453394 0.8384596553301095  -0.2481354863851911 0.02858494260580917 0.8269275349007816  -0.2589666917454289 0.05276707929909284 0.8388387818858483  -0.193707123658626 -0.6883225599032848 0.05944589797051817  -0.2621184201364061 -0.7570712293788318 0.131233296432295  -0.11635155126148 -0.7306521754387646 0.02409991147638434  -0.2656811728346196 -0.7595169928047509 0.1395635140566841  -0.3376662788561957 -0.7331584640141136 0.173323198800843  -0.2671574811491259 -0.6600363544631833 0.2163331625020493  -0.2710776696950329 -0.6610935745923814 0.2162549937965539  -0.2186938516982402 -0.6587598721267666 0.2082312499213125  -0.3515397183745874 -0.7930824315142128 0.2052768552888806  -0.1226070365145196 -0.7939127034493166 0.05241003542634702  -0.1107938828001147 -0.7315809928476922 0.02626823804564928  0.4319134217922427 -0.6991982491126671 -0.3102922846480438  0.4695912090515935 -0.8452356800774571 -0.1248153230689145  0.4637795726377567 -0.8611570246261915 -0.1407108956378243  0.4728252613480294 -0.8392121077975224 -0.1208457843169899  0.3368900346550061 -0.5772472451633462 -0.167830631230935  0.3517836081114063 -0.5824518679631709 -0.228957515627221  0.366266029635274 -0.59625294224851 -0.2384472056153734  0.4019096176502744 -0.6866533503832981 -0.04883917064727233  -0.7978560825349911 -0.2138306999499499 0.3635800585546991  -0.8011727772137989 -0.2048923571845692 0.3639152153649968  -0.7687415440252856 -0.2139642187189655 0.3431994314340218  -0.4614736500623853 -0.2911147366595358 0.2409094041891531  -0.4616277538762671 -0.2908950503070476 0.2410469513316684  -0.3331248057293403 -0.2081725250242801 -0.05306359937681934  -0.3288656862899139 -0.2063946604990079 -0.06027020472690731  -0.2775073423058805 -0.2929301517894243 -0.1263300747323324  0.6259056477890268 0.5804269704225711 -0.07070476489164033  -0.2752274724846954 -0.418687183584552 0.1481127341549811  -0.2586359302926666 -0.4343294464549892 0.07975334383021603  -0.2844826414336333 -0.4244320109490893 0.1615121022324094  0.105562859713396 0.8713696532739945 -0.1783603426835413  0.06359657459436381 0.9114905956532933 -0.1700468850950818  0.5675349260669693 0.08985684595871783 0.6306395869404632  0.5728154853316949 0.0914624605123502 0.6287784028923854  0.5440834680246971 0.09295042327786604 0.6335334002147138  0.6104823273845852 0.06125032574693572 0.6028621351063035  0.631732126222322 0.05865070647739601 0.5691225881236289  0.06305329979858432 0.0127638213176556 0.4710591298696594  0.03072902336472168 0.0130393995178783 0.4719590905797339  0.1540918664487498 0.3030506577497245 0.594327167932035  0.2041394634463065 0.2797460176047749 0.6057627786178686  0.1204506109641043 0.3194575444939922 0.6023737429878508  0.7298988369305266 0.1643017382272896 0.1724701697601089  0.7303513623343031 0.174999888116801 0.1861666974210895  0.6994359308908504 0.1460569751450916 0.143714602383299  0.7291791761518429 0.1805188294654395 0.1929769166274976  0.7367122496591555 0.1999465117301864 0.1901021693336652  0.7311613290808846 0.1802716930759411 0.2001354268147806  0.4090734630014566 0.2580652164551145 0.767613095812414  0.4077929969334688 0.2574086793470268 0.7677022224626168  0.4901610509311131 0.266643977078483 0.7473535413706435  0.2190012569260061 -0.06592859235131782 0.5779845076995369  0.114018955273191 -0.08035550578972492 0.7362397281702178  0.09960177025330617 -0.01408506400117052 0.4532870904448441  0.1340720424819316 -0.0303423239866549 0.4374464240128754  0.2275271137370192 0.08309303008972622 0.7309596619852242  0.2846169740641888 0.09255146664170603 0.6804958664733605  0.1485615115194688 0.0233815142748779 0.750055650375254  0.4142837740527863 -0.02240250313960653 0.5941898248006281  -0.07291789392051926 -0.2285503561710681 -0.3276437556678441  -0.03712681137756687 -0.2393193707488264 -0.352021191903185  -0.08674938263839292 -0.2284548572124788 -0.3232693427059956  0.8599723647744233 0.3043086659532376 -0.3327137416178847  0.8539589983098079 0.3139478797387097 -0.3250797942756149  -0.1731437046112706 0.2990760509296575 0.0358484119401726  -0.1829963312655536 0.3179108793169616 0.06274772129395705  -0.2775409787633933 0.2391241157818789 0.234602019650328  -0.2829034252279555 0.24419913859908 0.2344425761144469  0.4468366947505644 0.3462608810523797 0.7537123894650868  0.4988692664203165 0.3753850202017413 0.7432584284896921  0.4184285955279428 0.2975838746931775 0.745087563448416  0.2978614911504001 0.0817396003457653 0.6929521129080422  0.2454170803441447 0.2206652752640182 0.6623942514612048  0.3818091069671964 0.2255663657893931 0.7315812131395526  0.2482786337912291 0.2130405034422324 0.6551577289340715  0.3911605398138598 0.2514938910867134 0.7876407412440708  0.4190060926637025 0.2935465084430601 0.7433749286471532  0.4057471035221997 0.2546080979757357 0.7707167143278448  0.4190436741382349 0.2941834712337813 0.7433265143488292  0.4369652124756478 0.2829337536561712 0.465224679319997  0.5134839330032597 0.3222175489901385 0.4058012677078747  0.4223212003539525 0.290075018852864 0.4765425215389093  0.5137495895149713 0.3230496166345488 0.4009861142839628  0.02334916417660361 0.2236044260789299 0.4365991487652864  0.02306725369852929 0.2126842658919493 0.4561067971418793  0.0505268808055063 0.2800088135319072 0.3577660365246315  0.505544983686169 0.08566175760844495 0.6712539851606572  0.2155681707140755 0.2997024053210663 0.05587224722264385  0.1138063361085109 0.361723441270343 0.03939339143551791  0.2253142906730091 0.2884228191930974 0.04457703412651236  0.2250488182511838 0.2749910047639502 0.04185132924966688  0.6296189903726226 0.5775688249914787 -0.07259056036914968  0.7290995042739637 0.4921895361984129 -0.1285692345776226  0.7397612979439636 0.468140789747908 -0.106317050279717  0.2633985680873164 0.755464046166664 -0.1225399516610767  0.2637658346173598 0.7935355879617615 -0.1227672794188479  0.2577852614116615 0.6934547175002432 -0.1696070601628843  0.2376263778612763 0.7118547646396212 -0.1049652256309123  -0.2725179392493834 0.537595770867198 0.03685400220311646  -0.2712510855172523 0.3877042590593885 0.03200980859678182  -0.2823366377326948 0.5481700227890751 0.02610130144955643  -0.7351217797028768 -0.1394975750434022 0.2408707729096246  -0.7360909656662723 -0.1392261209505415 0.2412608633806228  -0.6763084735593273 -0.1512213044408188 0.2274327356269727  -0.7471155704311235 -0.1133819192946511 0.2947375273340056  -0.7634079199823561 -0.2274667366140002 0.3343221554855378  -0.7426644759352238 -0.2420582194686606 0.3392996747338288  -0.6683377987529493 -0.151084954244605 0.2293293205762705  -0.7513068802328914 -0.1156559219692623 0.3084224141930283  -0.7533238619791368 -0.1098009745980142 0.3649459807082784  -0.7662996048611647 -0.1029893200743876 0.3788284002110326  -0.4753750766388924 -0.1606951081119683 0.03769711005238556  -0.4531484255230324 -0.1805605213217889 0.03277945438471566  -0.4483760979090287 -0.1857610231765825 0.02618547937992369  -0.3366116004829003 -0.5404150844799218 -0.09670525847178692  0.516963991155038 -0.5659814414096032 -0.08268897529208881  0.5079779693510059 -0.5811094909029086 -0.05240971494132025  0.3263061458329269 -0.1860350664697315 -0.1286660748193305  0.3307448575764451 -0.1786937341566799 -0.1283739444418298  0.3267227650341669 -0.2391285838563927 -0.1246692037582404  0.3271822937740936 -0.2423120671981357 -0.1218188338773093  0.3225504961026108 -0.2033418521343615 -0.1377654605195778  0.3274353056724322 -0.2429502498376806 -0.1214138731866939  0.3270838217246912 -0.2429451194699419 -0.1215008624014212  0.3315832196237684 -0.2008099401535741 -0.1470702901845004  0.7431687013963518 -0.5372266902692029 0.2312549139844414  0.7500649379759359 -0.5435557860910541 0.2252680779969273  0.7705193197230374 -0.5397023686643605 0.2351935626131591  0.6754794213918689 0.3035081548589446 -0.2194495407609315  0.6623048332287282 0.2853839888768912 -0.2201443151525245  0.7012780759309838 0.3066793038494098 -0.1924458820377621  0.4046957310711988 -0.06553007959207094 0.3714748390114385  0.5208181850996882 0.1711940085178922 -0.1804733560069832  0.1981840265146233 -0.1704826119739251 0.007160988805872515  0.1749382027687968 -0.1417649511214886 0.02558261763823622  -0.1158053283681081 -0.06184742770588335 0.1099484945216968  -0.08835688055229662 -0.07149212970585773 0.08154074703592365  -0.1666797037208374 -0.07407702061292067 0.1610769015541357  0.4593516780327062 0.06724668237226369 -0.08718050823143676  0.2865586038674895 -0.04899137391880119 0.04958931965685884  0.2589487394361073 -0.04871285777029604 0.07037941964850725  0.3480409531277814 -0.06412603725610806 -0.1320025825435016  0.3037246148620985 0.06618063642025045 -0.1149674493634574  0.3532549839889745 -0.0589240087727073 -0.1336342568856618  0.3638633556608448 0.1773155233171582 0.07107217160113623  0.268826198844012 0.21336550987016 0.05230988645571052  -0.5550234521047556 -0.1189215489361845 0.1772126676850627  -0.4031010163907073 0.1263889209879258 0.2850927138724945  -0.4219065411442822 0.1345214306187602 0.306442834897242  -0.4667392373430629 0.08918922535620978 0.3811749084326849  -0.4827421081273311 0.08697175324388837 0.3987758412201801  -0.4801776489359046 -0.2795490009654441 0.2583811277545286  -0.4788650701797433 -0.2787687228793514 0.2570730738185155  -0.5367632186822487 -0.2615764542377227 0.2829513623260304  -0.3987660614280396 -0.03035407752193157 0.2485388889960049  -0.4064012648786882 -0.0269047240771052 0.2595750046898978  -0.3936233233269899 -0.03446876349565674 0.2048194806379955  0.4210943387464912 0.08958060307651632 0.4906803538532004  0.4215455590205268 0.1000826602615923 0.4705876708098837  0.3347751791083718 -0.008578208110380153 0.5273570117885462  0.4275778434343043 0.09257285246919669 0.4567414179676738  0.3227314818643777 -0.008320934222229869 0.5331823228773911  -0.1825273743919451 0.152458940149899 0.6235433960643797  -0.2140485433496568 0.1168170075189683 0.5673603532523526  -0.121142152542239 0.1257720561740853 0.6211482177951829  0.1172568833292766 0.02114919844070339 0.7339399725310584  0.06740132247681119 0.06281042347317142 0.7689808057620278  0.1054321393413062 -0.04201232720196813 0.7248395039452238  0.1063713020014227 -0.04876173834125096 0.7264038253837048  -0.2052886958801348 -0.2098216721406338 0.8278533299890197  -0.2137191367461027 -0.2544442627311959 0.8156323719649151  -0.1072394084609943 -0.2918962598695261 0.6158285022400379  -0.1016759255218532 -0.2820562043817325 0.6478658876383693  -0.08814142395068958 -0.2872241181953205 0.803858386242101  -0.0922432202099608 -0.291807801618426 0.8024124200438202  -0.2317046389534511 -0.2753875641845344 0.8847289509716018  0.5052792570719352 -0.5070907303142461 0.2476106712630852  0.5567321218776056 -0.5231480617037718 0.2157640723044969  0.3399880741117539 -0.2457246306426835 -0.1042316303124423  0.3124511776765557 -0.2772388938447967 0.06232669122090549  0.3030549373906223 -0.2737223906403565 -0.1208119069390947  0.3178850660940545 -0.2571535753827922 -0.1235241983713737  0.2924160583971329 -0.2850673009712195 -0.1226480051246791  0.1716526630818133 -0.2791348590551347 -0.02600677278787024  0.505586333526988 -0.4775226824147662 0.3542177295108997  0.5056527681328649 -0.4777333880321913 0.3542067775867667  0.1723234186299828 -0.3030552319816042 0.2885185506039163  0.2000893493029433 -0.2814610773503209 0.2283803114348834  0.1394586702059292 -0.3310493245565398 0.3307542534823049  0.2384069456500291 -0.2777061763533283 0.208102994953311  0.1357595363754601 -0.3234638002486528 0.3358663309832325  0.2457334216978204 -0.2879692695059002 0.1979679083463877  0.2308501361347813 -0.7457105663702078 0.5295095207318802  0.199290201553892 -0.7315541772624411 0.5219203483885081  0.2190737505830984 -0.7788224251992795 0.5377215264717031  0.2686786144499616 -0.7923568228001163 0.3294302977068855  0.2452902407001714 -0.7502567137762356 0.3182947649500996  0.2785458848660047 -0.8022935356159274 0.3403808191062505  0.2526979482689863 -0.7351765131044874 0.3445267886229365  0.2774218716605265 -0.668684339528224 0.3274944471751254  0.2449885982505594 -0.7494450971734942 0.3183658164991753  0.3245016636383325 -0.8278201263318066 0.08988435743045399  0.2940445506704972 -0.8182782133120924 0.09745990336793801  0.3268362021485242 -0.8332250886151639 0.08972033625111987  0.2649469424010515 -0.7736386260969454 0.0463883919840634  0.3144933423212913 -0.7837730921343118 0.02522097480800201  0.2629911263880466 -0.7729727777903196 0.04315446968415625  0.2055240367026823 -0.684057440837908 0.03030794489709723  0.1944771373158299 -0.6813916052490218 0.03339104344435456  0.2363941273165839 -0.7573881431366004 0.03620157096009946  0.1531663023596947 -0.8412672123562659 -0.08911823699820082  0.1569006888776968 -0.8406932354915148 -0.08866749621786005  0.1356855608307456 -0.8405769611712162 -0.09785408461304354  0.1436424163747116 -0.6318983316260065 -0.05044288125719574  0.143576979390087 -0.630651405968193 -0.04664469700073105  0.1098393792859704 -0.6317096472020121 -0.01468406989473538  0.0895855693347921 -0.6577054275075023 -0.07136039340087885  0.232995848013567 -0.8474991570162689 0.3341951388198358  0.2272625750272652 -0.8508585062435312 0.3318516934546296  0.1620313633564368 -0.8749989743868114 0.3524021292422413  0.1503734725454374 -0.8762977415954762 0.3525279635737018  0.7658489183917105 -0.32117938250676 0.5304617835939001  0.7189119925101439 -0.2590378345726687 0.5278365606243421  0.7175988011870191 -0.2429872054336832 0.5282804216105006  0.7006426519843859 -0.2375991576279954 0.4811428682268608  0.1448481095536475 0.2028949607124897 0.8982706526652312  0.147346693673101 0.2028101787066719 0.898262398878635  0.03130250544016477 0.2188520896107366 0.8742610903310125  0.1164057597367909 0.3474633999527378 0.07758210246406841  0.1007811518545554 0.3284719159853138 0.08522187091916537  0.1112809580063261 0.3958126881841542 0.04733207387445204  0.05622901200770389 0.2913474980469293 0.06843319270887957  0.03344709199788753 0.2845426240412245 0.07748896778258994  0.003291959617932359 0.2355028606819736 0.1244859916702081  0.05943715359681 0.4549071800747791 0.04658420840893424  0.08970069653221499 0.4282343352253222 0.04041878654013616  0.03908221775363761 0.4675251233081122 0.03835407259204629  0.1410111643004986 0.5053923654362182 0.2282774383852548  0.1732785542220565 0.4467622885745845 0.2825593465630553  0.1541660246148792 0.5230213164263841 0.2089429476244398  0.1716215372221931 0.4345514207168178 0.2858341949852441  0.07514095531985895 0.3331652222705995 0.5438614183148079  -0.0344044775986751 -0.8464800102481723 0.3850926008767288  -0.4012898349873016 -0.876793058159764 0.2026377242727523  -0.3583784126876273 -0.8341549947411765 0.2055380561454394  -0.4442336005828907 -0.8483940108272601 0.1982353006199524  -0.3220730028142055 -0.8100927801854696 0.2541387048509809  -0.2579705572713149 -0.8264708941074151 0.3004309205192518  -0.3628401214235449 -0.7669252210128897 0.2037240565234912  0.4120478974304211 -0.8795426753241141 -0.1131239948672157  0.4655611654194886 -0.8601493896813862 -0.1281814184905654  0.4422584934295827 -0.8350877792896739 -0.06945237206930395  0.474863286064465 -0.8385315867460558 -0.1176795808778876  0.4355469755614068 -0.8370378834625075 -0.05800969439591321  0.4894509443586943 -0.8186311274477903 -0.118292515685919  0.4897057171529032 -0.8185493441521615 -0.1178916169454923  0.49528519074918 -0.7995999792939941 -0.1064315857354574  0.9275817788044951 -0.1459292555057626 0.3222425424981127  0.9238290272093552 -0.1396954741172192 0.3195058456874105  0.2248276152543775 -0.5397325049871478 0.3742532750247672  0.2231900990292654 -0.5360047738031262 0.371494584673181  0.2473358209857756 -0.5610376815456768 0.3786338695034666  0.2202424061637588 -0.5182190168984423 0.3541194260557764  0.2601005236837257 -0.4951089081211413 0.2906556227433941  0.2582122686662333 -0.4942532329272764 0.2912730568315096  0.2510183931529364 -0.4934609695311996 0.2997303703551519  0.2320833733272014 -0.473397157376679 0.3338678505630381  -0.01872997485534378 -0.4830536361268273 0.4503572882174073  -0.07276490628915958 -0.4860325992915338 0.4494479590782109  -0.02932993247652706 -0.05244605527102342 0.05459395803251212  0.05174675381362372 -0.1994437836406709 0.08507912309757953  -0.05046701218440674 -0.05848756950303122 0.08087799064790446  -0.185267706946963 -0.03131697116935477 0.4143072851618448  -0.1959566383437378 -0.02178176301752553 0.4154018139060958  -0.05048991140792491 -0.0156293028727518 0.4751031893611907  -0.2397753293412291 -0.00168526736516967 0.4436141470924498  -0.2757538593030275 -0.002255264406585453 0.4414471126065732  -0.2814087993818151 0.0009275421141136525 0.4404327703443014  0.007189787883190427 -0.2358388968593343 0.4204439157433406  0.1273366269027446 -0.351668600170551 0.4593261790222068  0.1635722885360815 -0.03109463594306353 0.4252266147510959  0.2081345640141782 -0.06614459226652906 0.392598583819542  0.1831549558405339 -0.0448829605117914 0.3874122914555186  0.1751423458681635 -0.03851642601732569 0.3923438039136232  -0.1985415094309758 -0.6574355918006609 0.3769552109382271  -0.1894953769436113 -0.6467229712454791 0.3829110991879918  -0.2414175815598922 -0.6824969110376978 0.3613603621881581  -0.2514878998151641 -0.8247329696620835 0.314745249512413  -0.2428412894268602 -0.8211545192599989 0.3170132608185076  -0.2131600694015879 -0.8338988948615441 0.3348318772416045  -0.1291218256507008 -0.820784115788711 0.02540934880204048  -0.1288720202031023 -0.8183456982856289 0.02263165402247209  -0.1035842966058743 -0.8282493395845369 0.001695556459482817  -0.09999672574865982 -0.8279459809637622 -0.0009359786628478917  -0.006299941941114828 -0.7952445522297645 -0.06475182658681428  -0.1084600760128665 -0.7294279650742242 0.02494405123383287  -0.008049254046283053 -0.7180750361380016 -0.04814130456670211  0.6089976851775086 -0.2970993933053279 -0.367754808841217  0.6107876681211967 -0.3079518618750059 -0.3803503602233905  0.5308553658010583 -0.367736865185629 -0.2852855928444778  0.6149456280256902 -0.307832557543348 -0.3796417334101084  0.4340958439523532 -0.7063021580832816 -0.3094261042857568  0.426300932061517 -0.6697820551357444 -0.2930394580805964  -0.0207273219673869 -0.198739483284259 -0.3702995240396593  -0.2747226589462821 -0.3122028037465571 -0.1488752278574141  -0.2578569257664965 -0.314097994375367 -0.1814204313740466  -0.2035766014258898 -0.4851601812105552 0.04716780111663682  -0.1992340859999567 -0.4891137805439648 0.0392160827788797  -0.2192125824399894 -0.479057801739541 0.0539551048471357  -0.1771066193419106 -0.269290458089529 -0.2868358984370829  -0.1409178383922267 -0.245706562812534 -0.2900013722072274  -0.2134194916003225 -0.3014390171871006 -0.2595081784358228  0.7791878301474311 -0.293525862842574 -0.4590334994167233  0.7299152606627969 -0.3173489348435666 -0.4267449782961268  0.7955745582120731 -0.2922674511556421 -0.4734635539511143  0.7222606462307202 -0.3215760188627104 -0.4041149693892867  0.8790405539353922 0.4705984583282333 -0.04358624796078629  0.8535701154919646 0.4616747706141615 -0.08295943426256087  0.9168016830934568 0.1505145139065586 0.29127917640652  0.7982046739645818 0.1938039106442365 0.2740961570584056  -0.3209555102629745 -0.529621038942394 -0.09536537121174926  -0.3110392367321257 -0.5108105126165075 -0.1222238767439628  -0.2905570700936079 -0.4150988711470089 -0.1197342992252693  -0.02120432478333477 0.947569447632027 -0.1733132803523242  -0.02418981211973688 0.9484471867942625 -0.1715905747545821  -0.03224595445552291 0.9323543095064796 -0.1730435459054429  0.287334287197973 0.8890831842365265 0.01763231224317579  0.3137489616847426 0.8253587464038984 0.07339404114481736  0.340419134180351 0.6077205759114657 -0.07436282220332188  0.2773651314892814 0.6517145368276244 -0.04289121126801747  0.353289857975385 0.6054154388760724 -0.06877189260491694  0.244552463673935 0.6814956474223405 -0.05999110960525376  0.2315255444813031 0.6834521077128123 -0.05952964126551444  0.2501543728956934 0.5697572302786597 -0.2683194935118502  0.2466421254420476 0.6835818021308506 -0.20356400167644  0.2497986864871375 0.569686716786849 -0.2686717631983025  0.2545336670088283 0.6864366103959059 -0.1996811910429513  0.4158085729089158 0.6192250728824368 -0.101466579931877  0.4299355455702432 0.6254711382682473 -0.1042049193781084  0.373793688758384 0.5347006939822951 -0.05862713021375136  0.4054770703589607 0.5358924337985005 -0.07358583396686155  0.3388198179543386 0.5116005410378804 -0.07327720748148724  0.4364363077090589 0.525250250430024 -0.07159314790083814  0.4855167988799898 0.5732741229132755 -0.08975538651666037  0.232417084083782 0.6691908853137993 0.3004997334078753  0.2324913158780003 0.6685961649640519 0.300320642956404  0.2311183311970509 0.6724537536087651 0.2991963177447544  0.008781492214426756 0.1277417691820565 0.6291597519577542  0.07364629200993519 0.1710591213129607 0.6485032487197395  0.004074053375473341 0.1278456161417268 0.6293250779063524  0.1655631929943037 0.1811776070710699 0.5925632464944788  0.1683226884787564 0.1836967490288135 0.5903036963065833  0.05163184936955612 -0.05249179150805759 0.6570552277141015  -0.05092418172148797 0.008541879765424101 0.6520178436781945  -0.01275789214155657 0.1919534099455793 0.6607125287003932  0.008674848547395891 0.2194838220249213 0.6734904568552554  -0.01706330747109826 0.1766574721310454 0.6534271239820821  0.02566537881917452 0.2369818313133682 0.6590577150446105  0.02051568632581661 0.1968510671057687 0.459295810611412  0.6417012590541518 0.03983519028917387 0.5300399586415739  0.7704250162035673 0.02461544499360159 0.3429361563454572  0.7662893296018066 -0.05780826375582827 0.4067275404605544  0.7753431035058176 -0.05299585673426082 0.3940157215738717  0.7660976060627989 -0.05383056668045978 0.4090294445434901  0.6317463858918445 -0.03152441252061088 0.2885194109264643  0.5761380372040411 -0.04344073914031404 0.285198202016584  0.6581858140745803 0.02671790308903413 0.3227959873228144  0.5339708366196104 -0.03005404045698414 0.2966244932653722  0.5180248826044261 -0.02741978788355606 0.2874088372399832  0.5351096372990551 -0.0312490948017654 0.2987769497784272  0.4958700713820591 0.005856240489982876 0.2926301296494644  0.4754121883917751 0.05731717994640645 0.2842521601392016  0.7833315874744103 0.203285721399779 0.2658780616153152  0.7221908283581372 0.02630343771081492 0.3623093446266165  0.6787438496344697 0.03499365681941839 0.3497796997391198  0.4537999212217564 -0.08160980953092162 0.3506331687556509  0.4735852935221905 -0.06435212833701208 0.3274293684974732  0.4501452318441885 -0.07999559724396106 0.3540998201358615  0.5878076696326875 -0.05173158588753594 0.2955769171539696  0.6373497382318278 -0.07594060541471746 0.3297798154067216  0.6501412292035824 0.03555330608361394 0.5237846582292325  0.6636657532577256 0.02911121755342255 0.4995709011254166  0.3820036336322536 0.1463766446170374 0.6954826440186347  0.4109763784038258 0.1635354400690456 0.712507839534917  0.3677458286515463 0.1251001535182963 0.6991896723291565  0.4495728315829412 0.1459474916992695 0.7059367400389378  0.4927984029577764 0.1095794963441108 0.6865210493911167  0.5027152564297055 0.08436275041198316 0.6698637159208801  0.4736658222330773 0.1293370986040061 0.697762075079289  0.4900232266067049 0.1182753203312072 0.6998596698122678  0.5575871173207401 0.2178207957210099 0.7419572580461642  0.2203199992302005 -0.06567151008827334 0.5774957509555519  0.1680646705252156 0.194719940170873 0.9157188951790044  0.1476058066879094 0.2028684996362427 0.8982958066397879  0.2349998813720623 -0.606815741449808 -0.3809193743247574  0.2111203667664232 -0.5767221821783424 -0.4000959531261915  0.2385615811848386 -0.6405759050764755 -0.3763023074697347  0.177681141074633 -0.5169841595082977 -0.4457137836234875  0.2272579490112404 0.4499675144822842 -0.3635378129623659  0.1809895267522629 0.4078834590768798 -0.3862765647389591  0.224328329310144 0.4912639885364276 -0.3766724010972821  0.1532005922797867 0.3310480821503781 -0.4234422427082083  0.2087404944661884 0.2804406682482221 0.6047089735994393  0.2401298199534095 0.1598335718244798 0.6567813119202701  0.2077683244415031 0.2805075080027786 0.6053179980729138  0.3443030856841141 0.1165502260482905 0.7017143663110024  0.4067669981927552 0.1253726801840217 0.6842372691600813  0.4670837024325983 -0.02142017182053925 0.7402153566135495  0.4451931162808158 -0.0343816495497381 0.6295385203022568  0.4721821027595831 -0.02650354049272675 0.7500138795291692  0.4200546854197021 -0.03649641153282282 0.6081028079139631  0.4291314711933168 0.01067637754969756 0.5872189641038449  0.46281037826129 0.04207950139954795 0.5983162209827827  0.4902806392094958 0.0713185956459815 0.6238016801874607  0.476482497588074 0.04450502466345404 0.6091879300309272  0.5301270693126825 0.3061537982869209 0.39589179455075  0.6057652567415728 0.2963318455656706 0.3595781583025368  0.635717652546368 0.3510085787979318 0.3342199667720301  0.5386107647110773 0.1256257928673782 0.4112528648795311  0.4158322378572678 -0.07817913348665906 0.4080606333037787  0.4108578879078028 -0.07775589445167091 0.395050423358108  0.4162632666749501 -0.07791919416380987 0.370544701208826  0.1772831987985952 0.4243607578457876 0.2858082393393649  0.1782716340068433 0.4088136469153852 0.2945290925033102  0.1576529700865981 0.3771601553980382 0.3382036236050796  0.1389172302905878 0.3784151036454878 0.3588661220157209  0.1042923802975816 0.3625763075731797 0.3713482519888617  0.09407438054680423 0.3508976228344693 0.365116531764934  -0.08278546046483279 0.2547286750415008 0.1423975819301888  -0.07311497979536843 0.2480414199974599 0.1345343343940992  -0.03611098762705203 0.234198581106866 0.1283411645504743  -0.01176315752070416 0.2312554117502896 0.118686072019496  -0.06965515296383404 0.4989448396598113 0.02526136385663856  -0.08616972226507309 0.5102439415855211 -0.009636146337387422  -0.03986673074297803 0.4969507949260049 0.03097311466115657  0.1516434312647131 0.5254232866745082 0.1995089538930163  0.1673059108527187 0.5258660587213076 0.1807422598154206  0.1447464609897323 0.5776945297891782 0.1225460962813767  0.2044035160425964 0.6104640507130652 0.3104476269045801  0.2023320627913141 0.6108655509419998 0.312148860833098  0.1440484991937579 0.5875006771085517 0.1165371421271411  0.02082824810192871 0.4676360429519053 0.02895917804779295  0.02199408893215189 0.4681298991077625 0.0284644500617756  0.03837215237823988 0.4677367698942972 0.03753551356980564  -0.2706471717262973 0.3579369925650686 0.03267756638469278  -0.2733682454287086 0.3653417953651307 0.02964233171075957  -0.2697269652808101 0.3765403445565634 0.02650496324938971  -0.2717745214376991 0.3861991146103542 0.03134978055061886  -0.03857175773468538 0.7555658957569723 -0.1315558846499676  -0.04178025086613725 0.7600777686550561 -0.1272526753763758  -0.003911169938250303 0.7279918771608473 -0.1235611127445451  -0.04478978285154872 0.7719847196176943 -0.1224391898724682  -0.4648426284922835 -0.07312307319316172 0.3402503022648943  -0.7731400214963554 -0.1039211082327395 0.3841819854547661  -0.8118236462287962 -0.1049974908598183 0.4581017461968788  -0.2575832299641064 0.6035584464925641 0.04349557837919886  -0.2492489768769695 0.5953211511035242 0.04223380966003999  -0.2963240726452113 0.6215522812447456 0.04398718776499345  -0.2504042626264795 0.5810986484333674 0.03834090291222031  -0.3502604401689657 0.6728649969377112 0.01917477665210611  -0.3248155609511996 0.6271274470208928 0.04232118153635685  -0.3559544317484155 0.6727650077782696 0.0194870261412072  -0.3208219718316606 0.563572338722976 0.02593496697494885  -0.3632781207575547 0.6757771429757369 0.0115319058662605  -0.2950008748794886 -0.3597924635657361 -0.1479566073728122  -0.2875659052176508 -0.4110320676060146 -0.1209538928269873  -0.295010667239794 -0.3594149983879451 -0.1482989518616416  0.461079343027092 -0.7428048515055329 0.02262352770850402  0.4183158503857646 -0.7233907483505547 0.03813825052169607  0.5068049736522993 -0.7478413972766839 -0.04385020636653493  0.4806645811331089 -0.7448491684429218 -0.08771631262247298  0.4472381502796269 -0.7280337038086128 -0.07663138724914498  0.4973436408006731 -0.7683575361670271 -0.09199091980008833  0.3988973137378484 -0.6886860202355175 -0.0502772688207033  0.413916000206666 -0.8404706935209243 -0.04404281962140649  0.3613561383690947 -0.1898004176683002 -0.235109840515048  0.3894716026367883 -0.1951234303492476 -0.2772441881538857  0.3576345023038285 -0.06675687137524709 -0.13413202427387  0.3493924642988218 -0.09769430657103886 -0.1299281490305744  0.354885287152604 -0.06064186913641872 -0.133905237466188  0.8216115435200491 0.3270640528626932 -0.2955510128091817  0.8059913818200097 0.3044316189927319 -0.2592494607136804  0.8218912161009234 0.32754053198818 -0.2959386891401309  0.6769469638340797 0.3027201562615561 -0.2292125902096214  0.6708953606778678 0.2931725251693753 -0.233817574333985  0.4442605800056212 -0.01327920063961429 -0.2837072100555526  0.4112693774294376 -0.01168215088607537 -0.277382534645076  0.4730809927518805 -0.0449794227735716 -0.3236807128927447  0.360487246845072 -0.06149123269197876 -0.1470458434922054  0.3593535842946295 -0.03636443221497487 -0.204679293172366  0.3552411723047996 -0.060316136301101 -0.1335190767610963  0.3569696156588249 -0.05159578643277651 -0.1271071780267089  0.3666224395112891 -0.02107852267119597 -0.1075926978472937  0.3946522129523296 -0.1756638368730338 -0.2983355939746736  0.3397986886195302 -0.1595304463419127 -0.4056157215657458  0.3961524798662562 -0.1865929246783896 -0.2911801377754791  0.3643102778753562 -0.02683147492954821 -0.2281794598259119  0.3398017671644593 -0.157095522413274 -0.4095487714916532  0.3381135625418416 -0.1546351847540976 -0.4109558746304782  0.7451533826141294 0.194960442878476 0.2263968178995646  0.7361522962165281 0.1838582001260282 0.2119441758604794  0.7505509081747002 0.212149185909298 0.1673257265949039  0.758316277833337 0.2217087403827963 0.1533254163477595  0.7833831292124619 0.2390932054938991 0.1368092798131639  -0.6202858410437463 -0.1200504527615119 0.1973564762921921  -0.5655249052094834 -0.123665796663218 0.17569275332274  -0.5511822880734348 -0.2682545688549544 0.2857872130888164  -0.4997034434174052 -0.07626040955736833 0.350443282684513  -0.5314506291611767 -0.03895237250888108 0.3894341136386015  -0.3690662809554286 -0.02470153707162946 0.192039073139649  -0.39348856835961 -0.03415324187822665 0.2042372037856579  -0.2573704518045027 -0.02290999399020238 0.2172711562478703  -0.2157145005619142 0.117289947380059 0.5640267794750365  -0.2640971085351911 0.1028263063123511 0.5646510043767289  0.0845432746155886 -0.2188340603172682 0.3325230535388944  -0.3133702380222907 0.1188592352446538 0.5396806500223138  -0.3152901726088764 0.1179963968002956 0.541240297778236  -0.1076888453260721 -0.2983898703821707 0.7453680650023475  -0.1113643071154139 -0.2981206662172754 0.7502866035404452  -0.09188720042210446 -0.2922936372014578 0.802899289555526  -0.1689468464993986 -0.2722142948163863 0.7985389099114624  -0.1752584892598147 -0.272219420655413 0.8001406550435688  -0.1751183140899446 -0.2741237669094039 0.781465588332523  -0.1693035007417236 -0.2794612514094481 0.8072340291010418  -0.1409669405603662 -0.2865999760126439 0.7651471496837401  0.2566669298557255 -0.2962600495565332 0.1633209829178794  0.1400124435695466 -0.3618332432734908 0.02952955597837955  0.121066329269478 -0.3525882466498723 0.02403059571007261  0.152553826000808 -0.3708568237529705 0.03288017508181598  0.1629175396684724 -0.281723203794448 -0.02557344357003335  0.4338601892890631 -0.7834220892286743 0.3677760618270659  0.1999797275288085 -0.6212770707269123 0.4469980867477336  0.2128771118844032 -0.7216108435116164 0.4891487628519048  0.3213646828119265 -0.7893841717755911 0.0291884713210488  0.5086811573926163 0.254670980170424 0.7365553286412124  0.01862465055178484 0.2269214191230424 0.8589135728833653  0.00422997578825144 0.1979256524873122 0.8571501235938754  0.001006920737656583 0.1971170965764351 0.8584259968534499  -0.01826709340253131 0.1860702819676231 0.8756842099785629  -0.08772935819628619 0.1374924802092027 0.8602233957928833  0.0844872144095774 0.465044938505431 0.3764981126289438  0.07073624806183328 0.4509223868187299 0.3876817323395971  0.09934522128162351 0.4772003206275418 0.3813662488093172  0.1034063664424561 0.5516288845146335 0.3763229864625602  0.1191125040212338 0.6006462033883768 0.3648089589710526  0.1526301340835808 0.6170032644053201 0.3431899578039794  -0.5064875451462174 -0.824876241917371 0.2176443753376588  -0.3770453312435421 -0.7633158051134346 0.2023898781551166  -0.5076077891359954 -0.7925688629361024 0.225239317107911  -0.5174363159533237 -0.8102673108585252 0.2234378452470421  -0.4223010270031679 -0.7448224574648965 0.2168168403462232  -0.3648586337236758 -0.4216941324710132 0.2102782616688349  0.6612531161840967 0.2827714221435411 -0.2192748681336249  -0.1012120366495149 -0.4991050447471622 0.44293712626218  -0.1133650235302136 -0.5168348367305325 0.4337874395600025  0.3004840379969971 -0.5731231603127062 0.1843373081096163  0.1637907414281471 -0.4525180457964922 0.2466608093855204  0.2352404758723197 -0.4931776189318771 0.3100887267858142  0.1241136227017382 -0.4114582837465137 0.2387547421459218  0.1900627091052145 -0.3801012652563505 0.3991198351544551  0.1906450869989393 -0.4953284122060931 0.3861323521482592  0.2214576518638907 -0.4365894550945892 0.3699025907995406  0.2359827248323142 -0.4927694656515973 0.3119752570371703  0.09656139528186869 -0.3221464252188932 0.1986562731369488  0.128599941375403 -0.3498424372788327 0.231234403899665  0.1402598505685302 -0.3872248513404186 0.203109081273238  -0.04876159794473429 -0.5681880493344345 0.09753994579511237  -0.03413793040786892 -0.5609995456807353 0.1012610914963324  -0.137084657133362 -0.608865464849813 0.1965215540249271  -0.03007206883480648 -0.5572110608624599 0.1007893539115357  -0.1332877396913498 -0.552913490120575 0.4438700004067265  -0.1274751080201902 -0.5748145373327285 0.4410826758279105  -0.1722697168662987 -0.6353252296895232 0.4026210393663648  -0.175319398758281 -0.6363578886754206 0.4008095327733617  -0.287089143224543 0.005502697404376242 0.4470678697947532  -0.3610410503115835 -0.002499866777339536 0.4840597814571187  -0.2934276577795047 0.007714873105319733 0.4523569547201671  -0.3782244408802661 0.006704720292171068 0.5134080209069674  -0.4977374094749071 0.02985313912281225 0.4149577254623394  -0.4996521620601845 0.0275529417912023 0.4149079651512713  -0.4971318500068393 0.04045685615645121 0.4120476896902681  0.1276462336721395 -0.3519332098492612 0.4592633617390388  0.1395081467482166 -0.3598878885770505 0.4463494877632978  0.1568657116719005 -0.3670836133271121 0.4315900869990623  0.1143035819370031 -0.3090672587715375 0.3377281550405842  0.09377828516398787 -0.2995974690761732 0.353568414524563  0.003455302410711097 -0.22861725781848 0.4018073331207972  0.001056573937761679 -0.2223172064239903 0.3998545321635317  0.005085531758455011 -0.2192663836790741 0.3931489939811553  0.0282946481486578 -0.2035032101172234 0.3698851730481457  0.07469680481018375 -0.2267256403756149 0.3349843500307608  -0.3504289661313346 -0.7493542116693929 0.1821343901651849  -0.3982585701437029 -0.7109501646244851 0.1725132187577873  -0.4055943626093733 -0.6235972034198994 0.1470232697850292  -0.39924913882742 -0.6144195942523721 0.1430440065486339  -0.3307540777959183 -0.7420609806107045 0.2949059128010296  -0.120687699880368 -0.8135610362435781 0.3196635763060321  -0.1392729961832761 -0.822917066223408 0.3114262955312801  -0.0592421212443453 -0.8117748379269886 0.3419566999375097  -0.05307598821372762 -0.813837924235691 0.3586212938366803  -0.05513263173042585 -0.8126679773212444 0.3581315768761031  -0.03884097140141844 -0.8361033948442823 0.3874905629820924  0.509289161600289 -0.8020363649523429 -0.2765785913314363  0.4341441362260027 -0.7197635062109712 -0.3108499447847257  0.4338749383400538 -0.7130374161182238 -0.3090588531886137  0.5362095406112077 -0.3989722326331305 -0.2749619847212031  0.5305366152631922 -0.3733952751645352 -0.2767033769135525  0.4730695270376205 -0.4795736712840882 -0.2985448810502903  0.6918359150293103 -0.2982737515650191 -0.3904494775395242  0.2382668776367687 -0.6411714145213687 -0.3738666976408995  0.394868304250459 -0.1883349522711746 -0.286193556205224  0.3719535663703739 -0.214298766558771 -0.3127116772808815  0.5468046027732276 -0.7112679336523544 -0.2238708732098356  0.01639871387664664 -0.3837585806430119 -0.4479864737295232  0.002142709993217681 -0.3603788522159543 -0.4350153366192441  0.02656060634319658 -0.410593324501572 -0.4725807346601202  -0.008292872956156092 -0.3567409572900943 -0.4183404763586794  -0.04213234988635105 -0.347567194978016 -0.4102388338531896  -0.1051637940355384 -0.06739297818546285 -0.4460165023975489  -0.1028449542082201 -0.06104314518057465 -0.4389417562237239  -0.1354292682914072 -0.09424098043268928 -0.5400958040890618  -0.0870777642572047 -0.05485375706335792 -0.4275737343424823  0.5174808616365121 0.157778585947324 -0.1596603902706341  0.5069865052316631 0.1383222880248962 -0.1796354899289196  0.5065363683229149 0.1372259167054105 -0.1795082630071692  0.4999655981062806 0.1128975347955219 -0.1463657946910769  0.3567325615355189 0.08226092555454073 -0.1479480504236503  0.4699113763627748 0.07679249046212032 -0.1036967049738977  0.4381344801253263 0.06144864432236299 -0.09166327256859072  0.412540009986209 0.04261073793944448 -0.08777715851513104  0.4022961600277422 0.05643966626173763 -0.09590855520629596  0.3486159041164829 0.06843199923759738 -0.1305153562705842  0.3335395492541361 0.05631975287602682 -0.1454431114965219  0.326502736970505 0.01531084593088512 -0.2030028076779655  0.3343394166784273 0.05491269243388786 -0.1375078149798113  0.3107473254721597 0.06344666655290537 -0.1189947612037262  0.8016331433538419 0.3083986101332759 -0.2112737797303564  0.8045416163436288 0.3151772603185293 -0.2085932455426139  -0.520917483874424 0.8104172479622685 -0.1217142507330867  -0.4538961775628351 0.8166192818853698 -0.1219825565542523  -0.433135988765607 0.7979190124289779 -0.0939968126989657  -0.4903402130493287 0.8224305503663978 -0.13192346235702  0.2349567417578297 0.6950741732163364 -0.08866116864974294  0.226360711103842 0.6879130719093484 -0.06815499356784546  0.02466712759070386 0.7235647449416964 -0.06984554147844395  0.2201362723867944 0.4754999545292172 -0.05096328541357528  0.2167103393677886 0.4673864536314543 -0.05705295493355717  0.3171476436557329 0.5071964826530747 -0.08253840071087776  -0.08191996844554596 0.2382662243689168 0.736358319589558  -0.1061727546157909 0.2242151932096106 0.739432966802068  -0.05854379388297071 0.2454552436541927 0.72904211469035  -0.01947002732689469 0.1755018014649444 0.6606621073519695  -0.01086504666901921 0.0989699878359647 0.6872817686089718  -0.03129649430866235 0.06134347310017654 0.7008376048255665  -0.09854060248819649 0.1367688532687276 0.607875186855897  -0.04271361436960396 0.03627948673568228 0.6934183340893662  -0.04263356226578303 0.01572063978097936 0.616481274296873  -0.120972804425847 -0.003253428252949053 0.6688113444438207  -0.1126514128507515 0.006495402115795509 0.600446846123507  -0.1288490212369542 -0.004338004369234871 0.6799622980056583  0.007804447949982252 0.1855779507792734 0.486823845951371  0.02109174858646323 0.1964818781905272 0.4597524598720802  -0.04325373093336872 0.1893616726808943 0.5023868813147609  -0.03007188255736477 -0.02242129514206073 0.469006276531637  -0.0250938739814844 -0.01972003008003606 0.4639935776024263  0.007312538634838675 0.0007212412343000213 0.5056438842141742  -0.001446766248532905 0.009480359593934909 0.5200994408501191  0.5353694876310723 0.1287114114380582 0.3710519619341479  0.9138673566100707 -0.1140553682798753 0.3484633724012544  0.5380765123867364 0.1254815705236109 0.3694681792395675  0.569169048827143 0.1240366169628858 0.3431208923139391  0.4722340938444968 0.07096158410058534 0.2180577527699522  0.4723255210875643 0.0589867130360202 0.2814921782511782  0.7111591766998828 0.1804849324484269 0.2045537454495694  0.5971388540600764 0.1055270578686034 0.2655619735889707  0.5696745676674742 0.1250383678370212 0.3424579814702114  0.6728247466079426 0.03274104933681687 0.3526661913700408  0.6376024767560043 -0.07712512046941809 0.3299843776282372  0.6449275217230338 -0.07811572372189921 0.329170729092477  0.7048652220465018 -0.1089047466707284 0.3579740709272115  0.7000911017508973 -0.1437353478550853 0.4139646888362842  0.7708896560422973 -0.02085376206103413 0.4364499595835802  0.7612001960592925 -0.0152436717522854 0.4574255847425796  0.7589218612483599 -0.007243193052313808 0.4542716959633576  0.680321178965583 0.03165582046898521 0.4863611555067666  0.4660911251277668 -0.02699960480076373 0.7542259040391173  0.476497828917986 0.01806837620135952 0.8265244353279623  0.479429347925008 0.02200886963134652 0.8650467537899689  0.2940101168889302 -0.3943814321651234 -0.4408458410513524  0.3278329510890213 -0.4120149350780673 -0.4355584484070154  0.2945249197289393 -0.3939127406288158 -0.4496647587066079  0.1642137216463253 -0.5046366647895735 -0.4656953321127997  0.3666011926580045 -0.4097977442750468 -0.3857250593603475  0.3696293406209518 -0.4258673212531451 -0.3350435758388824  0.3609142695354474 -0.4373785105189362 -0.3145226033669704  0.3672796896093486 -0.4582506970090343 -0.306595128597735  0.3722879992476975 -0.4731117281920536 -0.2938703552093254  0.2594328941498041 -0.447467053060982 -0.8008169591518074  0.257681225547259 -0.4813879033531454 -0.7539584861117935  0.2543406959977103 -0.4461357539962587 -0.8064149334008591  -0.00885517946945541 0.0672433234701833 -0.6615393124303979  -0.007343732547963083 0.06433153798787504 -0.6695213722560818  -0.01583403539267106 0.1042978837392373 -0.627985800172678  -0.03489220271138507 0.03806191972956291 -0.6736866383048997  -0.1159242429278216 -0.06484601649170499 -0.3471051716351634  -0.1158053138995827 -0.04066108432905395 -0.3354517570297507  -0.07997759261014831 -0.05196882778190449 -0.4150183010999395  -0.1054049526869598 -0.02467513048742605 -0.3029148271397966  0.4063329261639413 -0.2938921793767471 -0.5331593132821364  0.4053971628535461 -0.2940712354546975 -0.5318765810776721  0.4539953576345405 -0.3552347116324411 -0.6241258068747543  0.4745661159412132 0.07092763335798011 -0.456296988754632  0.4803794088149663 0.07488194313353054 -0.4837236114999446  0.4938333054315435 0.05033279843623052 -0.4368209132522594  0.4838451294941756 0.08388678188770185 -0.4947116427394004  0.4957754995584651 0.00563082395347167 -0.4091204876525124  0.2049203163458841 0.53814719520105 -0.2953323431060446  0.2062527509448929 0.5393258183804258 -0.2941691198049162  0.1463359602805778 0.3289896546830572 -0.4202469107924846  0.1328300907005317 0.3278508347051004 -0.436027206702182  0.08517683034284698 0.2418303839858319 -0.4726650803130962  0.1066112437373681 0.203664389168407 -0.488906532649486  0.08953570612917985 0.2888653088045025 -0.4784079785182809  -0.302433267106583 0.2295213058788425 0.226109619271073  0.3090584609538495 -0.01314509458477145 0.5198447377691552  0.2215585611615609 -0.06646571255303739 0.5778763062371042  0.2268379087065743 -0.06767284439111539 0.5712162040955607  0.2370806803917935 -0.06582125823997258 0.5520096811188961  0.2335734951114085 -0.06642414385320181 0.5521147927942106  0.05431391132896751 0.281291577345244 0.3586746426147559  0.2231279190606713 0.756544280764554 0.2217541252516222  0.2223162352205401 0.7573341772481634 0.2320883402549386  0.2569462624005173 0.7523551239188915 0.1862556890453846  0.2262851468096687 0.711449491834242 0.2802186519455757  -0.120226861987505 0.774572096001488 -0.1052875501923236  -0.1479356078013146 0.7910665360281055 -0.07469527158805073  -0.1543150336717583 0.785232748295148 -0.07249225033842614  -0.1176104404584199 0.9002735517756199 -0.1544952500291157  -0.1217841439818461 0.8930385848861833 -0.150694980479228  -0.04348750246581792 0.9156204947091118 -0.1782615169052109  -0.1537722901407159 0.8711253721816796 -0.09895725524636137  -0.2466100141277002 0.8494894267262663 -0.0863637369794137  -0.5244595983400798 -0.005237558665712003 0.4262030430130149  -0.5270647211151221 -0.007449744615063156 0.4270798694654082  -0.5379539299891813 -0.03898912971723451 0.3993487631271694  -0.3652285465935835 0.6755796626279582 0.009078699344608768  -0.4446147885316116 0.7751529202891833 -0.07307443101964495  -0.4179052619330896 0.8140870684571878 -0.08543660684739093  -0.3264682148186633 0.8275196349585688 -0.1126568593312438  -0.2699237390200534 0.850920430032474 -0.1001012701437336  -0.2674349563150388 0.8494611320634237 -0.09935647335554568  -0.2613180445832699 0.848525076917846 -0.09244421730108965  0.5361856160670352 -0.7400870887983577 -0.08425851221984333  0.4972536271661051 -0.7732909249278554 -0.09932292422165562  0.327918097788436 -0.7868737627519174 0.02789626619459719  0.3908558103292343 -0.8282344012995048 -0.03079581274523986  0.3565701738837999 -0.8714921671215193 0.09834432770925727  0.2554881291361887 0.01005177078521961 -0.2514282381691926  0.2338735346944454 0.01168321020957046 -0.2832429580557604  0.3361844941216315 -0.1551246000347063 -0.4139689723880892  0.3100261639357583 -0.1491528096759379 -0.4953264651712274  0.07738601644421703 0.1531442597414228 -0.5333582780016245  0.2613490201463127 0.2331754512198743 0.04909080153570407  0.2652506970542035 0.2159596255136028 0.05588213943800503  0.730057129998815 0.3458786415411377 0.2032409540064476  0.7120145690113128 0.3418152242908131 0.2138226652194543  0.7413368733307864 0.3700857750334006 0.1833826608394651  0.6454611507404729 0.3439410087587077 0.3384535147954245  0.75254228029212 0.3614252272822859 0.1525215505925479  0.7589767865117845 0.3601438923820729 0.1484661296493109  -0.1673204223647146 -0.07252574573835062 0.1604816274213471  -0.1892338868224656 -0.08552874414796717 0.1664166822317412  -0.2560772154266697 -0.02376923206598064 0.2149176651274378  -0.3306822412891131 0.1026976868663694 0.5487807802616821  -0.1361261417291126 -0.2944596080916326 0.816655271836061  0.2343046890660735 -0.4339928776025224 0.02690369144625758  0.126377960614325 -0.3486059004112199 0.0223761109240975  0.1455392883700839 -0.3326368832973672 -0.003074614325629291  0.1077006824137138 -0.3476769069404658 0.03046847807747564  0.1830738293200751 -0.1438014991439625 0.02202480879940234  0.2618551104558458 -0.2990672806941221 0.151783511850809  0.2927345524984625 -0.3067432678351777 0.1224134903914336  0.3123663432255094 -0.7994928678578823 0.3801857932170213  0.3696273269442441 -0.7745960783466478 0.3698513925393033  0.2800372161609519 -0.80242748961041 0.3431288988291988  0.3710358170434467 -0.8781440442751138 0.2599442986121298  0.2802835331130652 -0.8278813611446069 0.3385876541021588  0.2380249738833516 -0.7586288988278945 0.03747787776961949  0.1912397487199313 -0.8468649979677435 -0.113031772595189  0.258959590204869 -0.8935841566703953 -0.112707800353409  0.1573784455009003 -0.8395169271070871 -0.09077372477115507  -0.2033314474950423 0.112349630348023 0.845425165682115  -0.2008689459165253 0.1134669652962604 0.8446799862789889  -0.2445694943801174 0.1103038997908146 0.8638111349514519  -0.1465658384519555 0.09919473493574778 0.8631608315266847  -0.1937681831880513 0.1149917115148684 0.8344444353421695  -0.1756148779903212 0.1094201340478649 0.8509502461941199  -0.2458976342086189 0.108781367206581 0.8621194272660289  -0.09080294719968807 0.1560275375344825 0.5242302025681275  -0.1163850450670925 0.0818795492177868 0.5471918376220307  -0.3652877615280717 -0.4226887276272714 0.2065140663853747  0.006692341570427062 -0.5118215445438153 0.09673899435027374  0.03652232223837898 -0.4360059759162776 0.07681541037291488  -0.1433075364624594 -0.6083450011355359 0.1964924575064685  -0.1439675461627487 -0.6077218796127407 0.1981947419375181  -0.1638745823323769 -0.6142011524202967 0.2071688737920181  -0.2046388253458915 -0.6424410124015708 0.2004457945495132  -0.2553340025888067 -0.69844972223456 0.3599040486789004  -0.2756080009677766 -0.7158773873132731 0.3365104735249679  0.455976116405174 -0.5070065354984021 -0.2550144733270048  0.4079414483820123 -0.5185196046955604 -0.2309255415114784  0.3876803402829626 -0.5139878952750285 -0.2348283621566662  0.4031764631918602 -0.5183039901648552 -0.2305698414264863  0.4265348055651049 -0.6679958340295534 -0.2884947555494082  0.4193032812764049 -0.6618549448008015 -0.2824003352442708  0.3784943103478543 -0.6111613717762947 -0.2429813247434057  0.3766321889991689 -0.606945647623369 -0.2405863347634012  0.3821359376450036 -0.2855432639517824 -0.5275247584494067  0.3845851928613028 -0.2835953445148878 -0.5256747596546284  -0.01516454519888762 -0.01725127072238405 -0.1500376156336111  -0.01657500101797308 -0.01797716474104276 -0.1548354407403896  -0.007097691839059592 -0.01147358701629417 -0.1435247199872775  -0.03217740754019138 -0.02374419220247945 -0.1946292695672536  -0.04968423099170227 -0.02570936720945796 -0.7417401746349018  -0.04910776032829342 -0.02048424586790398 -0.7384929363642621  -0.07370383123058666 -0.04072782828230886 -0.7545296262781417  -0.05482290250814094 0.007485676496064547 -0.7032922957825646  0.8400810388034817 0.3187124865859057 -0.3076869774320891  0.4807401134169284 0.1004542527002897 -0.5237339998259424  0.815325373856677 0.4339071602839352 -0.06425632375705315  0.8162862111724366 0.4253011978402403 -0.06941058598622557  0.8749190455864162 0.4157267096253224 -0.1243393246350824  0.8135828948892893 0.430871880154645 -0.0642954628571296  0.865598361559657 0.3641023630669232 -0.187225264721724  0.8049381877831253 0.3160151016405915 -0.2085459030361241  0.88403842917652 0.3815641924203384 -0.1769118297420949  0.8782249343811817 0.4252807502177633 -0.1223540712453208  0.8896624406918212 0.4128827717601303 -0.1590839059335269  0.8906515968689839 0.391768484441067 -0.1814849153785225  -0.2837057646569834 -0.3166118065467572 -0.1627405237620432  -0.2136077863435917 -0.3007564867605757 -0.250219831530089  -0.2096173702282213 -0.3022307558252176 -0.2505331163175415  -0.2095949362469807 -0.3022539087928802 -0.250502170988099  0.04234678835943163 0.7234899384607364 -0.04201921866889617  0.2270281815279726 0.6386293195044813 -0.02593786663420202  0.2104826321641887 0.6767934117514089 -0.07371515876214495  0.195613698987927 0.6005672056366156 0.07097933408852578  0.1939032797584942 0.5983439501077995 0.07150782189426103  0.1778195553733593 0.5973680176931513 0.08435312574640563  0.2548092895727657 0.7546442043043242 0.1799512293756688  0.3088969556296943 0.8007116446878774 0.1266593299995309  0.3114354211136627 0.8007923260234612 0.1247484874010471  0.2555781692942759 0.7568832678756129 0.175951391919126  0.3124855541812978 0.8018064142687149 0.1211513315041538  0.2965639045339994 0.8087098736651583 0.1119314327184205  0.3108768477175599 0.8212884463851317 0.09660858058847716  -0.1031745583028956 0.02618281942006861 0.7080518286388842  -0.1028441344415323 0.03448213053500193 0.7115968994987003  -0.1203378790424313 0.01476973644825969 0.6981414477786835  -0.1200844479678381 0.04170043359309966 0.7093982225084989  0.02722391103428701 0.1104514077276256 0.7773588174261843  0.03401443431903835 0.1069583385327163 0.7808254716123986  0.008337488011948807 0.1038636661874424 0.7817799145725789  0.04152546930444385 0.1007863323962345 0.7821877282473327  -0.1236202806596129 0.08979062555271083 0.8584146116462806  -0.06944853172898925 0.06422851450601741 0.8107735394297854  -0.1460991469241804 0.09902502923988367 0.8632981425753958  -0.1398553621033184 0.1132094094046305 0.8645182383289391  -0.1182065111792396 0.2182268220420902 0.7409151824487602  -0.06008925273125244 0.1555611574928448 0.6171293367100319  -0.01505595397968749 0.1570837634890697 0.6272980258595968  -0.1292779745937358 0.06404811789283844 0.5455353922062683  -0.1289717974899385 0.03916489383069743 0.5409961280661012  -0.1216526118626785 0.012600704393607 0.5648824122257046  0.001197014829365503 0.01363067723525659 0.5474312168197915  0.002743486910083699 0.1300306095259572 0.6304133741634449  0.08537719797519666 0.2888757025700968 0.5369733118810864  0.08685317541319973 0.2879423499272994 0.5386417431118025  0.03086889202441028 0.2921256370809577 0.7206688298075007  0.004873231373871148 0.2646100882904014 0.7299545149242774  0.119147338217544 0.3202301593003674 0.6055911542995646  0.004768846788816561 0.2646428043196827 0.7299423833281903  0.1701221329716793 -0.4849545414455409 -0.4971210895579908  0.2464528360746664 -0.4895960714526674 -0.7504890067377218  0.2422436651947039 -0.4874407537992931 -0.7439779736559561  0.1954800201843739 -0.4561961153599555 -0.6952581607383308  -0.007541804763383278 -0.3490834956001607 -0.6011937238359883  -0.02484151194714083 -0.3337990864025295 -0.6111075854902145  0.04950292403890307 -0.3879070518890442 -0.5968396202131359  0.03227643787467253 -0.4148239398613669 -0.4733034447933429  0.05989153485086572 -0.4262419048229389 -0.503643291194673  0.4822489614559997 -0.3722292209890715 -0.6446579640911049  0.504944742309643 -0.4322395246065092 -0.6585291648950896  0.4987667648442242 -0.4268635576493346 -0.730622128259777  0.49182165686793 -0.4464762591357229 -0.7287424590835146  0.4548039174155309 -0.4572368625071404 -0.7448373305600975  -0.1367554622746721 -0.0915619393241446 -0.5443379541894142  -0.009965345410207292 -0.077485437179151 -0.5643540711842731  0.1049506231700958 -0.06639851468826455 -0.5220542148260873  -0.01400113269277146 -0.08516188521503584 -0.5730921361890206  0.1109359969490463 -0.05205703349707946 -0.5227995034003059  0.1125269684154546 -0.0622411850956677 -0.5008717860293572  0.1499145435188403 0.01085171651885412 -0.621954841321579  0.1115002370479867 -0.06330706790776676 -0.4963890120856245  0.1124232481416143 -0.06257081836985137 -0.4971708307130799  0.1012363088731873 -0.1105373970981905 -0.453369048676338  0.09509743199862877 -0.1121258507077772 -0.4482063851484402  0.1085937398756461 -0.08769484858541367 -0.4625781289701169  -0.2109492971889772 -0.1837902274973284 -0.9195371950434975  -0.2162517432030546 -0.1909154795536047 -0.9130570425521219  -0.1856701733607201 -0.1744611944893638 -0.9039036102669558  -0.05045914759335201 -0.04044751126884524 -0.2343782017171373  -0.08285419430789288 -0.0470392339481531 -0.2591690940582297  -0.2310712325784906 0.8330576302188484 -0.08230097181079761  -0.5163660462348985 0.8132307067428526 -0.1196587076047075  -0.524290994827911 0.810510442688522 -0.1236428711847559  -0.5340074910125796 -0.01880240284955402 0.4217310812634062  -0.57304128162791 -0.04048179697098419 0.4085296718691737  -0.6333573745211711 -0.06073825635925864 0.4120889235688157  -0.5513347162156371 -0.03930522496441893 0.411516242411897  -0.6850155180252865 -0.09431713635085323 0.4264668649051369  -0.6955768148053076 -0.08819689319446032 0.4338824258154292  -0.7086451570117279 -0.08697115167764133 0.4820418123116652  -0.7375850434977788 -0.09198423522689503 0.4759545030434192  -0.3905173180085189 0.6909317876651102 0.01160701714795639  -0.4313117578202622 0.7359519749955608 -0.01982964574082578  0.504828377013863 -0.7407215716974361 -0.06287596693588277  0.5060405765497109 -0.7458697345973733 -0.06598201361086353  0.6739784138116417 -0.7242605850149763 0.05118673447244089  0.2080514645763352 -0.03323340877872668 -0.3004223630891271  0.1823863927533395 -0.02939476167333431 -0.302476026138537  -0.006438335702514487 -0.1541178819469259 -0.4133983458014299  -0.02072784120792117 -0.1883055586014279 -0.3835594915517769  0.3024279807471829 -0.1807381034854679 -0.5586853704293694  0.3029066689102155 -0.1843346495477696 -0.5724554937485341  0.8190214006814358 0.3690256029290446 0.01833165731311548  0.8191778793379769 0.369204789533671 0.01815517217317088  0.8341372053782318 0.3808790475626069 0.04629913230451112  0.7402694769707443 0.4670753440241274 -0.1071967752593239  0.8364555738031872 0.3216474068154075 0.053230210857289  0.8232963017863769 0.2694312569947905 0.07929984291435248  0.8330656981340908 0.3815241768021223 0.04759723020864313  0.7971132707868253 0.24348615145673 0.1180437359800216  -0.4305659765579087 0.03088149686941118 0.5104924504418923  -0.3529862042800856 0.05566839980467737 0.5449856878761521  -0.4243761130014518 0.04064326339644513 0.5171187836609401  -0.2375658730626197 -0.2820335817366968 0.9197357194443347  -0.2514236698072426 -0.2843565241520949 0.9057027241189864  -0.2391351075925835 -0.2808393426174883 0.9173774264129007  0.3135187852869912 -0.2745930696891791 0.07797741368308596  0.3138486367635608 -0.2747170498944083 0.07787966094061158  0.1950094766093617 -0.4408022097454206 0.04029612748160584  0.2007177719764684 -0.4407124227536487 0.03469765549126055  -0.2877585202036231 0.0479337770134214 0.8255588292945037  -0.3015603876851509 0.08392856704507136 0.8351814189749177  -0.218977457654021 0.1028504570427295 0.8387242341813457  -0.1978526365524905 0.1060274770261004 0.8017973482387261  -0.24583578526437 0.1083982246928414 0.8614863168247289  -0.009074391509596449 0.2514420086949472 0.7253467136649383  0.05555371816113777 -0.7961587645103824 -0.03671464754645244  0.05655595253595558 -0.7911157958415478 -0.03511932686765999  0.0237630275179718 -0.7983802600220155 -0.05173197750750627  0.03839414121815277 -0.7105534850000217 -0.02523762089044823  0.07278872813545445 -0.6588459658032533 -0.05728399561580255  -0.7030812838258571 -0.09184570332779318 0.4882708619142231  -0.7078042426770443 -0.08784974511006699 0.4838545370046313  -0.6874811777872282 -0.1036726074903125 0.4944323658543564  -0.8157393733871026 -0.1024295222963268 0.4611752352302992  -0.2829894189104866 -0.7213104134150794 0.3246556043336649  -0.3138305071810396 -0.723337636221464 0.3029004223299231  0.358468920931417 -0.2161991701768082 -0.3485026200442279  0.3762806978196223 -0.2089078769572746 -0.3187104069626333  0.3805617111351197 -0.2345619961262444 -0.3730888501141062  0.3747264292992178 -0.2787434367266544 -0.5166974933654142  0.3833090767928471 -0.2406059528079936 -0.3760685348158481  -0.0267792273480594 -0.3309963535869418 -0.6148880392712328  -0.1592051109015396 -0.1420512514161476 -0.711280112707888  -0.1547309765213066 -0.1496528646356064 -0.6988040191488317  -0.1469011344237661 -0.186726599727885 -0.8013670952852079  -0.1461954384947807 -0.1383306838688638 -0.6888904979276051  -0.0692197976614702 -0.06274956983595825 -0.8106568394061852  -0.1360576792321286 -0.1151839522901019 -0.6823321682668599  -0.1307521697414077 -0.1138219627932627 -0.6795916249543229  -0.1296342794720342 -0.1298354647954458 -0.6800628656360602  -0.09554994989238662 -0.1281084532101486 -0.6740664062682199  -0.05569556795127872 -0.1512404461269082 -0.6394381851590206  -0.1345728946538421 -0.09886201530983833 -0.6603698811592287  -0.04004122373869447 0.02434619443642856 -0.680467543137273  0.2921107234947692 -0.3916665363880004 -0.4501592619993711  0.2756026661560668 -0.3877219143297155 -0.4572130151101667  0.2700164772410784 -0.3430583175571059 -0.4876909713406824  0.2357257331796228 -0.3339316401697782 -0.5241953250313949  0.05026124375775748 0.1590283313722018 -0.5403467957344701  0.05154955769540823 0.1349745707716907 -0.5379120187312092  -0.004941352235628846 0.1124195442592694 -0.5940525459306143  -0.02392708361235243 0.1164416022299951 -0.6134657169635928  -0.1391607829844871 -0.09030167894609241 -0.5477503577992309  -0.1452515659450644 -0.08897697092218586 -0.5925086739160437  -0.01044201545122436 -0.183966507735557 -0.3936068091656856  0.08054259984195281 -0.2286493075287665 -0.5979806789179642  0.1434812296453021 -0.2768922270770862 -0.5709627891428785  0.07353863068311753 -0.2279606617951728 -0.6159455942987203  -0.01553709030588077 -0.08650173539645044 -0.5732955418359745  -0.01880008602000188 -0.09086404007234392 -0.5734988024958935  -0.04024832271991151 -0.1414538363579635 -0.6105969020521413  0.3105450267613641 -0.1766048520143827 -0.5851398368725788  0.3405366809085167 -0.1950885797019787 -0.6359934908488446  0.3424311931027111 -0.1963357453390268 -0.6111261155030862  0.3427753493660111 -0.1957257899509111 -0.6393354398619411  0.3420924905975334 -0.1961268842892623 -0.6105942053498765  0.1428614832428701 -0.2884264404439216 -0.5547891577090504  0.1615723161088924 -0.2909018273299832 -0.538224955668291  0.1484581794524224 -0.3002251657755634 -0.5478749112558481  0.1431946953690738 -0.2909867253141755 -0.5540482779444182  -0.5025449142531122 -0.02544793481410065 0.5178096580698421  -0.5171523057252121 -0.03624660310326598 0.5309758445980748  -0.4565012169888093 0.02200715621030749 0.5166317529903233  -0.5222661123883927 -0.03695685610768554 0.5290008256120952  -0.5291371224668077 -0.04679278363364706 0.5302909394941802  -0.5862219180096921 -0.124194134820061 0.5274944773573661  0.1791029510473849 -0.02890387134096504 -0.3040734244273062  0.1535942127826782 -0.02509409976211407 -0.3420351776448945  0.1127959167237582 -0.08642621236269854 -0.4631782633930105  0.2091795955578191 0.001746092063736535 -0.6597943366439587  0.1522361922217655 0.001037583243492624 -0.6375733373122325  0.2307020769818295 0.01875073682343054 -0.6923239669057122  0.2407554473767446 0.03195056697004274 -0.7001586393799276  0.2581813005029389 0.05142608500029183 -0.7122839047218401  -0.4517588895803161 0.02334674189289777 0.5167627081821426  -0.4880473987064796 0.06188759200130514 0.402121861911789  -0.4924928403906953 0.05539396274916783 0.4032966979306471  -0.3646857773397307 0.1486800228718003 0.8608267162127496  -0.3286688379048507 0.1242676333285539 0.8572455290939528  -0.1593136088108666 0.09511797313862194 0.7649373825839565  -0.1887401049104151 0.1094480641660239 0.7956370258166441  -0.1350194084365016 -0.0135760730474451 0.6900990945783709  -0.134700553657878 -0.0112175608015435 0.6990800897171338  -0.1937314394969507 -0.03012831335272684 0.740369681174457  -0.006241544039859666 -0.3160891377884469 -0.6840267912518627  -0.003275100473907425 -0.3106220912142005 -0.6877068002555246  0.3021067928204517 0.06842667550888765 -0.8191955481719432  0.2686531585278871 0.059963202435576 -0.7271036178919144  0.3022741207507392 0.07169816015063044 -0.8221477987009544  0.4767670903505217 0.1658071274000836 -0.8217088624383209  0.4424639391616176 0.1247009678584206 -0.8422136521079179  0.501893876363906 0.1982820631062173 -0.8304751739971888  0.420944396572853 0.109790274484377 -0.8477180093413309  0.5341457230518954 0.06541956439096024 -0.6535479468426908  0.5114005990702977 0.07714648121205182 -0.6867264343447591  0.5105023497968425 0.05650970795476161 -0.6380390571701995  0.5205744119566659 0.03673621360512991 -0.7889946024441082  0.1604590278864047 -0.4649703346749176 -0.6565838198863276  0.1672216029578599 -0.4683589193361728 -0.6697876618321756  0.1494457789487026 -0.4319822344497091 -0.5206482062753203  0.168946297055836 -0.4285217124728853 -0.5036018046388642  0.1494860690796003 -0.430290812277713 -0.5135966718338882  0.1904411931175198 -0.4713375693794974 -0.6912464203289462  0.1908023228209391 -0.4603913329152487 -0.6840413874107881  0.179340119124091 -0.4705109980853039 -0.6771179722643326  -0.07144065696715357 -0.06356728216571239 -0.8115966785864208  -0.1318993913411158 -0.1247008379381697 -0.8341010007046026  0.3466262715477799 -0.2009590301826177 -0.6661457504891529  0.3783464975220215 -0.1421494315557708 -0.7602080610157638  0.3532739698571538 -0.2008977549522143 -0.6868653845939924  0.3993459761769167 -0.1281816080885847 -0.7798994097929777  0.3526980275075533 -0.2056157102729973 -0.6742137272078925  -0.6423526059617027 -0.1134797360446331 0.5216246099177037  -0.3086373619901746 0.08939842065015156 0.8402019033564347  -0.3109147454220749 0.1114667546441924 0.8640153475083346  -0.2513575195511312 0.1048151858932732 0.8648099725461909  -0.05235289458076208 -0.146135270382191 -0.6248853599929014  -0.06326187591722007 -0.3212705609158342 -0.733921503568959  -0.01181683853702096 -0.1907283124257873 -0.6757077087238708  -0.01476566936309176 -0.1862040174619104 -0.6777105492976458  0.02557456025966841 -0.2248279210468453 -0.6645734483764474  -0.01772348120149842 -0.1877013785246788 -0.6784892522384421  -0.0863097146646926 -0.2155377419218827 -0.7403381316002726  -0.1029319925068248 -0.2279740569181499 -0.7522184666026281  -0.1007410436007028 -0.2342053769385604 -0.7463519710701152  -0.1021149745481262 -0.2241687893417799 -0.7776233170872129  0.4007572676000206 0.0932485667308135 -0.831832641446606  0.4152906121051276 0.09242666214675889 -0.8461819604385709  0.4558146711756361 -0.1553004958750214 -0.8426737198798993  0.4386436788618036 -0.1422855270763197 -0.8232526720604243  0.5459157411931248 0.02267983675082987 -0.805364441709306  0.544580264153637 0.02379667287613946 -0.803962973515981  0.5209702184968956 0.03713436936299953 -0.7906473202257699  0.117291122615994 -0.4075491056641507 -0.5138252070142476  0.06398182763228299 -0.385322077574933 -0.592890800017615  0.1180187011018807 -0.4085580010377597 -0.5139268549549559  0.04993962812196386 -0.3875059124426762 -0.5957422856267337  0.1490182045516718 -0.4290517146761493 -0.51361389772947  0.2456034957447939 -0.4445320256762254 -0.8438951323850193  0.2094269341909942 -0.4729139433338224 -0.8426930977767456  0.1311700487001413 -0.4302357807511485 -0.8529848631409638  0.1259178095969172 -0.4189600626097649 -0.8547175447377285  0.1206198035740174 -0.4023816933942064 -0.8449528155332738  0.1167274530001701 -0.3311379525754716 -0.805168503837696  0.1079726798229494 -0.2952229574750733 -0.8674324595556091  0.03575083519054013 -0.2323012642460456 -0.6511869134656612  0.1043685683915277 -0.2904628503567324 -0.8783397350195237  0.03560370826971689 -0.2457073084959604 -0.9179629137955687  0.02982953747997474 -0.24416052194462 -0.9132021673929098  -0.1344291590278549 -0.2117743603538798 -0.7867771724397694  -0.1749650985114622 -0.2193828738003996 -0.8201001927715627  -0.1800158453420028 -0.2120067729137651 -0.8255703975263476  -0.172563883626646 -0.1946555520859578 -0.821970620085016  -0.1368931998433194 -0.1248614393006971 -0.834382862119322  -0.1549950843871913 -0.1295644435691649 -0.8495376440607648  -0.1745919672608632 -0.1455279050690027 -0.9032313743371296  0.02097607405458451 -0.2341991270534537 -0.9280798759629924  -0.1051270672812436 -0.2375930914717069 -0.9477950507883162  0.03060812175193535 -0.2426951600584617 -0.9149913031460309  -0.1061475329479258 -0.2379989468375397 -0.947454005078624  0.4253468937993494 -0.1372513968291146 -0.794497131339454  0.4141956679758045 -0.1344293256385167 -0.789035839047509  0.4005940355023541 -0.1283492212173898 -0.779887909951866  -0.468404846020881 -0.8437231492681531 0.2617788333941162  -0.3779859575821115 0.2117474515993992 0.9011601647941915  -0.2113523610049892 -0.2529220564361396 -0.9440130416820155  -0.8370450066307378 -0.1211824003474999 0.5333577530331461  -0.2446094497145283 -0.336481907088692 0.9092558239089329  -0.5660101722900619 0.8150603894640739 -0.1229189016825593  0.860675936834171 0.5003313716401826 -0.09330305625902935  0.3201597441165217 0.9448822409087384 -0.06704699145020653  0.9153984410080537 0.05143887001954647 0.3989984296349262  0.5241913518519096 0.3465139276475548 0.7777863039356843  0.587804079441405 -0.7571487571684472 -0.28462630537306  0.5005537013271166 -0.8579937634829048 -0.1144233538757057  0.7579883864967545 0.6456529480632978 -0.09157448658452406  0.4671673209852931 -0.4914606556749925 -0.7348612985638383  0.9341318675981386 -0.141420709245952 0.3274108228724051  0.5117360510965326 -0.004627613435096892 0.8590138585622599  0.4550052310885176 -0.8757536284128837 -0.1607041754396988  0.7847666336784541 -0.5748086319220803 0.231379293224034  0.454134441935219 -0.8862572826914688 0.09005524706823735  0.3934305688615986 -0.874110094494065 0.2845064853194311  0.2283806909308345 -0.7951889200692354 0.5615308107388925  0.5564160111319747 -0.7521753200035509 0.3527513579471213  0.4852926546660062 -0.8320595382479912 -0.2682684739915599  0.8064108862033573 -0.2837392450375726 0.518645865150995  0.9401929243899678 0.2048367452648997 0.2718072528765982  0.9124538295417397 0.3829915995857019 -0.1433368536050626  0.5003084581857726 -0.1699643643258837 -0.8488837208517273  0.9054809159784292 0.2679789758417466 -0.3287728536629407  0.2676225973490813 0.9603447142487339 0.07691674201790401  0.2488359283413107 -0.4604996611461209 -0.8519511446384856  0.6949099771730564 -0.7164585461295148 0.05989395047351847  0.5763637567547123 0.1757762166701322 0.7979395663536992  0.9155699737902341 0.4004677817603839 -0.03401747882585502  0.5052001785739054 0.2351436138497482 -0.8302290469711203  0.819483776680635 -0.2629528431981966 -0.5090207775830253  0.537268407743608 0.04785329828080247 -0.8419339225166644  </DataArray>
</Points>
<Cells>
<DataArray  type="UInt32"  Name="connectivity"  format="ascii">0 1  0 2  0 3  4 5  4 6  5 7  8 9  8 10  9 11  12 13  12 14  15 16  15 17  18 19  18 20  21 22  21 23  24 25  24 26  27 28  27 29  28 30  31 32  31 33  25 34  35 36  35 37  36 38  39 40  39 41  40 42  43 44  43 45  46 47  46 48  49 50  49 51  52 53  52 54  55 56  55 57  58 59  58 60  59 61  61 62  62 63  44 64  65 66  65 67  68 69  68 70  68 71  72 73  72 74  75 76  75 77  29 78  1 79  79 80  80 81  80 82  83 84  83 85  13 86  19 87  87 88  19 89  90 91  90 92  93 94  93 95  94 96  81 97  98 99  98 100  101 102  101 103  104 105  104 106  102 107  103 108  11 107  105 107  107 109  110 111  110 112  113 114  113 115  114 116  117 118  117 119  120 121  120 122  121 123  97 124  125 126  125 127  125 128  126 129  130 131  130 132  133 134  133 135  134 136  134 137  138 139  140 141  140 142  141 143  141 144  142 145  146 147  146 148  147 149  149 150  151 152  151 153  152 154  155 156  155 157  41 158  73 159  159 160  37 161  162 163  162 164  163 165  163 166  165 167  168 169  168 170  106 169  170 171  172 173  172 174  173 175  175 176  177 178  177 179  178 180  181 182  181 183  184 185  184 186  187 188  187 189  188 190  50 191  191 192  193 194  193 195  194 196  51 195  197 198  197 199  156 200  201 202  201 203  202 204  53 204  205 206  205 207  20 208  2 208  208 209  210 211  210 212  213 214  213 215  214 216  63 217  217 218  219 220  219 221  222 223  222 224  225 226  225 227  54 228  228 229  69 229  230 231  230 232  233 234  233 235  233 236  233 237  150 234  235 238  238 239  211 215  240 241  240 242  243 244  243 245  244 246  166 247  247 248  249 250  249 251  231 252  253 254  253 255  256 257  256 258  259 260  259 261  260 262  262 263  252 254  264 265  264 266  236 254  254 267  265 267  268 269  268 270  269 271  269 272  273 274  273 275  271 274  76 276  276 277  278 279  278 280  30 279  277 281  281 282  84 283  283 284  226 285  286 287  286 288  287 289  14 284  284 290  85 291  91 292  293 294  293 295  296 297  296 298  297 299  22 299  108 300  86 300  38 301  302 303  302 304  305 306  305 307  308 309  308 310  153 311  309 311  99 312  312 313  314 315  316 317  316 318  317 319  320 321  320 322  321 323  324 325  324 326  325 327  327 328  329 330  329 331  332 333  332 334  111 335  7 112  336 337  336 338  337 339  340 341  340 342  66 343  66 344  343 345  45 344  289 346  45 179  70 179  347 348  347 349  78 350  350 351  348 352  348 353  354 355  354 356  357 358  357 359  355 358  360 361  360 362  361 363  363 364  365 366  365 367  318 368  319 369  362 370  32 371  372 373  372 374  127 375  23 375  375 376  376 377  124 378  379 380  379 381  198 380  131 382  382 383  206 384  384 385  385 386  143 387  388 389  388 390  196 391  391 392  393 394  393 395  394 396  396 397  257 398  257 399  400 401  400 402  403 404  403 405  404 406  406 407  406 408  60 405  409 410  409 411  10 167  167 412  275 413  398 414  414 415  416 417  416 418  158 171  158 419  420 421  420 422  423 424  203 425  425 426  185 427  427 428  429 430  429 431  417 432  433 434  433 435  161 436  434 437  436 438  431 439  437 439  410 438  440 441  440 442  441 443  444 445  444 446  395 447  189 442  303 448  303 449  448 450  450 451  139 145  387 452  452 453  453 454  455 456  455 457  455 458  192 456  459 460  459 461  462 463  462 464  463 465  381 466  466 467  464 468  26 467  465 469  469 470  470 471  246 472  472 473  473 474  207 474  310 475  129 476  476 477  3 477  223 478  478 479  480 481  480 482  223 481  481 483  481 484  223 482  482 485  326 486  486 487  487 488  489 490  489 491  148 492  136 493  64 220  224 494  67 495  496 497  496 498  237 345  255 345  218 499  500 501  500 502  221 503  239 501  502 504  216 505  505 506  245 507  241 508  508 509  509 510  510 511  512 513  512 514  515 516  515 517  518 519  518 520  519 521  520 522  523 524  523 525  418 526  526 527  528 529  418 528  413 529  282 530  530 531  351 352  351 532  532 533  250 533  248 270  272 534  534 535  531 536  291 537  537 538  88 538  89 92  483 539  539 540  541 542  541 543  484 542  543 544  290 545  545 546  328 546  547 548  547 549  548 550  549 551  550 552  553 554  553 555  556 557  556 558  559 560  559 561  562 563  562 564  563 565  565 566  565 567  568 569  568 570  571 572  571 573  298 574  574 575  575 576  574 577  330 578  578 579  579 580  100 581  580 581  582 583  583 584  584 585  47 585  586 587  586 588  449 589  589 590  449 591  590 592  592 593  593 594  595 596  595 597  591 596  598 599  598 600  599 601  306 602  313 603  604 605  604 606  605 607  607 608  368 609  322 610  373 611  610 611  612 613  612 614  374 613  374 615  613 616  615 616  616 617  618 619  118 620  118 338  118 621  620 622  621 623  560 622  294 624  625 626  624 625  626 627  122 628  628 629  630 631  71 630  227 631  346 631  71 632  497 632  633 634  633 635  634 636  636 637  637 638  349 639  353 640  415 641  261 642  642 643  641 644  232 258  643 644  645 646  645 647  608 648  648 649  649 650  651 652  369 651  652 653  653 654  654 655  370 656  656 657  658 659  658 660  659 661  371 662  371 663  421 664  386 665  665 666  667 668  667 669  389 669  335 668  670 671  670 672  422 671  673 674  673 675  674 676  677 678  679 680  475 681  681 682  682 683  392 684  684 685  685 686  687 688  689 690  689 691  690 692  692 693  694 695  694 696  457 697  695 697  691 698  698 699  700 701  700 702  701 703  699 704  703 704  144 704  705 706  705 707  708 709  708 710  709 711  711 712  164 713  713 714  715 716  715 717  716 718  445 719  397 720  160 721  722 723  722 724  725 726  725 727  728 729  726 728  728 730  729 731  731 732  680 733  721 734  734 735  736 737  736 738  730 737  730 739  739 740  720 741  741 742  743 744  743 745  744 746  447 747  447 748  746 749  747 750  749 750  750 751  412 752  301 753  753 754  587 754  755 756  755 757  756 758  759 760  759 761  760 762  190 763  435 764  712 764  763 765  401 765  432 766  745 766  745 767  768 769  768 770  419 771  419 772  769 771  772 773  748 767  748 774  774 775  773 775  443 776  776 777  777 778  521 779  42 780  780 781  263 492  263 781  492 782  738 782  601 783  783 784  784 785  785 786  786 787  787 788  186 789  789 790  790 791  594 792  791 792  793 794  793 795  182 794  600 796  796 797  797 798  706 799  799 800  798 801  795 802  802 803  803 804  597 804  426 805  805 806  806 807  460 808  807 808  809 810  809 811  810 812  516 813  199 814  199 815  471 814  816 817  816 818  817 819  818 820  821 822  821 823  820 822  822 824  183 819  461 823  825 826  825 827  683 826  828 829  828 830  831 832  831 833  832 834  614 835  378 834  95 829  485 836  836 837  838 839  838 840  479 839  841 842  841 843  842 844  844 845  846 847  846 848  840 849  849 850  840 851  504 840  851 852  852 853  854 855  854 856  847 857  855 858  858 859  733 860  860 861  407 862  862 863  863 864  383 513  468 865  865 866  34 867  514 867  507 866  813 868  868 869  870 871  870 872  517 871  524 873  873 874  266 875  874 876  876 877  251 878  878 879  535 880  881 882  881 883  882 884  879 885  883 885  552 886  887 888  887 889  544 890  333 891  339 892  892 893  554 893  566 894  557 561  751 895  411 895  588 896  896 897  897 898  898 899  899 900  901 902  901 903  307 902  904 905  903 904  905 906  800 906  606 907  606 908  909 910  909 911  907 910  132 912  490 845  490 913  137 913  629 914  914 915  292 295  96 916  295 916  917 918  917 919  16 920  16 921  920 922  119 921  623 923  918 923  627 922  924 925  285 924  925 926  919 926  927 928  927 929  341 930  928 930  915 931  931 932  932 933  646 934  933 934  638 935  936 937  936 938  935 937  939 940  939 941  640 942  942 943  123 943  123 944  17 944  17 109  551 945  945 946  946 947  639 947  947 948  948 949  949 950  950 951  875 951  364 366  364 952  953 954  911 953  609 952  954 955  154 955  609 908  609 956  957 958  957 959  650 958  960 961  960 962  959 961  603 962  569 576  6 576  963 964  662 965  964 965  966 967  966 968  660 967  661 969  676 969  33 970  757 970  837 971  837 972  856 971  56 973  974 975  974 976  975 977  977 978  174 978  979 980  979 981  980 982  135 983  493 984  984 985  983 986  985 987  986 988  499 989  988 989  989 990  989 991  987 992  993 994  993 995  503 996  491 997  997 998  200 999  1000 1001  1000 1002  458 1003  1003 1004  811 1005  1006 1007  1006 1008  304 1007  702 1008  1009 1010  1009 1011  717 1012  1012 1013  1013 1014  525 1015  714 1016  714 1017  1018 1019  1018 1020  1021 1022  1021 1023  719 1022  635 1024  1024 1025  399 1026  1026 1027  399 1025  779 1028  723 1029  619 1029  1028 1030  1030 1031  212 1032  1032 1033  732 1033  408 861  408 1034  1034 1035  1035 1036  1031 1036  727 1037  735 1037  740 1038  1038 1039  1039 1040  48 1041  1040 1041  724 1042  1043 1044  1042 1043  1044 1045  742 1045  770 1046  1046 1047  1047 1048  1049 1050  1049 1051  758 1052  1050 1053  1053 1054  1054 1055  1055 1056  1056 1057  1058 1059  1058 1060  1061 1062  1061 1063  1062 1064  1065 1066  1065 1067  1066 1068  1069 1070  1069 1071  1072 1073  1072 1074  1073 1075  1074 1076  761 1077  1077 1078  696 1078  762 1079  1079 1080  1081 1082  1081 1083  242 1084  428 1084  522 1085  752 1086  1086 1087  1085 1088  1087 1089  1088 1089  788 1090  446 1090  1091 1092  1091 1093  1092 1094  707 1094  812 1095  1095 1096  1096 1097  1098 1099  1098 1100  1099 1101  1101 1102  686 1100  940 1103  1103 1104  869 1105  824 1106  157 1107  1001 1108  1108 1109  1109 1110  1110 1111  1111 1112  57 1113  833 1114  617 1114  894 1115  1115 1116  835 1116  564 1117  315 1117  994 1118  1118 1119  850 857  859 1120  1120 1121  1082 1122  853 990  991 992  992 995  995 996  451 1123  1123 1124  506 1124  1125 1126  1125 1127  1126 1128  778 1128  1127 1129  1129 1130  498 1131  1131 1132  872 1133  1132 1133  877 1134  880 1135  82 1136  888 1137  1137 1138  115 888  888 1139  890 1138  288 1139  494 1140  886 1141  1141 1142  495 1140  1143 1144  1143 1145  891 1144  1146 1147  331 1147  331 558  331 1145  567 1148  570 1148  1149 1150  1149 1151  323 1150  572 1151  1152 1153  1152 1154  1152 1155  1153 1156  1153 1157  1154 1158  1023 1159  1159 1160  912 1161  390 1161  342 1162  116 1163  1162 1163  929 1164  1164 1165  1165 1166  1166 1167  367 1167  647 1168  1168 1169  968 1170  1170 1171  1057 1172  1171 1173  663 1174  1174 1175  1175 1176  377 1177  1176 1177  128 1172  128 1173  1070 1178  1178 1179  1180 1181  1180 1182  1181 1183  180 1182  1184 1185  1184 1186  1185 1187  843 1188  424 1188  1075 1189  678 1190  1191 1192  1191 1193  1194 1195  1194 1196  998 1195  1192 1197  1197 1198  1196 1199  1198 1199  827 1200  666 1200  666 1201  1201 1202  176 1203  672 1202  1202 1203  1005 1204  693 1004  693 1205  1004 1206  1204 1206  1205 1207  1207 1208  1208 1209  1093 1210  1211 1212  1211 1213  1212 1214  1210 1213  1214 1215  1215 1216  688 1216  1217 1218  1016 1217  1217 1219  1014 1218  1218 1220  1221 1222  1221 1223  527 1224  1222 1224  1225 1226  1225 1227  900 1228  1223 1226  1156 1229  1157 1228  1010 1229  1155 1227  1015 1230  1230 1231  1160 1232  1232 1233  1233 1234  1019 1234  1017 1235  1027 1235  1231 1236  710 1236  602 1237  1237 1238  718 1238  1239 1240  1239 1241  1240 1242  402 1241  1052 1243  1059 1244  1244 1245  1245 1246  1247 1248  1247 1249  976 1250  1250 1251  1071 1252  1252 1253  1253 1254  1254 1255  1255 1256  981 1257  982 1067  1258 1259  1258 1260  1261 1262  1261 1263  1259 1264  1262 1265  1266 1267  1266 1268  1269 1270  1269 1271  1080 1083  1183 1272  1272 1273  1068 1273  801 1209  1097 1274  1102 1112  1102 1274  1002 1275  999 1275  999 1276  1104 1277  1278 1279  1278 1280  1279 1281  1281 1282  1282 1283  1283 1284  1106 1285  1285 1286  1107 1286  830 1287  1287 1288  1113 1288  209 1289  1119 1290  1290 1291  1267 1292  664 1293  1121 1294  1294 1295  848 1076  1296 1297  1296 1298  1193 1297  1190 1193  1190 1299  454 1299  1298 1300  1300 1301  1130 1302  1298 1302  1301 1303  864 1303  938 1304  1134 1305  1305 1306  536 884  1135 1307  536 1308  1307 1309  1308 1309  1142 1310  540 1311  1310 1311  889 1312  1312 1313  1136 1313  359 1314  1314 1315  1316 1317  1316 1318  1011 1319  1242 1319  1320 1321  1320 1322  573 1321  1323 1324  657 1323  577 1324  655 1322  1325 1326  1325 1327  1284 1326  815 1328  1284 1328  1169 1329  1329 1330  956 1330  1331 1332  1331 1333  972 1332  1179 1334  1334 1335  1333 1335  1248 1336  1337 1338  1337 1339  1338 1340  1186 1341  1340 1342  1342 1343  1340 1344  1344 1345  1345 1346  1343 1347  1187 1348  1064 1348  1051 1349  1349 1350  1350 1351  1351 1352  1122 1353  1353 1354  1354 1355  1355 1356  1063 1356  1257 1357  1357 1358  1347 1358  1293 1359  1292 1359  1360 1361  1360 1362  1260 1363  1363 1364  1364 1365  1295 1366  1367 1368  1367 1369  1366 1370  1368 1370  1361 1371  1352 1372  1372 1373  1371 1374  1373 1374  1375 1376  1375 1377  1376 1378  1378 1379  1379 1380  1105 1280  1277 1280  1291 1381  1381 1382  1268 1383  1382 1383  1264 1268  1264 1265  1384 1385  1384 1386  1263 1385  1386 1387  1387 1388  1304 1306  1304 1389  1377 1389  511 1390  1390 1391  941 1391  1392 1393  1394 1395  1220 1394  1317 1395  1020 1396  1219 1397  1396 1397  77 1397  77 280  77 1398  356 1398  1336 1399  1399 1400  1401 1402  1401 1403  1404 1405  1404 1406  1405 1407  1408 1409  1408 1410  1409 1411  1189 1410  1412 1413  1412 1414  1243 1415  1415 1416  1417 1418  1246 1417  1418 1419  1413 1419  1341 1420  1420 1421  1369 1422  1423 1424  1423 1425  1422 1426  1424 1426  1327 1427  1380 1427  1315 1428  1428 1429  1393 1429  1429 1430  1158 1430  1158 1318  1346 1431  1365 1431  1400 1432  1433 1434  1433 1435  1434 1436  1436 1437  1437 1438  1432 1439  1438 1439  1438 1440  1388 1402  1403 1441  1441 1442  1407 1442  1443 1444  1445 1446  1446 1447  1411 1447  1251 1448  1448 1449  1448 1450  1449 1451  1249 1451  1416 1452  1414 1452  1450 1452  1060 1453  1453 1454  1454 1455  1455 1456  1456 1457  1457 1458  1458 1459  1362 1460  1435 1460  1459 1461  1461 1462  1462 1463  1440 1464  1464 1465  1465 1466  1339 1467  1421 1468  1468 1469  1466 1467  1271 1466  1469 1470  1471 1472  1471 1473  1472 1474  1271 1474  1463 1473  1271 1470  1444 1475  1475 1476  1476 1477  1425 1477  907 1478  1392 1479  1270 1480  1328 1481  1308 1482  1276 1483  678 1484  49 1485  74 1486  430 1487  973 1488  613 1489  138 1490  1256 1491  618 1492  1048 1493  373 1494  488 1495  314 1496  1146 1497  555 1498  334 1499  963 1500  582 1501  679 1502  1198 1503  1443 1504  423 1505  687 1506  1453 1507  1289 1508  751 1509  677 1510  1406 1511  675 1512  1445 1513  </DataArray>
<DataArray  type="UInt32"  Name="offsets"  format="ascii">2 4 6 8 10 12 14 16 18 20 22 24 26 28 30 32 34 36 38 40 42 44 46 48 50 52 54 56 58 60 62 64 66 68 70 72 74 76 78 80 82 84 86 88 90 92 94 96 98 100 102 104 106 108 110 112 114 116 118 120 122 124 126 128 130 132 134 136 138 140 142 144 146 148 150 152 154 156 158 160 162 164 166 168 170 172 174 176 178 180 182 184 186 188 190 192 194 196 198 200 202 204 206 208 210 212 214 216 218 220 222 224 226 228 230 232 234 236 238 240 242 244 246 248 250 252 254 256 258 260 262 264 266 268 270 272 274 276 278 280 282 284 286 288 290 292 294 296 298 300 302 304 306 308 310 312 314 316 318 320 322 324 326 328 330 332 334 336 338 340 342 344 346 348 350 352 354 356 358 360 362 364 366 368 370 372 374 376 378 380 382 384 386 388 390 392 394 396 398 400 402 404 406 408 410 412 414 416 418 420 422 424 426 428 430 432 434 436 438 440 442 444 446 448 450 452 454 456 458 460 462 464 466 468 470 472 474 476 478 480 482 484 486 488 490 492 494 496 498 500 502 504 506 508 510 512 514 516 518 520 522 524 526 528 530 532 534 536 538 540 542 544 546 548 550 552 554 556 558 560 562 564 566 568 570 572 574 576 578 580 582 584 586 588 590 592 594 596 598 600 602 604 606 608 610 612 614 616 618 620 622 624 626 628 630 632 634 636 638 640 642 644 646 648 650 652 654 656 658 660 662 664 666 668 670 672 674 676 678 680 682 684 686 688 690 692 694 696 698 700 702 704 706 708 710 712 714 716 718 720 722 724 726 728 730 732 734 736 738 740 742 744 746 748 750 752 754 756 758 760 762 764 766 768 770 772 774 776 778 780 782 784 786 788 790 792 794 796 798 800 802 804 806 808 810 812 814 816 818 820 822 824 826 828 830 832 834 836 838 840 842 844 846 848 850 852 854 856 858 860 862 864 866 868 870 872 874 876 878 880 882 884 886 888 890 892 894 896 898 900 902 904 906 908 910 912 914 916 918 920 922 924 926 928 930 932 934 936 938 940 942 944 946 948 950 952 954 956 958 960 962 964 966 968 970 972 974 976 978 980 982 984 986 988 990 992 994 996 998 1000 1002 1004 1006 1008 1010 1012 1014 1016 1018 1020 1022 1024 1026 1028 1030 1032 1034 1036 1038 1040 1042 1044 1046 1048 1050 1052 1054 1056 1058 1060 1062 1064 1066 1068 1070 1072 1074 1076 1078 1080 1082 1084 1086 1088 1090 1092 1094 1096 1098 1100 1102 1104 1106 1108 1110 1112 1114 1116 1118 1120 1122 1124 1126 1128 1130 1132 1134 1136 1138 1140 1142 1144 1146 1148 1150 1152 1154 1156 1158 1160 1162 1164 1166 1168 1170 1172 1174 1176 1178 1180 1182 1184 1186 1188 1190 1192 1194 1196 1198 1200 1202 1204 1206 1208 1210 1212 1214 1216 1218 1220 1222 1224 1226 1228 1230 1232 1234 1236 1238 1240 1242 1244 1246 1248 1250 1252 1254 1256 1258 1260 1262 1264 1266 1268 1270 1272 1274 1276 1278 1280 1282 1284 1286 1288 1290 1292 1294 1296 1298 1300 1302 1304 1306 1308 1310 1312 1314 1316 1318 1320 1322 1324 1326 1328 1330 1332 1334 1336 1338 1340 1342 1344 1346 1348 1350 1352 1354 1356 1358 1360 1362 1364 1366 1368 1370 1372 1374 1376 1378 1380 1382 1384 1386 1388 1390 1392 1394 1396 1398 1400 1402 1404 1406 1408 1410 1412 1414 1416 1418 1420 1422 1424 1426 1428 1430 1432 1434 1436 1438 1440 1442 1444 1446 1448 1450 1452 1454 1456 1458 1460 1462 1464 1466 1468 1470 1472 1474 1476 1478 1480 1482 1484 1486 1488 1490 1492 1494 1496 1498 1500 1502 1504 1506 1508 1510 1512 1514 1516 1518 1520 1522 1524 1526 1528 1530 1532 1534 1536 1538 1540 1542 1544 1546 1548 1550 1552 1554 1556 1558 1560 1562 1564 1566 1568 1570 1572 1574 1576 1578 1580 1582 1584 1586 1588 1590 1592 1594 1596 1598 1600 1602 1604 1606 1608 1610 1612 1614 1616 1618 1620 1622 1624 1626 1628 1630 1632 1634 1636 1638 1640 1642 1644 1646 1648 1650 1652 1654 1656 1658 1660 1662 1664 1666 1668 1670 1672 1674 1676 1678 1680 1682 1684 1686 1688 1690 1692 1694 1696 1698 1700 1702 1704 1706 1708 1710 1712 1714 1716 1718 1720 1722 1724 1726 1728 1730 1732 1734 1736 1738 1740 1742 1744 1746 1748 1750 1752 1754 1756 1758 1760 1762 1764 1766 1768 1770 1772 1774 1776 1778 1780 1782 1784 1786 1788 1790 1792 1794 1796 1798 1800 1802 1804 1806 1808 1810 1812 1814 1816 1818 1820 1822 1824 1826 1828 1830 1832 1834 1836 1838 1840 1842 1844 1846 1848 1850 1852 1854 1856 1858 1860 1862 1864 1866 1868 1870 1872 1874 1876 1878 1880 1882 1884 1886 1888 1890 1892 1894 1896 1898 1900 1902 1904 1906 1908 1910 1912 1914 1916 1918 1920 1922 1924 1926 1928 1930 1932 1934 1936 1938 1940 1942 1944 1946 1948 1950 1952 1954 1956 1958 1960 1962 1964 1966 1968 1970 1972 1974 1976 1978 1980 1982 1984 1986 1988 1990 1992 1994 1996 1998 2000 2002 2004 2006 2008 2010 2012 2014 2016 2018 2020 2022 2024 2026 2028 2030 2032 2034 2036 2038 2040 2042 2044 2046 2048 2050 2052 2054 2056 2058 2060 2062 2064 2066 2068 2070 2072 2074 2076 2078 2080 2082 2084 2086 2088 2090 2092 2094 2096 2098 2100 2102 2104 2106 2108 2110 2112 2114 2116 2118 2120 2122 2124 2126 2128 2130 2132 2134 2136 2138 2140 2142 2144 2146 2148 2150 2152 2154 2156 2158 2160 2162 2164 2166 2168 2170 2172 2174 2176 2178 2180 2182 2184 2186 2188 2190 2192 2194 2196 2198 2200 2202 2204 2206 2208 2210 2212 2214 2216 2218 2220 2222 2224 2226 2228 2230 2232 2234 2236 2238 2240 2242 2244 2246 2248 2250 2252 2254 2256 2258 2260 2262 2264 2266 2268 2270 2272 2274 2276 2278 2280 2282 2284 2286 2288 2290 2292 2294 2296 2298 2300 2302 2304 2306 2308 2310 2312 2314 2316 2318 2320 2322 2324 2326 2328 2330 2332 2334 2336 2338 2340 2342 2344 2346 2348 2350 2352 2354 2356 2358 2360 2362 2364 2366 2368 2370 2372 2374 2376 2378 2380 2382 2384 2386 2388 2390 2392 2394 2396 2398 2400 2402 2404 2406 2408 2410 2412 2414 2416 2418 2420 2422 2424 2426 2428 2430 2432 2434 2436 2438 2440 2442 2444 2446 2448 2450 2452 2454 2456 2458 2460 2462 2464 2466 2468 2470 2472 2474 2476 2478 2480 2482 2484 2486 2488 2490 2492 2494 2496 2498 2500 2502 2504 2506 2508 2510 2512 2514 2516 2518 2520 2522 2524 2526 2528 2530 2532 2534 2536 2538 2540 2542 2544 2546 2548 2550 2552 2554 2556 2558 2560 2562 2564 2566 2568 2570 2572 2574 2576 2578 2580 2582 2584 2586 2588 2590 2592 2594 2596 2598 2600 2602 2604 2606 2608 2610 2612 2614 2616 2618 2620 2622 2624 2626 2628 2630 2632 2634 2636 2638 2640 2642 2644 2646 2648 2650 2652 2654 2656 2658 2660 2662 2664 2666 2668 2670 2672 2674 2676 2678 2680 2682 2684 2686 2688 2690 2692 2694 2696 2698 2700 2702 2704 2706 2708 2710 2712 2714 2716 2718 2720 2722 2724 2726 2728 2730 2732 2734 2736 2738 2740 2742 2744 2746 2748 2750 2752 2754 2756 2758 2760 2762 2764 2766 2768 2770 2772 2774 2776 2778 2780 2782 2784 2786 2788 2790 2792 2794 2796 2798 2800 2802 2804 2806 2808 2810 2812 2814 2816 2818 2820 2822 2824 2826 2828 2830 2832 2834 2836 2838 2840 2842 2844 2846 2848 2850 2852 2854 2856 2858 2860 2862 2864 2866 2868 2870 2872 2874 2876 2878 2880 2882 2884 2886 2888 2890 2892 2894 2896 2898 2900 2902 2904 2906 2908 2910 2912 2914 2916 2918 2920 2922 2924 2926 2928 2930 2932 2934 2936 2938 2940 2942 2944 2946 2948 2950 2952 2954 2956 2958 2960 2962 2964 2966 2968 2970 2972 2974 2976 2978 2980 2982 2984 2986 2988 2990 2992 2994 2996 2998 3000 3002 3004 3006 3008 3010 3012 3014 3016 3018 3020 3022 3024 3026 3028 3030 3032 3034 3036 3038 3040 3042 3044 3046 3048 3050 3052 3054 3056 3058 3060 3062 3064 3066 3068 3070 3072 3074 3076 3078 3080 3082 3084 3086 3088 3090 3092 3094 3096 3098 3100 3102 3104 3106 3108 3110 3112 3114 3116 3118 </DataArray>
<DataArray  type="UInt8"  Name="types"  format="ascii">3 3 3 3 3 3 3 3 3 3 3 3 3 3 3 3 3 3 3 3 3 3 3 3 3 3 3 3 3 3 3 3 3 3 3 3 3 3 3 3 3 3 3 3 3 3 3 3 3 3 3 3 3 3 3 3 3 3 3 3 3 3 3 3 3 3 3 3 3 3 3 3 3 3 3 3 3 3 3 3 3 3 3 3 3 3 3 3 3 3 3 3 3 3 3 3 3 3 3 3 3 3 3 3 3 3 3 3 3 3 3 3 3 3 3 3 3 3 3 3 3 3 3 3 3 3 3 3 3 3 3 3 3 3 3 3 3 3 3 3 3 3 3 3 3 3 3 3 3 3 3 3 3 3 3 3 3 3 3 3 3 3 3 3 3 3 3 3 3 3 3 3 3 3 3 3 3 3 3 3 3 3 3 3 3 3 3 3 3 3 3 3 3 3 3 3 3 3 3 3 3 3 3 3 3 3 3 3 3 3 3 3 3 3 3 3 3 3 3 3 3 3 3 3 3 3 3 3 3 3 3 3 3 3 3 3 3 3 3 3 3 3 3 3 3 3 3 3 3 3 3 3 3 3 3 3 3 3 3 3 3 3 3 3 3 3 3 3 3 3 3 3 3 3 3 3 3 3 3 3 3 3 3 3 3 3 3 3 3 3 3 3 3 3 3 3 3 3 3 3 3 3 3 3 3 3 3 3 3 3 3 3 3 3 3 3 3 3 3 3 3 3 3 3 3 3 3 3 3 3 3 3 3 3 3 3 3 3 3 3 3 3 3 3 3 3 3 3 3 3 3 3 3 3 3 3 3 3 3 3 3 3 3 3 3 3 3 3 3 3 3 3 3 3 3 3 3 3 3 3 3 3 3 3 3 3 3 3 3 3 3 3 3 3 3 3 3 3 3 3 3 3 3 3 3 3 3 3 3 3 3 3 3 3 3 3 3 3 3 3 3 3 3 3 3 3 3 3 3 3 3 3 3 3 3 3 3 3 3 3 3 3 3 3 3 3 3 3 3 3 3 3 3 3 3 3 3 3 3 3 3 3 3 3 3 3 3 3 3 3 3 3 3 3 3 3 3 3 3 3 3 3 3 3 3 3 3 3 3 3 3 3 3 3 3 3 3 3 3 3 3 3 3 3 3 3 3 3 3 3 3 3 3 3 3 3 3 3 3 3 3 3 3 3 3 3 3 3 3 3 3 3 3 3 3 3 3 3 3 3 3 3 3 3 3 3 3 3 3 3 3 3 3 3 3 3 3 3 3 3 3 3 3 3 3 3 3 3 3 3 3 3 3 3 3 3 3 3 3 3 3 3 3 3 3 3 3 3 3 3 3 3 3 3 3 3 3 3 3 3 3 3 3 3 3 3 3 3 3 3 3 3 3 3 3 3 3 3 3 3 3 3 3 3 3 3 3 3 3 3 3 3 3 3 3 3 3 3 3 3 3 3 3 3 3 3 3 3 3 3 3 3 3 3 3 3 3 3 3 3 3 3 3 3 3 3 3 3 3 3 3 3 3 3 3 3 3 3 3 3 3 3 3 3 3 3 3 3 3 3 3 3 3 3 3 3 3 3 3 3 3 3 3 3 3 3 3 3 3 3 3 3 3 3 3 3 3 3 3 3 3 3 3 3 3 3 3 3 3 3 3 3 3 3 3 3 3 3 3 3 3 3 3 3 3 3 3 3 3 3 3 3 3 3 3 3 3 3 3 3 3 3 3 3 3 3 3 3 3 3 3 3 3 3 3 3 3 3 3 3 3 3 3 3 3 3 3 3 3 3 3 3 3 3 3 3 3 3 3 3 3 3 3 3 3 3 3 3 3 3 3 3 3 3 3 3 3 3 3 3 3 3 3 3 3 3 3 3 3 3 3 3 3 3 3 3 3 3 3 3 3 3 3 3 3 3 3 3 3 3 3 3 3 3 3 3 3 3 3 3 3 3 3 3 3 3 3 3 3 3 3 3 3 3 3 3 3 3 3 3 3 3 3 3 3 3 3 3 3 3 3 3 3 3 3 3 3 3 3 3 3 3 3 3 3 3 3 3 3 3 3 3 3 3 3 3 3 3 3 3 3 3 3 3 3 3 3 3 3 3 3 3 3 3 3 3 3 3 3 3 3 3 3 3 3 3 3 3 3 3 3 3 3 3 3 3 3 3 3 3 3 3 3 3 3 3 3 3 3 3 3 3 3 3 3 3 3 3 3 3 3 3 3 3 3 3 3 3 3 3 3 3 3 3 3 3 3 3 3 3 3 3 3 3 3 3 3 3 3 3 3 3 3 3 3 3 3 3 3 3 3 3 3 3 3 3 3 3 3 3 3 3 3 3 3 3 3 3 3 3 3 3 3 3 3 3 3 3 3 3 3 3 3 3 3 3 3 3 3 3 3 3 3 3 3 3 3 3 3 3 3 3 3 3 3 3 3 3 3 3 3 3 3 3 3 3 3 3 3 3 3 3 3 3 3 3 3 3 3 3 3 3 3 3 3 3 3 3 3 3 3 3 3 3 3 3 3 3 3 3 3 3 3 3 3 3 3 3 3 3 3 3 3 3 3 3 3 3 3 3 3 3 3 3 3 3 3 3 3 3 3 3 3 3 3 3 3 3 3 3 3 3 3 3 3 3 3 3 3 3 3 3 3 3 3 3 3 3 3 3 3 3 3 3 3 3 3 3 3 3 3 3 3 3 3 3 3 3 3 3 3 3 3 3 3 3 3 3 3 3 3 3 3 3 3 3 3 3 3 3 3 3 3 3 3 3 3 3 3 3 3 3 3 3 3 3 3 3 3 3 3 3 3 3 3 3 3 3 3 3 3 3 3 3 3 3 3 3 3 3 3 3 3 3 3 3 3 3 3 3 3 3 3 3 3 3 3 3 3 3 3 3 3 3 3 3 3 3 3 3 3 3 3 3 3 3 3 3 3 3 3 3 3 3 3 3 3 3 3 3 3 3 3 3 3 3 3 3 3 3 3 3 3 3 3 3 3 3 3 3 3 3 3 3 3 3 3 3 3 3 3 3 3 3 3 3 3 3 3 3 3 3 3 3 3 3 3 3 3 3 3 3 3 3 3 3 3 3 3 3 3 3 3 3 3 3 3 3 3 3 3 3 3 3 3 3 3 3 3 3 3 3 3 3 3 3 3 3 3 3 3 3 3 3 3 3 3 3 3 3 3 3 3 3 3 3 3 3 3 3 3 3 3 3 3 3 3 3 3 3 3 3 3 3 3 3 3 3 3 3 3 3 3 3 3 3 3 3 3 3 3 3 3 3 3 3 3 3 3 3 3 3 3 3 3 3 3 3 3 3 3 3 3 3 3 3 3 3 3 3 3 3 3 3 3 3 3 3 3 3 3 3 3 3 3 3 3 3 3 3 3 3 3 3 3 3 3 3 3 3 3 3 3 3 3 3 3 3 3 3 3 3 3 3 3 3 3 3 3 3 3 3 3 3 3 3 3 3 3 3 3 3 3 3 3 3 3 3 3 3 3 3 3 3 3 3 3 3 3 </DataArray>
</Cells>
</Piece>
</UnstructuredGrid>
</VTKFile>