<?xml version="1.0"?>
<VTKFile type="UnstructuredGrid"  version="0.1"  >
<UnstructuredGrid>
<Piece  NumberOfPoints="4940" NumberOfCells="5596">
<Points>
<DataArray  type="Float64"  NumberOfComponents="3"  format="ascii">0.237822434576351 -0.2112715429267966 0.57105019085973  0.2588657901642518 -0.2137025407697239 0.5416231836556357  0.1553129760516884 -0.2277725000347522 0.5788805081124631  0.5424547606462795 -0.5777610874880028 -0.002982175894762611  0.4132532380861361 -0.5406867699033321 0.02720942573188431  0.5800751902981839 -0.6019334394593004 0.01678587456773306  0.5172571408483233 -0.5703957455851507 -0.02705828272165909  0.3133374478532821 -0.499522841130645 -0.08217880371704107  0.3228301151607005 -0.4536997025158589 -0.06603366909135644  0.341390125043857 -0.5954427390214218 -0.06508642785183502  0.09266595662331954 -0.6007705917591479 0.009268978289923846  0.1466179191510696 -0.5188898915133562 -0.02226619735140634  0.001279257831821881 -0.5183333194248357 0.002858994233038203  0.1014253881257866 -0.6264624548887937 -0.005367907024452598  0.1761573491802237 -0.4820958320941007 0.01119697840633482  0.1504651126130907 -0.5136906702728768 -0.02047822643631492  0.191471274811824 -0.4491001235576281 0.03820982457570667  -0.0076874336411175 -0.5164210613798321 -0.00306481204230924  -0.6979937343163493 -0.2057733940945357 -0.01102087286232427  -0.6835352216882187 -0.2246891231872143 -0.03885507444041764  -0.7325586409296606 -0.2235655529031406 0.01131880409461162  -0.6166916525708628 -0.2654833312842998 -0.07899156622499386  -0.5712707282584941 -0.2672960775506895 -0.1226552597284993  -0.59168674802381 -0.2700941821532385 -0.07379492281023457  0.2779046188854203 -0.2214286545031544 0.4921665181044245  0.007491406457425479 -0.3443979161861903 -0.2698701239230184  0.009908029650965655 -0.3255872205899536 -0.26552465919186  0.001991364962611805 -0.3525820169625196 -0.2609862714665272  -0.003539197209894582 -0.330546368056416 -0.3219231217868042  0.05110849209778643 -0.4021160418385243 -0.2831539562300715  0.001068063430917532 -0.3383188995354124 -0.2510171173314167  0.01121096567196669 -0.323326039248654 -0.2650013179542314  0.009672420265229298 -0.3237434416274451 -0.2671366406240192  0.2686485752409402 0.4249654355290307 0.2852159888014646  0.2731081899586441 0.4002080663192319 0.3227197078336093  0.2682538889645805 0.468985346526261 0.2605172097013246  0.2810794980522277 0.3902357818192641 0.3722341760636678  0.4561409025578587 0.5039248197504202 0.4225108484291913  0.4227502261025098 0.5422059765672108 0.3959344789950408  0.4503097338253147 0.4714766794135195 0.4417381313123329  -0.02616647483497588 0.8759657879373621 -0.4248254032601413  0.02595620385255369 0.9003784324843949 -0.4007932909948433  -0.02733349567899947 0.8778123030115321 -0.4244750906994041  -0.02157253220887484 0.7486744560983029 -0.3426289025211173  -0.02192364866382067 0.7471208303281682 -0.3438365984226194  -0.02293803870297441 0.7498663917924953 -0.3443915279379183  0.07795727939102361 0.7790309629795541 -0.2866797059930744  0.2824072457466582 0.06873202022571739 0.3157180444328747  0.3095467953163327 0.08985187965928287 0.3139468718786023  0.2709111752637455 0.05504289081245083 0.3207100938021255  0.2047654635064157 -0.3698542474686493 0.4232648010769244  0.2198058306389517 -0.3705862113025604 0.4221097980227815  0.1714362405983206 -0.3699739356657977 0.4218087793644574  0.2817361560947692 -0.3479004825187361 0.4271752073783118  0.3207023973320398 -0.3423531906578715 0.4592350528934435  0.2358788551619693 -0.3777279735338752 0.4062136375643436  -0.01337374069488154 -0.4795419060472069 0.4613065101265756  -0.04808221030139801 -0.4729906317577865 0.489300473358764  0.00756226597214249 -0.4830409628792832 0.4891885591244508  -0.01872997485534378 -0.4830536361268273 0.4503572882174073  0.1745783821335524 -0.3746736412720156 0.411084912429365  0.1671896062812745 -0.3678647885763435 0.4223059105598508  0.2873410397067412 -0.1991912018943064 0.4571502416752762  0.2898376585128253 -0.2001084272407208 0.4567311965478774  0.2870086518959161 -0.2029482202283922 0.4595819052641177  0.2504979300495622 -0.1650833280548426 0.4233518648561612  0.7023508381356169 -0.3584897137073434 0.1050623105492081  0.7085488440001992 -0.4108783527010225 0.1121757642736395  0.6635786354480279 -0.2865179174851886 0.06932651150331753  0.5561134876442539 -0.6503088879074418 0.1403418178139637  0.5549273025446687 -0.6501229446717173 0.1409487025864613  0.5548819993351761 -0.6503414080478509 0.1410055696190674  0.5751183878057361 -0.6522627808099311 0.1284295390722349  0.2750289649039992 -0.751886131414107 -0.3381772902258626  0.3207486089300829 -0.7723419339177637 -0.3278655288326511  0.258244606867942 -0.7137626299577068 -0.3438312106190792  0.3282127674993848 -0.5809094859590135 -0.1385249129214601  0.3270294618504669 -0.5815247350619525 -0.1384630330721972  0.3351191407942277 -0.5772707944091839 -0.1647007727489271  0.2379266722406395 -0.7340552728149246 -0.2038512599043594  0.2396517940894725 -0.7346042996063977 -0.2031427267608283  0.2148990921673077 -0.7147521386752571 -0.2228593386627652  -0.5971490399359075 -0.3325143345444105 0.4418390983268115  -0.5969848594543327 -0.3315614340184305 0.4435427842183777  -0.6557232259989402 -0.3756135097016712 0.4297280348255211  -0.6018741831815029 -0.2770628448701461 0.3099385267729843  -0.5801295881767085 -0.2810958880595138 0.2855445034148715  -0.6016414433313272 -0.2739392595846678 0.310581049482392  -0.6724098483171012 -0.3234419347574271 0.08951323557225344  -0.7182049094846872 -0.3800150843505136 0.07510369438340103  -0.599839982376618 -0.2727555387509067 0.04959410973108873  -0.7500644287542316 -0.3398352856940452 0.2692742162476526  -0.7287106448622354 -0.3788790136886583 0.2216939186781996  -0.7559793445443627 -0.3388130110600923 0.2678711137254026  -0.7338934560985861 -0.3723533162750958 0.07425065983632503  -0.6849161836827028 -0.4008188015254924 0.09299886754262569  -0.748101781823668 -0.3693799777397646 0.08750755857050176  -0.1028810733877897 -0.6798864401710418 0.5593507075976932  -0.0958504026472063 -0.6871793631033543 0.5532674911773351  -0.1239682853801941 -0.6675520106317007 0.5457425454543862  0.02415806144323075 -0.7069934056996788 0.5200558128191877  0.1457769073381636 -0.5901248476419562 -0.07674254247458148  0.1116387778406505 -0.5082713046800468 -0.1552805914043413  0.1436424163747116 -0.6318983316260065 -0.05044288125719574  0.1185773411490189 -0.4934192928634826 -0.1503763357432182  0.1133570283361943 -0.4880593593142888 -0.1483040858457725  0.1393396920093333 -0.5027419468478854 -0.2340476729280123  0.1245654351731388 -0.5262071241955111 -0.2295655055101805  0.1272073185544705 -0.4800748252128342 -0.293437969325653  0.1620290589557393 -0.6071630298477316 -0.214044259572448  -0.106970905819817 -0.1252215752499414 0.6031985487002339  -0.108090011229741 -0.1233963151919564 0.6018457962706342  -0.1066039320106237 -0.1266656975092049 0.6286050359414803  -0.1032647092948736 -0.08263878129972499 0.5471878333291819  -0.04734417110074883 -0.4730571078922627 0.4959082923308069  -0.05156426225586185 -0.4740950497503619 0.4861613303423344  -0.1152154542105677 -0.6758060962369603 0.5409248614688726  0.01558207926538017 -0.6825693333282133 0.4726143789708759  -0.1220601288304134 -0.6708638433331688 0.5396420735429186  -0.1087490887695251 -0.6414931460099097 0.5862259943782637  -0.05449014298303469 -0.5976814412869836 0.60681565552621  -0.1357937566668175 -0.6318966336751972 0.5633158818459325  -0.2562309250657407 -0.7691722772223719 -0.06827741930754097  -0.2650429049001322 -0.7512576372753623 -0.1635250734868608  -0.2559312960136467 -0.7653916689459548 -0.06682655520897274  0.28741084021587 -0.6337004591566385 -0.2761259320872912  0.221418280963409 -0.6865749703167363 -0.2443093210226024  0.3710449052001111 -0.6307610339653552 -0.2653488875427753  0.2593470522941362 -0.6676602300632657 -0.3464262263568866  0.2589412947256634 -0.6680201113339215 -0.3464846999197906  0.3417026917877043 -0.6621080088472334 -0.3304390481410043  0.2584834706801931 -0.6673841556431548 -0.3479450558894778  0.1297226016245331 -0.4761483513835622 -0.3010597656962918  0.09883077442012927 -0.5298931613249297 -0.2776862904278564  0.1029037799096132 -0.4437797759478576 -0.2912854445105719  0.1558655488650476 -0.4667929178542095 -0.3075844858576414  0.09774132262074547 -0.4391401134237437 -0.2906686909476248  -0.831463737520891 -0.1305182206006836 0.1705079984050659  -0.8423692120923737 -0.1309194780929819 0.1853469306661421  -0.8386826883962873 -0.1663337613768773 0.1369576595539988  -0.9145364415791031 -0.1197578181291295 0.2564624478209398  -0.5557247834232732 -0.3833299181762577 0.1203768614247401  -0.5842122513726542 -0.4016839648674185 0.1428704382987855  -0.5469263049029131 -0.3799489134568816 0.1150687624169736  -0.5793728435259626 -0.2793989436023558 0.2852198211068743  -0.1360996434929016 -0.673897275370735 -0.009673221772545523  -0.1682746318018292 -0.6825092458688371 0.0003747980510349358  -0.05821648791213435 -0.5617391761240687 0.0857951304603288  -0.1288579207631696 -0.7141303189270874 0.006538609751240182  -0.1907793934851217 -0.6709209948943174 -0.005402009608950445  -0.6051356358111174 -0.4380452834104925 -0.1597302942873726  -0.625143277789411 -0.4438042046922193 -0.1502876674956679  -0.6066827718053569 -0.4519618216218082 -0.1948843972605593  -0.7004528219816162 -0.4381791397830984 -0.1227789969504444  0.03540669432959379 0.9015813904636304 -0.3944418772634101  0.04168524226355136 0.8922510806282845 -0.3839557369748551  0.374520611072632 0.0920463211768294 0.352963777301496  0.3088281371020105 0.1001229805914036 0.3148570945304889  0.3960412220598751 0.4780281660081556 -0.1513963859664325  0.3591308016884777 0.4586573775604422 -0.1596932094336995  0.397601422651446 0.4793842314463986 -0.1517948281821074  0.4169689539571617 0.5459920744026261 0.3930663940811536  0.5755450838534187 0.5023885070438892 0.1388748396544619  0.5961045187930488 0.3974309543056032 0.1687552206496842  0.5743350740463392 0.5040013668869805 0.1373467496240144  0.4163492169156418 -0.0290813349848003 0.558558252569103  0.3869026113848505 -0.08517666307671036 0.4768963720099606  0.4153816427443067 -0.02565355400735351 0.5617189286242715  0.4134145597321588 -0.06898598954238279 0.415060866002971  0.01346896183656496 -0.3684919959598623 -0.1524069502115317  0.01473061290042446 -0.368696688307818 -0.1509117882343347  -0.08448127530459459 -0.3945608360575688 -0.1220256569543609  -0.1420940409548021 -0.3322262418507347 -0.2104128960133652  0.009375499149612622 -0.4005177605767117 -0.2454422315629501  -0.0455948375880082 -0.4775202497197605 -0.2113720713018753  -0.02357773198354602 -0.460395938643523 -0.2088709919709915  -0.05724525312871748 -0.510969043850287 -0.2060090008467847  0.01584738363990316 -0.4150546516291497 -0.1922354677116692  0.012608577961903 -0.4148255776457822 -0.2290125778640662  0.03341789114963453 -0.4196732833942857 -0.1730457727333438  0.01192301317990469 -0.4123419375247616 -0.2332891853982514  0.03644883089217981 -0.2770393299946867 -0.2376502632065695  0.1238169838619763 -0.3062182293215926 -0.2609418192651269  -0.0202281957689328 -0.250605808931116 -0.3244488675049058  -0.0199196855512309 -0.3201724134816085 -0.3756844039790845  0.02131723180002592 -0.2923255293467137 -0.1677905897162045  0.01756322592156524 -0.288179630456418 -0.1655010692594573  0.03083451975354244 -0.294743029017095 -0.1562334055428971  0.02408027496656494 -0.289006465976496 -0.1768948269369536  0.03641371931175272 -0.2768856703713121 -0.2361794190598903  0.02394684930434178 -0.2887394665156512 -0.1769527900169975  0.09311359598510899 -0.2866134145421871 -0.1548165852647182  0.06708799270633975 0.003533003259127362 -0.08998769000787177  0.1053855068864992 0.001081516345764179 -0.08287019651988509  0.05440365582588762 -0.02040215012638145 -0.001634106268635321  0.06000017119102728 -0.003334771820591532 -0.09908273328037108  0.06047366129391428 0.01944430917538588 -0.0948117260359807  0.3132834689451987 0.3753032645539769 0.3768167159595898  0.2446858274906615 0.3611786567312372 0.3983449660693537  0.2998701667193024 0.3255934804356809 0.413007590369097  0.2772189896791938 0.3287194496698673 0.4148097018701785  0.8514594128880949 -0.4680162881070656 -0.2078996701246497  0.845545500133301 -0.4701925848737267 -0.2018692480634517  0.7175327018479164 -0.1963584453625869 0.4296344032603692  0.7181468223828873 -0.1982500648885761 0.4307690959253563  0.7022180840832468 -0.1426882727753847 0.4142807576189393  0.3032513914743439 0.8851018188692455 -0.1274013846894134  0.2834819485233023 0.8773627445090935 -0.1237705828117157  0.2674861164088387 0.9044419539822167 -0.1307340664238966  0.2513893466583593 0.730582084967857 -0.2337146731715184  0.2250826378806518 0.710576636915583 -0.2391333478592693  0.3418366275186846 0.7613192858268023 -0.2831728603511728  -0.05524854849669104 0.8745135593495073 -0.4153713962101128  -0.9559174346919554 -0.1017083293525917 0.2744075336730864  -0.8186775026105854 -0.08961691419218382 0.2747714541520935  -0.09009679127836892 0.09044584107870385 0.04783591420261624  -0.107848957622977 0.09128039686035608 0.04107696078875242  -0.077049709176473 0.07400213471458797 0.03814399248162009  -0.5704943174264708 -0.2710077398852653 -0.1398458568996493  -0.5692363582784727 -0.2673881565961386 -0.1445621867313467  -0.551458905337871 -0.2448719695392992 -0.1842394872265649  -0.5511702911914916 -0.2447139546304644 -0.1846881545179624  -0.5655631068287423 -0.3977611841407846 -0.04800618457153415  -0.6557931592113122 -0.4341244343718869 -0.02123739803026739  -0.5562627908388464 -0.4122928009639712 -0.06362995973148844  -0.5398994680608979 -0.3817395740584443 0.03732785234668343  -0.5379112783232334 -0.3779990963600735 0.08484398832265473  -0.5396708598985887 -0.4175025745784823 -0.04409161634027272  -0.5417716387739024 -0.3183169262166743 -0.1005875289563023  -0.5332697660078907 -0.3750890179987516 -0.1101662452976965  -0.5522577215219977 -0.2968599420462252 -0.08352042547603236  -0.474371367054055 -0.3293098564667918 -0.08887946386159248  0.4482162975569622 -0.3301608007196419 -0.1994328177440499  0.3979364194726567 -0.3515677837942244 -0.1682556352613697  0.4521672460813057 -0.3308361171905357 -0.2068757688032557  0.4325847719096139 -0.3022725853409303 -0.168218372731189  0.4769322537349165 -0.3683770468504737 -0.1886348172465668  0.5013612006670989 -0.4226139414739483 -0.1671288441711418  0.4720303357257999 -0.3557331293407751 -0.2024022486207123  0.6324893178590844 0.1398788438226464 0.08698185910857806  0.6156996644562129 0.1225754635610455 0.07649717256512252  0.6551082666285423 0.1406646263774797 0.128794408753529  0.6061305516285315 0.1161579611809038 0.07117971751747372  0.5992299129614046 0.1081055393386149 0.04664899821230838  0.5839448894168422 0.1126951998199924 0.02236848353558291  0.7088091845317693 -0.4146565126928642 0.1198440273100059  0.3913593296033996 -0.3581536649480854 -0.1721953180149626  0.2777062384227013 -0.3096273494605651 -0.1540903462480371  0.3795397696867467 -0.3772084321995847 -0.1734278981194243  0.3388238163230545 -0.4517968811128283 -0.121616215487342  0.2845253846922541 -0.4227967153853057 -0.05316509856939793  0.1221440069119275 0.01285309461671343 -0.0827368682945428  0.1157621664890952 -0.01677664735426226 -0.09920727176328861  -0.07335059757016682 -0.06533610290661696 -0.008140891603328315  0.007282625876793639 -0.05356809855119954 -0.07679178877020293  -0.07351348793560038 -0.06091492026068991 0.01328039892892884  0.002127484760099919 -0.2507550051632484 -0.1123735865141213  -0.04582384916256133 -0.2483935036680328 -0.00848253377185957  -0.002348566481572462 -0.2488175702415836 -0.1160918697037021  0.006990564289899678 -0.2564910009405742 -0.1161230301180882  -0.0448272007849164 -0.2751901599274755 0.02238504445633946  -0.04479300162969545 -0.2473587096472106 -0.007037531542275238  -0.1023061206936414 -0.2218277989283316 -0.0719493621813275  -0.03505211197298808 -0.04005727092874575 0.05352526782688759  -0.03342686845501584 -0.03786853963836058 0.05427549653629687  -0.03660000938853322 -0.04206030864854224 0.05401732014996741  0.279854749574318 -0.1228339637478712 0.07106935834159404  0.2489654397891101 -0.06882513619950652 0.08239064425248116  0.2852479536579177 -0.122857643551008 0.06700146984747961  0.2982868209736688 -0.1487733706211612 0.09129409465574165  0.2589487394361073 -0.04871285777029604 0.07037941964850725  0.8691369648752478 0.09317384229782914 0.3688886805014631  0.8637428729852524 0.09710140673168124 0.3752622761527924  0.8557449234960062 0.08542424428541914 0.3749148820277025  0.9048344176925882 0.06872014934074261 0.3530690559448165  0.9121835210671102 0.1025198449056961 0.3133300624585043  -0.5743111963682191 -0.4509614336888496 0.5994980527225603  -0.5742393675116794 -0.4509639075279233 0.5994865666323657  -0.6548270813535886 -0.4017606160901601 0.546079773548571  -0.1791872475264049 -0.05173647473060436 0.7588020378795445  -0.1759798144230556 -0.07803287481236076 0.7674419276077845  -0.1782299268671615 -0.03249257005320903 0.7264054105935409  0.1900640411899863 0.001057772077878997 0.3636446965073185  0.1858941486855958 -0.01232907093043516 0.371015378787189  0.5851902939254403 -0.2912326267657316 0.448169092377148  0.5439392434522177 -0.2516937318270399 0.4347275630775854  0.5966285403056746 -0.2985202182471144 0.4344855202083009  0.4635137310349105 -0.2598502195254315 0.4278697243864456  0.4600927398483532 -0.257187817459393 0.4346831797160935  0.5106679507715088 -0.2457417349213806 0.4297736732227739  0.1914794223768245 -0.4489763539325199 0.03828518534517071  0.2007177719764684 -0.4407124227536487 0.03469765549126055  0.07355591178880033 -0.4022899886087736 0.002976841324068738  0.1914974202469576 -0.4507539472375234 0.04153985739866772  0.1950094766093617 -0.4408022097454206 0.04029612748160584  0.4107472741587957 -0.5399134112509062 0.01573937656605805  0.4115082969974788 -0.5480263547331564 0.04435552872744566  0.4104711032417145 -0.5401756482357956 0.0155838073415743  0.3822589388478563 -0.5824631941358027 -0.0199710478560606  0.4091051460140364 -0.5351655061425417 0.01479647890390055  0.410275543602901 -0.5355196819864233 0.0154599261519284  0.4586899454607166 -0.4000564588476693 0.3174216076306305  0.4445991742840036 -0.3800796980587904 0.3270346372101937  0.505586333526988 -0.4775226824147662 0.3542177295108997  0.3730294145820719 -0.4483859555386258 0.4484381371065622  0.400257421762984 -0.5301196390607552 0.4916983808564546  0.3552758250968314 -0.3867084496276377 0.4392183141043382  0.3709236591407418 -0.4585560716460327 0.4485941528252051  0.2833420619986449 -0.4467169540971225 0.4240088408671309  0.3991971901110672 -0.5308618449099385 0.4908472509461502  0.4064328762030943 -0.3748536494851006 0.3338839719375656  0.4309923017875566 -0.3687837813434468 0.3331792595144908  0.3586063078964642 -0.3603610921485222 0.3092791372337578  0.2289064560320868 -0.3810073574714114 0.3984061830507165  0.3930709394239837 -0.4672617194303444 0.2992898688294036  0.380342928455973 -0.5176628780986603 0.3143660689935054  0.3288868492441163 -0.4189736608852753 0.2745574735429377  0.3239322278804553 -0.5756919836361469 0.4806809431983001  0.3456969205601817 -0.5853797247350179 0.4705604662813275  0.3122887006514644 -0.5820695712981924 0.4874472737658304  0.4038112639385081 -0.5472646677903317 0.4804284036803828  0.4074531232038734 -0.5327477895660185 0.4919607860869511  0.4044799855684605 -0.5500923932679219 0.4772239904438513  0.4004582119519073 -0.5233448784725516 0.5087245841543033  0.4141019305468179 -0.5293839166530314 0.5065982049694296  0.4913744560482025 -0.5049137114857751 0.4605865676437552  0.3713285119684654 -0.5186131285408441 0.3134683831078515  0.3932286771171565 -0.5220127273078984 0.308073543123899  0.379553694172088 -0.5188237325021078 0.3178086548790328  0.2674036211724286 -0.500508312085413 0.2934381203721643  0.3943878889877787 -0.5497949346032226 0.3661778079071586  0.4778004619528554 -0.6112998033009476 0.123336398465983  0.401388971738213 -0.5507094243750787 0.2696591907592251  0.4087976212274199 -0.542822921021452 0.2798271921709978  0.3975503678798866 -0.5514329953005203 0.2688536609272119  0.5379397500597578 -0.6741442879984442 0.2014791201027357  0.5896373685353752 -0.7064223509490279 0.2475723447004475  0.4742269235702905 -0.7046388549012147 0.1490238423850713  0.4253660290776585 -0.6333956908683694 0.1248709718154616  0.3845124586917744 -0.6016947838588683 0.08154127658412344  0.3655916868285121 -0.6705772789141318 0.2013457774318544  0.4344515959204836 -0.6202495998278506 0.1220094215641184  0.444530214749679 -0.7339734473272412 0.196279816469271  0.4015683413523849 -0.7119793134924017 0.2097032578157554  0.3910557488506726 -0.7073873576026585 0.2123888294277319  0.3913038317449388 -0.7058911896316094 0.2121998889511847  0.4386044741947204 -0.7312506215187548 0.2035421050589569  0.1246305380550764 -0.5722617913046206 0.1168447193158157  0.1148185825264791 -0.5662708635943867 0.1240159952731903  0.1472251767697255 -0.5890528728666364 0.1433419600925313  0.0901090989586758 -0.6080112287134772 0.03197356811642479  0.02641652616150346 -0.5706255817057337 0.07561182836673991  0.09378332199706532 -0.6211352133417543 0.0287692450837613  0.2551855289333141 -0.7666195624684249 0.05276391196386798  0.2649469424010515 -0.7736386260969454 0.0463883919840634  0.2602737348410087 -0.668617951937461 0.09407697154491335  0.3807754092048397 -0.5778560208804951 0.02910872973479638  0.3824125944016854 -0.5897483934975802 0.07292979211166606  0.3136602318227995 -0.6035435800785949 0.08556665962730522  0.36817479064161 -0.5938653470967452 0.08009629572535149  0.2463350446547358 -0.5324859475784693 0.1065036779342624  0.3101073699194994 -0.6105700460418111 0.09485418323926799  0.3546760729477632 -0.6030955319073446 0.09099345658094513  0.4057023903843226 -0.7123369806641088 0.02581146430974259  0.390321354379386 -0.5804840674077326 0.07178730445452941  0.3305732962815094 -0.6138301138767259 0.1147029883925179  0.317678871379264 -0.6128710823246311 0.0991846431756031  0.3845014280324653 -0.5935084820689513 -0.03542198335210091  0.2920435513816316 -0.2868537496230416 0.449904682903405  0.2789112425821628 -0.2470510240570652 0.4658797351930068  0.3013295719667761 -0.1990846424931563 0.444607127770297  0.3550401448147458 -0.1667439667197639 0.4714392151523458  0.2740445439975576 -0.2271545786069619 0.4720662311576301  0.324900844376491 -0.3443392484726502 0.4593918563338716  0.4384016317388739 -0.295383874574621 0.4434160167216601  0.3762352046340008 -0.168249549185418 0.4387946340846275  0.4108578879078028 -0.07775589445167091 0.395050423358108  0.225181583172831 -0.131155537218825 0.4108680974777704  0.20270479533143 -0.1968299753387536 0.4306697984344645  0.5560091930419322 -0.66763932620643 0.4232891940111027  0.5211212980498269 -0.6091296328136526 0.4018669611502225  0.3290684682734978 -0.7472689421201492 -0.1790133768361666  0.3694771023053945 -0.7730649445230825 -0.1834408254290664  0.3647938920193069 -0.8250616567685792 -0.2766647427120835  0.5020188403239533 -0.4218984626361774 -0.1649682709311791  -0.5962313787478108 -0.3329670634269826 0.4415198979079423  -0.5111368026795882 -0.3613066234686034 0.3776248048902596  -0.5400369972448237 -0.3810526527705045 0.5306145501987276  -0.6012573300645182 -0.3191138909953226 0.4739458349922007  -0.4579286543726122 -0.3785607083264276 0.5736808665167863  -0.5936244445046437 -0.3070308513720505 0.4733871902293026  -0.6533892234447904 -0.3429073018113579 0.4923949074628253  -0.4833706531506721 -0.2490003580906831 0.5101654622771038  -0.447803771847541 -0.3814006977450978 0.563326500923417  -0.447855472690134 -0.2566861291120529 0.532166910465826  -0.4858232313729003 -0.2466027732506816 0.5100732871688705  -0.4001820121549224 -0.2902414118698113 0.4884647459972548  -0.4243743954975712 -0.3905398634003968 0.5265877783794644  -0.5880960692412651 -0.3968512016904399 0.1526238167783235  -0.5779460502896859 -0.4126177562092275 0.1486493176779483  -0.5511835550989587 -0.4092952648854201 0.137491502225691  -0.5874688017435905 -0.3973838391236928 0.1493481561059268  -0.5955784866852794 -0.3992721466707875 0.1341488758968971  -0.5952320372285387 -0.3992513998284492 0.134405187347458  -0.8098118514017872 -0.4642969432024595 0.2148472252786923  -0.8387471402812064 -0.4639323405488745 0.2543854691631151  -0.8480756835659911 -0.4626897963736045 0.1378383399604811  -0.7322754052602423 -0.5442324601376106 0.2135908462777256  -0.8294087820902231 -0.4237369175168594 0.07290074893629732  -0.75892671917962 -0.3381804570734535 0.2724959139838009  -0.02236141110123206 0.7470229639104843 -0.3445963549095139  0.02691120691437739 0.7251562431411342 -0.3421288067836654  -0.1595048830185889 -0.2632641284056053 -0.0267275441324821  -0.15976847728704 -0.2630280217263435 -0.02611470291507285  -0.1498176438196454 -0.2622939809249676 -0.04143723572156574  -0.1054817779160079 -0.154798983903759 -0.05098202152241837  -0.09483287199566963 -0.1485775548807968 -0.03729809959578156  -0.2187899590717297 -0.1579465913790788 -0.0740673007394196  -0.0883729416468773 -0.1406210728818666 -0.02890519919762496  0.1100796408047094 -0.5394027882546033 -0.2399268447051753  0.09868132410403586 -0.5306184649777244 -0.2834921464232729  0.09670991954668766 -0.531612029649939 -0.2765029039097047  0.1040705447501722 -0.5222438373290631 -0.3003084223558811  0.1154314994078004 -0.5580113735242777 -0.3096807285618298  0.2015474547611928 -0.6602348677909453 -0.2038593402812524  -0.07053113536276648 -0.5282521363080547 0.03236898789436443  -0.07734045722903696 -0.5234685999938031 0.03639301735764722  -0.03251120744547906 -0.5188739060805917 0.0041601253555094  0.07331005371200594 -0.400777640345316 0.003044257084726817  0.0723796242729048 -0.4020697405117863 0.003075104412556512  0.07331676006347937 -0.3851192447859499 -0.0008242641879330978  0.03827267741517194 -0.4354606884380838 0.0789259865283712  0.06216209565095561 -0.4278707279510005 -0.1759275435113166  0.03819444336159313 -0.3346352069155683 -0.1351759818856619  -0.3523574565756243 -0.2663315501408937 0.0850339431142398  -0.29742831536952 -0.2642353022277486 0.1151877657266838  -0.3567715700189779 -0.2625184560022218 0.08978080703965696  -0.3429626262139657 -0.2298746341350356 0.1551977923678459  -0.273170893234483 -0.2607386159289475 0.1215899703292118  0.2220891778709439 -0.5321679644006978 0.3705600414455515  0.2238456999754349 -0.5378795321134618 0.3730274151632078  0.2147689380468854 -0.5149327199355058 0.3662761626307849  0.1400715428928167 -0.636079997981097 0.3918279460982361  0.1458301888453493 -0.6385376205081497 0.3866758742402447  0.02301865770133363 -0.5559318193978865 0.3689063540229128  0.01529262777311705 -0.4509135602951622 0.4487942181275487  0.127977566150919 -0.3749552261115039 0.4550885364234731  -0.005063472009635223 -0.4686237713740031 0.4387408168750151  0.156076915228782 -0.367050223020524 0.4319874739186401  -0.09179841471472933 -0.3070401490685525 0.0305543805186199  -0.09369672053049585 -0.08068197749381525 0.5369068054150847  -0.1350423613537858 -0.09708027372195047 0.5405194502486842  -0.1801996000657945 -0.09463437006353986 0.5358218910438285  -0.1338103293059354 -0.09757356284403418 0.5353659148033357  -0.21085441042144 -0.09372015596606323 0.5233936775752122  -0.09055544781704881 -0.3122606716245578 0.5006239552862851  -0.0451551627995065 -0.303019388692141 0.5400840747092169  -0.1007357806553048 -0.3134498095236578 0.4979932051705772  -0.1390136168837272 -0.2203426220221577 0.438414292919771  -0.1985500156420998 -0.2631610381178986 0.441291382298228  -0.1248302179256501 -0.1945462057697064 0.4090142287385346  -0.02233799374605397 -0.2793371710721445 0.5304038682042819  -0.5717938860339734 -0.4510869462845776 0.6010652655556498  -0.4971401475702983 -0.4270534900692809 0.6042376094397313  -0.5539018113100111 -0.4476282305413621 0.605553878893384  -0.4622426192373463 -0.4349045978950019 0.5812904178922847  0.02174228588951467 -0.6852653382527125 0.4745446007480011  -0.05278252903728788 -0.5804516236619363 0.4039526643942322  0.02118464190697675 -0.6695100742953924 0.2949152432076116  0.006168113050878135 -0.6442530285852643 0.2975427336230453  0.03225156892892117 -0.6643107162837355 0.2860666112285328  0.1499211096021294 -0.469291409136109 0.5359049562635523  0.1051064769015392 -0.4446007369450712 0.5360632470952466  0.1675036384464239 -0.5582031467175366 0.4952610416267578  0.1705233818409625 -0.4864726694869602 0.564244137004434  0.09773558323090997 -0.4464184111094602 0.5647364110214098  0.03478326487099476 -0.5752366024997645 0.4495486101974582  0.1453360865918179 -0.5732396543019256 0.4813810030072158  -0.001889207122827568 -0.5564502923772841 0.4116689118743399  -0.001363566739486677 -0.5789443295719552 0.6106740031863215  -0.2079849036541541 -0.4126136621890757 0.6750366833897057  -0.1556834025800974 -0.3864963946968742 0.6810309102445576  -0.2275327267669106 -0.446901826798639 0.6870994071277953  -0.3347150539314695 -0.08699373107294729 0.6750831653776501  -0.3387488408319744 -0.09180323168103528 0.6742208057090985  -0.2913202091415747 -0.0546039530200778 0.6616294539219976  -0.3619344738035039 -0.1458925167704989 0.6381987658869703  -0.02314537143742794 -0.7830984316636109 0.2824568816534762  0.01023894314724999 -0.81726883010339 0.2589938324054095  -0.05510767222268882 -0.8141174454527651 0.3430392621521983  -0.2317355979922293 -0.772093842035534 -0.175703583857129  -0.2326860520815226 -0.7730364830162196 -0.178217274255593  -0.1292376837447325 -0.7699009404045343 -0.1936704524154056  -0.2619008644822045 -0.7057384311525919 -0.1507029989594127  -0.2768656132364216 -0.7537857577137812 -0.1776738571570388  0.3910776987090626 -0.6274610391095183 -0.05826050178975574  0.06578603828698248 -0.5213847651630575 -0.3370680093718833  0.1806454418095237 -0.6547956153360168 -0.3501984539930144  -0.7942280065578901 -0.2565738430799251 0.4975296504095923  -0.8102457496599323 -0.2637491699165948 0.4884052205024456  -0.7141120454506579 -0.2811335330384866 0.5187291822986201  -0.54310547785386 -0.409071643668605 0.1337932037013796  -0.3994792469117107 -0.37743028492614 0.2193896244135419  -0.4034397045046264 -0.3310918926087706 0.2087863196287746  -0.3819001204087794 -0.391283265522382 0.2364259620808445  -0.1118604662479278 -0.4907979162806718 -0.1774671825484948  -0.1121532012535856 -0.4720147264364646 -0.1714954817544141  -0.13092852171655 -0.5137696175512971 -0.1882919011874991  -0.1118359306155975 -0.4598715295168754 -0.1616059692387451  -0.1517905797143737 -0.3269982358956371 -0.187498990300214  -0.5091798854250736 -0.4139541945212515 0.1376213193830548  -0.5394288079160512 -0.377961412188655 0.09592052645071053  -0.3161080791469147 -0.2017461808797795 -0.05257843989764444  -0.3254863973719369 -0.2037405271453487 -0.0569211340920505  -0.3066308449409789 -0.1852380738654064 -0.05418866375899539  -0.6070588288023825 -0.453760863844545 -0.2006075340730412  -0.6052861085307224 -0.4531679396655218 -0.2048658148671369  -0.4198752065887635 -0.4277285220317039 -0.2048799388710939  -0.4202244885560149 -0.4255043969851112 -0.202332440907385  -0.4207104991950497 -0.4276326030687606 -0.2083725213133576  -0.4304667559294241 -0.4302223081640808 -0.1484114439540332  -0.4860394061659645 -0.4020300432971389 -0.1058019694573358  -0.6645920993060993 -0.5856351229103312 0.1446998235916341  -0.6595507185902195 -0.5938525785993832 0.1369197928368875  -0.6763319671563059 -0.5907738833113915 0.1625725088585099  -0.6344360852419362 -0.5884144275364317 0.1335140757007159  -0.1325353436089859 0.8806414929052794 -0.3605110978785515  -0.1310775889247152 0.8872039155054356 -0.3666829420999737  -0.1088221324324903 0.6990806423961924 -0.3776190165425942  0.5577303722508167 0.3907411663169624 -0.1624986368368346  0.5024770803356857 0.3990210546065254 -0.2292517970393221  0.5696479280389229 0.3955326077002205 -0.1648108517020882  0.5624641369315575 0.4057527808057911 -0.1412857060962047  0.5814548188422398 0.4149193954746748 -0.1423846671704563  0.5268731154627615 0.3807808402393106 -0.1085049539686885  0.5428936423682369 0.1960078701608534 -0.1691313761480327  0.5498938129726008 0.1959129436003425 -0.1737940369157452  0.5244673507866618 0.178440859767627 -0.1753366528438177  0.5383255266101039 0.1790682360460306 -0.183721698079394  0.5725849848300283 0.2378839043246449 -0.1969925459985529  0.6928096785852972 0.6368642867988031 -0.1406858206008545  0.6738205829676961 0.6214959760005252 -0.1088072256847775  0.6836758031030863 0.6512658056025686 -0.1878994139021665  0.6027196393102907 0.5974792721839127 -0.08566521980578869  0.5841369952069758 0.567810815868196 -0.09375796903998598  0.6175207115835235 0.5978245598025618 -0.07712510070227421  0.6005003950985748 0.5585832615934047 -0.0834521642940429  0.4880038105580326 0.5743374995773085 -0.08846306371287828  0.6297931029269147 0.6004452456162541 -0.07674363063823983  0.3156344802929837 -0.08032619322056059 0.2961492370472722  0.2991992047013296 -0.07542335282001314 0.2966743955248795  0.3502212622438793 -0.07545728568158452 0.2932474818969596  0.2112324082596675 -0.04107826188374785 0.1986488592227334  0.2039028710340453 -0.043037269192544 0.1963173287898181  0.2169071444092096 -0.6871383663644806 -0.2389884660239543  0.144439337648986 -0.659592444410994 -0.3515924453781618  0.1874789059313307 -0.6551425674529916 -0.3532455089080163  0.2584323250745859 -0.6676634176827311 -0.3476394333203195  0.2132431130929598 -0.6894090656621706 -0.2338519378141907  -0.8387391998433699 -0.4640274987431561 0.2545006580738832  -0.8297380776850278 -0.4496379856552201 0.2731785985005805  -0.8062070118173968 -0.409684760888372 -0.05221009299663888  -0.8313611089706094 -0.4374875779645082 0.03042590567804914  -0.8107637728122021 -0.4213155962196352 -0.06103886735797226  -0.7341840534581886 -0.3924871376382796 0.04892355125218721  -0.7210627039259315 -0.3984686347557573 0.05016946832296786  -0.8044294289651088 -0.4278676777997455 0.05098410698135823  -0.6898568416447292 -0.4058128930722625 -0.01392861409121564  -0.5717517753737895 -0.3068614755938435 -0.05238387806069171  -0.3650850895937817 -0.6138595481735817 0.03892357362281374  -0.4522127411717301 -0.6396194655880045 0.05095930575993873  -0.3132473849593019 -0.6547249421920746 0.02568333353707361  -0.4621106005776746 -0.6406923214779358 0.0716374991868742  -0.4812947884600071 -0.6263511258102886 0.07795444997226872  -0.5036874439111947 0.7999976207483954 -0.09993829984340019  -0.5169517907047424 0.8092031420856032 -0.1138410500990803  -0.4469508374135079 0.7826750044478168 -0.07245852733334877  0.2629951650849069 0.3450995325110926 0.1268501216988914  0.2315113759120999 0.3395006000577544 0.1302134857308638  0.2822602339764803 0.3993103499907986 0.1351385175846711  0.4202133678840735 0.347241661027886 -0.01381007491360061  0.4066942802771994 0.3350790471932575 -0.02457809403052677  0.4630525983639144 0.3708423861949871 0.07918499804583234  0.4362152357012907 0.3358536193188167 -0.02789859150651485  0.3098178000220975 0.4675860579570987 -0.1209854638513331  0.4124620543267877 -0.02913357423267311 0.5800545188510886  0.6077285379873171 0.2502128676055645 0.1604630771180627  0.6086991312505008 0.2273545223160469 0.1653159098188211  0.6031266393603349 0.2558723209925181 0.1519952846389232  0.5972357258882545 0.3981599012955413 0.169181024907574  0.8720159920699173 0.1464441919421403 0.3590978477697516  0.7817408315472438 0.01896469350572742 0.3532593359529885  0.77971913306653 -0.009601204175757327 0.4094008842007638  0.7765060138445902 0.02013665543419013 0.3491232032032361  0.6941754300878088 -0.1568796010434359 0.4152717945437197  0.6760696381988099 -0.1887841194150831 0.400390871688472  0.7000911017508973 -0.1437353478550853 0.4139646888362842  0.1072090646805125 -0.1067231752578812 0.6463679548248115  0.1237044684464692 -0.106715853887505 0.6305131035602162  0.08125001224051151 -0.1502247341590245 0.6480918685695655  0.1291494049063824 -0.1062372329749723 0.6297633537193054  0.3848751822548682 -0.09583559598010172 0.4804230808682008  0.3899096805065952 -0.1550291243625965 0.4607360573425945  0.4152764486851464 -0.04549755860620247 0.5749305487481294  0.4148139264520527 -0.04482440110504116 0.5770559034221643  0.04304133542065108 -0.2760360637214504 -0.2374115466685581  0.02978482457318372 -0.2679794483503481 -0.2314025968979762  0.01825071711422554 -0.2557913206708048 -0.2680035521125948  0.08215389164941667 -0.2648660527212803 -0.2424463115723898  0.2791775576571737 -0.2710700485397076 -0.3290992243155245  0.2411379589506299 -0.2739735823819853 -0.3022527940460545  0.2818998351581628 -0.3264258263974461 -0.3224372236074127  0.2988259973214085 -0.2473837642269596 -0.3319022618468446  -0.07754377810065834 -0.3760929579381834 -0.3514607443286525  -0.1157757793985451 -0.3922546214525693 -0.323623413188543  -0.0475651392163844 -0.3540869300412399 -0.4073269977357112  -0.1453249990449381 -0.3861739943094038 -0.3030896262898852  -0.1508915212647253 -0.3912463444071736 -0.3074515575947105  -0.2112877230916747 -0.3071193580801438 -0.2607125389504937  0.0240206593138574 -0.04662724334245662 -0.06950579739558352  0.05302056415185546 -0.01080088938511117 -0.1017204943544399  -0.005006911959630989 -0.09933107054752331 -0.08010038036230813  -0.0746207034393024 -0.1445396700753959 -0.03180921439699327  -0.3172999217446427 -0.2749946772669567 -0.2273330011707009  -0.331404950958481 -0.2899254870411381 -0.1712074406974108  -0.3321969321416476 -0.2778288326903635 -0.2457149528355816  -0.2717964726756318 -0.2942060360927731 -0.2579106834121789  0.7048790704264863 -0.2792812350157319 -0.4514355683357688  0.7025775710953494 -0.2777583286259056 -0.4543361278787429  0.7791878301474311 -0.293525862842574 -0.4590334994167233  -0.1232854315445666 0.5063734955871062 -0.02323089271925841  -0.09648469806620194 0.5030578411057598 -0.02092433931793246  -0.2495170999199343 0.5731330310383205 0.02876204015922861  -0.09420249809865598 0.3036979746647983 0.05731633397004136  -0.1162056272634797 0.3156619409153181 0.05537090041798275  -0.04167564422264559 0.3036469002340602 0.06297251145688065  -0.1678110410330793 0.2328832844805712 0.1402689071772656  -0.2193324995902461 0.2211303699896995 0.199242479351468  -0.09015641130661153 0.246692467459306 0.1463617735907131  -0.3488940201768825 0.2125368175737345 0.04910824016180104  -0.3339814962966433 0.2298559231846711 0.03162091825149761  -0.3632137862464297 0.2099824732760702 0.05222787825486762  -0.2685856835271871 0.3399970579135431 0.05647861096426381  0.3469198556327784 0.4633934739019665 0.7197096126317262  0.3470423312841986 0.4627831908078047 0.7196074497733994  0.3317020145286145 0.4919989054191205 0.7027086556277115  0.3047539667351923 0.3061719242278985 0.4861214705282664  0.2557560052519963 0.3071795201441846 0.3991613163711079  0.3244711178236608 0.3043959200810991 0.4808475667986882  0.606577948346019 0.2237047413254618 0.1622987453337941  0.7073014208464758 0.1809960960271422 0.1896072854549143  0.5382355593448692 0.2029609739397506 0.213662785048874  0.588597695608976 0.2251927534118443 0.1321335030718184  0.4370524270022096 0.02039117530688279 0.539007182982306  0.453319278252822 0.0006922871107508874 0.5007176187468149  0.4393468363005184 0.02956505210088507 0.5607157312540216  0.4585100854785196 0.0009685818395332845 0.4771960173058971  0.3268687609175741 0.3026231385138095 0.4808953886829272  0.3578576423349476 0.3024888727562991 0.487525660401827  0.2979947996924094 0.2820843425181282 0.4988614853045715  0.2799813612309507 0.2562830386858946 0.5252450381452574  0.2231738124676779 0.3672368082370415 -0.09697636907362585  0.2311395815927363 0.3340038472005806 -0.09738057173920681  0.1949272613545488 0.400190298791517 -0.08918678142918844  0.2651725534620292 0.3759787790914228 -0.08411074953811715  0.3036665363638331 0.439582259635013 -0.1038371655599718  0.1773098963449878 0.4810553654171191 0.1176649821889959  0.2066054461089395 0.5005144281548419 0.1271039006245298  0.1546239941479641 0.4618283591499062 0.100633957426217  0.7019830009155227 0.04425426295511294 -0.2725649283933956  0.7050118008604299 0.05242917103362596 -0.2736553771202533  0.7018904834177043 0.04404228819095614 -0.2724550362037836  0.7334460670830205 -0.4216154302434993 -0.08343596546237476  0.6821991083550977 -0.4607480749608395 -0.05101284798670368  0.7359434687359968 -0.4187645013810254 -0.08798594536611307  0.6667916870504752 -0.4546432730206557 -0.04678099642337467  0.7286370517747036 -0.0009529839842744858 -0.003098388328970005  0.7501766392945874 0.01883003045737494 -0.06653826702991546  0.7276077159677129 -0.0004306866574593417 -0.0008489048832193216  0.5686717588545753 -0.5079185591557835 0.2046012670076346  0.5614146327853176 -0.5157208459027059 0.2080126592815728  0.6413298207641587 -0.5242924155604095 0.1377067405434185  0.2178389614356935 0.6862296937886416 -0.2271105995895467  0.2466421254420476 0.6835818021308506 -0.20356400167644  0.2111578076980681 0.6906790036026872 -0.2353237870465871  0.1798698215963623 0.6920729261503874 -0.1908869564395994  0.2048288351036505 0.5371693798148643 -0.2940586604044106  0.1774799718572238 0.5221372121817711 -0.278075248649803  0.2062527509448929 0.5393258183804258 -0.2941691198049162  0.2842537434918871 0.8640622797678568 -0.1278020879653385  0.2780339516467837 0.8305719332968827 -0.1178857875137244  0.2287045859569725 0.8687419105424055 -0.1845238225854578  0.1586958827879939 0.8922406015406459 -0.1964024476986885  0.259742391679849 0.9110863482507889 -0.1364592944051522  0.2064730481652914 0.8411693611811274 -0.2832645689735772  0.1084685592726877 0.8715667812766684 -0.1719063247295116  0.1318886260479206 0.8190305276948333 -0.3716174632249652  0.08699927681074869 0.7734723361296082 -0.2874054241624098  0.07742592973554685 0.7877902870793003 -0.270350330236546  0.07487696540699887 0.7899273631451561 -0.2663510056571943  0.08942970965442397 0.7744956397832 -0.2827383727851694  0.1395446781603622 0.08208497319554317 0.309372185172578  0.1260958949073461 0.03617234661686734 0.2883740559099752  0.2075535556499506 0.1209932349446026 0.2775193116431987  0.1907125152950917 0.1093727451244157 0.1506724366016304  0.1718848908701641 0.0303313631965541 0.1774551932329324  0.1893915826789549 0.1106029888187007 0.1502286302649961  0.05884193526436403 0.10792094064172 0.2717302736192927  0.07062721645592031 0.05541146704785598 0.2629364057872051  0.05887524456053273 0.109178273183153 0.2721176196336271  0.05528680475475031 0.799477423307295 -0.2218974433385064  -0.6872923464413268 -0.1483359789077509 0.2204038489306481  -0.6433610015784343 -0.1205588387316785 0.192029133018819  -0.7351217797028768 -0.1394975750434022 0.2408707729096246  -0.6288708427651502 -0.1292877967120726 0.1309982623742168  -0.8257085110961426 -0.1327715498736699 0.4159014936869997  -0.8332554350174703 -0.1761798183617454 0.4033966439748892  -0.8242012805492206 -0.1093817921418146 0.422815937631932  -0.7731400214963554 -0.1039211082327395 0.3841819854547661  -0.9191360912148684 -0.130197834293203 0.2595421913375973  -0.8712595651818474 -0.190116105694005 0.3016828354795928  -0.7721042719462732 -0.1974779158955127 0.3375830753102431  -0.5172461146552221 0.8095830427210342 -0.1144043018840473  -0.1927376994619504 0.1372986670136646 -0.0009932883553479058  -0.120606945522705 0.1045554203565552 0.02960253235699862  -0.1860892935085566 0.1480786205463184 -0.008494003924420714  -0.2430923635359415 0.1310714362000081 -0.0439197958157206  -0.1168479089256605 0.1004406188167771 0.02941111417312052  -0.1005093757301808 0.07361156836365149 0.02782898856214827  -0.07696201225588076 0.07379863252969114 0.03799274971618738  -0.1006445860782082 0.07300013487943821 0.02775695963523199  -0.1120945151433519 0.1915890325104337 -0.05494736112287894  -0.4528480343601937 -0.06902016230184851 0.1203115570230841  -0.342287281703684 -0.05413356622494624 0.09826166583213047  -0.4710680162786628 -0.0651126487466423 0.1033589942693073  -0.363738342435997 -0.2612123497834035 0.09548548146088055  -0.3446293580302512 -0.2292796957947542 0.1571776891079101  -0.3572044828215287 -0.2126943658051414 -0.04047045238883243  -0.3438164272389538 -0.2124015539646154 -0.04757377200292348  -0.4094372546997305 -0.1953113496338192 -0.01190941461249844  -0.4157932836146898 -0.03573146015795672 -0.08419312236358967  -0.401273336592156 -0.04195995399946283 -0.07927808126617777  -0.420370663167595 -0.03510886115384889 -0.07599518380794221  -0.3331248057293403 -0.2081725250242801 -0.05306359937681934  -0.6202124104321213 -0.1292028594853558 0.132244316519089  -0.5431750794051972 -0.03041011396669455 0.05365766209538748  -0.5382243452595283 -0.02704147154995591 0.04513630939016225  -0.6033527611062395 -0.2668305671640459 0.04995655661487666  -0.5297908430915843 -0.3158600820077168 0.07293055062128215  -0.5678882928740328 -0.309563693799162 -0.05324669157991235  -0.5934307462367171 -0.1869313703982277 -0.002314796141833844  -0.6238731107449417 -0.220704279635967 0.03487364762934961  -0.5690915911418576 -0.1456420797079609 -0.01540695964152373  -0.5538406441711022 -0.1596301865828324 -0.01659279096261604  -0.4487057145755659 -0.1869315915210893 0.03267711622817718  -0.4902317932993862 -0.2684472014434583 0.08538687714898696  -0.4483760979090287 -0.1857610231765825 0.02618547937992369  -0.5032076722977734 -0.2806680106840445 -0.05185925421433867  -0.5673897326947418 -0.2710312799377518 -0.09741568474426811  -0.4534724895661726 -0.3082423220128151 -0.06183659635311502  -0.474429680640424 -0.404932833758388 -0.1142475784979951  -0.4832489766034208 -0.4115869867448045 -0.1025613704763185  -0.5068357265468851 -0.4235061085293245 -0.09523926254424706  -0.4522592749268434 -0.4219126960311295 -0.1235718373458254  -0.3693226334012217 -0.2856045377466104 -0.1417914340253485  -0.385846187738265 -0.2662019762121154 -0.05367805836449802  -0.4507282308805386 -0.4201089123829804 -0.1259864526730015  0.5969474810928245 -0.6459468114516158 0.09647173492826255  0.5698482537041734 -0.7312816402824204 0.2720094246144431  0.5946317852887647 -0.6613182409891565 0.09004739638842715  0.3926806500100508 -0.3595751152343823 -0.04004958372608209  0.4012953730973392 -0.3001082961454683 -0.09278701309796966  0.3898555367457888 -0.3618371605029744 -0.03719040077497866  0.7312143225859035 0.06450812644931142 -0.2904412843109094  0.4415659023063895 0.08295691773103646 0.1499516573577869  0.4740169134877454 0.076019264357875 0.1486029500248239  0.3957812390316788 0.1177546927996671 0.1339083967531203  0.4697681053989988 0.07949013061321357 0.2003751793388051  0.5015417778086857 0.05885919619408859 0.1393816464894596  0.3937766618373107 0.1548270543949903 0.1076971600704398  0.391270094213356 0.1550442823232143 0.1022718849352153  0.3900379743996523 0.124845788046378 0.1299397927038584  0.5328988146075759 0.2038619515407529 0.221540882183824  0.4465561601652543 0.1733015474626891 -0.3381855241303008  0.4191009376002125 0.1598851560580755 -0.3526993752303639  0.4979298156451473 0.1738088271897588 -0.3437463793130739  0.3686541449375016 0.1704962080708698 0.07239020564179302  0.4806658972965254 0.05246166407052438 -0.04763867435419388  0.4754176309382607 0.04792326050112201 -0.06517796740694896  0.5808140222575833 -0.03225470724648208 -0.2425519965242403  0.537119387073179 -0.06766958878995115 -0.2624830357002427  0.597571575224481 -0.03660844131989194 -0.2455410303520379  0.5627385402855688 -0.01167869925756664 -0.2535003314237554  0.5348570302442155 -0.08358482052799067 -0.2718629450431247  0.597593547891683 -0.03659614734379374 -0.2455610165754154  0.5976428159664297 -0.0366630212416918 -0.2455751214484281  0.6767303783145914 -0.09768284945889587 -0.2675987732735464  0.6884613552182897 -0.1071761861826643 -0.2545208287327164  0.6067664949329418 -0.4435835683410754 -0.05320733118360263  0.6114281775890714 -0.4551844631930458 0.07089534846530246  0.5752969318802492 -0.4211048094291449 0.06512624591326556  0.6289966777644231 -0.4653121372547774 0.07326961659755524  0.2803129865481603 -0.2949154199437148 -0.1461039932177739  0.1336408778045754 -0.3320293853106157 -0.1315068813158259  0.1395677631305062 -0.3373512630922449 -0.1311265369646689  0.1241886402124388 -0.3068195657118543 -0.2610802974214231  0.131409355803087 -0.3284701786743368 -0.1299858735412048  0.1710977726359467 -0.3638964874879611 -0.1427248312256193  0.2081591889135417 -0.3837230827055651 -0.148504751442394  0.209538516003443 -0.3825440890085429 -0.1473965428163734  0.2501773111460502 -0.3225004684871892 -0.3010294821426664  0.2137354510315499 -0.2720967283659374 -0.3074999790142095  0.2405627828822122 -0.2534884827484478 -0.2916095908049712  0.1049747803505512 -0.2815062055361388 -0.1764160884246174  0.101102201218099 -0.270587906733145 -0.2374191607379437  0.1182635286023232 -0.305887421867493 -0.1427100146931123  0.1051595251048788 -0.2656943810785009 -0.2404461128322605  0.1811010126588543 -0.2799170622611895 -0.3081430874968869  0.1031247631596079 -0.2648901272922222 -0.2411132471168405  0.1783210833482589 -0.3022710653756989 -0.3080517657737704  0.1454679699879121 0.01107441536040884 -0.09441011713305805  0.1325075501110091 0.01466898703929972 -0.0862219286735228  0.2054049452793782 -0.005187227621623795 -0.09366307963488152  0.282122002752249 -0.2720081193925549 -0.1599092362334315  0.3178850660940545 -0.2571535753827922 -0.1235241983713737  0.2763577873392775 -0.2996472769552803 -0.1431940575523503  0.2783256251190066 -0.1657760657345986 -0.1373480500229055  0.3161560577148697 -0.1894578486209623 -0.1300752381782547  0.2514518317419261 -0.1391430729250069 -0.1430584891169495  0.2367124712811146 -0.1575152927235136 -0.109591320422976  0.3222588451219742 -0.1977475327248153 -0.1329364162153097  0.2207071212283356 -0.1827857788133735 -0.04173401950694242  0.272038488983962 -0.2433558869143911 -0.1769759050643141  0.2574589872774078 -0.2183703271525398 -0.2117844994428453  0.289872640229829 -0.2095298580066619 -0.168099153136862  0.3225504961026108 -0.2033418521343615 -0.1377654605195778  0.2632654039679326 -0.2139818477455388 -0.2054270274057005  0.05334879499331281 -0.1982571514039193 0.1079843872413215  0.08417900191180741 -0.2515571909120128 0.1247382101690585  0.05100979809643175 -0.2003998992081266 0.08657073844151988  -0.0733061754567812 -0.2708050314475937 0.07627003215375797  -0.09060049794018324 -0.2860497323161725 0.07201357478236031  -0.04931218186160116 -0.262347503361422 0.05596489479743726  0.03465463848269651 -0.2760718103459853 0.05711546078113457  -0.01778850796989322 -0.2591374471814826 0.04245807438942999  0.0557133565516847 -0.3316973757654473 0.1443837771089991  0.005651720750040021 0.06363099327954556 0.02240234112528212  -0.07680624026122321 0.07380799626776442 0.03795465558020435  0.0406427800720593 0.1018963414870849 0.05302170303340198  -0.0427637250822339 0.005058841895755456 0.05120837445469771  -0.009991580023073874 0.1687842842731394 0.1155708231686917  -0.01038129600196042 0.1692814698949746 0.1165800371902332  0.02948870269946172 0.2273389717608761 0.01066844349211543  0.1828681670957661 -0.06577212298904411 0.171255835104649  0.1956561704616373 -0.04595579532049786 0.1772361264689498  0.1802094801475047 -0.07782725692788406 0.1822644113249357  0.1713097768640443 -0.06846517006143252 0.1694863928596518  0.1874023757005785 -0.001073987061841454 0.360164003512575  0.1831549558405339 -0.0448829605117914 0.3874122914555186  0.1751423458681635 -0.03851642601732569 0.3923438039136232  0.06802125252237826 0.019148236476405 0.2745927441824813  0.07053445430493854 0.02575297608390173 0.2691060425250593  0.06649630376983061 0.01447951890875726 0.2716650928187417  0.1812929629275461 -0.02192506282603746 0.181578228622242  0.08409373566499467 0.03677589406245969 0.265017249514832  0.2865586038674895 -0.04899137391880119 0.04958931965685884  0.2502387456563909 -0.06284611663230506 0.1171289335312841  0.249786978866068 -0.0625253850646225 0.115281558318367  0.293210718244269 -0.1303431947980041 0.1341493078467181  0.2595856890917496 -0.04731197791333447 0.07047151236120597  0.2540284580175485 0.05448356536608096 0.08662894548536493  0.26134291884078 0.002454751697692666 0.05849267611251981  0.2313578106914839 0.08934192745459775 0.1005991777667508  0.2396108182942653 0.3041685807494699 0.05369581264424488  0.2468891053210417 0.3143775551241326 0.05018178750439825  0.2513584712938463 0.3098208228212372 0.05977123854942449  0.2253142906730091 0.2884228191930974 0.04457703412651236  0.2155681707140755 0.2997024053210663 0.05587224722264385  0.2311341379353281 0.3093909725076016 -0.1111823471096954  0.3572964437302268 0.267616001372915 0.02679610023477122  0.3527612779720148 0.23190445260734 0.02340057345211772  0.4008720463730921 0.3401336496920931 -0.0231836714973892  -0.3810317705736476 0.13720017807919 0.2491163901482184  -0.3916702633773448 0.1266905540867431 0.2780326247271999  -0.3462277351723452 0.2145754942826027 0.2357043604596437  -0.3665223815082913 0.2302846660969355 0.3583923274469594  -0.3426338186283304 0.2699953511385953 0.3238864299966316  -0.3842995488043776 0.1648554023771267 0.3163188818848108  -0.3465110098716315 -0.2299880967775467 0.1564076161685412  -0.6279915963200209 -0.2226685873731078 0.03305727399302867  -0.522658439005482 -0.2811260776791811 0.09124015594439883  -0.4923240245452563 -0.06653850967020029 0.1132104309136011  -0.4910710823037435 -0.06587961203616034 0.1102519827017695  -0.4983814617542106 -0.07380914161875962 0.1261064814450275  -0.4838106289860056 -0.08504683106991313 0.08519327880350583  -0.4833360451657056 -0.06237365123651635 0.1005624326344888  0.08105631015107626 -0.1553824592353845 0.6455234648341185  0.08104076333700373 -0.1991847959728942 0.6452201332537214  -0.1049226993423256 -0.2984430070462142 0.7208165305442371  -0.09599328292929905 -0.2984921690240526 0.6774454964731434  -0.1071700154785602 -0.2972796830664838 0.741634758596326  -0.05858449278245348 -0.1722256739866237 0.4010548866442711  -0.02243639643661495 -0.2026050870011238 0.3892890797609919  -0.06551771785806708 -0.1721984389065415 0.3987736759608546  0.003275930572203829 -0.1933249808593611 0.3707950207463758  0.07640607782487699 -0.08299321576338128 0.3607194772842414  0.02052674058568866 -0.1097382354728786 0.3513396172010406  0.09124661939720816 -0.06891492321741907 0.3714181020824943  -0.2110725938293886 -0.09388548024041644 0.5233741583071646  0.2161033702994686 -0.08013819934949043 0.3843174151088988  0.2231550981740443 -0.08298842856466025 0.3803385801182004  0.2110950257193533 -0.07240355250301141 0.3891495699594241  0.2264986075165621 -0.1100113353328317 0.3858569987693132  0.2251705342480585 -0.1094888760364263 0.3866104791700084  0.2325546650425483 -0.09003431117043389 0.375971517079399  0.2239529155129172 -0.1127338170228684 0.3914724750374243  0.401382227047143 -0.06557715337439583 0.3871265802080092  0.249992355935707 -0.2011930726519859 0.2201265176685159  0.1959194551801398 -0.2253723074212634 0.2294468819020244  0.1351193159952324 -0.1604549115320818 0.2124334387245884  0.1964081584491478 -0.2254257754111272 0.2293589191955469  0.09852544042725574 -0.1556193589749713 0.1912059088318795  0.08157456147513392 -0.2021572652847825 0.6522595639669765  0.08188897846160452 -0.1501906270315033 0.6565262433876093  -0.06305983074638953 -0.2651243004899048 0.8061421755076954  0.08144575794939984 -0.2024269428406817 0.6505587645911663  0.1149110635151404 -0.1075997330326911 0.7050467930210786  -0.03882200019650822 -0.1821396967842916 0.7867847514345144  -0.07891306131283549 -0.2748849441787065 0.7984111680416847  0.01354784818417071 -0.1353879437713292 0.7605991037610169  -0.002282764776270083 -0.149747473489156 0.7493725609316848  0.1161105654590396 -0.09186354620658323 0.7349938147262398  0.05592526701270793 -0.4613679909261252 0.5898989060606984  0.03596050780980305 -0.471187985976938 0.6055049186176729  -0.1785895833959406 -0.09559649490791072 0.7738432656316484  -0.186466507182578 -0.1061400875575152 0.7785235157489637  -0.1171592283661455 -0.16056148823046 0.6400267761721418  -0.2118713083804895 -0.1632306446216599 0.8273772828341115  -0.203573382940255 -0.2037727015167617 0.8293645491649599  0.524561621852356 -0.2527890830212849 0.21054792610609  0.5412240334450008 -0.295513031103074 0.1133772710248847  0.5215882202707292 -0.2510782562690682 0.2113614536614033  0.4353816602340962 -0.3679539269245209 0.3392249960350541  0.4157593938168628 -0.3364362514207558 0.2979647666527261  0.4331653813430502 -0.3698709351559991 0.3724312663698741  0.1050158289952411 -0.2542306071018601 0.1635984186108417  0.202816493482871 -0.2658764374296002 0.2207410827485902  0.08007966629425045 -0.3183104037125698 0.1666502740822974  0.06988701700283556 -0.2749273433972664 0.06850643651763513  0.07508604662281844 -0.2501416146120525 0.07322252282540774  0.09741218438102096 -0.326427046938733 0.0380853832372062  0.05531606264080823 -0.2132031058396607 0.07146428821685981  0.5010842061743075 -0.6933870203718453 0.3725210555582859  0.472139198159139 -0.6344069277970603 0.3284494556825909  0.503902944543993 -0.711491203305481 0.3499424786392915  0.403357445898108 -0.5507063678885109 0.4785385534140976  0.4460460018341135 -0.5563471181152834 0.442268594358067  0.4016213226104504 -0.5621367331123688 0.4001467501743277  0.3577408216623358 -0.5838713673648519 0.4689207618466558  0.4307248482628193 -0.5496031590679431 0.5352543542705838  0.3549145497916457 -0.5210146046825249 0.5591364190664094  0.3490740168823124 -0.5219720198667434 0.5624076934363864  0.4367601252311066 -0.3656299928273761 0.373075968209011  0.5702088169903324 -0.3644259166244926 0.4075881500920511  0.4918286701384973 -0.5051675514355902 0.4600248852858493  0.2000893493029433 -0.2814610773503209 0.2283803114348834  0.2269276330932949 -0.2685688681013377 0.2100265660908251  0.2055583035296737 -0.2225611929191378 0.2258571289818795  0.2488196552997377 -0.2042815691936119 0.2210316612002443  0.2867055464202958 -0.4936922208756095 0.5937135972836598  0.3390463601746484 -0.5255245067958972 0.6474841575077198  0.3619199089272835 -0.5682266225003512 0.6652120492315614  0.3121254953069639 -0.5115781372293809 0.6438050732133348  0.3834442618117993 -0.5886437711924015 0.6883143790728607  0.5187024548242718 -0.6111060821171257 0.4019106153344946  0.4708582653351828 -0.6339828159352998 0.3282402641935316  0.5209888661775873 -0.5312419571389799 0.4285544000662486  0.5013849206326995 -0.5212395865484928 0.4378108240771129  0.4413594494588644 -0.5102120320641301 0.2582753712997301  0.4377814072613537 -0.6202093181333993 0.3159383196889048  0.3973929550724776 -0.5664514740693828 0.3897357468872132  0.3627793369662415 -0.5889989580977697 0.4025265498764388  0.3677079679085315 -0.6818963035851102 0.2094124334182696  0.3542313075044044 -0.6668611399220261 0.1978318622227461  0.3027426558995748 -0.5514717205870572 0.2257220558925201  0.2732832037736923 -0.5186047458732514 0.2721093781952442  0.2973121946046875 -0.5722387820825008 0.2140189742769908  0.3892562964358738 -0.7862684402850574 0.1524274446844531  0.4133228222289997 -0.8033857016763767 0.1642628181415853  0.3245016636383325 -0.8278201263318066 0.08988435743045399  0.4199244772523165 -0.8263383439849195 0.1844097936469798  0.2742801847781843 -0.8045886145439987 0.1119116912881674  0.2395519299548978 -0.8303908096478363 0.141803481538319  0.2940445506704972 -0.8182782133120924 0.09745990336793801  0.3977622320779376 -0.8791027421563844 0.2369454940651546  0.288828226757231 -0.7495117679116697 -0.1475496186475602  0.2859870336440536 -0.7463087198795811 -0.1503971036612846  0.3167680105850674 -0.7968692397510164 -0.1220160477114116  0.2674610983849018 -0.7400953033330157 -0.1544873999635467  0.3426470773617395 -0.5963539869604171 -0.06387231931626922  0.3546104417172607 -0.6037758043662322 -0.0682243814373468  0.3646746670630021 -0.6188430835699584 -0.07255493478030281  0.2642817626257753 -0.7392762626531648 -0.15793002171673  0.2131533633490421 -0.7089433333664502 -0.2180760131334292  0.1637432661892844 -0.6435870884506905 -0.07248774511581124  0.1695101614525618 -0.6393882619317849 -0.08301893070315447  0.1594586817624409 -0.6436888764117205 -0.06634434592768107  0.1756027055653357 -0.6670116095932603 -0.1511651474895565  0.2214121495520188 -0.6129844934120388 -0.1312733537837595  0.2130437039075471 -0.6797563472762156 -0.2263223841687658  0.2112405179540691 -0.6848327493000071 -0.2267304311260545  0.2380432329073266 -0.8372577316297296 0.1436205070346522  0.1940674405722934 -0.8333352290165444 0.1362472658754104  0.3458353233345342 -0.3734113388790283 0.4357091865175651  -0.08635908779598045 0.2684634047301536 0.1324112037200527  -0.08278546046483279 0.2547286750415008 0.1423975819301888  -0.1414939911700558 0.3136841481357299 0.09091988072709668  0.1288456750147501 0.3114556127512343 -0.05854676307870456  0.1734140205053126 0.4195241299072851 -0.1026533940306376  0.2175891409310551 0.4628170352529098 -0.0577248656654275  0.1661839598668126 0.4312732496772664 0.01497170659256381  0.1142860713391142 0.3615795306739099 0.03902869300045737  0.2164184335428235 0.4647180587851129 -0.05265473054856086  -0.07602460276582042 0.4969078628465172 0.3609789805102611  -0.07708929523767497 0.5006894984520569 0.3617221073075143  0.03351150157057511 0.4606618843723901 0.3747590751584853  -0.07941660162499242 0.5038563565202111 0.3584241669577668  -0.1131698435651075 0.5421491729397332 0.3032222907093948  0.07210072083572304 0.4459115778035828 0.4480086324200175  0.05732305947917499 0.4563120306581867 0.3868686531972884  0.07606157071527538 0.4493541762400547 0.48240222171985  0.3266729959850982 0.4976972113053524 0.7018292465043928  0.3274642696364651 0.49733966726398 0.7012873214120654  0.2929857952810235 0.570408767060683 0.7102594532652375  -0.2614596521441101 -0.7690353171257264 -0.1937524351883887  -0.1510367657451883 -0.779448712077684 -0.2558084155628703  -0.2784497210948734 -0.7797583016851616 -0.201937855992509  -0.1529946231632146 -0.7478753510467736 -0.2806696676131389  -0.1369862124523618 -0.7813634834266802 -0.2491839767387744  -0.2955291899352775 -0.8532393514287341 -0.205433664246933  -0.2881474248648936 -0.7655987589463064 -0.1948009239410152  -0.5711616174674466 -0.4312981158166103 -0.2454282316724594  0.0693056885795493 -0.7276547736844649 0.407455476302942  0.06400449435949863 -0.7238762533960968 0.408450242124711  0.07235920864671613 -0.7281578635191038 0.4046609701310884  0.04854554925439609 -0.7158727738486195 0.4449799097493966  0.06843970095915919 -0.7193418589491338 0.3974013896053828  -0.1510673206862483 -0.7070042753995817 0.5104011195859739  -0.1335296827236552 -0.7394044495353419 0.4543165154350062  -0.1518320918004134 -0.7067420162259028 0.5101368814766581  -0.08460178506389869 -0.8163086059123608 0.3878107448099931  0.4552496941079135 -0.8603861428364543 0.0647209520713084  0.4453814514806437 -0.8673148568096197 0.04520639937151937  0.4143570657711931 -0.8775069359817176 0.06136197964491624  -0.7037235892925555 -0.5926755714978426 0.1741341213604793  -0.7275447792254883 -0.5817393548660563 0.1465749222974689  -0.6855739990449292 -0.592784890378746 0.1705645513407016  -0.6992573029359616 -0.5501215292791335 0.2068860055829662  -0.6472126337707291 -0.5398952118250748 0.2364331671458955  -0.7229125010272678 -0.5489436806364069 0.2123561213526401  0.3202954086089518 -0.9103334749794368 -0.1535235210633263  0.2913439102756121 -0.8798971440745311 -0.1387148017742687  0.3270632997198574 -0.9121223770601136 -0.1533300048242569  0.2671210507239483 -0.8936610206760677 -0.1110946086070221  0.7141202007081686 -0.3541308368963214 0.4758895733521083  0.7333387437933424 -0.3298523187384254 0.485949166830856  0.7037889121093626 -0.3584654473876674 0.4711085288001706  0.5984602550028388 -0.5097185916817276 0.2690560886838169  0.586059814704703 -0.5237740733962809 0.276563356919648  0.6522733472600264 -0.5169870080997345 0.3103761433292443  0.5646031321745764 -0.5345319823950651 0.2964976507388926  0.5340245562275857 -0.4981347538624129 0.3513929788785176  0.5725951812095087 -0.5529194353100712 0.3363650106290117  0.6313564277583291 -0.5481965690155743 0.3340158682868077  0.5506120624304389 -0.5276154730478443 0.3810968619915882  0.2671900249228955 -0.8117482328092549 0.3344413371065402  0.2486327682000937 -0.820278634982709 0.3364734166197945  0.2781668920938591 -0.8041834430236656 0.3406847396040567  0.4501011907495069 -0.7654881283918376 0.3819400939619808  0.5699767301324252 -0.7311376702347103 0.3453894132547395  0.5628591099329507 -0.425797091693082 -0.1429188999025024  0.5738165744941208 -0.4234642408445714 -0.1010074351017469  -0.5062681134917162 -0.357975644578253 0.361518674386055  -0.4927621094315308 -0.3495613933046922 0.3621100712840939  -0.8357928561774056 -0.1664359576351887 0.1373673901553567  -0.7951486069483683 -0.139266338733603 0.06946472370495869  -0.7311598575380458 -0.2225306693717347 0.01505979547055331  -0.3527252372366606 -0.5964686266569897 0.6051858508096867  -0.365282989566812 -0.5919701262652017 0.5979328113971979  -0.2946116988619769 -0.5244826461839761 0.6363909626660283  -0.3121273311708638 -0.6431259202215643 0.6473195872299899  -0.3257674115800968 -0.6887987359350826 0.6024197752871635  -0.3130243590447225 -0.6387913841279116 0.664811702723024  -0.292215842430896 -0.6425534866331283 0.666685151806681  -0.1874109392350214 0.7169841877840563 -0.399373351293089  -0.1715785131908188 0.6970448419840194 -0.4236832845638046  -0.2080274836770458 0.7715020828363452 -0.3983853414510962  -0.1052246800887399 0.6771281728671529 -0.2782955752280212  -0.1083351725155457 0.6825559918749101 -0.4063194112334549  -0.1054589077916805 0.6675476928017641 -0.2709329955110079  -0.1045250718171986 0.668382422540141 -0.2729003024664352  -0.1113470153757358 0.6760843313654283 -0.2686440058181329  -0.08566822655000256 0.6352905375687282 -0.2419866647818223  -0.1022782829592256 0.5944120044853091 -0.3982537076929317  -0.1286714270659284 0.6965172601977171 -0.2137588960922941  -0.1966632759359093 0.6896204789760831 -0.2648089680251788  -0.1694418035521298 0.7065186597863444 -0.2011172569139482  -0.2259202547468855 0.7001984719507373 -0.2911135466494841  0.7478269283957089 0.5279185094817124 -0.2337173200627555  0.7190503179245993 0.5023748706530174 -0.2266054086256813  0.7511790887388011 0.5266510434366523 -0.2383556683232847  0.4286263234113009 0.6265888414996748 -0.1081963108794911  0.4162016117250386 0.6225016055984565 -0.10930654774065  0.4299355455702432 0.6254711382682473 -0.1042049193781084  0.3206669575545473 0.6389116320291635 -0.1491301685374558  0.3093897517286076 0.5763577113292373 -0.2752592620633899  0.3482424575191471 0.5599054490465633 -0.2774751883177421  0.2832114502746267 0.6066118230256394 -0.2376737490923758  0.2678514961830474 0.5724042314457509 -0.2617811792674709  -0.09408587133457423 -0.3066978439102586 0.0348620020641657  -0.197675109079609 -0.4894602684977889 0.03659920500467894  -0.2011184779067867 -0.4889084880370829 0.04831092297474598  -0.2035766014258898 -0.4851601812105552 0.04716780111663682  -0.1799919033736233 -0.495576820178726 0.06765598686100391  -0.1198799205811641 -0.3868456449935473 -0.1203041141364414  -0.1292048801054765 -0.5138647859073996 -0.1874408758755654  -0.1671759214451282 -0.5206509966596987 -0.1970697085569486  -0.1151990871177355 -0.2248186539297058 0.1154520754742378  -0.1705035718695441 -0.2525761706228104 0.1572355926835336  -0.09216546309273235 -0.1943970947919934 0.1271604961962566  -0.1880022212077936 -0.3445194842380697 0.1230168917828767  -0.1776767829568571 -0.340670535475933 0.134113599207146  -0.174415400777344 -0.3420926059316821 0.1306162699738618  -0.1093180781922576 -0.3136941053697532 0.07999033924779209  -0.2706885514986855 -0.2571857825628742 0.1263069870262221  -0.2481182783783728 -0.2231307949699171 0.03677466828502839  -0.1961938270525654 -0.2384710468069305 -0.0112876002153894  -0.09732048673920297 -0.3768724202626228 0.1662161283837248  0.2199659152072734 -0.5695124563319954 0.4079945178294231  0.1929651975463862 -0.6161471921178607 0.4307858029623181  0.2241133383792301 -0.5393201831729262 0.373924362752795  0.2165704792259492 -0.699111561513498 0.3909032376227637  0.1950566008170332 -0.6128937353732129 0.442494626039579  0.1476285081110765 -0.6925418065889808 0.3522595574263693  0.2526979482689863 -0.7351765131044874 0.3445267886229365  -0.007445391115393898 -0.5464380288709819 0.08847722209391824  -0.02530012753768243 -0.5494351157405276 0.09743353344073501  0.02224937313607582 -0.5741555160544854 0.07809258760309995  -0.03007206883480648 -0.5572110608624599 0.1007893539115357  0.1308512163765767 -0.09669282732316628 0.06244396774075456  0.1306549695476534 -0.09667922456226405 0.06273215671783802  0.08406239350223366 -0.02938834584516631 0.02985795215287933  0.1398372767632026 -0.08010113268410209 0.141586893463499  0.1147063426086309 -0.1845183294326395 0.02426383076559775  0.04685424323317745 -0.2147253777992801 0.06857469710932626  0.05163562929463539 -0.202702557163826 0.08293632017789289  -0.2578263975072597 -0.4733852685849657 0.4778562643868548  -0.2595151376268975 -0.4585189683246584 0.4766634931634569  -0.2488725426830534 -0.54399136026027 0.4993613342890809  -0.3447483476776624 -0.6155024714818054 0.5584434084371254  -0.357983965433908 -0.607727341678121 0.5604292685287475  -0.3039394831863124 -0.5905359961542817 0.5352087428397823  -0.342918658688838 -0.6182831728961911 0.5565617820960024  -0.3969061297300182 -0.5905429957977799 0.6390608613374918  -0.4397988062358439 -0.6193360824940178 0.6390546503154324  -0.3334202390318619 -0.613714136619487 0.6783015709012391  -0.398815732093187 -0.5327103424098034 0.5487125690765308  -0.4039499714077124 -0.5099896554155168 0.5425931259312008  -0.2505479017103752 -0.4130377765654665 0.4878655364855521  -0.2590791455676053 -0.4489610306562951 0.4749042762586801  -0.2501558649060285 -0.4124309808745362 0.4880022645240458  -0.2646166818075648 -0.4464967914738414 0.4756440082563921  -0.1599434514568399 -0.5024726829439863 0.4185131173488005  -0.2713674559314615 -0.4437574912250933 0.4753295814680301  -0.2642021986441208 -0.5086767256842398 0.6805133976208816  -0.02590703402146002 -0.2584287947345991 0.49376383697321  0.003395861203333001 -0.2646930257435093 0.4455620330362524  -0.02201336633494086 -0.2788634150629512 0.5340804746921105  0.04456266780007444 -0.3165832668667133 0.4687729813945291  0.1424253986955096 -0.2501317219936178 0.5962899077239655  0.1146731819006997 -0.246163448449175 0.6222542442475932  0.09464275010842409 -0.2277763082630888 0.6375614703514231  -0.2339119493960747 -0.09410423178049759 0.5248522798971719  -0.4148652962694224 -0.4741082380407042 0.5653168396276319  -0.4342741692526181 -0.4529340111450885 0.5754877923591923  0.007060420992269056 -0.5808713362407161 0.618763417118496  0.03472474475644742 -0.471559487670178 0.6067043232506051  -0.2574785253256844 -0.3159828631481216 0.4878431816615553  -0.2563783467163247 -0.3127214854390477 0.4872492327884463  -0.2746047726810816 -0.05474671677162313 0.6640569510542991  -0.270495564136374 -0.0538163571130118 0.6611500863407647  -0.2146620235836168 -0.03651861885814293 0.6907031040187591  0.06823565609320226 -0.8179570345159703 0.2652308366768574  0.09823195238387229 -0.8043289325489928 0.2368563940234882  -0.1536318032634854 -0.7477025622300766 -0.2819218037595123  -0.07066877320130777 -0.7391745369327444 -0.3348345691459138  -0.05125496953164731 -0.696001125814935 -0.4076466688845964  -0.11635155126148 -0.7306521754387646 0.02409991147638434  -0.1107938828001147 -0.7315809928476922 0.02626823804564928  0.4319134217922427 -0.6991982491126671 -0.3102922846480438  0.2895098423415516 -0.6501425818743385 -0.4031563163983692  0.3466821649039363 -0.8443513767514276 -0.2465078932402371  0.3743851300023595 -0.7965584131538809 -0.1642572613051466  0.3835725865499564 -0.7960493953644515 -0.1567341176108448  0.3479116794814415 -0.8646647576259485 -0.2396204203711954  0.3498426716487427 -0.8662971396149844 -0.2331710659544003  0.3525177946653923 -0.8700281140809961 -0.2337499769520679  0.3920569812778721 -0.8898313396370573 -0.2170752083346027  0.4695912090515935 -0.8452356800774571 -0.1248153230689145  0.4637795726377567 -0.8611570246261915 -0.1407108956378243  0.4679004506717455 -0.8399690230797257 -0.1223729442698878  0.4728252613480294 -0.8392121077975224 -0.1208457843169899  0.4536747432280535 -0.3283163465751058 -0.2095210075872058  0.5214927102376034 -0.1132498624710676 -0.2530024103791995  0.5003365615652537 -0.1471268675018736 -0.2525735630805674  0.1898488968201323 -0.4773459514754623 -0.2635726268913715  0.2713236177517486 -0.5598144294327441 -0.2708848807431072  0.1869752139081169 -0.4719022327869446 -0.2778126468402925  0.3368900346550061 -0.5772472451633462 -0.167830631230935  0.3517836081114063 -0.5824518679631709 -0.228957515627221  0.3559134263513259 -0.5705009870840919 -0.2298491760745225  0.366266029635274 -0.59625294224851 -0.2384472056153734  0.1614260964654303 -0.4169740901210041 -0.3114595201795771  0.1578464606548843 -0.442134142304726 -0.3063206019690607  0.1891743926126242 -0.3595127844523154 -0.300552424773076  0.1937869591480282 -0.3493273267679473 -0.3074050178265095  0.2200264022312983 -0.3341247016600019 -0.3069479878292286  0.3544473356623338 -0.4111053220240485 -0.3015162066606965  0.3609142695354474 -0.4373785105189362 -0.3145226033669704  0.3601459273191425 -0.3867349570986472 -0.3160089297356409  0.3346837645256009 -0.3562720951116606 -0.31872795538013  0.3732787051531266 -0.4378437997231477 -0.1331446920196184  0.4621024432083367 -0.6453780886827841 -0.08390525307332121  0.4536558066918776 -0.634967457087506 -0.181647302275257  0.4019096176502744 -0.6866533503832981 -0.04883917064727233  0.3585590401279132 -0.6554771041136508 -0.0733970598100426  0.395343110511612 -0.6898418198376451 -0.05205348414298412  0.4780702985159724 -0.7564991344397153 -0.1601133311215111  0.4833570019924067 -0.7704099570388064 -0.1200430892395575  0.4810162268084943 -0.7235048813847207 -0.2401283313791527  0.3988973137378484 -0.6886860202355175 -0.0502772688207033  0.4562387206600406 -0.6729691997725947 -0.2511346893158726  -0.7978560825349911 -0.2138306999499499 0.3635800585546991  -0.8266619027723818 -0.2259229405003814 0.4227950951940804  -0.8011727772137989 -0.2048923571845692 0.3639152153649968  -0.7687415440252856 -0.2139642187189655 0.3431994314340218  -0.8425806361541626 -0.2545510638815404 0.4404955876808337  -0.7727111257025578 -0.1987942286968611 0.342604917601793  -0.3861696992785523 -0.4356734727478071 -0.2900601786017762  -0.376274025071568 -0.421384716021023 -0.3531959270249508  -0.3440907807679202 -0.405497841058799 -0.3766222523539167  -0.1596417254610036 -0.3218256507945825 -0.1925840984437684  -0.1671018099798001 -0.3855164290736198 -0.06109082170413332  -0.1323283146669031 -0.3866544349267156 -0.09360907062103427  -0.1856157124375258 -0.3931129197128342 -0.06156634451625748  -0.1304783792726104 -0.3819457031215747 -0.09282780080669453  -0.3653596429554154 -0.2636090960682651 0.1840696602561738  -0.4614736500623853 -0.2911147366595358 0.2409094041891531  -0.5050494980646448 -0.2668123499230375 0.09292420842339405  -0.4616277538762671 -0.2908950503070476 0.2410469513316684  -0.3654307797194111 -0.2605203942004829 0.09607637275645022  -0.4962043460277384 -0.2795631184186541 0.08591258197542211  -0.4090692483666956 -0.3813750738421156 0.1811989812015078  -0.5014126501633427 -0.4158560513183907 0.1411049387187073  -0.4071555808875429 -0.3847244192604827 0.1784276221376256  -0.4923675836222717 -0.4216855200903905 0.1368711851594542  -0.4379343595590689 -0.4682505265505161 0.1237108777540661  -0.4990506456398782 -0.2810915106509109 0.08696729976224159  -0.5209686603307884 -0.300618126852497 0.08428809458704034  -0.3489715916079359 -0.2160778592058517 -0.04179945017980791  -0.3288656862899139 -0.2063946604990079 -0.06027020472690731  -0.2775073423058805 -0.2929301517894243 -0.1263300747323324  -0.3615193177248316 -0.2794228187879844 -0.1491549979484273  -0.3483921775348249 -0.2972394157937229 -0.1676604982604  -0.09918501050938246 -0.1842291641235928 -0.1624711802677057  -0.0918393592938038 -0.1770531794980654 -0.1807818253038643  -0.1002248156412404 -0.1853803609700533 -0.1613933517355023  -0.09412439017190344 -0.1848802666409937 -0.1584499034766952  -0.09119473554347041 -0.1771614942799194 -0.180194135918807  -0.09256215971203549 -0.191761333559042 -0.1473100041328093  -0.06647097902700974 -0.2264727674752474 -0.1270848934083033  -0.08406987997927674 -0.221344151934082 -0.1222563731385753  -0.08632994264685077 -0.2048619374992253 -0.1325363510879345  0.006535455145661066 -0.2390064708012666 -0.2453774608103166  -0.4916644277870235 -0.4291519785323655 -0.05897596690368977  -0.5394444088180755 -0.4151478192804447 -0.09441699752851818  -0.4647477968064274 -0.4920461084501364 -0.3876948495328785  -0.451024052335097 -0.49567925839097 -0.3910481682850975  -0.4927689760308617 -0.454583457016339 -0.3629277176373352  0.8282034469265296 -0.2624665379933074 -0.2868634809827103  0.8273443307275167 -0.2814428710241409 -0.3245644282881492  0.8280688107534747 -0.2440672070264842 -0.2588976634639715  0.7591284075647698 -0.444466845282817 -0.2347292151729766  0.7998983565433664 -0.4616328483224745 -0.2086502931617817  0.757189433439154 -0.44271456625337 -0.2379376696381409  0.7732598804931115 -0.4389878821627408 -0.1810259638321381  0.7685434199608759 -0.4186912977765666 -0.1621915347017725  0.7827669214316529 -0.4455634819534561 -0.184998708067097  0.4067992265471791 0.5534530080019652 -0.2462763975929868  0.4342810633330966 0.5529842097426324 -0.2715711319311469  0.4951134925634545 0.3883299068804551 -0.2267782638550314  0.7614765893137608 0.2108627259303204 0.1265389267872166  0.7999865986433292 0.2295702893946196 0.08600665459027609  0.7298988369305266 0.1643017382272896 0.1724701697601089  0.6692519364130679 0.3201267543988585 0.07640485405038605  0.682329726961643 0.3521924297305629 0.07859753772548997  0.6406369733990275 0.3102624591141295 0.08480436340242357  0.6995538236323957 0.3665197413814213 0.05178853690196112  0.5893672019579002 0.4640711625518974 -0.1416650673262695  0.5824756491895533 0.4149712307179876 -0.1431881432117957  0.5770394205836558 0.4036863369082956 -0.106246283543751  0.5578059880002075 0.3914929828111344 -0.09366260898063013  0.6808296359612015 0.390508810859252 -0.1332034205221224  0.6259056477890268 0.5804269704225711 -0.07070476489164033  0.8009936695601008 0.08316632524736078 0.135886515170059  0.8046069184086974 0.085805565391244 0.1405147816419115  0.773352740878158 0.003717036685880283 0.1175075354225978  0.8168205895411605 0.07891647295283637 0.1607021791612117  0.838424318524655 0.07436141473389477 0.1657384507735501  0.8493545944842041 0.393417648286515 -0.2637462832603832  0.8492823684503729 0.393731335415033 -0.2638977116666246  0.8490386277508728 0.3931257736282181 -0.2624011566066422  0.8015251006100348 0.2305957851928316 0.0829029318976659  0.05292551235782578 -0.5244225601235641 -0.3513159292695621  0.08291923630931722 -0.4228041336680561 -0.2878995837707843  0.08628506089636562 -0.4253495510271011 -0.2898801833815666  -0.1297527775947603 -0.7736176490192522 -0.2524501201298297  -0.7758061882674436 -0.3213404135941971 0.2763347276408241  -0.7928019762295947 -0.296074604439896 0.3286640553285293  -0.7876015111804204 -0.3260507011002909 0.2774444614901214  -0.8083550236530518 -0.3020038389057735 0.3486169887106994  -0.8627132828573223 -0.4291127040379951 0.0679507270827906  -0.8563269543357879 -0.4268696345676893 0.07270606865219478  -0.8739684107268237 -0.4575150543665241 0.1231645134374366  -0.8736418336353988 -0.4620057359163029 0.131179110021753  -0.4003209472637502 -0.5219997232882533 0.14293794530621  -0.4068682473243131 -0.5157468818311053 0.1386423830520384  -0.3593688293311089 -0.5233597595958123 0.09558909890063066  -0.3081495483387954 -0.4977596678303299 0.09555256095150007  -0.3652877615280717 -0.4226887276272714 0.2065140663853747  -0.2972550102579398 -0.4870800458433486 0.08647513071274228  -0.2459694883709173 -0.4707438195836361 0.05985268419346428  -0.2752274724846954 -0.418687183584552 0.1481127341549811  -0.2586359302926666 -0.4343294464549892 0.07975334383021603  -0.2844826414336333 -0.4244320109490893 0.1615121022324094  -0.4230949501440037 -0.6237314284635375 0.1227750111516607  -0.39924913882742 -0.6144195942523721 0.1430440065486339  -0.5262079683009453 -0.6307300940572996 0.08221819946495099  -0.5741940610317435 -0.6038431698165836 0.0718429566569557  -0.2200352192245939 -0.6610849869646694 0.0187792531805971  -0.2486479052204187 -0.7425147707176784 -0.05565948030509751  -0.2395868373578448 -0.6699244273305682 -0.1442177217884232  -0.2225939669875674 -0.6568048231023256 0.01926389822660338  -0.2681853354159187 -0.6523843523149894 0.02633195915068458  -0.3039588347839009 -0.6606067509556566 0.03162290832027119  0.105562859713396 0.8713696532739945 -0.1783603426835413  0.02176288034719122 0.8107684320818663 -0.2245140762711612  0.05595266211864333 0.7957961964183358 -0.2167109752460971  0.1831643649064595 0.3674254409236868 0.1428191275829242  0.2390438664000159 0.450435485829923 0.1517367999380768  0.1310138185242412 0.3253503221629573 0.2120699272258512  0.1859203570021965 0.2684939674267834 0.2171354953427793  0.1662519552798885 0.2375883685056729 0.2183936285395865  0.1477942657677463 0.2613153927363582 0.2348781833512251  0.1427317957752007 0.2409837431827752 0.2367117180355879  0.1438958944696684 0.2733849287848735 0.2361183680425614  -0.08277762964218506 0.8764825341618787 0.1656958363137807  -0.1155706024066807 0.8848706894124125 0.1519999562126944  -0.002620466401078075 0.839772482399988 0.2147737971253837  0.4886198638095781 0.5451081310469895 0.1072527247445242  0.4912933910892295 0.5425051457767923 0.1094219950449895  0.4625009831866671 0.5640018287044648 0.1091816335388374  0.2791993033539596 0.3109673844938474 0.05426169813303054  0.3455589052619544 0.3615167707864678 -0.06451230935065214  0.2655711790769424 0.3742690590915118 -0.08413478102852241  0.2544290666812128 0.3091432380100368 0.06093996507313369  0.276274083390885 0.3808151715929953 -0.08692229049934051  0.2862791085815681 0.3754967021421451 -0.08906088769720331  0.4378735779728048 0.3973839475281477 0.07568810375953869  0.408969901895826 0.4039717948607462 0.04144274679206201  0.470447228075577 0.3697128414946591 0.08266253226106407  0.4729739631139532 0.368757640253371 0.08247515374725112  0.0507064579386375 0.01398007075318769 0.4684711340395475  0.06305329979858432 0.0127638213176556 0.4710591298696594  0.03072902336472168 0.0130393995178783 0.4719590905797339  0.2052126502636873 0.2252077462101947 0.7380727394677236  0.1671760083065163 0.2252604240735164 0.7633491153880724  0.2305594548197775 0.2458784841271116 0.7416334496603598  0.7439243248020714 0.1351731446131543 0.1723230843378018  0.7337126058705712 0.131359935989465 0.1635050936985761  0.7303513623343031 0.174999888116801 0.1861666974210895  0.6994359308908504 0.1460569751450916 0.143714602383299  0.6271451980168727 0.01407758927113669 0.1492612855130931  0.7291791761518429 0.1805188294654395 0.1929769166274976  0.7311613290808846 0.1802716930759411 0.2001354268147806  0.5718939349428759 -0.2004655604401862 0.4085312595232878  0.5835877278753306 -0.1906883309103818 0.2653933360925532  0.6509201504894413 -0.1835702144275989 0.2673894634670905  0.5593923764136588 -0.1942040137875689 0.280767376006203  0.6810819340000951 -0.132273994848413 0.2963800933752005  0.53498370827259 -0.2085779547080716 0.283507928999604  0.5217747692553927 -0.2072108423842038 0.2849008457187908  0.543855659155008 -0.2471831478066577 0.4137156760566651  0.536784347519319 -0.2449342737112198 0.4080670831342498  0.4090734630014566 0.2580652164551145 0.767613095812414  0.4077929969334688 0.2574086793470268 0.7677022224626168  0.4901610509311131 0.266643977078483 0.7473535413706435  0.2997019599756055 0.01414904178700307 0.8093647644835875  0.3104063997787728 0.004975588363660178 0.8171672121806275  0.2636126937846872 0.005194933042373364 0.7869614974450387  0.3406889030086518 -0.003172599296619512 0.8252648807804679  0.3683623991615608 0.01474342463684304 0.8127560206363604  0.4155912331928522 0.03213786479182498 0.8415408176931928  0.2001326481273317 0.009977702724122304 0.7915847998503284  0.2190012569260061 -0.06592859235131782 0.5779845076995369  0.114018955273191 -0.08035550578972492 0.7362397281702178  0.1231556327233048 -0.09230326016882898 0.7447863827373623  0.09960177025330617 -0.01408506400117052 0.4532870904448441  0.1340720424819316 -0.0303423239866549 0.4374464240128754  0.2049385257701375 -0.01730838992528716 0.4549569589798959  0.178874088231178 -0.04464014497566132 0.4359841747065485  0.2052858408137209 0.02058500986799568 0.4556928549696482  0.2275271137370192 0.08309303008972622 0.7309596619852242  0.2846169740641888 0.09255146664170603 0.6804958664733605  0.1485615115194688 0.0233815142748779 0.750055650375254  0.1635955235740525 0.2259376468457748 0.7643848520115797  0.03348606215584088 0.280916178237194 0.7413257167988913  0.4142837740527863 -0.02240250313960653 0.5941898248006281  0.2384275055564387 -0.1346679354138346 -0.1364680550149575  0.2924806238475662 -0.06896396675075875 -0.1404868790274555  -0.07291789392051926 -0.2285503561710681 -0.3276437556678441  -0.03712681137756687 -0.2393193707488264 -0.352021191903185  -0.08674938263839292 -0.2284548572124788 -0.3232693427059956  -0.08713855636652137 -0.2197022762090579 -0.3186716590586203  -0.02831643819180434 -0.243341438019525 -0.3493814587193916  0.007530331554827407 -0.2509281426076461 -0.2843947911101491  -0.1053530380433032 -0.1319133681003367 -0.2296722176685235  0.1410551046082569 -0.2544128631723562 -0.3780002485395638  0.1545507173355556 -0.2383455141015936 -0.384619851036978  0.1986806120353228 -0.2662693852363592 -0.3078602169099319  0.1841543872957971 -0.2422928536324657 -0.4363584765478845  0.1855524894436087 -0.2476022554352171 -0.4436668649974055  -0.1488723982654448 -0.511677008730967 -0.2159207470620831  -0.1544331890803261 -0.5167764556325289 -0.2083748298617311  -0.1671621226634115 -0.5206429524871331 -0.197120004733817  -0.549593090692798 -0.2456677387807623 -0.1854281785880736  -0.5162197146897023 -0.2825036222370563 -0.2267244476590995  -0.4729576103557419 0.0634475634200893 -0.5192972233834821  -0.5074513514405045 0.1425998038171579 -0.5512123504481357  -0.466917517331694 0.05302772704782157 -0.5231713446076071  -0.2966139019015207 -0.04135202796236102 -0.4650939821823216  -0.2966486076437849 -0.0416935571332792 -0.4645705373209816  -0.2954391364993177 -0.0301832262227129 -0.4690619418299958  -0.3115607941291503 0.3036654693601057 -0.4213775287759152  -0.3309734509116088 0.294184785223042 -0.416631523582693  -0.2771334425236201 0.3196699148282672 -0.4046961243764375  -0.3824909775264394 0.1936302360457833 -0.3378664877710388  -0.4025404278087285 0.2394140779380543 -0.4086513450281898  -0.3338456767813716 0.2050066127002189 -0.3074566906760734  -0.2877004134687052 0.4550145165887069 -0.3480681131546253  -0.2843326245655706 0.4592362752048774 -0.3429174617101876  -0.3019218900591948 0.4922735954280649 -0.3997597428331229  -0.2817557524558501 0.4349983484178064 -0.3561294055545461  -0.2893665182017201 0.4793901552152238 -0.3055849884914302  -0.2759673031749647 0.444866284444968 -0.34564570293949  0.2674683620946341 0.391925439335377 -0.3402155704055121  0.3022309706624652 0.3722064195024726 -0.329597297091116  0.2516596222941388 0.4196338531653264 -0.3754960552930664  0.2525992186262331 0.2404014701086719 -0.5441632583376147  0.3344502551279103 0.2435198027192701 -0.5042928083721303  0.2439661887841233 0.2460126191774558 -0.5411825448160449  0.2558665797210412 0.2438376316225738 -0.5492357309903887  0.2512511342964239 0.2381407598806587 -0.543866283673144  0.3630660665090247 0.2640121533663493 -0.4668820856837521  0.3766634143439428 0.2854766060301875 -0.4606715520675415  0.3628463754241893 0.2632492490566988 -0.4679018945137491  -0.1948786612899422 0.5183198700922177 -0.2361309879177553  -0.1626097932945276 0.4573482663704879 -0.2253766472425437  -0.2656001769369529 0.5429120155102829 -0.27873543234855  -0.1513932067748677 0.448793262464221 -0.2259646858320498  -0.2667721536078 0.5494290562946286 -0.2917516407437457  -0.278367753305964 0.5397482873195559 -0.2877543174120697  -0.2343226466177624 0.5529414053910681 -0.1922415933334243  -0.2798698679393107 0.5382099211495515 -0.2890189771890748  -0.1590314283547028 0.7090558596600662 -0.1887689691700742  -0.1772232525206137 0.7355672042986265 -0.08374810325107521  -0.1568368891448352 0.717289182010844 -0.1221264994178975  -0.1799416810152257 0.7424624995930278 -0.07387496679492045  -0.1840570538110501 0.7274414863145199 -0.0737871576048203  -0.1855455394977455 0.7170768405439694 -0.07336874927848405  -0.1814742335179501 0.7394996725462681 -0.07230677316179153  -0.1678480087287745 0.703317742895843 -0.1062557319158866  0.6998683349562298 -0.2768421298904569 -0.458030299888907  0.6036134250057629 -0.2705507868500084 -0.5038772000068975  0.6160766076270511 -0.2406630677989433 -0.3450983336783685  0.5797451728478058 -0.253227822801718 -0.3569071401316078  0.617695991384038 -0.2397864145608125 -0.340634815305635  0.6416288391055305 -0.2818208013760741 -0.3556429902283589  0.8599723647744233 0.3043086659532376 -0.3327137416178847  0.830990374776695 0.2653569060371975 -0.297021492567545  0.844047719245236 0.2802178855605697 -0.4155037320467647  0.8539589983098079 0.3139478797387097 -0.3250797942756149  -0.1285340905111787 0.1737438283157093 -0.02282080099241592  -0.1731437046112706 0.2990760509296575 0.0358484119401726  -0.1062916715729316 0.2013132495336329 -0.07541998090518856  -0.0934346561238122 0.2230740763540553 -0.07836206447503907  -0.09595647547766037 0.2187896744472737 -0.08096613396605561  -0.1996411355451551 0.1845209167989058 -0.1183985774652014  -0.2333218511400726 0.1670217848946546 -0.103402000204666  -0.1695830156454563 0.2395349559347854 -0.1372911848370443  0.006085508212828661 0.2293128277575844 -0.05076639663701898  -0.07906281360507454 0.1870944753932131 -0.09140184669807994  -0.1085468415436097 0.2624640688139248 -0.1170742927053786  -0.1427360009950152 0.3237270668418254 0.0683055102334153  -0.1829963312655536 0.3179108793169616 0.06274772129395705  -0.1720720382741072 0.0483778701067813 0.09843451138319757  -0.2095590331088694 -0.001861165906477925 0.09966109613362532  -0.1571816007834199 0.0720508354355387 0.08357014113199074  -0.2260285692985124 -0.008994529764647097 0.1021294211337566  -0.2238796753141591 -0.06160667000712053 0.0133025652427268  -0.1005707242228144 -0.02464035390121323 0.02224598264862827  -0.2469425893654406 -0.04875308283770498 0.04204447090248918  -0.1312974854851613 0.001849745682782795 -0.04232886949155035  -0.0802233139671101 -0.04852753071954656 0.03274782640571193  -0.2514008481775415 -0.04397230462740159 0.04702085422608407  -0.2814915706204177 -0.02918578240256701 0.06220528773526091  -0.189219548801221 -0.01559763421204021 -0.04638467006980336  -0.1882130528954243 -0.0006894693052362805 -0.05154438688756074  -0.2287315659385715 -0.06364802254758914 -0.06514589566601284  -0.1435368456297421 0.01957802049430177 -0.05085483076186767  -0.1345732326832616 0.01738516161608862 -0.04847498892545375  -0.1145442695339106 0.02404459911396657 -0.08910869430395625  -0.1997136711871095 0.03705935640834099 -0.08063027055436933  -0.2794239295900531 -0.02496147165798751 0.07736658694506102  -0.3389246681547488 -0.05398064596080437 0.1017587604726815  -0.3268070398453101 -0.04463673754689765 0.1138858406464803  -0.2548927546673986 -0.02934842630183497 0.08869812836372262  -0.1929225583643615 -0.2817390624340385 0.1681234245094793  -0.2775409787633933 0.2391241157818789 0.234602019650328  -0.2829034252279555 0.24419913859908 0.2344425761144469  -0.3771765718973596 0.1279937769446006 0.04265281694875112  -0.3880927549685225 0.1205765660033069 0.03655773092053601  -0.2686395744340118 -0.1150230009770019 -0.02799751293231188  -0.2822334549448388 -0.1834487552953715 -0.0521395525599798  -0.2559165229512953 -0.137409252666695 -0.03972032886332726  -0.218620700707656 -0.1605217221049575 -0.0754506090409218  -0.2676546056328963 -0.1236304629824219 -0.02888368906412749  -0.2817223222210085 -0.1149374687566271 -0.02807365582344073  -0.3416866239099574 0.2698439094528632 0.3192588785346701  0.4287727356838434 0.4856049285419682 0.7103889872528065  0.4468366947505644 0.3462608810523797 0.7537123894650868  0.4988692664203165 0.3753850202017413 0.7432584284896921  0.4184285955279428 0.2975838746931775 0.745087563448416  0.4963464384229983 0.3806249872229643 0.7416754859672408  0.4988832395844158 0.3757236638688118 0.7431516901616352  0.5147112198992704 0.3425429402152028 0.7218369746055502  0.5280370972109849 0.3390522403686028 0.6980504260360753  0.4349026514135673 0.2826788633778075 0.6136502625634171  0.4529881129481081 0.2880136156573436 0.6148818427689572  0.4316521102979208 0.2751568002234009 0.607280774178653  0.5089363725288335 0.32908731097619 0.7185267783200813  0.2978614911504001 0.0817396003457653 0.6929521129080422  0.46281037826129 0.04207950139954795 0.5983162209827827  0.3242766759424542 0.2572323488854181 0.8160891530079739  0.2454170803441447 0.2206652752640182 0.6623942514612048  0.3818091069671964 0.2255663657893931 0.7315812131395526  0.2482786337912291 0.2130405034422324 0.6551577289340715  0.3778631477919221 0.2447620028379627 0.7947528860551706  0.3911605398138598 0.2514938910867134 0.7876407412440708  0.4190060926637025 0.2935465084430601 0.7433749286471532  0.3733819966526657 0.2019142819102952 0.701055001023232  0.4057471035221997 0.2546080979757357 0.7707167143278448  0.4190436741382349 0.2941834712337813 0.7433265143488292  0.3315409344199495 0.1345986782928781 0.4098775778972243  0.3483397579730664 0.1196080531862169 0.4277093442625926  0.3263247691493238 0.1375614746698845 0.36302504140669  0.3782086984921406 0.08989898954380207 0.353702040808609  0.4201832462650486 0.1151450199199653 0.4900534696775105  0.4365072708729645 0.1358461340034436 0.5112106614875065  0.4182252435144511 0.1137041011253541 0.4887189356374554  0.5154050305693916 0.3159580910486661 0.6977123277488957  0.02334916417660361 0.2236044260789299 0.4365991487652864  0.02306725369852929 0.2126842658919493 0.4561067971418793  0.0505268808055063 0.2800088135319072 0.3577660365246315  0.00452336477682444 0.1089175858728075 0.3611552239453902  -0.006470166947606035 0.1023185762033007 0.3806335402940275  0.04881210532269736 0.112316228901321 0.2873881318574925  0.431229264641097 0.2749030538722146 0.6067397088106656  0.427612121572896 0.2527835774159596 0.5601730321431874  0.4051047284366452 0.2894611009802781 0.5126170527742177  0.3467892252280892 0.2008823826492148 0.6013812152428081  0.3469231295553956 0.1853751589481136 0.670107445008534  0.3449685161396008 0.200583008391148 0.6013416097842712  0.4789777918764988 0.07222468326619569 0.6152490908679377  0.3802695667487787 0.1883077157409805 0.7086781538978851  0.3686116537511361 0.1593124055266655 0.6945178803813442  0.3062464726871613 0.1833042319489146 0.6487885976328785  0.3820036336322536 0.1463766446170374 0.6954826440186347  0.3443030856841141 0.1165502260482905 0.7017143663110024  0.1585192584959279 0.4206787020520087 0.5752754975141438  0.1409912850963474 0.4241379535187231 0.5802323933354282  0.456747295399072 0.4755657326353289 0.4776102627154869  0.467025179929886 0.4594018367269819 0.4898313788381673  -0.04550646760968036 0.2995231833210509 -0.07459107819741287  -0.04162334560609528 0.3003443353809444 -0.07477286761693609  -0.07065471500633266 0.3046169680459219 -0.1227892956080909  -0.0009733960135277185 0.1009724961607326 -0.1117643203546912  -0.05430939273705158 0.08487176979446703 -0.09342376400928319  -0.006128123298773189 0.08808549734833783 -0.1093213908336  -0.06065897746790325 0.07544719738239734 -0.1016733452981871  0.1559911844614349 0.2896200356708535 -0.0667690052486303  0.1262235848365182 0.3110339988417993 -0.05883763235235559  0.1148386514336268 0.2890316215668803 0.08932151021898047  0.2037350016032874 0.2953552137133202 0.065602792719132  0.1570339632147379 0.2234789559943924 0.2125587514029344  0.108624948513728 0.2783468482287696 0.08685105072991052  0.1138063361085109 0.361723441270343 0.03939339143551791  0.2250488182511838 0.2749910047639502 0.04185132924966688  0.2076872000383375 0.3015507621849664 0.0634001738867257  0.157326555990066 0.2235145981218865 0.2124515915748341  0.1971060835840165 0.309407636325608 -0.1889815117510351  0.2239526548550365 0.2758607141393401 -0.1985678133972267  0.1037992421356345 0.3285269353505562 -0.2017852321210507  0.1729756352628522 0.2779044247131158 -0.06719243298860485  -0.002565286326669927 0.2222690003391325 -0.3698936884771684  -0.02720148535213122 0.2625365292865579 -0.4034155267218014  0.008752571130012932 0.2077281865586805 -0.359889236144058  0.1018488039275667 0.5370565507696834 -0.3081894421923331  0.0686336258225753 0.498148339279083 -0.2988966692472089  0.06703978380424355 0.5483547130597942 -0.2997941882033118  0.1137216888825796 0.5470679894226919 -0.3197137209252597  0.1461353655309994 0.4800904704654946 -0.1122243467327008  0.0802043577350295 0.4076046909989466 -0.1144846010839016  0.1444321867000834 0.4845300657247032 -0.116601087083285  0.1280354032279794 0.4765504841726549 -0.114404937072415  0.143518768847469 0.4845982939175871 -0.1169269098141278  0.08425975418162901 0.4518449502080994 -0.1181392718733201  0.1571671662046055 0.490956507189186 -0.1088856505393167  0.09809880049828829 0.5297051157311954 -0.1151893488639011  0.2371540079401744 0.4858223769826258 0.2351425166414596  0.2426262321159048 0.485340585330029 0.2388101547303024  0.1859228507384033 0.5157546412622968 0.2120117820370192  0.2204049364511027 0.4925060745221749 0.1349504599318432  0.2209458183538567 0.5027696622242418 0.1147274379698267  0.2252830521172883 0.5006334967491926 0.1164543434975416  0.1939032797584942 0.5983439501077995 0.07150782189426103  -0.1653701771724755 0.5437146026187656 0.234610736956723  -0.1730679743766627 0.5506480444026138 0.2109624705209316  -0.1308479206784204 0.5356240273005528 0.2566429695611042  -0.1682117898738412 0.5581454476288332 0.1825199522775736  -0.1681513233958962 0.5666530456645824 0.1752081421863106  -0.1745262826636882 0.5515850955845985 0.1831832855668084  -0.04699815562459515 0.652977260604038 0.1459127426215564  -0.0829518710033347 0.6527157558002539 0.1335859134923227  -0.03917397709251376 0.6542084501816816 0.1463260271542559  0.5577972448904183 0.5061017402852466 0.1174686871328941  0.5088616123755513 0.5168293141259906 0.1169687214715987  0.3267321376872214 0.5124403014350073 0.2684920991564462  0.2815336314723922 0.5082524318301983 0.2697100264396662  0.3703702178644477 0.5424458787888641 0.3406060617110515  0.2739954732174927 0.5026486713105596 0.2686814720100695  0.3359241142504286 0.4158774576813886 0.09907355413387195  0.2835885933621993 0.4011965137861812 0.1304929559054413  0.3722214597858082 0.4101985494409234 0.06322731482057561  0.2386108351338342 0.4847170032142611 0.2282094761882797  0.3254178376799656 0.580928379065726 0.1051872789060491  0.3379111843350804 0.5987712105746105 0.1006943962524306  0.2548352995307618 0.4798879574484683 0.2544368322813389  0.6252571068180206 0.5895739084164123 -0.0719029799353508  0.6296189903726226 0.5775688249914787 -0.07259056036914968  0.7290995042739637 0.4921895361984129 -0.1285692345776226  0.7397612979439636 0.468140789747908 -0.106317050279717  0.7470106354272879 0.01639320940235222 -0.06923699086668439  0.7218106899486525 -0.2709324042805927 -0.02862115485696778  0.6994379567790293 -0.2771730229457411 0.0005772918054775603  0.7265239129676242 -0.2581439852921654 -0.03514201875167026  0.6478097095055687 -0.2520778637725617 0.06668427926783348  0.6594099921891068 -0.2833704905350973 0.06985056659903728  0.637016669733231 -0.238383568387749 0.06724362028993765  0.6605267838344707 -0.2853541145827729 0.0666678946444846  0.5611612153604446 -0.306945389150787 0.1086372939286069  0.6609542884743275 -0.2817328879746051 0.050603022858571  0.8103125730962427 -0.2800333206520944 -0.2871479211060596  0.7891423845613819 -0.2659216572096926 -0.2348155675374252  0.8182070280488334 -0.2893103690068504 -0.3224145486879546  0.7814722612826276 -0.2651114214818965 -0.2327359125679512  0.7331779994257653 0.0006768851034043791 0.01208205080321275  0.7252950064733661 -0.0124465462653161 0.04714899368233244  0.6259950308331217 0.0194689409264715 0.1466594330356559  0.5963328711192553 -0.009822719677881177 0.1584410319110932  0.6145527349928763 -0.01351907993432718 0.1613677540524547  0.5901759013145805 -0.005903921400949301 0.1877181034707839  0.5865891357609095 0.008353703734151268 0.1492845335787804  0.6921246922087471 -0.0508587070979314 0.1170791995679071  0.6745528558872557 -0.0661079826668001 0.1305749282214832  0.7040605854892501 -0.05082178523703156 0.1147513099397565  0.6527468965095411 -0.01730201356909297 0.2124618981583304  0.6730731830216989 -0.06713944672201744 0.1305446838021154  0.685230625876439 -0.06828883385015613 0.1299594031676501  0.6221615043581126 -0.09147247767376608 0.07798026852452838  0.6554078492529638 -0.01643001243074869 0.2148817698699894  0.6880972571762678 -0.1219353467834154 0.3067343176889593  0.6631184440870763 -0.4689233777895043 0.129220553958013  0.6704765099606429 -0.4847920049315044 0.1321843784606847  0.7790853475080212 -0.01012964045934677 0.4091290265415096  0.08826810408531249 0.5295509347337224 -0.1139963235841325  0.06988179998948613 0.6738585211224373 -0.3202599650678093  0.07231724050401632 0.6672077231226133 -0.3237195989011207  0.03212621379239723 0.7212824394716404 -0.340972910698339  0.2633985680873164 0.755464046166664 -0.1225399516610767  0.2637658346173598 0.7935355879617615 -0.1227672794188479  0.2376263778612763 0.7118547646396212 -0.1049652256309123  0.2092218979774123 0.7590025137441163 -0.08553669171233447  -0.3170651619586147 0.3743373845900294 0.2827371270152583  -0.2338957107893676 0.4866613420733379 0.2111755227189574  -0.3202173728054074 0.3594303190100617 0.2711891104131414  -0.128542320781361 0.9161006826855158 0.1122688150230429  -0.1301166048782262 0.8824980675105443 0.1402154343982259  -0.1345325297255591 0.9015701138021824 0.08283863706400778  -0.2725179392493834 0.537595770867198 0.03685400220311646  -0.2712510855172523 0.3877042590593885 0.03200980859678182  -0.2823366377326948 0.5481700227890751 0.02610130144955643  -0.1491025467603989 0.8912525811341007 -0.3641783696244396  -0.08879247957281051 0.8459906318547913 -0.2914370463981675  -0.1588109679820636 0.8938861487174816 -0.3668090887206888  -0.3958715529464272 0.5501456675085599 -0.447989028798349  -0.316961217951402 0.5054880202245997 -0.4117284391909973  -0.3695587442091295 0.5631239394609047 -0.4377561124405099  -0.4383804454630325 0.5416948023670596 -0.4912065947466443  -0.301953362992485 0.4924132361275641 -0.3999052209229598  -0.7360964694729967 -0.1394010914145509 0.2411843689573585  -0.7658551700417173 -0.2027876316498842 0.3124006816069397  -0.7360909656662723 -0.1392261209505415 0.2412608633806228  -0.6763084735593273 -0.1512213044408188 0.2274327356269727  -0.7534537707241937 -0.09783578667691538 0.2385048105260716  -0.7471155704311235 -0.1133819192946511 0.2947375273340056  -0.7634079199823561 -0.2274667366140002 0.3343221554855378  -0.7426644759352238 -0.2420582194686606 0.3392996747338288  -0.7393221700104438 -0.2256826558004993 0.3596088298922714  -0.6683377987529493 -0.151084954244605 0.2293293205762705  -0.6734639543073803 -0.1940111694878657 0.4032444081278946  -0.7619424133106788 -0.09367390004372086 0.2306950152574515  -0.7513068802328914 -0.1156559219692623 0.3084224141930283  -0.7401878841170242 -0.02934022143282342 0.2139014696529572  -0.7533238619791368 -0.1098009745980142 0.3649459807082784  -0.7317443921945733 -0.09088029480709341 0.3463187344788369  -0.7662996048611647 -0.1029893200743876 0.3788284002110326  -0.7443758494784662 -0.0999637955485865 0.3715342422395781  -0.7444691649002265 -0.09989531800512916 0.3716557513320013  -0.7321113239562368 -0.09096174173840091 0.3483621068661684  -0.403869528999024 0.2410958138139294 -0.4203086537319025  -0.4104194873323431 0.2448517049811494 -0.4238904247541342  -0.4394849692269974 0.3495766190318261 -0.4733648486920924  -0.3239362710703186 -0.1300663034485282 -0.05437341039345441  -0.3228820259718802 -0.1248075809034919 -0.05276927546556198  -0.3916223065411388 -0.04163689003115788 0.04615701388431532  -0.3541725455150249 -0.04522186910560567 0.0121940284453582  -0.4807490429509711 -0.06151505444419574 0.102114326858794  -0.4753750766388924 -0.1606951081119683 0.03769711005238556  -0.4531484255230324 -0.1805605213217889 0.03277945438471566  -0.3629628046369203 -0.5230267190892293 -0.1313891571808599  -0.4319934303421202 -0.4455991641886675 -0.1447342987162772  -0.3394347012381972 -0.5293352294023302 -0.1270893934009863  -0.4367811208216881 -0.437306366665528 -0.138552620841684  -0.4938064301615808 -0.09074182021077783 -0.1123345925838933  -0.4839546821947591 -0.05877203050769186 -0.04477187339980969  -0.4153014443266028 -0.07644319766782534 -0.1890440248565549  0.4390620216678718 -0.8215809012180973 0.009002791585322141  0.4355180883393244 -0.8718558910135289 0.04164473436898074  0.5861460946053387 -0.4345119996263074 -0.08076623153674344  0.4297380762361412 -0.490995162022802 -0.0128518012673611  0.5225455155376585 -0.4317638101940476 -0.03020311575813073  0.4402549259151481 -0.5482786861894211 -0.01379788800513505  0.416847464092473 -0.4959905519962347 0.001577962890014321  0.5972340612618949 -0.4422144584754629 -0.04324045793982263  0.6038287950353772 -0.4484426548651012 -0.04430703546957966  0.6324337078841368 -0.475291334091205 -0.004425015658842554  0.6057452800968806 -0.4420031483110521 -0.05372201447476055  0.466830524543988 -0.2969383195799833 -0.05357767588349495  0.4483889290847702 -0.3052757314432493 -0.06788736035889473  0.4693248416197036 -0.2949914638199834 -0.05128175841207523  0.4029593737592537 -0.2996226552360072 -0.1403390074068849  0.447300800402978 -0.2912187470140853 -0.1949900726756432  0.3344614343270133 -0.2517188985645741 -0.1195219343837065  0.3512805422412455 -0.2641408559361104 -0.1058194116204994  0.3267227650341669 -0.2391285838563927 -0.1246692037582404  0.3271822937740936 -0.2423120671981357 -0.1218188338773093  0.3274353056724322 -0.2429502498376806 -0.1214138731866939  0.3270838217246912 -0.2429451194699419 -0.1215008624014212  0.3315832196237684 -0.2008099401535741 -0.1470702901845004  0.631625109119716 -0.5455496795041932 0.3284610681821388  0.7431687013963518 -0.5372266902692029 0.2312549139844414  0.7500649379759359 -0.5435557860910541 0.2252680779969273  0.7705193197230374 -0.5397023686643605 0.2351935626131591  0.7054940257356609 -0.5392814407582581 0.1476178242302811  0.6754794213918689 0.3035081548589446 -0.2194495407609315  0.6746721488066548 0.305536210935249 -0.2186966833943037  0.6623048332287282 0.2853839888768912 -0.2201443151525245  0.7012780759309838 0.3066793038494098 -0.1924458820377621  0.4046957310711988 -0.06553007959207094 0.3714748390114385  0.5005873464303695 -0.04278491669728196 0.285535882080237  0.4500938137282033 -0.1311906600427455 0.2917835421045392  0.5227934402238997 -0.02948543266823695 0.2830404350137455  0.5037852665378554 -0.03315610455448089 0.2911831805440869  0.5180248826044261 -0.02741978788355606 0.2874088372399832  0.4735852935221905 -0.06435212833701208 0.3274293684974732  0.4416963272879653 -0.1423528506691104 0.2816411139556307  0.33476323587782 0.2436015158570801 -0.5040559250260687  0.3800565654569345 0.1731005753326534 -0.3462179005971622  0.4052204775793475 0.1709904101610585 -0.3556387702649568  0.3674746271159191 0.187517602625457 -0.3634242277307808  0.3092384053008256 0.218950816472622 -0.2717815592172299  0.4100172819081737 0.1612647272689132 -0.3560706988323038  0.2904874140992366 0.2497026156579876 -0.3423887702376359  0.2904287409096176 0.2034570112142145 -0.2554206279459588  0.2355161673945464 0.1918152074470619 -0.2708551632103453  0.2895056978721453 0.2068380426541537 -0.2474144189078244  0.3204712222645248 0.2612618138326501 -0.2240514655770807  0.1724447370820916 0.2110071079185135 -0.3498488842297295  0.2867694243092928 0.2619710767129577 -0.3558369266070204  0.1681490288375093 0.1963465512674393 -0.3635346447290504  0.2338824414122394 0.2664205968336971 -0.1915089481198447  0.2867284658056006 0.2623953580996439 -0.3559592123393416  0.2164230529062475 0.2935888903701191 -0.3745148506288002  0.1959201699860062 0.3115452699730034 -0.4126489430255093  0.4103282632055131 0.1600941524168736 -0.3583658817604717  0.5478998864494367 0.02263359369026494 -0.2247698952966383  0.5208181850996882 0.1711940085178922 -0.1804733560069832  0.5006257348792066 0.1750344670717269 -0.3444166304498879  0.7376309505039623 0.05611862504383709 -0.09369598800260279  0.4980557878263764 -0.2830033184380734 0.09073262201534457  0.4977437917269024 -0.2836985251503954 0.09022404535261955  0.5571385707745711 -0.2096797223842434 0.06003233596267454  0.4699199670999006 -0.3043582595038613 -0.03527057338379717  0.505263182475825 -0.3169197895800605 -0.006342894036639426  0.5267335226002002 -0.3356151536402385 0.00736164697167245  0.2138310360739221 -0.231928909827719 -0.2863521200853707  0.202122843046626 -0.1695892996078066 -0.3127755480441569  0.1992092461048899 -0.1672098732469423 -0.2362112129525938  0.1925972510190069 -0.1684065735662634 -0.2418794743163222  0.205038464763483 -0.1437364061712952 -0.2556456763280052  0.1833372177416995 -0.1657147591709691 -0.2384669896692294  0.3456687643256623 -0.2313346495058597 -0.3337248690534689  0.1354001931469958 -0.2012448533321625 0.01785960698334051  0.1186559913221062 -0.2254607828081991 -0.08164559230392934  0.1560137669644578 -0.2247569916054177 -0.00751735919188707  0.1186546390839273 -0.2254767904206547 -0.08165373841114229  0.1927467994728835 -0.2059357612417372 -0.006957241480212352  0.221191396494285 -0.1030757393149596 -0.1206395202023235  0.1706535354853497 -0.1359716053057711 -0.1660791679776003  0.16341848450685 -0.07653574105684677 -0.1256481389021892  -0.1138962070943208 -0.1588981352467365 0.195917287795794  -0.1497466216156004 -0.1249643141076918 0.197577297190081  -0.09256640821775182 -0.1672632843081236 0.1696535099745503  -0.1615198977956438 -0.1110269213115649 0.2019630246592742  -0.07717499857266964 -0.1687735767911866 0.1545530589640576  0.1709313512051113 0.006681243448744266 0.1992568752379504  0.1391876123821333 0.0961040139205636 0.1543610525012383  0.06015986764744491 0.08995779456448104 0.243684702204183  0.06252734744770855 0.1078556548630667 0.2254379254691529  0.4573138909331073 -0.09694502949225836 -0.06798293801220183  0.3932945439922858 -0.07996192636719869 -0.1124871428335388  0.4685455479898241 -0.07935170537661627 -0.04849696611275817  0.3552411723047996 -0.060316136301101 -0.1335190767610963  0.4724771593661093 -0.07258548635691794 -0.02787871217250854  0.4593516780327062 0.06724668237226369 -0.08718050823143676  0.3000049355716531 -0.03581604392910437 0.04487183009810487  0.3037246148620985 0.06618063642025045 -0.1149674493634574  0.2633570117836501 0.006128345508220973 0.05679312804770548  0.3014037519249916 -0.04678604813935302 -0.1500675628380226  0.3305007506565742 -0.02416920186214203 -0.1558938021373027  0.1731144163847468 0.1235783926969813 -0.1517089735642113  0.1556847168676758 0.1443735945066183 -0.1652177029075543  0.2045262367193679 0.1159223633911927 -0.1432972934314482  0.1514822685884074 0.1467082483789868 -0.1643857831812063  0.1749108003002098 0.1762437175865936 -0.1796015648661742  0.1884367950603506 0.2739522845750856 -0.05129680065977982  0.1493287843983118 0.1489797386251321 -0.1642267464437722  0.1493644235409011 0.1462303927056274 -0.1614416096137493  0.2697149089075894 0.2211193166074255 0.04518103391890323  0.3638633556608448 0.1773155233171582 0.07107217160113623  0.268826198844012 0.21336550987016 0.05230988645571052  -0.5550234521047556 -0.1189215489361845 0.1772126676850627  -0.4219065411442822 0.1345214306187602 0.306442834897242  -0.4031010163907073 0.1263889209879258 0.2850927138724945  -0.4667392373430629 0.08918922535620978 0.3811749084326849  -0.4827421081273311 0.08697175324388837 0.3987758412201801  -0.4801776489359046 -0.2795490009654441 0.2583811277545286  -0.4788650701797433 -0.2787687228793514 0.2570730738185155  -0.5367632186822487 -0.2615764542377227 0.2829513623260304  -0.3780025736835115 -0.1546555686720014 0.3242777037509501  -0.4199500930755756 -0.1327335985619503 0.3085556055119992  -0.321611050131587 -0.1500177073058816 0.2886589825843179  -0.4362495577341422 -0.1209982046038917 0.2970932191172375  -0.4645123732341553 -0.07538165398568741 0.339662643313879  -0.3935715585086285 0.009081405237941001 0.2934000014202587  -0.2923280522252853 -0.05860470348239947 0.2836653305694838  -0.39741897815201 0.009286368750740293 0.2912674225205677  -0.2629157392182511 -0.05202915711151648 0.2821299245347806  -0.4053902228135173 0.004393671950160759 0.2933612342562338  0.009032631767843427 0.264912861695422 0.7348009876220477  0.004873231373871148 0.2646100882904014 0.7299545149242774  0.4210943387464912 0.08958060307651632 0.4906803538532004  0.4215455590205268 0.1000826602615923 0.4705876708098837  0.3347751791083718 -0.008578208110380153 0.5273570117885462  0.4275778434343043 0.09257285246919669 0.4567414179676738  0.3227314818643777 -0.008320934222229869 0.5331823228773911  -0.1825273743919451 0.152458940149899 0.6235433960643797  -0.2140485433496568 0.1168170075189683 0.5673603532523526  -0.121142152542239 0.1257720561740853 0.6211482177951829  0.1172568833292766 0.02114919844070339 0.7339399725310584  0.1075598617556833 0.01049673456033075 0.7284663189064748  0.1054321393413062 -0.04201232720196813 0.7248395039452238  0.1063713020014227 -0.04876173834125096 0.7264038253837048  0.1844784319583064 0.03204816083578232 0.7767427644799917  0.1337072853565525 -0.09632258936759139 0.7534420064110755  0.1907467476893664 -0.03769077341732362 0.7902505067105261  0.01301665494805795 -0.1251598180915092 0.3495550673938808  -0.2398847773729957 -0.09981859659269668 0.5217733551555208  -0.2928605447271424 -0.1458569063913819 0.4922869853800936  -0.2052886958801348 -0.2098216721406338 0.8278533299890197  -0.2137191367461027 -0.2544442627311959 0.8156323719649151  -0.021692895838639 -0.2703448010046146 0.538875720619538  -0.1072394084609943 -0.2918962598695261 0.6158285022400379  -0.1016759255218532 -0.2820562043817325 0.6478658876383693  -0.09596828693347649 -0.2995591462925616 0.677457539186135  -0.09901467829084029 -0.3280385618766283 0.6958187349407079  0.08128307416282664 -0.1993092990181761 0.6441876734788576  -0.1346012003426222 -0.3757445702961598 0.6701130357702446  -0.106591752369652 -0.3058396835332391 0.7298496792019812  -0.09982608188745873 -0.3314647972843346 0.6922365052191243  -0.1076888453260721 -0.2983898703821707 0.7453680650023475  -0.08814142395068958 -0.2872241181953205 0.803858386242101  -0.0922432202099608 -0.291807801618426 0.8024124200438202  -0.2317046389534511 -0.2753875641845344 0.8847289509716018  0.5052792570719352 -0.5070907303142461 0.2476106712630852  0.5567321218776056 -0.5231480617037718 0.2157640723044969  0.4428505972646116 -0.504727357937708 0.2592555936848123  0.3904959459065947 -0.4653520404698194 0.1861579579616393  0.3723035690566039 -0.4516649194576647 0.1804684983473223  0.3840138134639811 -0.5609526832210716 0.08364918706283492  0.3823775513251361 -0.5107533924047682 0.09243886458795494  0.3614242624985737 -0.4711680868245195 0.1019395650990658  0.55122001391411 -0.3985496756738688 0.0199054674695302  0.548947112304929 -0.3782457226103865 0.01339839284611301  0.4064319634891204 -0.3458631387134143 0.08417399405812899  0.4523664697349857 -0.2907119630607062 0.07552895097634875  0.386734905055137 -0.3400215580634036 0.09803576524804765  0.541573114278581 -0.2953680385298785 0.1126702472427179  0.4619619559680806 -0.2561410259010388 0.3326893645950864  0.403876062740226 -0.3351341727906513 0.2941207882632693  0.4434618284209967 -0.3345664541279457 0.2407825562519899  0.5188370992992929 -0.2076702522171875 0.2905244851348735  0.3411108490953015 -0.2553594164197722 0.290709568083612  0.3393998120346984 -0.2078055464077152 0.279424394798247  0.3617193233135105 -0.3167613259083372 0.2836710805177305  0.3249906308284172 -0.1929965470928224 0.2625033790568263  0.3484533400159031 -0.1829294174859097 0.2618362407125572  0.3815220629518743 -0.3425791387462252 0.09637209903789606  0.4312309562624347 -0.3366277866130953 0.263945869553876  0.3526761929962294 -0.3170208925686785 0.2838944290773623  0.3547388239571448 -0.4514721168414867 0.1675287772580904  0.3504474050294032 -0.4445846583778013 0.1586734150034866  0.3409961190925003 -0.3558588760404259 0.3067756519856818  0.1813081924369882 -0.3986936968261279 0.1485540507161564  0.1861574850118547 -0.3932069582241218 0.1728481456394059  0.1980047624816965 -0.3972445114273487 0.09192695411738534  0.1908782569341567 -0.4665392139580271 0.04541865661826278  0.2418837569281305 -0.5421060835348299 0.1187600307916864  0.251181928454502 -0.5682651844058858 0.128279857206578  0.174539620510751 -0.4670730946008343 0.07873376911490523  0.09352020474699359 -0.4808954635032762 0.1387107679489167  0.1955052845811024 -0.4403149846503419 0.04175712683614899  0.384669082947463 -0.3681395223389285 -0.005039060510144071  0.3808573469190297 -0.3824547430800391 -0.02986577797260179  0.3069352791954838 -0.2473834439500417 -0.1007802606542878  0.2144409852490521 -0.2328370938607544 -0.01803799793653417  0.3030549373906223 -0.2737223906403565 -0.1208119069390947  0.2940313841198519 -0.3018157053056854 -0.1094792829548302  0.2924160583971329 -0.2850673009712195 -0.1226480051246791  0.1528908132317315 -0.329786100291487 -0.1230613470951476  0.1390885843233675 -0.3273325558027466 -0.124312363819564  0.253979873716853 -0.4331422689716607 -0.05555208625050308  0.2881775734960172 -0.4169647373998887 -0.05002572869209949  0.2854310777638314 -0.4221111891378285 -0.05192291976549751  0.418782058890311 -0.6703337338386864 0.5027739444985067  0.4586985810137224 -0.6010136669036624 0.622211340152501  0.4060630750712929 -0.6888351834776798 0.5015764002011123  0.4586894167247465 -0.5995360157877975 0.6221353053131289  0.3379214757120828 -0.5930176026598699 0.3955787664767552  0.3170768039792078 -0.6368859480679383 0.3517388958976461  0.2957777762149539 -0.5820222390259959 0.3601987169976271  0.3759005841229368 -0.627340741913802 0.3682134565705257  0.5227348424611545 -0.5300289803760957 0.4310537877988961  0.5056527681328649 -0.4777333880321913 0.3542067775867667  0.4918718031561554 -0.5052187565190345 0.4599452921177553  0.205768740863893 -0.4584288905489918 0.2194014228223819  0.2354579860454518 -0.370084989692506 0.1571825186475218  0.1402598505685302 -0.3872248513404186 0.203109081273238  0.1723234186299828 -0.3030552319816042 0.2885185506039163  0.1394586702059292 -0.3310493245565398 0.3307542534823049  0.2384069456500291 -0.2777061763533283 0.208102994953311  0.128599941375403 -0.3498424372788327 0.231234403899665  0.1093762476868705 -0.3638922024629032 0.2835828719380704  0.1357595363754601 -0.3234638002486528 0.3358663309832325  0.2003979271269146 -0.4688527067844253 0.2335013490346269  0.2918341148462109 -0.3496432023629525 0.3497247978457248  0.3271124456748749 -0.3528086156902953 0.308726157011981  0.1900627091052145 -0.3801012652563505 0.3991198351544551  0.3234117159306499 -0.1916542051047994 0.2618029179959097  0.2521666341373193 -0.2019041959035145 0.2230439573419459  0.3428144341176879 -0.180541742341014 0.2582623705828539  0.3430171527341803 -0.1810154644521087 0.2584849175766545  0.2621659274596654 -0.2833727584998517 0.2201109487918788  0.3394577544765208 -0.1280649336659543 0.1667206254191903  0.2365126721152493 -0.2538626949957191 0.209507959931827  0.2918068176528529 -0.1697577404725848 0.09149784122107119  0.2571292058640868 -0.2838456685774415 0.2173962779894308  0.2457334216978204 -0.2879692695059002 0.1979679083463877  0.236953600056784 -0.2747763644502961 0.2076293417590375  0.1719245500069069 -0.5669105081134963 0.4808207359347758  0.1936515752486569 -0.5866324437178418 0.4648239252400286  0.2068640918431437 -0.5929633986900652 0.4499240994945961  0.1966643807189546 -0.610246668830083 0.446014077593169  0.1914599730908697 -0.6059343527570598 0.4531473166232162  0.2308501361347813 -0.7457105663702078 0.5295095207318802  0.199290201553892 -0.7315541772624411 0.5219203483885081  0.2190737505830984 -0.7788224251992795 0.5377215264717031  0.2836246187768839 -0.7360503961354481 0.4746423578930262  0.288448881894689 -0.7436421021771311 0.4806551413924927  0.2735629179114064 -0.7457030153171503 0.3760608611453688  0.2946142282986959 -0.7487220201689425 0.4873384714571082  0.4315966286878935 -0.614456770431602 0.332929890926282  0.4603360789832825 -0.6306175849045349 0.31815582446801  0.3337925416009197 -0.7019011656455283 0.2122080087270766  0.3013536865897649 -0.6392628825548802 0.3350779194701273  0.2686786144499616 -0.7923568228001163 0.3294302977068855  0.2452902407001714 -0.7502567137762356 0.3182947649500996  0.2785458848660047 -0.8022935356159274 0.3403808191062505  0.2449885982505594 -0.7494450971734942 0.3183658164991753  0.3258018115494661 -0.8246922934044634 0.0837583199533153  0.3268362021485242 -0.8332250886151639 0.08972033625111987  0.3144933423212913 -0.7837730921343118 0.02522097480800201  0.2629911263880466 -0.7729727777903196 0.04315446968415625  0.2889789498712569 -0.8640534416119422 0.1056105793518936  0.2055240367026823 -0.684057440837908 0.03030794489709723  0.1944771373158299 -0.6813916052490218 0.03339104344435456  0.2363941273165839 -0.7573881431366004 0.03620157096009946  0.2061027472050805 -0.6614629725640979 -0.02556514235761029  0.206226957234784 -0.6617225999434629 -0.02562417761442063  0.1818411261408703 -0.6456891891798632 -0.04310107006729665  0.237765454307348 -0.7491571140512722 0.009630130167333655  0.1531663023596947 -0.8412672123562659 -0.08911823699820082  0.1569006888776968 -0.8406932354915148 -0.08866749621786005  0.1356855608307456 -0.8405769611712162 -0.09785408461304354  0.143576979390087 -0.630651405968193 -0.04664469700073105  0.1098393792859704 -0.6317096472020121 -0.01468406989473538  0.1927367777993037 -0.8355076931380461 0.3735269499635192  0.7658489183917105 -0.32117938250676 0.5304617835939001  0.7189119925101439 -0.2590378345726687 0.5278365606243421  0.7046065064289186 -0.3025439247041722 0.4754826230524059  0.7175988011870191 -0.2429872054336832 0.5282804216105006  0.6911454645174735 -0.2656767453137799 0.4465968576805427  0.7006426519843859 -0.2375991576279954 0.4811428682268608  0.6751627031881499 -0.2779097231315383 0.4355644442419087  0.1112809580063261 0.3958126881841542 0.04733207387445204  0.09663944036195632 0.3515721238113854 0.02351560645046168  0.03344709199788753 0.2845426240412245 0.07748896778258994  0.05622901200770389 0.2913474980469293 0.06843319270887957  0.003291959617932359 0.2355028606819736 0.1244859916702081  0.08288694786473694 0.2766940275031061 0.07761558780277704  0.04466366624747628 0.2883746591690085 0.04897862746939315  0.0004459079796244741 0.298999017594514 0.01107079730055769  0.05943715359681 0.4549071800747791 0.04658420840893424  0.08970069653221499 0.4282343352253222 0.04041878654013616  0.03908221775363761 0.4675251233081122 0.03835407259204629  0.04123132353704721 0.4525752030517228 0.3803885326995837  0.1410111643004986 0.5053923654362182 0.2282774383852548  0.1732785542220565 0.4467622885745845 0.2825593465630553  0.1541660246148792 0.5230213164263841 0.2089429476244398  0.1716215372221931 0.4345514207168178 0.2858341949852441  0.1260884562370539 0.4558431817291195 0.5438024480803351  0.1081204679548666 0.4610282850422608 0.5176967637681158  0.135240306248061 0.4447393054511669 0.5616626776755632  -0.1238383605101753 0.5299217292030239 0.2622884465529211  0.2615656834592156 0.6766486982391845 0.6293894101770324  0.2380345468476677 0.7310029675543911 0.57642755053745  0.2567117776161028 0.6677164584155953 0.6401258441996279  0.1966097604660156 0.7595380181505132 0.5554006231795365  0.1743283235001615 0.7609045936602412 0.5354085067988406  0.1728094759799227 0.7872312724379704 0.5121866577482557  -0.329278169294267 -0.8667918448215466 -0.1908522810582746  -0.266533827696795 -0.6925842743639439 -0.1560092909650155  -0.277201115298801 -0.7558323467245395 -0.1817511319308126  -0.2592817093766825 -0.6719376039789998 -0.1556337464969811  -0.2808523624981905 -0.7617657290067466 -0.1917353548638278  -0.2744812232901948 -0.9457161986857131 -0.1154030447934511  -0.2703752232377373 -0.9542997421443935 -0.09485691509318248  -0.2329617029701236 -0.9310003479199558 -0.05845375403971213  -0.2207894435632746 -0.933981454183624 -0.0516070643034881  -0.2068630852715445 -0.9391695177776019 -0.01526149632254991  -0.1864078804575688 -0.9039320617517946 0.01856289691382357  -0.1727795599611001 -0.9010148824176388 0.02390622792155286  -0.8141544961264483 -0.4538157563981718 0.2932832643440584  -0.6967356310776718 -0.3934166357427696 0.3414420872355224  -0.8171317709254243 -0.4514282921786619 0.29011051829137  -0.6923180822554871 -0.3899907809418366 0.345962982628749  -0.691493047716992 -0.3789423046811445 0.3712523802043937  -0.688824570504202 -0.3819125301630841 0.382765557777923  -0.6316293826473641 -0.5283862958816683 0.2726830089929545  0.4120478974304211 -0.8795426753241141 -0.1131239948672157  0.4655611654194886 -0.8601493896813862 -0.1281814184905654  0.4422584934295827 -0.8350877792896739 -0.06945237206930395  0.474863286064465 -0.8385315867460558 -0.1176795808778876  0.4355469755614068 -0.8370378834625075 -0.05800969439591321  0.4894509443586943 -0.8186311274477903 -0.118292515685919  0.4972536271661051 -0.7732909249278554 -0.09932292422165562  0.4897057171529032 -0.8185493441521615 -0.1178916169454923  0.49528519074918 -0.7995999792939941 -0.1064315857354574  0.9291852383176246 -0.1440800684385156 0.3173320034865669  0.9275817788044951 -0.1459292555057626 0.3222425424981127  0.926792277783318 -0.1191658201611623 0.2873761306044425  0.9238290272093552 -0.1396954741172192 0.3195058456874105  0.7983315503801375 -0.1158989768416247 0.242214935872506  0.7889255924027608 -0.08685966960467117 0.2164579441390532  0.8250881532589193 -0.1007199981926102 0.2446469716191609  0.4160515708501535 -0.6022523333588619 0.6812300974459314  0.3511301886367179 -0.6152863044306978 0.6896499621700528  -0.4250403219539109 -0.4042032417804026 0.2694430618330706  -0.4417620286810353 -0.3917060242041908 0.321154989360552  -0.4074397628047008 -0.40473375026572 0.265225523647131  -0.3179926347810313 -0.6446838708697553 0.5949537908635906  -0.2793737148026068 -0.6453030588044595 0.5744298041640636  -0.3382093439261494 -0.6240026821611964 0.559735487689878  -0.02472310179556846 0.5498871596281604 -0.3550380973769884  0.05256617231666379 0.5725430363058219 -0.3084781236462683  -0.06517522762909855 0.5161625765960673 -0.3794339633136774  0.0547207403558043 0.4541845581484582 -0.2813001334370243  0.6895904561597768 0.3838895071860732 -0.3022341899126403  0.6346833817730281 0.383546350322323 -0.3294838041383631  0.7684657461518616 0.4290599280326954 -0.3440349977317932  0.6362954949657563 0.3753523597890879 -0.3236630535570543  0.6048785232584698 0.4071194607826142 -0.3238993915448982  0.6669426155284889 0.3320382185281279 -0.2818289378573491  0.6287978007752776 0.3999066843729177 -0.3621126210127331  0.650346738595411 0.5121512967704999 -0.2554388735695694  0.6007408026967481 0.4079199522213151 -0.3236323504633651  0.688781058940652 0.3595926520417819 -0.1646287923096376  0.6509918286894362 0.5146469127493674 -0.2568433100488276  0.5965709461460873 0.4525444163580298 -0.1490297829916377  0.6807126829197837 0.3918221574201369 -0.1370256681224451  0.7111658925338934 0.4605731396096417 -0.1476028680882813  0.4871521015318303 0.5050737696392255 -0.3121213892481403  0.4547874333249305 0.5272811863649651 -0.2833481242127787  0.5008459149693654 0.4747997122828265 -0.3032086938184018  0.4881089712592223 0.4988199667665199 -0.3188393299080959  0.4910374708016668 0.5291220011268019 -0.3066308817523342  0.4100513804327673 0.4511918494814385 -0.3555132712967253  0.4095391196358235 0.4432268225911294 -0.3580149456133519  0.4592958887373117 0.4726757486528463 -0.3413531874154836  0.4521037378764599 0.5427041162766383 -0.2764147402726886  0.3776970986844056 0.5515323586939146 -0.2714362020431971  0.456515882205095 0.5585621228337758 -0.2749752170168775  -0.2569156618940946 -0.2721594955384851 0.4395363199832396  -0.2634464404766134 -0.2745618771565184 0.447753505537818  -0.2404039235676163 -0.2754907076891003 0.4357604204926097  -0.3134179872197033 -0.3037774256757768 0.4650091135165222  -0.3221338339057044 -0.3010919151534249 0.4663153029851425  -0.2502400709641787 -0.3084159729692347 0.4844188503811924  -0.3322132233744384 -0.1551621376545764 0.4587109157324351  -0.3417533808581543 -0.1524960317139399 0.4659129122800317  -0.3739776125433334 -0.1503804663895636 0.6354264833888985  -0.3559572684605475 -0.1560079030723833 0.4761770693888672  -0.4485851587164361 -0.247085116304067 0.5389340934771569  -0.3722702443660776 -0.2838077202664646 0.4803792696309227  -0.4488831399515974 -0.2464398653172536 0.5391934889942732  -0.4134256363885497 -0.1653796315523276 0.5960564713861464  -0.1084653353139046 -0.689423556756801 -0.244007889780317  -0.03555866276944555 -0.6145206690845312 -0.2310402995855804  -0.1083095437799572 -0.6967742165207156 -0.2465721011320681  -0.1132880986661334 -0.5136714528710442 -0.1795192448935501  -0.1163881292587464 -0.5163318807756651 -0.1793065639780594  -0.1054590951344299 -0.5133689917436657 -0.1812008129644249  -0.1321166966868979 -0.5301425326719984 -0.172003020597609  -0.04588725782050494 -0.529349963215398 -0.1972570143367735  -0.03576347823127668 -0.5450386786962194 -0.2022995491689992  -0.02433995729145474 -0.5627001381696903 -0.2087556621506281  -0.03251307343737587 -0.6131595735038576 -0.2311086840965474  -0.1372862296698661 -0.5364101298516791 -0.1695483923321167  -0.1559580592064345 -0.5421167409548033 -0.1735597296298734  -0.2583838516627488 -0.1790535600625251 -0.05869915623447777  -0.2578690334488538 -0.1789192799430991 -0.0589682688560924  0.2248276152543775 -0.5397325049871478 0.3742532750247672  0.2231900990292654 -0.5360047738031262 0.371494584673181  0.2473358209857756 -0.5610376815456768 0.3786338695034666  0.2202424061637588 -0.5182190168984423 0.3541194260557764  0.2601005236837257 -0.4951089081211413 0.2906556227433941  0.2774218716605265 -0.668684339528224 0.3274944471751254  0.2528701986644026 -0.7193309620264732 0.2695243577367467  0.2582122686662333 -0.4942532329272764 0.2912730568315096  0.2510183931529364 -0.4934609695311996 0.2997303703551519  0.2450780657624874 -0.4958789025625961 0.2894114434881216  0.2320833733272014 -0.473397157376679 0.3338678505630381  0.2333545477611118 -0.7098576396966512 0.259247473382693  -0.1547813614232139 -0.3669745456706982 0.2339426741504568  -0.1556710201977972 -0.3781834568009298 0.2446711603744972  -0.1168189568225985 -0.3812075185918542 0.1755540101402372  -0.1571779252748799 -0.3844401622889778 0.2502263337813719  -0.03912101087445294 -0.6401438341723297 0.2903929921925097  0.0283040115379166 -0.6420395727546303 0.2822200178636668  -0.01252821733425668 -0.403638753713287 0.3212155028739225  0.01509660234695104 -0.4098535690655198 0.3114237875219957  -0.05840769751176723 -0.421862154267488 0.3916637713331291  0.07844550043133208 -0.3895733002677128 0.2818703981902418  -0.07276490628915958 -0.4860325992915338 0.4494479590782109  -0.006127329699996756 -0.5729731894731478 0.4030564505093009  -0.009208313056092987 -0.5753986893389197 0.4018218726047443  -0.04812103308982676 -0.5766880367603168 0.4016158249694265  0.03565368212518166 -0.5527582888879902 0.3213896711005477  0.04342541566306346 -0.5257785053546921 0.3626121602354433  0.04542561187060355 -0.5409464662239437 0.3109801047558153  0.07329841823512639 -0.5683395623661769 0.2856623018439952  -0.02932993247652706 -0.05244605527102342 0.05459395803251212  0.05174675381362372 -0.1994437836406709 0.08507912309757953  0.003071041038317048 -0.1905759526141765 0.1280300454534865  -0.02447772266699259 -0.1821993965876965 0.1497479976652017  -0.04076533688270224 -0.2699390893228915 0.02683449753132303  -0.08313272298918954 -0.1686458417564244 0.153084399709314  -0.03208871825628194 -0.1852942030466826 0.151460966724862  0.03055281385384317 -0.1699589719496413 0.1809865051996712  -0.03968862566361456 -0.04198521594779402 0.051481658536693  -0.08211822853035568 -0.1524960042976308 -0.03439431282316745  -0.07940537273950944 -0.04774436792941589 0.03421679622232357  -0.2342040780051232 -0.5363000603264358 0.4721600772762157  -0.3293556225512627 -0.6129670327829889 0.5481975324659178  -0.2666901094719935 -0.5767823552589877 0.4444653986653093  -0.2247476026536236 -0.5804952667970034 0.4127547065194186  -0.3044452183430157 -0.6036576356631501 0.4879320691910613  -0.1694040127952078 -0.5364316678550856 0.4299228125247962  -0.1414037594406501 -0.5945575258672672 0.5443410345811196  -0.1491878913384165 -0.5957362323675163 0.5521438878463627  -0.1332877396913498 -0.552913490120575 0.4438700004067265  -0.1501619797421447 -0.6248835418250023 0.5717999055635535  -0.1915284225419534 -0.645098873843825 0.5819055721179125  -0.1981799560230594 -0.7120356895572788 0.5362106198870629  -0.3249882237984841 -0.6264193135478529 0.5576868365886483  -0.1689299658163972 -0.6804861409613433 0.5599296552430217  -0.1975006444416502 -0.7141314464317647 0.5327332441731022  -0.1779394447261196 -0.7228509133228247 0.5061288607066979  -0.05984565898746472 -0.1685979400820431 0.4006236873733983  -0.05436102659379136 -0.1279652078661074 0.3840088419029986  -0.001839439289750902 -0.1335251894747924 0.3542677313323777  -0.04136530114173249 -0.02213096984760876 0.4894631623732559  -0.185267706946963 -0.03131697116935477 0.4143072851618448  -0.1959566383437378 -0.02178176301752553 0.4154018139060958  -0.05048991140792491 -0.0156293028727518 0.4751031893611907  -0.1136477611354089 -0.1875980338630782 0.4034796750870295  -0.2397753293412291 -0.00168526736516967 0.4436141470924498  -0.2757538593030275 -0.002255264406585453 0.4414471126065732  -0.2814087993818151 0.0009275421141136525 0.4404327703443014  0.007189787883190427 -0.2358388968593343 0.4204439157433406  0.1273366269027446 -0.351668600170551 0.4593261790222068  -0.04077185835943153 -0.2983238072480713 0.3700441070409156  -0.05639683260354646 -0.3511530185632534 0.3931507656396238  0.003455302410711097 -0.22861725781848 0.4018073331207972  0.2026132650027584 -0.07509246080228719 0.4261714764459893  0.1972226477554616 -0.1873341726037479 0.4272736832593203  0.1593933444315826 -0.1941068146891589 0.3827972861375966  0.1790313310150563 -0.04894109481324804 0.4415031398936189  0.1635722885360815 -0.03109463594306353 0.4252266147510959  0.2081345640141782 -0.06614459226652906 0.392598583819542  0.1158687163145186 -0.04767754898886191 0.3748298231542178  0.1343791319380983 -0.04551668246865799 0.377540005280137  0.05441356575211696 -0.1885383390715656 0.3672391697339262  -0.03978681838020201 -0.4476560740416726 0.5673363178348851  -0.07981076698856279 -0.4609467362343188 0.4669928787389432  -0.1053328331620754 -0.3393417653010693 0.6366030280091132  -0.1134900024789446 -0.3489766320165595 0.6353274200871591  -0.1100317207381176 -0.3687232566326891 0.6256655047765258  -0.1319980496694494 -0.3698570006707398 0.6715564780435694  -0.07447580066042334 -0.4979878703112243 0.7247946094517486  -0.08630295287743089 -0.5082458751787522 0.7357026422094816  -0.03482760165088 -0.4887211004913291 0.7534248521667605  0.02155994825736138 -0.412609615094045 0.6816193037266065  0.01898185202979316 -0.4030365652128671 0.7199549588541123  0.02065228059922318 -0.4138821550700074 0.7508541028487048  -0.1909224710066237 -0.5627620432591138 0.4121623153606397  -0.1895035553143773 -0.6118441344415221 0.4000482706205601  -0.2653348218848902 -0.592936998153539 0.4035356663664297  0.1241576402384941 -0.8919566445365903 0.08845998842554322  0.0608420920086596 -0.8675904886173241 0.06694202782712599  0.126329413384536 -0.8928848290235006 0.09308302298055353  0.01239102587555234 -0.7809252183872055 0.1770405632077949  -0.02003232689092883 -0.7909317227945983 0.1583564431235074  0.09644444599135593 -0.7865172059730353 0.196462281049822  -0.02322855705786782 -0.7901567829672232 0.1543682006979555  0.03078576381154042 -0.8568942309507349 0.09332602282045695  -0.08330356841378758 -0.8151818858834313 0.1197166124172501  -0.07074394293303635 -0.8098002273308141 0.1330074741007435  -0.09280372843020727 -0.8586652386183107 0.07810255568849539  -0.05111360078432202 -0.789114720521657 0.1454987823196159  -0.1084600760128665 -0.7294279650742242 0.02494405123383287  -0.008049254046283053 -0.7180750361380016 -0.04814130456670211  -0.02676239320486162 -0.7886737264809702 0.1536382462264924  -0.03264863414525669 -0.8692988779737951 0.1126040765558214  -0.09237959843353541 -0.8594303643521239 0.07779315358148296  0.5526883783115546 -0.2321443560082559 -0.3753522334701426  0.6089976851775086 -0.2970993933053279 -0.367754808841217  0.5224483611036483 -0.2451957560262424 -0.3407869565784276  0.5451261734529054 -0.2361653720263728 -0.3949895413397002  0.5367815946123011 -0.3809514996330536 -0.2630239402670588  0.5408962930755706 -0.3945921079420336 -0.2589567545023302  0.5305366152631922 -0.3733952751645352 -0.2767033769135525  0.5091101560320047 -0.3418136826977736 -0.2557749040783032  0.5861135815239 -0.415514900186065 -0.2357323033308023  0.5928346972449392 -0.4127114404288664 -0.2332646186055444  0.6518703507097799 -0.4181722755669371 -0.2386573668219456  0.6533873961070171 -0.4173400005924812 -0.238590943411187  0.6666142550420436 -0.4255820443464765 -0.246726869884113  0.6107876681211967 -0.3079518618750059 -0.3803503602233905  0.5308553658010583 -0.367736865185629 -0.2852855928444778  0.6149456280256902 -0.307832557543348 -0.3796417334101084  0.5563571495107185 -0.2899782610833551 -0.4531591509445904  0.5248146429056607 -0.2644997062234424 -0.2786963302268783  0.5256138920044793 -0.2675216463700544 -0.2103938045936347  0.5116394417537264 -0.270379440374986 -0.2193858997827488  0.6555565357029596 -0.2367113346484244 -0.2169447498421819  0.5219806310567162 -0.2451345680746287 -0.3402716381783  0.5227855587108799 -0.2465192768727511 -0.3389584754811069  0.5162908268978339 -0.3536387413265037 -0.2776789503113373  0.5216127631331742 -0.3612236636070792 -0.2797654432744763  0.5225088596136528 -0.3064036989045746 -0.2960924196052306  0.5116839004464607 -0.3467055432674516 -0.2714657535683592  0.4274648177036177 -0.6693925611409423 -0.2852762298090865  0.4265348055651049 -0.6679958340295534 -0.2884947555494082  0.4193032812764049 -0.6618549448008015 -0.2824003352442708  0.4340958439523532 -0.7063021580832816 -0.3094261042857568  0.426300932061517 -0.6697820551357444 -0.2930394580805964  0.4630985393015589 -0.7077781175833381 -0.2469730026154561  0.4772456820436639 -0.6644695191787408 -0.2445520498742181  0.4959146968751375 -0.7571400928357195 -0.2736754355757663  0.04977640443839099 -0.3298450229100018 -0.4306650027288245  0.002142709993217681 -0.3603788522159543 -0.4350153366192441  0.08856092399886073 -0.3457987767291423 -0.445037833210275  -0.0337036782862373 -0.3270054452053533 -0.3849961791502853  -0.04213234988635105 -0.347567194978016 -0.4102388338531896  -0.05909213765399531 -0.2597610797160386 -0.3706312953071843  -0.0885046720341543 -0.270838572968699 -0.4162577267158538  -0.0207273219673869 -0.198739483284259 -0.3702995240396593  -0.006334050157899264 -0.2217590675792862 -0.358050564128257  0.01073663153238521 -0.4857115489555902 -0.3674613215767062  0.02091208130961975 -0.4694655783247063 -0.369431912838379  0.04795647744607749 -0.5262753811821892 -0.3517475772580488  0.02839039500209336 -0.4565859765733648 -0.3762099477012295  -0.006332811084227515 -0.3655564950989889 -0.417139805222103  0.008592552750723639 -0.5717399827773495 -0.5280448906684466  0.01064251304865297 -0.5810772599024348 -0.5230587109067136  -0.002005404931715483 -0.5394379542794966 -0.5364269097252929  0.02088994813666423 -0.5353770993567383 -0.5343222600829377  -0.3458761334792943 -0.4251737683048212 -0.3899611404989873  -0.3541153076810046 -0.4394221354231772 -0.4397581987775991  -0.3445970269565576 -0.4501164200517559 -0.4586255404107183  -0.3044457243018427 -0.4827508399273674 -0.503110446691108  -0.4998869416679529 -0.2789386061369649 -0.234098397925196  -0.2747226589462821 -0.3122028037465571 -0.1488752278574141  -0.2578569257664965 -0.314097994375367 -0.1814204313740466  -0.1412664590293934 -0.2676937216468005 -0.0431992578631064  -0.2070067619354864 -0.3186469154586464 -0.2167399282535007  -0.1049136517639525 -0.2131625798880288 -0.07347600507897048  -0.1070238802935295 -0.2030606210387667 -0.0777957048185159  -0.09160438513144517 -0.1974143552395556 -0.1255609762688126  -0.2065008331671178 -0.1522633970443357 -0.1287218486856903  -0.1921800812174704 -0.1515858134125975 -0.1542849636516407  -0.0902208334436642 -0.1947130091635461 -0.1388819721422131  -0.2706603091168592 -0.385295723239817 -0.09213912529782266  -0.2715236569111846 -0.3857685140875156 -0.09250035381629415  -0.2791431448478544 -0.3865088999799139 -0.09786381344118227  -0.1992340859999567 -0.4891137805439648 0.0392160827788797  -0.2192125824399894 -0.479057801739541 0.0539551048471357  -0.1771066193419106 -0.269290458089529 -0.2868358984370829  -0.1409178383922267 -0.245706562812534 -0.2900013722072274  -0.2387326529615755 -0.286794684006398 -0.2858067191237192  -0.2407949639326457 -0.292767386265877 -0.2791796358937239  -0.1168860983869926 -0.1393362652145775 -0.3095644163538401  -0.1244882700238798 -0.1272856741639882 -0.3121727815318872  0.1314446554009235 -0.1670641395393691 -0.149212664542353  0.1314329142727449 -0.166317480693468 -0.147382590405126  0.09480108134088602 -0.2859194588383756 -0.1543126661745504  0.1315254580202448 -0.1662174140780203 -0.1474611728071263  -0.7275386768140413 -0.42189028783041 -0.08469754224831984  -0.7104901379795158 -0.4295573550744133 -0.1214290254491338  -0.4298087004153236 -0.4988284619770662 -0.4438751513734717  -0.2027570139122306 0.6624281793432956 -0.4291616307243944  -0.04221683721128229 0.6588732154571738 -0.484626537110882  -0.0405043904031893 0.6683634312030381 -0.4441805328343755  -0.04176577352762813 0.6318239164196535 -0.511830216235976  -0.06897570986801566 0.6822593908595924 -0.4293346669316456  -0.06596631808989648 0.5528806225843051 -0.4140510192972002  -0.03310668355713561 0.5668034289323564 -0.4520951577533164  -0.03330695134786089 0.5812331401614494 -0.4369164525800214  -0.0648990784788427 0.5207853747199597 -0.4488034185833433  0.02586304892140769 0.599850090961254 -0.4041540734269863  -0.0722099195624813 0.5433741178036556 -0.4138877126328301  -0.2633997064304089 0.5516601641017431 -0.2965784166623149  -0.2825570475123571 0.5388777670394327 -0.2859786740513277  -0.3099096641921677 0.5498279365579666 -0.2722862869279585  -0.2783966177816257 0.5386924981139444 -0.2942127295722333  -0.226796454623953 0.7085018788302858 -0.329061573976988  -0.5926198550717198 0.4980352148027531 -0.6319597014780705  -0.550872288554514 0.5022870853021915 -0.6387930493824093  -0.5837337096767198 0.4761462364945352 -0.6039216934659497  -0.504946695306578 0.503784735878312 -0.6686465029704499  -0.5153694924495494 0.5230882955483919 -0.6417036779867489  -0.5847782364821251 0.471116413091352 -0.6005504292034768  0.2967511715983545 0.8119126279004267 -0.3054919520018415  0.2861631772684089 0.8108416738102752 -0.3031193412893466  0.2977985914879291 0.8116021585082056 -0.3050842393298426  0.8251965309429519 -0.2758912516243754 -0.3348298268170358  0.8183721368763317 -0.2395775782593655 -0.3378507680021353  0.7299152606627969 -0.3173489348435666 -0.4267449782961268  0.7955745582120731 -0.2922674511556421 -0.4734635539511143  0.7829360683998182 -0.2950446665273646 -0.3499677391596105  0.7082485980351947 -0.2992458325890113 -0.3771548507886923  0.7222606462307202 -0.3215760188627104 -0.4041149693892867  0.7387772917958122 0.5467738714470685 -0.2488890602661567  0.7333807188299351 0.5543304694257566 -0.2555490793488815  0.7990053867207035 0.5043183348479717 -0.2392952366935654  0.8312447318476444 0.454633605752728 -0.2806792442935886  0.7976535463916887 0.5047049523757766 -0.2355130745663023  0.8334983538855715 0.4483184671076634 -0.2801435807644001  0.7761875781911887 0.4252534999960833 -0.3444228464599874  0.4810426638120366 0.3401355226779267 0.1158920572512769  0.4956365738267829 0.2985807206878445 0.1081701666919657  0.5670188603192244 0.2232597073621242 0.1193180602485779  0.4699914787298956 0.3094151753549 -0.1249249412175296  0.4642397801625566 0.3071332042530415 -0.1225215154490588  0.4679497651874708 0.2958361555295687 -0.12319574813773  0.5000588017423289 0.3752757564946405 -0.09307247568457232  0.5076146841888345 0.3794271198141693 -0.09527974072510285  0.3166548549597077 0.2570743163606427 -0.2225476516621451  0.3399509944346167 0.268474017690184 -0.2207229231627524  0.2270564641343924 0.2913037344803237 -0.1306396994888473  0.4667517508901086 0.296800157822072 -0.1227938876728054  0.456322637400266 0.3103446992403005 -0.1284254407264528  0.2347711696917105 0.2743202547867185 -0.1596325048868953  0.355895107273649 0.4377027779451443 -0.4224075460313232  0.3199459477184383 0.3658995964113072 -0.28701523276523  0.3459096893927329 0.3780205622728109 -0.2806176926316364  0.4051331819461127 0.3156903864121841 -0.4802123324222849  0.5601616944253102 0.5438568934191171 -0.1782890367119673  0.4839134105677876 0.5722616350828128 -0.2383255901782336  0.6054465892363436 0.6212292554665994 -0.1848011914382635  0.5876686287945811 0.5096420892479838 -0.2261199676481712  0.5019822481885936 0.5406388789644423 -0.2962666388049429  0.6085924640762219 0.52272518509252 -0.241374701175498  0.4761381800679312 0.5723499004207527 -0.2525895914250429  0.4615458946674098 0.5612310222037762 -0.2717155571736521  0.5323755145347755 0.4289396538755839 -0.28052368367241  0.7215442035730762 0.3861471684829237 0.04461683604907583  0.6038158720120588 0.384695201656105 0.191130813625036  0.746973123110576 -0.03310407652362037 0.2132891985252832  0.8790405539353922 0.4705984583282333 -0.04358624796078629  0.8535701154919646 0.4616747706141615 -0.08295943426256087  0.8673568495048984 0.4511501756365146 0.02151887039133981  0.8594863300013184 0.1003344532047386 0.1957458858231412  0.9168016830934568 0.1505145139065586 0.29127917640652  0.9199267267455463 0.1511343280949107 0.2979203397200592  0.7982046739645818 0.1938039106442365 0.2740961570584056  0.8324186179808933 0.2708367964602695 0.05314785548261561  0.8337278844980862 0.2742553409887241 0.05014148923653323  -0.8255874050738057 -0.3002570945992599 0.369391635892073  -0.8423080042269313 -0.3090272157142254 0.4025648343707058  -0.296047093597372 -0.5164684589525926 -0.1824694160064998  -0.2084568909603219 -0.6033877834219527 -0.2113414517820159  -0.1623520666091422 -0.6122352683674942 -0.1663879119004856  -0.1799726205789528 -0.6372292871992404 -0.145423221064961  -0.2651752825144847 -0.4990158769774852 -0.1881147862012866  -0.2075972555928128 0.8472867665183602 -0.3880692098937797  0.1156566048277907 0.8824449150461448 -0.0949540834233954  0.110711106041698 0.8778845477039582 -0.1047304084793929  0.1810220934777335 0.853527693008041 -0.01686744684068668  0.1103475472845353 0.8738501789296854 -0.107569583545572  0.1073944038351592 0.8490567813440871 -0.151968903258392  0.07567601489646633 0.8069167816928373 -0.1826351758018424  0.1245796442097274 0.8210861694539257 0.4890669815333605  0.1065115921155596 0.8345232861213858 0.4431265605127827  0.1052526937754875 0.8390381791622034 0.4359195592251107  0.287334287197973 0.8890831842365265 0.01763231224317579  0.2205714874847874 0.8939124500582667 -0.02659737238734086  0.3137489616847426 0.8253587464038984 0.07339404114481736  0.1849989308010349 0.8430724735730335 -0.01710149591610505  0.186429381068535 0.7742105031695238 -0.05450438442617033  0.1740501437604491 0.783147398447013 0.01322847220926139  0.340419134180351 0.6077205759114657 -0.07436282220332188  0.2773651314892814 0.6517145368276244 -0.04289121126801747  0.353289857975385 0.6054154388760724 -0.06877189260491694  0.2806544994632995 0.6788128388822837 -0.1874108283297959  0.244552463673935 0.6814956474223405 -0.05999110960525376  0.3085793295814911 0.6494317369176379 -0.02337830073048  0.2742129909905803 0.6783664702739056 -0.1987724530846524  0.2315255444813031 0.6834521077128123 -0.05952964126551444  0.2501543728956934 0.5697572302786597 -0.2683194935118502  0.2497986864871375 0.569686716786849 -0.2686717631983025  0.2545336670088283 0.6864366103959059 -0.1996811910429513  0.1601111371411097 0.5932485323216247 -0.06375021519738064  0.4158085729089158 0.6192250728824368 -0.101466579931877  0.373793688758384 0.5347006939822951 -0.05862713021375136  0.4054770703589607 0.5358924337985005 -0.07358583396686155  0.3388198179543386 0.5116005410378804 -0.07327720748148724  0.3800629178537671 0.5167597937813256 -0.03601625418921699  0.4364363077090589 0.525250250430024 -0.07159314790083814  0.4855167988799898 0.5732741229132755 -0.08975538651666037  0.4340030192699211 0.5062046691237314 -0.04377998598898827  0.4040677079781661 0.4938639968690562 -0.01386992071308193  0.4313399632649817 0.5821949055025893 0.1033221625230221  0.3836660745141394 0.6101682521762827 0.09806863401295286  0.008781492214426756 0.1277417691820565 0.6291597519577542  0.07364629200993519 0.1710591213129607 0.6485032487197395  0.004074053375473341 0.1278456161417268 0.6293250779063524  0.1655631929943037 0.1811776070710699 0.5925632464944788  0.1683226884787564 0.1836967490288135 0.5903036963065833  0.08197458077350721 0.02016346982715876 0.7387740081666221  0.05283978240238096 -0.01838373656404588 0.5537676503049463  0.07919651618872568 -0.02349171661144428 0.5659201746110394  0.007312538634838675 0.0007212412343000213 0.5056438842141742  0.02051568632581661 0.1968510671057687 0.459295810611412  0.7704250162035673 0.02461544499360159 0.3429361563454572  0.7753305102526405 -0.01191156171192851 0.4145075344112036  0.7701464333066484 -0.01668593849599632 0.4207802414532034  0.7340089780144953 -0.02472720287735987 0.2244516125976962  0.7642542215381996 -0.1156778982645727 0.3036966856475994  0.682483856032672 -0.1190373004147235 0.3040657670042842  0.7623375997354401 -0.1189413512716437 0.3064474832820581  0.6449275217230338 -0.07811572372189921 0.329170729092477  0.5656462589060263 -0.02656050435328022 0.2301041119132671  0.6317463858918445 -0.03152441252061088 0.2885194109264643  0.5761380372040411 -0.04344073914031404 0.285198202016584  0.6581858140745803 0.02671790308903413 0.3227959873228144  0.5339708366196104 -0.03005404045698414 0.2966244932653722  0.5351096372990551 -0.0312490948017654 0.2987769497784272  0.4958700713820591 0.005856240489982876 0.2926301296494644  0.568844202587963 -0.04272281406168479 0.2782677688543684  0.4754121883917751 0.05731717994640645 0.2842521601392016  0.7833315874744103 0.203285721399779 0.2658780616153152  0.8029106899146946 0.193879223962201 0.2810808825330447  0.7221908283581372 0.02630343771081492 0.3623093446266165  0.6787438496344697 0.03499365681941839 0.3497796997391198  0.4537999212217564 -0.08160980953092162 0.3506331687556509  0.4501452318441885 -0.07999559724396106 0.3540998201358615  0.5878076696326875 -0.05173158588753594 0.2955769171539696  0.6373497382318278 -0.07594060541471746 0.3297798154067216  0.4337214009625042 0.04146883717863142 0.8535191489591853  0.4345527865604258 0.03880744758574968 0.8542915410158569  0.4363021018165125 0.05676490099501413 0.8420695668794504  0.476497828917986 0.01806837620135952 0.8265244353279623  0.4109763784038258 0.1635354400690456 0.712507839534917  0.3677458286515463 0.1251001535182963 0.6991896723291565  0.4171828794900542 0.1646514053800421 0.7185656834177181  0.4495728315829412 0.1459474916992695 0.7059367400389378  0.505544983686169 0.08566175760844495 0.6712539851606572  0.4927984029577764 0.1095794963441108 0.6865210493911167  0.5027152564297055 0.08436275041198316 0.6698637159208801  0.4736658222330773 0.1293370986040061 0.697762075079289  0.4900232266067049 0.1182753203312072 0.6998596698122678  0.5575871173207401 0.2178207957210099 0.7419572580461642  0.3079052867940342 -0.1648573341374414 0.7702156577714088  0.3061869363769165 -0.1684469152825795 0.7716378962068635  0.3161450428607013 -0.1686082996702239 0.7615415899756852  0.1913086066035545 -0.1965417226372468 0.7815842759075328  0.4527449771526285 -0.02495804214953203 0.7558740374511056  0.362218476808192 -0.1399829365800175 0.7855856698772229  0.4660911251277668 -0.02699960480076373 0.7542259040391173  0.220630355929555 -0.06430563363440771 0.5780158130852311  0.2203199992302005 -0.06567151008827334 0.5774957509555519  0.09877058685360032 0.0115065847407107 0.605749932334689  0.1058608515134496 0.002469946385858131 0.6210047675741394  0.2486756034371746 0.07849213322310131 0.6072162058931044  0.2349998813720623 -0.606815741449808 -0.3809193743247574  0.2111203667664232 -0.5767221821783424 -0.4000959531261915  0.2385615811848386 -0.6405759050764755 -0.3763023074697347  0.177681141074633 -0.5169841595082977 -0.4457137836234875  0.1775995400774338 -0.1479005276474366 -0.2565104540871499  0.02157702643531582 -0.2549583698663916 -0.2682870796205753  0.02609845214454919 -0.2213524649769598 -0.3431266396979512  0.4201489377378695 -0.4154381840493035 -0.7901762155407073  0.4108548609102423 -0.4184888025459864 -0.7921147558966486  0.4405586125699373 -0.4388950012846377 -0.7572917545383974  -0.1184937612547294 -0.127736286938813 -0.3102056082744147  -0.1731387716312568 -0.08680345659074891 -0.3501705028046607  -0.1838476442064609 -0.09111677077977302 -0.3662248815996441  -0.1159242429278216 -0.06484601649170499 -0.3471051716351634  -0.1820215955852257 -0.08755564213024539 -0.3493645171371426  0.1731603879797257 -0.2162720291436293 -0.4776504395238336  0.3407326029059398 -0.1665663282695132 -0.4122273905392645  0.3361844941216315 -0.1551246000347063 -0.4139689723880892  0.3460509530184475 -0.1875991913053817 -0.4193159906376862  -0.5103231395954112 0.1430105504127216 -0.5511065199046818  -0.5143894241627818 0.191351654959224 -0.5283490368239259  -0.54037066228824 0.3369827106761196 -0.598041964196954  -0.5439512939572162 0.3378125717143891 -0.5986406320527916  -0.4135751522738996 0.06203282610636307 0.01766990155518016  -0.4021923583605834 0.09940591868575244 0.02751624426100951  -0.4212897858622402 0.04799863860898824 0.01736970550285563  -0.3920804620566205 0.1174674786945195 0.0370813423381996  -0.2133903727337563 -0.09127717242609401 -0.392416005431352  -0.308986662334699 -0.0228825493984836 -0.4952422807961585  -0.2326651935766632 0.3953421014869591 -0.2826573103414224  -0.2207652400168504 0.393657680347007 -0.2750601407936898  -0.2489047176571483 0.409053723990947 -0.3213584784079482  -0.1646776417119353 0.3930383458163316 -0.2574246319633184  0.2272579490112404 0.4499675144822842 -0.3635378129623659  0.1809895267522629 0.4078834590768798 -0.3862765647389591  0.1781292904242958 0.4055928643319276 -0.3859931884713569  0.3031455511963653 0.4343905908706834 -0.4312024453052676  0.3043923788445762 0.4397144651665723 -0.4344732445704356  0.2152640448681287 0.3187485378687959 -0.4658488258527037  0.2115012320082716 0.3807309596372252 -0.5357046368937259  0.3128318999938713 0.4400807594235849 -0.4365258294514133  0.21466222138213 0.3187346629862257 -0.4649701738494824  -0.1379407169393227 0.4450549793052876 -0.1482647136218443  -0.2050841573866793 0.5607568428645801 -0.1585742173332805  -0.1338819450149634 0.4420645446836188 -0.1472124512698824  -0.2283758719132301 0.5589112544391666 -0.1815585829949171  -0.1379397998300325 0.7245914025716114 -0.1318380470360223  -0.1563981652941957 0.7145091332642663 -0.1742311109613541  -0.1574466043988936 0.7119390612567619 -0.1859152250457156  -0.01677751298509016 0.5858853273296522 -0.2301560073188568  -0.01570310639818991 0.58554233101703 -0.2294704562378629  0.6505565247749636 -0.1414225448888428 -0.3673511549419307  0.6846095896736347 -0.1653856210158298 -0.387737174613033  0.6497342856525674 -0.1409587895240877 -0.3668885199523871  0.7776833635545313 -0.2042181592370592 -0.3532126436318185  0.6324506470448479 -0.1534420259058974 -0.3628937749536023  0.6291600097989808 -0.1270461763052979 -0.3973959005076962  0.5912931447345147 -0.1603646132135196 -0.3813285986071674  0.5616739203807689 -0.161510307481325 -0.3992968239706092  0.5693374306967544 -0.1098024536341614 -0.4576559972930941  0.5561696199860408 -0.1548130703746586 -0.4111048087713877  -0.2388540520086566 0.1510622602361184 -0.06604988825793379  -0.243558363772544 0.08181416119525406 -0.08079974258758027  -0.2751256441740669 0.0648188759276186 -0.08048818749003006  -0.244504644842566 0.0811576390858418 -0.0802621533938029  -0.2806862105796072 0.04878069833386536 -0.08029404228439675  -0.1856832696458035 0.04659534172091687 -0.1284579827117343  -0.233724237109302 0.1064375676012072 -0.15032724561261  -0.2225299825768277 0.1016413935752776 -0.1635911973581987  -0.2879894266383074 -0.1084786741856258 -0.02135370013373058  -0.3295913365342313 -0.04986026395402106 0.01837118792957348  -0.2844930639659019 -0.1170679259634653 -0.02831258438592233  -0.3687718163493844 -0.03312036090691439 0.00479112397662057  -0.3258971791646059 0.01495185708647103 -0.006872602708289204  -0.302651339894509 0.05217953801825834 -0.0507749191869422  -0.334308433683795 0.2034549960707933 -0.307113908457837  0.3421930246957695 0.2039913043918781 0.5993387765415034  0.2673054390300154 0.1279093779474683 0.6540236440300862  0.2681196004220812 0.1035388116658609 0.6253893477904866  0.2401298199534095 0.1598335718244798 0.6567813119202701  0.2992515588300724 0.07652438220022081 0.6883957129176257  0.4670837024325983 -0.02142017182053925 0.7402153566135495  0.4451931162808158 -0.0343816495497381 0.6295385203022568  0.4721821027595831 -0.02650354049272675 0.7500138795291692  0.4200546854197021 -0.03649641153282282 0.6081028079139631  0.4902806392094958 0.0713185956459815 0.6238016801874607  0.476482497588074 0.04450502466345404 0.6091879300309272  0.4179747309289046 0.1630527647260621 0.2819519622476565  0.3495069607411204 0.1149665803085031 0.3410402922734078  0.4259742346140259 0.1569649161672648 0.2847370473829025  0.3135853407998974 0.1391761121039666 0.362268744777641  0.3085489348639584 0.1002079167161306 0.3148994058372001  0.6220724338911334 0.3701029997503653 0.2136562047625412  0.6723502831325716 0.3641606154502324 0.2179677209382073  0.5386107647110773 0.1256257928673782 0.4112528648795311  0.4158322378572678 -0.07817913348665906 0.4080606333037787  0.4448936990472988 0.1105880464635639 0.317791706875479  0.4162632666749501 -0.07791919416380987 0.370544701208826  0.4159463316164917 -0.1453497570131919 0.2885684099479562  0.4674190964778897 0.4535911654026267 0.4951355109356364  0.4953885994240759 0.4139107783493057 0.5934500792962266  0.499533574616336 0.4068815742939443 0.5955021477369501  0.1772831987985952 0.4243607578457876 0.2858082393393649  0.1782716340068433 0.4088136469153852 0.2945290925033102  0.1576529700865981 0.3771601553980382 0.3382036236050796  0.1389172302905878 0.3784151036454878 0.3588661220157209  0.1042923802975816 0.3625763075731797 0.3713482519888617  0.09407438054680423 0.3508976228344693 0.365116531764934  0.1989488693480479 0.1127832160382344 0.1188184260175564  0.1740065531767293 0.1664688878471744 0.1855395355311581  0.202171433952943 0.1754482111545462 0.1072254402623258  0.1726685119764191 0.1688561000540658 0.1883816707579519  0.2036647037733801 0.1740724485441555 0.1063712751010684  0.2155158280726199 0.1818647179024662 0.08916050011700155  0.09026246924447225 0.1237800461697436 0.1819875357682071  0.03961946096742193 0.1320758684606006 0.0794816609004739  0.03616963546098092 0.14999000484133 0.1353762149135201  0.04255243902356135 0.1279732111840223 0.07565907788357543  -0.07311497979536843 0.2480414199974599 0.1345343343940992  -0.004752560813645459 0.1673227098833844 0.1201521106450743  -0.03611098762705203 0.234198581106866 0.1283411645504743  0.1277187609165059 0.185928496323545 0.1909916292886996  0.1410064815961776 0.1923795097057038 0.2089148260744706  0.1082870951892395 0.1888213371650487 0.1761378775963393  0.07200586389478902 0.1205131786156447 0.1697665093534251  0.04867487830766633 0.1097334385565122 0.1915169174102913  0.06879907304755187 0.1860828473664932 0.1484502695379509  0.0312839497437876 0.1181529504175414 0.1834954134043937  -0.01101444152852445 0.1792343691982187 0.1179959961109707  -0.01176315752070416 0.2312554117502896 0.118686072019496  -0.1905958792803648 0.4080559603422922 0.0006142299206550461  -0.1272129741013139 0.4397046182809137 -0.02360451470537402  -0.2595170766020622 0.3802814653816973 0.02714149168875135  -0.006245758733696566 0.5098984635688428 -0.00988982031397536  -0.002782525709001633 0.5000619231045385 0.02067202642625943  -0.07110763017784985 0.5176639641853211 -0.03298385850318075  -0.1150770391425828 0.4714375256015938 -0.02749802585280694  -0.08521038982657536 0.511718140486852 -0.03278142922340818  0.007885330331443341 0.0885198162061583 -0.107459301112146  0.01112381578197097 0.09912806755753638 -0.109611422670066  -0.05193613487674965 0.1842595078908744 -0.2305478281014284  -0.07441429810097297 0.1539514430866278 -0.2374574620543652  -0.02959886653700162 0.187794276033771 -0.242523472887636  -0.08420421293445281 0.1210332697323478 -0.2270900686423346  -0.03760526285897531 0.2932234592634023 -0.0642337112687346  0.0003589324263683774 0.2744098258655559 -0.05441817879431721  0.01890395584975474 0.2888715935324296 0.01323766115842786  0.04283319056415523 0.3009609333047331 0.01632263389064651  0.04337326626885781 0.3853890609910551 -0.1414527752927977  0.04266053210729442 0.1330698297749814 0.07445352456355619  0.1073769136587054 0.1810997186936913 0.03829551273352273  0.1059578873777051 0.1878461905112657 0.03240861081612333  0.03798423968524466 0.1099657551218523 -0.008971568136871708  -0.03861112394959558 0.310929839400184 -0.1220923823871139  -0.07427316024170692 0.3022163175001428 -0.1247238469186469  -0.07586154882692867 0.3089186921558523 -0.1268198668586072  0.1516434312647131 0.5254232866745082 0.1995089538930163  0.1673059108527187 0.5258660587213076 0.1807422598154206  0.1447464609897323 0.5776945297891782 0.1225460962813767  0.1358597334249462 0.585828773606538 0.1195726655022169  0.1440484991937579 0.5875006771085517 0.1165371421271411  0.1070972766235822 0.8389773985506871 0.4239103339139995  0.7291888251651174 0.09049256766927764 -0.3131797428310739  0.7289538553939195 0.1113916415912628 -0.3421879686019341  0.730692728473177 0.1190577392520167 -0.3506356819212844  0.8225425359258492 -0.2382749398466371 -0.2420545564119729  0.8093015494054329 -0.2442686634024433 -0.2316894292567936  0.7124158736951369 -0.1411310699092879 -0.256066033598362  0.6884867280177318 -0.1286539332249997 -0.2565033772308238  0.8066081256216981 -0.2460193999631489 -0.2303831744179185  0.7946761123944821 -0.2463120089880551 -0.2278026834923776  0.5950123546646324 -0.2166823779205886 0.07660215474479783  0.5783892406117962 -0.2103858564664599 0.06716617157458556  0.1413603256158687 0.6604038629335054 -0.3175277108275983  0.03109637615833905 0.6758092870585428 -0.4039820554645652  0.02577861428644659 0.6822457511203414 -0.4072239438913132  0.1878308963916088 0.5498464279654955 -0.3130929177308598  0.1401120109557865 0.8165213732883638 -0.3696335188432872  0.03922622771599032 0.7312280524940423 -0.3335886929777329  0.08656678209461806 0.7710403429342019 -0.2892550187089717  0.02199408893215189 0.4681298991077625 0.0284644500617756  0.03837215237823988 0.4677367698942972 0.03753551356980564  0.04403545328007388 0.8467022271645953 0.2793757257204955  0.00808180968742267 0.8411852990053403 0.2594381603375693  0.06174014825228651 0.8335248353470665 0.3029284684614296  0.0002439276902989548 0.836663834016851 0.2182572249068531  0.2590598482616177 0.6544109610506477 0.6418177707246652  0.2905211228692746 0.5895258461243003 0.7047537484730514  0.2936396151630707 0.5868305115019503 0.7055541634884265  -0.07834449486897545 0.2797282940052558 -0.3941721698132756  -0.03500075551449815 0.2606389212055416 -0.4088364562509639  -0.08522822210742971 0.2847106228659718 -0.4006292631149033  -0.176249504455641 0.5677511917144071 0.167830468515567  -0.2422520694361817 0.6175216856846271 0.130421675074529  -0.1178463766126327 0.5755555264431502 0.1442663154253374  -0.1074866050442287 0.5846667118433546 0.1389996815410247  -0.09397739049250101 0.6123379354305267 0.1345304991142364  -0.1745906887727146 0.5515599004497369 0.1831539611493321  -0.1952739109838634 0.5343661539362677 0.2029987676868819  -0.2288037593638302 0.5054349019183929 0.2097681569413045  -0.2339196595093264 0.5009119533786769 0.2081920725335926  -0.2847800206006667 0.3327132207577816 0.1476592833850633  -0.2866869165161172 0.3335235928655718 0.1470129199103373  -0.1889876136667227 0.3056653726249741 0.0869051211016087  -0.2981284264230334 0.3216065664446401 0.1615912613588786  -0.2897447021555809 0.3355450535884584 0.1410494681488736  -0.3016696555185988 0.3225008736927633 0.1574247808379384  -0.1935727049420512 0.3086532874961938 0.0782580244395442  -0.2706471717262973 0.3579369925650686 0.03267756638469278  -0.2733682454287086 0.3653417953651307 0.02964233171075957  -0.2697269652808101 0.3765403445565634 0.02650496324938971  -0.2717745214376991 0.3861991146103542 0.03134978055061886  -0.1286344144324868 0.7111278303346857 -0.1965981424096725  -0.09133704820347255 0.7245791865431254 -0.1430802922417228  0.0001646018777577418 0.8466231699775604 -0.2290359603978648  -0.01499314582397647 0.6735938331784862 -0.1255572640882462  0.02110738983166979 0.810829564155143 -0.2270519112140153  -0.03857175773468538 0.7555658957569723 -0.1315558846499676  -0.04178025086613725 0.7600777686550561 -0.1272526753763758  -0.003911169938250303 0.7279918771608473 -0.1235611127445451  -0.04478978285154872 0.7719847196176943 -0.1224391898724682  -0.2754159743061517 0.4965287259683539 -0.3434747422581301  -0.3699773151412978 0.6072677266252318 -0.3809815691240526  -0.2331296377511247 0.6985660613569104 -0.3840520076957608  -0.259166970264215 0.5586359871551324 -0.2995173769545832  -0.2324487188721743 0.7010777119386647 -0.3826645979747009  -0.225720600784511 0.5369815103788312 -0.3540601970478617  -0.1776843557540897 0.5316404737399709 -0.366278120084879  -0.2330505153813019 0.6242894075567589 -0.4936977875964584  -0.4625650957767368 -0.06248219593978636 0.347303314898164  -0.4530585586657943 0.1662320526243868 0.1869172029861889  -0.4523330118575125 0.1691281204501684 0.1867362062044259  -0.5181154344675351 0.1360729250908108 0.1951562088465977  -0.437411618251251 0.2257001991143552 0.1843803673276662  -0.8118236462287962 -0.1049974908598183 0.4581017461968788  -0.7131173708848568 0.001037433873311934 0.1928791944087316  -0.7090256198915266 0.003942377075856755 0.1942114331180144  -0.6899344458680557 0.04036909135705274 0.1874810174476701  -0.2643421807605532 0.6167615168722073 0.06451253970240106  -0.2963240726452113 0.6215522812447456 0.04398718776499345  -0.2575832299641064 0.6035584464925641 0.04349557837919886  -0.2492489768769695 0.5953211511035242 0.04223380966003999  -0.2504042626264795 0.5810986484333674 0.03834090291222031  -0.3502604401689657 0.6728649969377112 0.01917477665210611  -0.3248155609511996 0.6271274470208928 0.04232118153635685  -0.3559544317484155 0.6727650077782696 0.0194870261412072  -0.3208219718316606 0.563572338722976 0.02593496697494885  -0.3632781207575547 0.6757771429757369 0.0115319058662605  -0.4843630163587628 -0.05939757130993568 -0.04170408518462173  -0.5148752701748043 -0.05220172971276375 0.03114382721232956  -0.5106501324858864 -0.1199782472123286 -0.01458678062834579  -0.4889820836916008 0.01165403661751613 0.06371011621209867  -0.5377976357175983 -0.03084755539261076 0.03963068580626915  -0.52489988191913 0.01015696571439593 0.04776441189201322  -0.5548736840179974 -0.1096618921898661 -0.009240530366447355  -0.5435285676393269 -0.0252097288907057 0.04088571018652544  -0.3260903503431883 -0.3457779300483082 -0.162835308994702  -0.3573211936387341 -0.3378826861143859 -0.1597948058428625  -0.3126978515589466 -0.3420031995234426 -0.1653068927403384  -0.362822348750211 -0.342138012419979 -0.1601999789191864  -0.4315879107574338 -0.4382875161232396 -0.144752101335022  -0.2905570700936079 -0.4150988711470089 -0.1197342992252693  -0.2875659052176508 -0.4110320676060146 -0.1209538928269873  -0.5107723246001749 -0.1401385048189868 -0.0111901836728994  -0.5110241779462699 -0.1326674964331241 -0.01009658949606319  0.4805771182477495 -0.5833752882116299 0.6186782216045207  0.6961340818724817 -0.5334486811843325 0.1469856342881004  0.6583294608577229 -0.4734036846671408 0.1279220509217382  0.641321230488068 -0.4838957516814861 0.1281848880286923  0.6259154289126091 -0.4688929722425755 0.06147228471701317  0.4545524342308673 -0.8205626576687288 -0.07167217410984113  0.4960187631438392 -0.7826233161107884 -0.09031045489095711  0.461079343027092 -0.7428048515055329 0.02262352770850402  0.4183158503857646 -0.7233907483505547 0.03813825052169607  0.4806645811331089 -0.7448491684429218 -0.08771631262247298  0.4472381502796269 -0.7280337038086128 -0.07663138724914498  0.4973436408006731 -0.7683575361670271 -0.09199091980008833  0.413916000206666 -0.8404706935209243 -0.04404281962140649  0.4696291581696628 -0.1807980420310203 -0.2868140603485843  0.423102658887512 -0.186901397657935 -0.288021883450119  0.4235480480018242 -0.2478842290561954 -0.2075160153299195  0.8216115435200491 0.3270640528626932 -0.2955510128091817  0.8047744617760283 0.3422642388470021 -0.3140985572094808  0.8059913818200097 0.3044316189927319 -0.2592494607136804  0.8218912161009234 0.32754053198818 -0.2959386891401309  0.7909189752895281 0.3421945563554922 -0.3110396716397132  0.6769469638340797 0.3027201562615561 -0.2292125902096214  0.6708953606778678 0.2931725251693753 -0.233817574333985  0.6794940249635473 0.3356958120669709 -0.2777901981642841  0.006249219992710359 0.2914767280342384 -0.471880153812043  -0.003637210622793995 0.268246198575298 -0.490904736905545  0.008078699039498247 0.2944883078556471 -0.472374945762874  0.506602083053409 0.1372173708365535 -0.1796246115277673  0.5364423503084093 0.08309138817610266 -0.1895421416633245  0.5069865052316631 0.1383222880248962 -0.1796354899289196  0.354885287152604 -0.06064186913641872 -0.133905237466188  0.3532549839889745 -0.0589240087727073 -0.1336342568856618  0.3299898662881739 -0.02131193916932694 -0.1614115972449817  0.334210876963828 0.04313112780593972 -0.1360276163673812  0.3668455476833568 0.05447153575059657 -0.4457931967206297  0.4467479935187676 0.1321465302072948 -0.3929526835319919  0.3676121805330187 0.04091326105057264 -0.4585330064073135  0.4738718887542714 0.1001734989885201 -0.429045888222678  0.4938333054315435 0.05033279843623052 -0.4368209132522594  0.4716248554592911 -0.06562613976971038 -0.03810138443084506  0.4374470284307557 -0.01679793677027807 -0.03929031609490333  0.5041013232464334 -0.08905773245460705 0.01910792299148249  0.5188650922254936 0.04945104588317937 0.1463042038355749  0.5712369368242344 0.03341774233696201 0.1514221029797759  0.2102032059152052 0.1216012119686943 -0.0543197672247315  0.2204839538496303 0.08324066302519353 -0.003766345751811343  0.1671642739158859 0.1087904519544625 -0.1129535468496876  0.2344613963385299 0.08029687851159265 0.003452919994996714  0.2612343074611859 0.04070678322566199 0.0220776064848637  0.2069420941937568 0.1648159291154072 0.09509307294333952  0.2117083797187539 0.1705974222499293 0.08968364356502977  0.2313730532366559 0.09109009552347001 0.1031403708872742  0.2380687418199907 0.1757939220604645 0.06903484159369491  0.7841250972572354 0.2064021783598421 0.2714805549452533  0.7480151195594648 0.2057738440584299 0.2459099258600677  0.7848247610283339 0.2065241864908117 0.2726769778557024  0.7451533826141294 0.194960442878476 0.2263968178995646  0.7253367655091639 0.3185738723920342 0.2057051603774986  0.7361522962165281 0.1838582001260282 0.2119441758604794  0.7120145690113128 0.3418152242908131 0.2138226652194543  -0.3553909579680196 -0.326759012815227 0.248746066695645  -0.3996522932851795 -0.3244456423987475 0.2109491982670989  -0.3439487512545039 -0.3693413458389274 0.2650892186084814  -0.4829629702357325 -0.2514737880445738 0.2478187642046167  -0.6202858410437463 -0.1200504527615119 0.1973564762921921  -0.5655249052094834 -0.123665796663218 0.17569275332274  -0.5511822880734348 -0.2682545688549544 0.2857872130888164  -0.5248140924166925 -0.2527127689020031 0.2699580693071432  -0.4072453171775772 -0.186724812582269 0.5121338687203297  -0.4648426284922835 -0.07312307319316172 0.3402503022648943  -0.4997034434174052 -0.07626040955736833 0.350443282684513  -0.5558664561659192 -0.05323799339711596 0.3232762075996616  -0.5314506291611767 -0.03895237250888108 0.3894341136386015  -0.3004263961208165 -0.1610458194174955 0.2887727192633433  -0.319356911900663 -0.15020243583851 0.2897376977074879  -0.2547693583276306 -0.1178190401797582 0.2819854930757739  -0.2157145005619142 0.117289947380059 0.5640267794750365  -0.2640971085351911 0.1028263063123511 0.5646510043767289  -0.2779329112830593 -0.03244042056077738 0.6339294323322907  -0.2758119148064469 -0.03362548775833699 0.6211893192653245  -0.2342365986258957 -0.01255627961449471 0.6508176716812428  -0.2809925259419799 -0.0270951126441859 0.6174554751284764  0.0282946481486578 -0.2035032101172234 0.3698851730481457  0.06878872584066205 -0.1713568913145867 0.1771865440542338  0.0857049348594742 -0.1610195946638165 0.1814921169418882  -0.02090974384072467 -0.01765581394594828 0.3024869271589666  -0.06384054832052935 -0.01600820733073972 0.3323299164424918  -0.07684962275047059 -0.02169226660136974 0.2728162039112074  -0.06601367673108723 -0.02122533200805637 0.3383892567008858  -0.08764911986553008 -0.05986517180877595 0.3488437031762432  -0.08817809691239946 -0.03498477697460714 0.2522710575944229  -0.09621392203297437 -0.04923778659608367 0.255784429619141  -0.3133702380222907 0.1188592352446538 0.5396806500223138  -0.3152901726088764 0.1179963968002956 0.541240297778236  -0.333163758564273 0.007165621218357824 0.568542743161067  0.1701475883002031 -0.1819301651891821 0.7754660043895713  0.1226222067067197 -0.2502627354328523 0.7051160652864221  0.1074340662150324 -0.2664581033621389 0.7007596997970611  0.1065780140945378 -0.2896597075127804 0.7054922827702427  0.07730659528673919 -0.3429200721584492 0.7471714319191157  0.1712794249520151 -0.428895279870212 0.6377841590690768  0.1703425325801885 -0.4282737982518353 0.6502270409651965  0.1725644157415986 -0.430501100928566 0.6361583555328727  0.1771684749829541 -0.4862806513956739 0.566651973927188  -0.1769824585641059 -0.2686357104876709 0.7727779464838206  -0.1734610409380731 -0.1628605903716314 0.7215796416617249  -0.1751183140899446 -0.2741237669094039 0.781465588332523  -0.1807692080787519 -0.1541709692758183 0.671941907443462  -0.1831305316751067 -0.1587466420326148 0.7053750346198395  -0.1113643071154139 -0.2981206662172754 0.7502866035404452  -0.09188720042210446 -0.2922936372014578 0.802899289555526  -0.1689468464993986 -0.2722142948163863 0.7985389099114624  -0.1752584892598147 -0.272219420655413 0.8001406550435688  -0.1693035007417236 -0.2794612514094481 0.8072340291010418  -0.1409669405603662 -0.2865999760126439 0.7651471496837401  0.5711115376868575 -0.3647036585764724 0.4088011244045182  0.5883409139872228 -0.3513318957434808 0.4097140188320957  0.4150411638650529 -0.148425797349258 0.2888336470940788  0.3251222235207019 -0.3069732427436287 0.2857165364871275  0.3144790544472644 -0.3239362777655613 0.2971133756018371  0.3367739410662837 -0.3972532660579459 0.2855439255890905  0.2566669298557255 -0.2962600495565332 0.1633209829178794  0.2452544410346734 -0.3679982327195103 0.1339014171175755  0.3785215039509364 -0.3449479362550811 0.09424938900628682  0.1400124435695466 -0.3618332432734908 0.02952955597837955  0.121066329269478 -0.3525882466498723 0.02403059571007261  0.152553826000808 -0.3708568237529705 0.03288017508181598  0.1481601549021617 -0.2132985925693373 0.009085252695013327  0.191423048099168 -0.2018082646092114 -0.001786788330156427  0.4338601892890631 -0.7834220892286743 0.3677760618270659  0.3873801486016298 -0.6892532894218814 0.4955259947965007  0.3451604089534048 -0.709282057377617 0.5054142277073247  0.3158596336552357 -0.7284018173143332 0.5021777833168173  0.5173411059645605 -0.4691701475785364 0.4984734727224743  0.5049386853938869 -0.4981166795493587 0.489478851876142  0.6306332281434425 -0.4090147558996922 0.5172959888615101  0.491768515053633 -0.5047475932197387 0.4609627100322591  0.6414871433399918 -0.416524666556183 0.5149833672028935  0.6495503451150132 -0.3992516428352902 0.4870763355947584  0.1999797275288085 -0.6212770707269123 0.4469980867477336  0.0853605798570789 -0.6389827886524216 0.4245982125075322  0.2128771118844032 -0.7216108435116164 0.4891487628519048  0.08517436904221415 -0.7671256219550818 0.5194346856274725  0.03969470888631975 -0.6323947659583311 0.4422434174498023  0.03833546914365463 -0.6348415950435902 0.4419990055656376  0.0375197538808273 -0.7497166122995088 0.5398842731064191  0.03437625699224311 -0.716123733989616 0.4639825424378331  0.03740636639730359 -0.7495991579339937 0.5397518969908696  0.3213646828119265 -0.7893841717755911 0.0291884713210488  0.4032615137582207 -0.838690346845046 -0.06504737079809426  0.3874487064906149 -0.843978004175795 -0.08966582386902686  0.4036482905090245 -0.8410508046517221 -0.04584256466164961  0.3821448048228916 -0.8416117457884341 -0.09337156310225248  0.3734414259327331 -0.8363451687785166 -0.09793109043161798  0.2941257088796868 -0.857240539022877 0.1009109037900412  0.3287691483127319 -0.8496260573090261 0.09064770201712608  0.1916243267033864 -0.8326875635554847 0.1347810478943153  0.1871184195452147 -0.8282969698642301 0.1397173413832732  0.1081640077083008 -0.7830039941298578 0.1972788247116382  0.1025364460125651 -0.8023350931037529 0.2356123216302448  0.1151066894134603 -0.7725664943317024 0.1940808280579355  0.2383293984953752 -0.7459353782438942 0.3139532482643618  0.2449497085216409 -0.7494493583521111 0.3179041917402291  0.1719800844628632 -0.7095739133271539 0.2944972722460535  0.1847063717366673 -0.7147778986609409 0.2777815122734747  0.1784689823463192 -0.7094990794585709 0.3603217187943051  0.1190337481252744 -0.7485669086807595 0.411943994851325  0.185900811108573 -0.8370813345821436 0.3789122705844448  0.07172675483857038 -0.7110443013717148 0.3888019497868669  0.1501838619836336 -0.6956591806835198 0.322782334449473  0.5086811573926163 0.254670980170424 0.7365553286412124  0.496358510885769 0.3128405101115743 0.7170279585563417  0.5159647667416615 0.3167218737286041 0.6978199909903841  0.07364086196241051 0.830289411260278 0.3306224755014545  0.08305981819757471 0.829849776947822 0.3391581157507948  -0.492931999222185 -0.5616611077678175 0.3615813619236138  -0.4867417684445469 -0.5648362797191034 0.363785908261147  -0.5452885125946341 -0.5386055363294128 0.3516920241328962  -0.4736078683597723 -0.5621727478248147 0.3698773676803156  0.3494838736125085 -0.6150897167020071 0.6887410996479276  0.3312309559706468 -0.6237596752429286 0.6948252679563338  0.2738061058672847 -0.5923910850293924 0.6862108851249784  -0.4420430155940541 -0.3917446246903106 0.3214507391300004  -0.382039258055515 -0.393548249657005 0.3066764964925264  -0.3648586337236758 -0.4216941324710132 0.2102782616688349  -0.360912539227614 -0.3830569662098437 0.3031653980386448  -0.3420153556443744 -0.4510305156605788 0.5103485715668015  -0.2984846816288788 -0.4539155226800501 0.4855001570866517  -0.4052311162445272 -0.4496735261272036 0.5330053579066041  -0.2759525576042773 -0.4486363998749568 0.4756454985895682  -0.4261249239395463 -0.4115128142175319 0.5319661557333605  -0.2800781677714019 -0.5616084136151178 0.7142786195864489  -0.3301036582395552 -0.6140926967934612 0.6753611273385547  -0.2772879234594882 -0.5540877821495444 0.7106100259843292  -0.24942628967016 -0.6419642596154126 0.6751940968225669  -0.2501152601588449 -0.6423187804331267 0.6748641108315289  -0.2054181657577114 -0.6045348276661815 0.7045410333516028  -0.2426816643619113 -0.4662353129092346 0.6739169251066084  -0.1190716138160394 -0.5694216196564901 0.7380629356200256  -0.2620410401933354 -0.4740654810394931 0.6830154459070402  -0.2654711697257779 -0.49256574978192 0.6828431865905614  -0.1992536251294394 -0.6066303491990105 0.7113051781554994  -0.09763191153705277 0.5415165227200156 -0.5967905687279434  -0.07624368311963534 0.5326587364546302 -0.6062706783764482  -0.09735477241264703 0.5452554773451012 -0.6034299633877639  0.05788754937813922 0.5920988887098916 -0.5575415047020157  0.06611624309169616 0.580028664218152 -0.5553125391210195  0.01100389979738032 0.5190945834551943 -0.2367170121667749  0.01049737119366999 0.5760643202963336 -0.2391652121323403  0.05150601771038704 0.42463199891291 -0.1695064010263178  0.0005982842739879132 0.5860350391371217 -0.2357988970485807  0.08729879047333323 0.5301498904510636 -0.1135214862563918  0.07033302153470863 0.5778973004775045 -0.08353714970123742  0.04496533132208497 0.4143660057797665 -0.1366936684257641  0.06805930081758713 0.4356140355086268 -0.1188453469415666  0.03113491224845699 0.3901538382759472 -0.148855933371262  0.0143164114029428 0.4596971457015642 -0.09805958180205553  0.03120790280244103 0.4377458328367576 -0.1074183685282272  -0.07421142166691796 0.5096532154902562 -0.0508557316243693  0.03241449695836456 0.4236514481436495 -0.1233232509745452  0.02928841506141014 0.3893248886514323 -0.1486028535380591  0.5284451401257971 0.1816775573279112 -0.2734157923116149  0.6612531161840967 0.2827714221435411 -0.2192748681336249  -0.2186962360124812 -0.260633953441483 0.4152654951899701  -0.0539583048257366 -0.3824092844823043 0.3940507353171547  -0.0538691997798046 -0.3872333977599194 0.3940551955081988  -0.2464914505615687 -0.2899024098298849 0.4697956354294218  -0.1708646081250115 -0.3817034814504802 0.4897058399696504  -0.0706862732637132 -0.4247156663848501 0.3858951748208478  -0.2461877659193023 -0.3055364272277385 0.486927224976424  -0.1897454765427657 -0.3198002093835209 0.5034829532308597  -0.1996291329997447 -0.4190948671490099 0.4661696152858129  -0.1944712757995306 -0.4282787824172101 0.4625731532765271  -0.1012120366495149 -0.4991050447471622 0.44293712626218  -0.1489568154988471 -0.4943578157001229 0.4184371582634268  -0.1133650235302136 -0.5168348367305325 0.4337874395600025  -0.115383423857558 -0.4997236073568596 0.4334419452025653  -0.02102112492972589 -0.6977916387579755 -0.07293545571339519  -0.1114888695570762 -0.7657613692323355 -0.1786299676437121  -0.003656531643928811 -0.6881663436499871 -0.07698909756767115  -0.08800000639915673 -0.7448856549866352 -0.2964302214933249  -0.122803294321907 -0.7492865691893322 -0.2685022591093403  -0.05098683110884988 -0.7541940908215548 -0.3198830962267553  -0.03123284244437625 -0.7461861229242562 -0.3212388507680199  -0.1264861392236767 -0.7599875231695638 -0.1912533740423799  -0.1245804793705232 -0.7722650496194633 -0.1873486633827639  -0.1200597864655477 -0.7773701176433523 -0.1874355709435508  -0.1101495752322323 -0.7781351476352546 -0.1832325784638957  0.04340577434041102 -0.7843098617977148 -0.2332412007460805  -0.1204151748026076 -0.7657479322087368 -0.1827003858284778  0.1457651555530357 -0.6618217955661135 -0.3578984727970897  0.09507398453542716 -0.6838229594024264 -0.3011971167683101  0.04772143467363438 -0.5933902524545747 -0.424906565043626  0.1291007453575198 -0.6556570662684298 -0.3995226987977432  0.02453653815114416 -0.6144860488091808 -0.4707148356899201  -0.05446797356751167 -0.6815011018324777 -0.4273615641948414  0.2352404758723197 -0.4931776189318771 0.3100887267858142  0.1637907414281471 -0.4525180457964922 0.2466608093855204  0.1342091407772461 -0.5814457486266701 0.1577390162496764  0.1461423597768103 -0.5889349294892299 0.1519331965740772  0.08541943465544551 -0.5325926655894688 0.1942481732386828  0.2583109548185989 -0.7177425956131666 0.2587385217179726  0.1992730540174649 -0.6737074915121357 0.255415122601213  0.2023798637151327 -0.7017188438726497 0.2536079125955313  0.2704195733953005 -0.724600959312297 0.2469486169587746  0.3004840379969971 -0.5731231603127062 0.1843373081096163  0.195010104052454 -0.5613278105520972 0.1460534911160138  0.1512278118079707 -0.5893676711045812 0.1457929887472093  0.2525796693104448 -0.6623761460633959 0.08819779357948331  0.1950389846183083 -0.6455918189214125 0.1104884031399339  0.08111060248430493 -0.3865853106899216 0.280188206056291  0.1241136227017382 -0.4114582837465137 0.2387547421459218  0.1062630086990255 -0.3652812168821663 0.2805879687127813  0.1037905757684271 -0.3669445732601898 0.2795318659692966  0.1575371548706209 -0.3603010352371858 0.3721543013913109  0.10778214951441 -0.3659042622979895 0.2778528970587369  0.07187673377884445 -0.5219586795967401 0.2588627861811201  0.04586874601218453 -0.5372709935715028 0.3065287323328877  0.07283353647542491 -0.5146061478384695 0.2314971406450533  0.2214576518638907 -0.4365894550945892 0.3699025907995406  0.2359827248323142 -0.4927694656515973 0.3119752570371703  0.105546713387231 -0.3658072418873489 0.27923292656622  0.09656139528186869 -0.3221464252188932 0.1986562731369488  0.0798465510122011 -0.3893650910919476 0.2791344703693399  -0.006225238556285297 -0.4301329360067514 0.2047986734780868  0.07445708648407552 -0.3257864287500487 0.1428677514471963  0.1045942444092611 -0.4347626501699284 0.2351782026670144  0.1392255371700488 -0.3880296246094587 0.1995695339631098  0.0886811479659165 -0.3551586272798332 0.1323256362679274  -0.1024048370587549 -0.4162249203251658 0.1773984028630664  -0.110203720534632 -0.4327059017125418 0.205129664720026  -0.1022587043653612 -0.4162949139579577 0.1773518733778746  -0.07948481115709594 -0.523668579013951 0.05878802710475918  -0.0594993048310478 -0.5392452893499686 0.06600706551177009  -0.04876159794473429 -0.5681880493344345 0.09753994579511237  -0.03413793040786892 -0.5609995456807353 0.1012610914963324  -0.137084657133362 -0.608865464849813 0.1965215540249271  -0.02242449694319176 -0.5399868047227407 0.1120135813676742  -0.06608542044401632 -0.6259227620184501 0.2336563358591888  -0.04562635144172789 -0.6306426287691889 0.2974095507772725  -0.07873820494294503 -0.6120710585281857 0.2315181716346095  -0.1495489232720381 -0.4957580702255562 0.4180180051525891  -0.1180856285984779 -0.5120222503703012 0.4309183181669075  -0.1274751080201902 -0.5748145373327285 0.4410826758279105  -0.2032314190477504 -0.50220206705893 0.3370739537557222  -0.2037545316669728 -0.5011917717682538 0.3331115197147509  -0.1996432534314454 -0.490023478305351 0.3077398869575874  -0.09940376553500802 -0.6623194694768776 0.3459678796957118  -0.1174712867385996 -0.6675542504242132 0.3486775457691637  -0.1894953769436113 -0.6467229712454791 0.3829110991879918  -0.175319398758281 -0.6363578886754206 0.4008095327733617  -0.1722697168662987 -0.6353252296895232 0.4026210393663648  -0.1919526156867757 -0.6518038198047239 0.3594504217379375  -0.1902514648193983 -0.6520415095853885 0.3738397386515625  -0.1764384364404841 -0.6577208692397676 0.289801026619721  -0.0887224733667439 -0.5849633956512189 0.2145407241305454  -0.08141926250799912 -0.5439895536055692 0.2351317620847881  -0.1284927884926569 -0.6128709689619566 0.2047260598921616  -0.1668838828589093 -0.6321724525390864 0.2310584128102914  -0.09613395816704486 -0.1795903196790603 0.3828222100010036  -0.09725426096431486 -0.139862555778164 0.3624244444941327  -0.2124929485622642 -0.2581538216338095 0.4142830895455736  -0.287089143224543 0.005502697404376242 0.4470678697947532  -0.3610410503115835 -0.002499866777339536 0.4840597814571187  -0.2934276577795047 0.007714873105319733 0.4523569547201671  -0.3782244408802661 0.006704720292171068 0.5134080209069674  -0.4977374094749071 0.02985313912281225 0.4149577254623394  -0.4996521620601845 0.0275529417912023 0.4149079651512713  -0.4971318500068393 0.04045685615645121 0.4120476896902681  0.1276462336721395 -0.3519332098492612 0.4592633617390388  0.1395081467482166 -0.3598878885770505 0.4463494877632978  0.1568657116719005 -0.3670836133271121 0.4315900869990623  0.139600753148114 -0.2927641690491236 0.3318448711622819  0.1143035819370031 -0.3090672587715375 0.3377281550405842  0.09377828516398787 -0.2995974690761732 0.353568414524563  0.001056573937761679 -0.2223172064239903 0.3998545321635317  0.005085531758455011 -0.2192663836790741 0.3931489939811553  0.04938980783652233 -0.1908533984657398 0.3629700164571523  -0.01178433288620541 -0.472921180967538 0.7692038507876638  0.08056017501469956 -0.5352795750662872 0.6433816399503836  0.02431997742264883 -0.5923968961213133 0.626454167224702  0.09138215648609657 -0.5427295812866582 0.6400443280795642  0.0966150394779452 -0.5493331240251522 0.7048942622569736  0.09608203372087523 -0.5461607380432645 0.7124774328235096  0.01257316845531666 -0.6452504063044989 0.6993233330132732  0.1586010296665808 -0.5742217931227356 0.7429052448847762  -0.002709407573960283 -0.6536736571564354 0.7164840834834134  -0.009512890460590298 -0.6516664933804833 0.7167157889389334  -0.04997107186899898 -0.6632883696429249 0.7097360693638861  -0.2645399542651886 -0.6472511942135503 0.2115614917653034  -0.2330717827292181 -0.6306553468645156 0.2009269062560106  -0.2754950968137493 -0.6498358981726547 0.2111953876365623  -0.2046388253458915 -0.6424410124015708 0.2004457945495132  -0.3133772588745994 -0.6345032861875975 0.1790041217220904  -0.3301577443196512 -0.6315498902061059 0.1652737896948117  -0.3602477217794413 -0.6327868776603126 0.1415540290492587  -0.3918712699995105 -0.6123315024486604 0.1410535343397784  -0.4449128485046617 -0.5631066665372495 0.3573998481988616  -0.394711229571545 -0.5878487157015465 0.3679696275796501  -0.05513263173042585 -0.8126679773212444 0.3581315768761031  -0.05307598821372762 -0.813837924235691 0.3586212938366803  0.06263415008640552 -0.7760759130960679 0.001645582617439939  0.1838235816877869 -0.7842633007689865 0.05469956380438142  0.0384641938244569 -0.7105323730415662 -0.02495912967003554  0.1905438402629759 -0.778552151890779 0.05609581381085266  0.1811987055223568 -0.7891308566854538 0.06940799469177701  0.2357671555183475 -0.758378985343398 0.03662809140975137  0.1311111497129458 -0.7389140941223606 0.1210352223332107  0.03839414121815277 -0.7105534850000217 -0.02523762089044823  0.09692046657604012 -0.6375352927583935 -0.01866024891180923  0.07278872813545445 -0.6588459658032533 -0.05728399561580255  0.509289161600289 -0.8020363649523429 -0.2765785913314363  0.4341441362260027 -0.7197635062109712 -0.3108499447847257  0.4338749383400538 -0.7130374161182238 -0.3090588531886137  0.384529130875899 -0.4215522726089437 -0.4572242956691656  0.3925382401702874 -0.4115391380548985 -0.4551618162707413  0.3766893645270469 -0.4230240780911125 -0.464223695158582  0.6918359150293103 -0.2982737515650191 -0.3904494775395242  0.654565620031706 -0.2925470062038654 -0.3312509979893767  0.6552806433406615 -0.2869278749142148 -0.3364171991606241  0.680589601524625 -0.3845027413225427 -0.2827220383002312  0.6896466752598686 -0.2935432821118852 -0.3840248855315833  0.2382668776367687 -0.6411714145213687 -0.3738666976408995  0.2625247109716837 -0.6572608397282327 -0.386976790719576  0.2500172345192896 -0.6472413473321483 -0.3851777399653658  0.4922387177212958 -0.2405188777144788 -0.217083138696318  0.4584844910314129 -0.2543655944240104 -0.35884509864454  0.3961524798662562 -0.1865929246783896 -0.2911801377754791  0.3762806978196223 -0.2089078769572746 -0.3187104069626333  0.5025343917550107 -0.2593925316742886 -0.2116226072926436  0.472854386345969 -0.3311144603780947 -0.21958071659886  0.4085590276235821 -0.3492734591501481 -0.2733029610517331  0.5324635872148168 -0.2650393201074048 -0.3158156552732366  0.5314785727732372 -0.7104637844320817 -0.2239207810115391  0.5468046027732276 -0.7112679336523544 -0.2238708732098356  -0.214119091677076 0.05330267998876542 -0.6647279671838086  -0.2308264997974447 0.05558801681878619 -0.6827397721724761  -0.2058613065471029 0.06083202866697392 -0.6631163578985251  -0.008292872956156092 -0.3567409572900943 -0.4183404763586794  -0.04463423710067062 -0.3470877908494968 -0.4131250188704298  -0.02206714667550874 -0.0390955457369332 -0.5870130503994354  -0.03729539156365126 -0.01927524174646936 -0.6171695478092041  -0.01385483921217469 -0.05364563914677493 -0.5709730105509666  -0.1051637940355384 -0.06739297818546285 -0.4460165023975489  -0.1028449542082201 -0.06104314518057465 -0.4389417562237239  -0.1354292682914072 -0.09424098043268928 -0.5400958040890618  -0.0870777642572047 -0.05485375706335792 -0.4275737343424823  -0.2001743400987784 -0.265842782227187 -0.6535386092845873  -0.1789202067414786 -0.2871988724032362 -0.6257874874496768  -0.2516954282702296 -0.2804631786342682 -0.7347156367373832  -0.0725229567845941 0.02610721146323533 -0.6517250639829125  -0.14470592392114 -0.466347840276749 -0.6069103185322509  -0.1642807395716342 -0.4795795603024892 -0.6011174206812366  -0.1341973891289799 -0.4521610755937357 -0.6367845738202578  -0.227415136533188 -0.4764076625744866 -0.5447207410750332  -0.205215343267639 -0.09373379984121454 -0.3683227524354438  -0.1081477529850508 -0.2754736228178779 -0.4376814151096111  -0.5726969938533818 -0.4312103824477047 -0.2470804719211752  -0.499689038277793 -0.2783682979700852 -0.2338743896478212  -0.4698244652402839 -0.2875734146088672 -0.2290183636183568  -0.3912964754928007 -0.3053212682342059 -0.2210860720003574  0.1435106813473739 -0.07288487763187576 -0.1136021882763958  0.03367178878754733 0.003399642529797714 -0.1275746925992135  0.01389962846801034 -0.001843617615150867 -0.143498751904276  0.01786252302690858 -0.03044517564396126 -0.7466984499035888  0.01487108610049068 -0.02982925572608418 -0.7447864697145506  0.03518907240683124 0.01408144610078027 -0.7249896480605429  0.01789753820833254 -0.03940611986271068 -0.7948444479687242  0.05167392208137134 -0.0808452356289306 -0.7302479678132022  -0.04483286670872413 -0.02430222911306573 -0.7429901028242099  -0.04004122373869447 0.02434619443642856 -0.680467543137273  0.04030976722997036 -0.09620181005178867 -0.707478867342099  0.05913721783368846 0.0326328209525133 -0.7030988881179296  -0.5178319105259221 -0.4512633783533799 -0.301793478562927  -0.5233078806957986 -0.4374754661191597 -0.2856347367828899  -0.3443082140861268 -0.4806548359061679 -0.491693122557339  -0.4003726811796242 -0.4854749490955745 -0.4534922016336643  -0.3216879071609526 -0.4892184380154879 -0.5061409001194785  -0.406006825073657 -0.4885799684537075 -0.4494125482601659  -0.4088606132389688 -0.4909271755470786 -0.4472750057135262  -0.3307064625200904 0.6358297455520894 -0.5368098528000423  -0.4068879850970432 0.574711185029952 -0.5162371662182967  -0.3283903604125684 0.6353825552897541 -0.5409551236903158  -0.4393533292407726 0.4490579309194696 -0.6806390536381466  -0.4445325600018244 0.531840612342893 -0.4944964352845376  -0.4407429736845708 0.5415747236901131 -0.4909404148779506  0.222150486980271 0.8648318670895517 -0.3347162589350901  0.2278486371570212 0.8675728256285686 -0.3268183578791909  0.1076976585802114 0.7374005533212389 -0.2679454018420592  0.1977506868866635 0.8437816995932836 -0.2855993597656269  0.1872112629476685 0.6291474311933778 -0.3133483048749119  0.1949297094276123 0.6100543488566774 -0.3126098743984264  0.3264992187307382 0.7926355782356683 -0.3119180150814076  0.395798380788273 0.7555540375136144 -0.4811054261662929  0.3508393446994711 0.7558431894546664 -0.4744189873019404  0.4269365711165383 0.758840513007054 -0.4699820183170857  0.6770665656361462 -0.1944690111964827 -0.5730208522918223  0.7128080321059727 -0.2594854226237074 -0.5140402081655864  0.6792854252724393 -0.1852507151047017 -0.580163671582305  0.4260561733138178 0.250835456285653 -0.167532220787822  0.3664823455870012 0.1981462446283047 -0.1539088952067523  0.503206424813889 0.2411945563644252 -0.1512341561940528  0.5174808616365121 0.157778585947324 -0.1596603902706341  0.4961322884420893 0.2517588560795685 -0.1485239625441958  0.5065363683229149 0.1372259167054105 -0.1795082630071692  0.4999655981062806 0.1128975347955219 -0.1463657946910769  0.3567325615355189 0.08226092555454073 -0.1479480504236503  0.4699113763627748 0.07679249046212032 -0.1036967049738977  0.4381344801253263 0.06144864432236299 -0.09166327256859072  0.412540009986209 0.04261073793944448 -0.08777715851513104  0.4022961600277422 0.05643966626173763 -0.09590855520629596  0.211662274081663 0.2111637984864715 -0.2211592075109773  0.2742368422386861 0.2708807239584687 -0.2007126217456317  0.3486159041164829 0.06843199923759738 -0.1305153562705842  0.3335395492541361 0.05631975287602682 -0.1454431114965219  0.326502736970505 0.01531084593088512 -0.2030028076779655  0.3343394166784273 0.05491269243388786 -0.1375078149798113  0.3107473254721597 0.06344666655290537 -0.1189947612037262  0.4579691366039348 0.5571100244576913 -0.2754581783137726  0.5054894559881705 0.5424274344213249 -0.2981894738027914  0.4202657211371695 0.6058605516372594 -0.3071643694226747  0.6547313202773866 0.5485257695451133 -0.326625110777102  0.6860930632908071 0.5718110882148387 -0.3439412802674979  0.6089890008930279 0.5646852078902274 -0.324660701010457  0.7323475521052768 0.5550160521864419 -0.2581414513970755  0.6683907727985382 0.6879388322798715 -0.2234813038781585  0.6115676727409195 0.6836837204949695 -0.2270573836063323  0.6127877606069345 0.6326795186623233 -0.1802054255535658  0.588502778782716 0.6765172895416944 -0.2425889377630759  0.5409482313729562 0.6765700597319493 -0.2735408223188707  0.4021775482279678 0.3920723503505002 -0.2069793995370748  0.3545127763142883 0.3875939923382536 -0.2758499986391476  0.4489658114660761 0.3143665157984619 -0.1310774359501738  0.4000035377920718 0.2606780267690532 -0.1871271352189184  0.4071440112398343 0.3333110258370752 -0.1480236513511129  0.3193664329258132 0.3711394664200217 -0.08840456959322586  0.467881430604177 0.3199344030842033 -0.4217401461943314  0.4703425107718232 0.3408861371937764 -0.4238735606533047  0.453013207004456 0.3226851672379427 -0.4417128391352206  0.5748435469430319 0.3797040755399989 -0.427994708448884  0.5955747527146196 0.257742772841054 -0.4853571591202247  0.5259001831749243 0.2520972103745254 -0.4867495170187483  0.6004208242118122 0.2635422462434784 -0.4745442669817241  0.5187074530722069 0.2534296600553214 -0.4964072925287539  0.6220902584366563 0.4082688836351719 -0.3674387005384038  0.7023148151212908 0.4156113916904094 -0.1404203208826524  0.7079421059023761 0.420932216646294 -0.1389711736865261  0.8016331433538419 0.3083986101332759 -0.2112737797303564  0.8045416163436288 0.3151772603185293 -0.2085932455426139  0.8117314661747848 0.2089919436433747 -0.2941326660567682  0.8271601480150764 0.2609698008917752 -0.2895197427528807  0.8123276744918835 0.2077861467481894 -0.2928932690200384  0.8260877550580128 0.2632318193538202 -0.2902661618820033  0.8264957915697466 0.2641391047842706 -0.2914241379424878  0.8246374397656647 0.2625044366199172 -0.2935422372999192  0.8110579708319268 0.1230994519971397 -0.1951857037210039  0.8364555738031872 0.3216474068154075 0.053230210857289  0.7364730558311301 0.06167593988656901 -0.1084258707510331  0.8144373911979155 0.1100444217243911 -0.1932681678337933  0.8097413726863705 0.1169021615515082 -0.1959306751555822  -0.1987022358308108 -0.5995258453651073 -0.2095384357131288  -0.1703664804686754 -0.5260594546436088 -0.1929119212810311  -0.228308033050526 -0.4971531988676388 -0.1941358317789073  -0.16729851709597 -0.520589818377832 -0.1970723084124344  -0.2284135163463334 -0.4971128492899249 -0.1941403057105826  -0.520917483874424 0.8104172479622685 -0.1217142507330867  -0.4538961775628351 0.8166192818853698 -0.1219825565542523  -0.433135988765607 0.7979190124289779 -0.0939968126989657  -0.4903402130493287 0.8224305503663978 -0.13192346235702  -0.2711088190107629 0.8389767975380503 -0.4414522443689425  -0.2222122228392489 0.8331934139812458 -0.4236776642412827  -0.2138759676422317 0.7177578666915435 -0.382246794823803  0.179968624010893 0.7549205425306649 -0.02959936199796163  0.2349567417578297 0.6950741732163364 -0.08866116864974294  0.226360711103842 0.6879130719093484 -0.06815499356784546  0.147387688996032 0.6775014288843267 -0.1701792610715911  -0.001814968295359071 0.721890302904398 -0.1230383255751059  0.02466712759070386 0.7235647449416964 -0.06984554147844395  0.2201362723867944 0.4754999545292172 -0.05096328541357528  0.2167103393677886 0.4673864536314543 -0.05705295493355717  0.3171476436557329 0.5071964826530747 -0.08253840071087776  0.2168305986919272 0.4670727755627311 -0.05745569497734239  0.2867871214948922 0.3867228120345634 -0.09285036501961531  0.3123260584234915 0.3708182829037378 -0.08856075139953208  0.28964687183143 0.3750654153068006 -0.09021586855506504  0.4042221962753986 0.4932040320390763 -0.004465799582257216  0.3253274446966865 0.6062076820728692 0.09519534754806089  0.3296198610635184 0.6164510829919103 0.07996327470370417  0.3604023056350607 0.6082886284369846 0.07999029595862728  0.3596493917469632 0.6104580031550456 0.07735288381741326  -0.08191996844554596 0.2382662243689168 0.736358319589558  -0.1061727546157909 0.2242151932096106 0.739432966802068  -0.05854379388297071 0.2454552436541927 0.72904211469035  -0.09854060248819649 0.1367688532687276 0.607875186855897  -0.120972804425847 -0.003253428252949053 0.6688113444438207  -0.1126514128507515 0.006495402115795509 0.600446846123507  -0.1288490212369542 -0.004338004369234871 0.6799622980056583  0.007804447949982252 0.1855779507792734 0.486823845951371  0.02109174858646323 0.1964818781905272 0.4597524598720802  -0.04325373093336872 0.1893616726808943 0.5023868813147609  -0.0339367602984781 -0.02406807029843094 0.484613170600089  -0.03007188255736477 -0.02242129514206073 0.469006276531637  -0.0250938739814844 -0.01972003008003606 0.4639935776024263  -0.02364222686753158 0.07745296161698507 0.3845277691770564  -0.007223437823406148 0.09013888428493358 0.3843472528639967  0.5353694876310723 0.1287114114380582 0.3710519619341479  0.552642249581443 0.1084826289222814 0.3814075467762918  0.5380765123867364 0.1254815705236109 0.3694681792395675  0.6024969491345236 0.08856105485682242 0.3653518475134352  0.7159642094833675 0.2169978364826974 0.2984055906894106  0.6964564009464445 0.2033879417232319 0.2884896390263492  0.7286328456256401 0.2179885899146142 0.3122928625633401  0.7743691627054126 -0.1358912600403035 0.2936297046568077  0.7725180610947151 -0.1340192405979087 0.2904181937952297  0.8696241593503459 -0.09294558897067041 0.2382454237244665  0.9255286764908972 -0.09828411800206426 0.2541273377483999  0.9058465308951866 -0.09482835429168288 0.2460387392769257  0.4677303563395946 0.2183924947642206 0.2861346683430045  0.569169048827143 0.1240366169628858 0.3431208923139391  0.4722340938444968 0.07096158410058534 0.2180577527699522  0.4723255210875643 0.0589867130360202 0.2814921782511782  0.6818119107935211 0.2028339189070746 0.2892053837936713  0.5696745676674742 0.1250383678370212 0.3424579814702114  0.6728247466079426 0.03274104933681687 0.3526661913700408  0.6239455865944076 0.07731669760600106 0.3721336408155477  0.6376024767560043 -0.07712512046941809 0.3299843776282372  0.7048652220465018 -0.1089047466707284 0.3579740709272115  0.7445527496343916 -0.1040109419489481 0.3894346086800488  0.7660976060627989 -0.05383056668045978 0.4090294445434901  0.7613035848860908 -0.06666942674130218 0.4029006765593594  0.479429347925008 0.02200886963134652 0.8650467537899689  0.539705335378282 -0.2687060895648846 -0.4523912884027474  0.2974269874218437 -0.6356438183989886 -0.4113262691563488  0.3792926538926301 -0.6361365042927567 -0.3187766819394507  0.2949146792419612 -0.6385235378161104 -0.4107593803287141  0.3104766964779684 -0.5939845640364246 -0.6143746176084217  0.2976211369021186 -0.5803008217672483 -0.6364466359808222  0.3101338411715503 -0.5946737519826286 -0.6142045439135342  0.2940101168889302 -0.3943814321651234 -0.4408458410513524  0.3278329510890213 -0.4120149350780673 -0.4355584484070154  0.2945249197289393 -0.3939127406288158 -0.4496647587066079  0.1642137216463253 -0.5046366647895735 -0.4656953321127997  0.3287121215166188 -0.4952943910650589 -0.4555848355450025  0.289074196372395 -0.5707961071555643 -0.4274403653393554  0.3506622981303503 -0.4492622258363264 -0.4702061239160456  0.2774315109786204 -0.5879642414734348 -0.423888724900261  0.3666011926580045 -0.4097977442750468 -0.3857250593603475  0.3677155169216004 -0.3948566149569929 -0.3552576160081691  0.3672796896093486 -0.4582506970090343 -0.306595128597735  0.3722879992476975 -0.4731117281920536 -0.2938703552093254  0.4068461929906151 -0.4716409795342336 -0.7437418575593187  0.3720564294949239 -0.5074098279701995 -0.756566126664925  0.4111835313136959 -0.4708057946890224 -0.7422785405335494  0.339917370826975 -0.3552481294405559 -0.799079327567735  0.3262798434980168 -0.3503959857193566 -0.7941376439584069  0.3658129792142982 -0.5096646676297976 -0.7562634811980132  0.3599437710383211 -0.2806942537827258 -0.5282560588700429  0.3746091590489651 -0.2854364785007302 -0.5253259501157773  0.3400556724339417 -0.3118391506616472 -0.5228535160576289  0.3509115353667126 -0.2676016314368385 -0.5462453138808324  0.1303371808155542 -0.4501891857241913 -0.8625994831156732  0.1277224742197873 -0.4803610187151819 -0.8610605759791367  0.1311700487001413 -0.4302357807511485 -0.8529848631409638  0.2897388484220244 -0.5689354626819534 -0.6559388148699253  0.03037652369090843 -0.5974413314347253 -0.5038615341922966  0.001500111183082169 -0.6081936414420351 -0.4703996883180846  -0.05703600366639699 -0.6592889890616043 -0.4310697219148716  -0.01704765528110215 -0.6265078718089293 -0.452774180639747  0.02434210910979865 0.04535803623686865 -0.6982595997804784  0.1146703950748338 0.0273060613013397 -0.6614614104289982  -0.007343732547963083 0.06433153798787504 -0.6695213722560818  -0.004243683450007349 0.1114568902775456 -0.6933197430689102  -0.03489220271138507 0.03806191972956291 -0.6736866383048997  0.001795663135936376 0.5229328700403248 -0.5947406761264974  0.1075149236251745 -0.1060507188496583 -0.252240518886851  0.01373106730996523 -0.2127669980340854 -0.3688573850073891  0.1104647923220602 -0.09706915977594506 -0.2630554873787901  0.01413462033802839 -0.2112790374520297 -0.3697268966786808  -0.07997759261014831 -0.05196882778190449 -0.4150183010999395  -0.0824002719236327 -0.01020931506338605 -0.3894683768049217  -0.07368063655469904 -0.01496066417650108 -0.4098166914823181  -0.06185007257777597 0.0235998698404419 -0.3083171320744399  -0.2066496383179955 0.08862553536053579 -0.1728455954700465  -0.2053923352813864 0.0876806045522327 -0.1706148285519503  -0.2142514228579601 0.09601007826587339 -0.1707539041343768  -0.193552105729173 0.08557836236220996 -0.1818433234307944  -0.2088810605605676 -0.1219233088710365 -0.31640986779821  -0.2391987500735695 -0.1397373669952626 -0.3141320961690364  -0.2460212546671807 -0.1425307641187051 -0.3094576457959565  -0.2486986542603635 -0.1423128776362957 -0.303123191039439  -0.3699778161113788 -0.09298662531471398 -0.2664180520969892  0.529127543455082 0.01936728122603538 -0.4232868961110261  0.5336532391576776 0.01730890130720717 -0.4278144990165837  0.5562690179367644 -0.04645089327229032 -0.4575053071385257  0.574118247680026 -0.07767919829415292 -0.511883912236647  0.5568223214638321 -0.05864075646470462 -0.4596362444612132  0.2294585313959905 -0.1676151086626117 -0.552824935787478  0.2323472151373954 -0.1676889381067078 -0.5535926214412206  0.1720805246678499 -0.1487415730961212 -0.4458013926083199  0.1628250257305183 -0.1501481607708061 -0.4391377132495904  0.1987614622979709 -0.125359949851896 -0.4812852272768858  0.270532244798921 0.215224946190652 -0.5242658630578872  0.2516010589429554 0.2282472599676895 -0.5394196676616994  0.3430352438451158 0.1345150240772632 -0.5369702323449936  -0.3094771601785599 -0.02232664599865121 -0.495673026375312  -0.33615127112913 0.01308282554378444 -0.5099132889214147  -0.1326666771381108 0.06423812263995755 -0.6021733442501528  -0.1184255448551477 0.0837167387620661 -0.5820044021576042  -0.1940956025928961 0.06545235095534574 -0.6526814033187713  -0.2327960752188613 0.2020093965395122 -0.5477837081880657  -0.2323761700289012 0.2022317427151731 -0.5485027176513007  -0.2139731353291729 0.2714906975218701 -0.466381440081847  -0.07550248374592367 0.02989238648055646 -0.6506417521495313  -0.1157747999962852 0.09421193072054145 -0.5753093247412452  -0.1156648401105212 0.07968688407564145 -0.5436850590900145  -0.3954402191422072 0.0366662584972023 -0.5317573780896317  -0.3554473833112833 0.08699111012695412 -0.7157564028546968  -0.3604471673680363 0.07737534827031153 -0.7172303834542969  -0.2051945358448596 0.09841276052015419 -0.7665494916549999  -0.1986560682878751 0.09702858429906153 -0.7690898969224699  -0.2551299644216296 0.1391947311835538 -0.8071782500444532  -0.4082310428280734 0.08579044900632982 -0.760639329121646  -0.4104452821184423 0.08415927032786231 -0.7631498584243659  -0.4193488353756638 0.05186648391272258 -0.5286439937744036  -0.3939979679886297 0.05203610734729004 -0.5368804663866934  -0.391106232530727 0.04275754721778083 -0.535002502935517  -0.2548183734221816 0.3510614298392092 -0.405892457811764  0.1956553039862302 0.6131828287584844 -0.3170652415927707  0.2344971145679566 0.6343360883122141 -0.3543495679932315  0.221926064820889 0.5850050414559064 -0.2838573552415356  0.210942782767067 0.3787709667137825 -0.5399306740203469  0.1920204280821162 0.3239347450926688 -0.4237067373734478  0.1827471731187996 0.2729675001683391 -0.3736409820067289  0.1532005922797867 0.3310480821503781 -0.4234422427082083  0.1788382644106666 0.2182799801949737 -0.3591850306278369  0.1463359602805778 0.3289896546830572 -0.4202469107924846  0.1374714274416289 0.3329076441986738 -0.4113110966908207  0.1768315541124668 0.2169237518746104 -0.3579978401283992  0.188078178901489 0.3222781306109346 -0.516714350727589  0.1853992956943351 0.3123850537435895 -0.5410427052640915  0.1705682693520397 0.325941722604624 -0.4987983558805361  0.1648199137032476 0.1559607375620346 -0.389237821732409  0.1577735810528554 0.1479012225610165 -0.3945926821864216  0.134705633690107 0.1518187415052278 -0.3929257473138871  0.07332386446142002 0.1585344203389801 -0.348838644555242  0.1366210903885466 0.1484179570998589 -0.3950125738791502  -0.08873138516853886 0.6207827091290996 -0.04050066985274083  -0.1822919924659491 0.6797523675782196 -0.1165034194401744  -0.07897256053426056 0.5161350658191917 -0.02809387501936904  -0.03079404560825434 0.6193123415183442 -0.07431509168721483  -0.02640757333997611 0.6302547735461884 -0.09223961318881439  0.001201180326110843 0.6298632067650016 -0.0704445043699149  -0.01219612419326499 0.641769058866502 -0.1037902282445293  -0.08116280345912713 0.5080126812016258 -0.04730690612065647  -0.1872086359518686 0.5826420191017544 -0.1159401764320539  0.8286218327274198 0.2589654214812085 -0.4163190208147172  0.706981146160662 0.256954855453774 -0.4406289839112126  0.7079446217916596 0.257785194816463 -0.440579445592669  0.6541682446654105 0.2471062171615368 -0.4478905214579544  0.7172337651640128 0.2612072014203535 -0.4448266128426441  0.7350459191091454 0.2500132344598603 -0.4380373691681165  0.7185187806399429 0.2606786378244537 -0.443585378695845  0.7827467088585666 0.246348668311135 -0.4258159875427465  0.7589531666530588 0.1432396945723168 -0.3499169760197061  0.7557475578129308 0.1652910477473152 -0.3472433032655201  0.7563158388674901 0.1705946137762853 -0.3455730507663342  -0.2141823177611742 0.1035672410143866 -0.1750230157982743  -0.2410526775509917 0.1645180205223835 -0.2779826955992969  -0.2154174770742337 0.09725994650231341 -0.1693412135426025  -0.3268157266792379 0.2083796339756544 -0.2930016856590597  -0.4231020756901056 0.2387341280592752 0.1674883732155783  -0.3445577455067594 0.2577679655193105 0.1633970856552025  -0.4258721997734729 0.2370123716596471 0.1694057171224097  -0.4347478839361263 0.2230607694632742 0.1897861721111405  -0.302433267106583 0.2295213058788425 0.226109619271073  -0.2955417169484197 0.2884299600882143 0.31361616162853  0.2681657978367213 0.1027133647645484 0.6264316502208549  0.2544082780405011 0.09736198303592158 0.5996071285885973  0.2563629785111295 0.003365260784577703 0.6135788854667689  0.3090584609538495 -0.01314509458477145 0.5198447377691552  0.2215585611615609 -0.06646571255303739 0.5778763062371042  0.2268379087065743 -0.06767284439111539 0.5712162040955607  0.2370806803917935 -0.06582125823997258 0.5520096811188961  0.2335734951114085 -0.06642414385320181 0.5521147927942106  0.2284347347822329 0.03056199731011601 0.5557861537143933  0.2344578807551089 0.03779601357667486 0.5632957290608357  0.2482318354691455 0.08551561358047131 0.5982264747343135  0.2194989966320851 0.2520660984587401 0.3918469884971831  0.2192544635838906 0.241639369873185 0.3889104675213952  0.2180547175774176 0.2419628174357809 0.357226010213514  0.1694406794043772 0.2318503176102206 0.2840920120653121  0.234440669334248 0.2241895343220494 0.2112141254684397  0.2797889792044361 0.2061871292488801 0.3238922939526169  0.1411714096384112 0.1823970854348933 0.2055895107197324  0.2981855907146465 0.1784866263870583 0.3522487144006438  0.1536528224181023 0.2396140792433301 0.2255332828145738  0.1269458695492794 0.1790035772926445 0.2446668348443735  0.2861903338830855 0.09679876457902954 0.3154270226482819  0.2887026983513691 0.09640065386273294 0.3171222245956866  0.1341660139929811 0.2324377699993173 0.2396539397657476  0.1226085592739433 0.1750273784095472 0.2462357632799914  0.1330537675694631 0.2300259860887551 0.2420940830299417  0.1312359432190718 0.2234499894964475 0.2502458482123547  0.5068484825556043 0.4064026828006735 0.6023222980402505  0.5161905536043415 0.3873982655554417 0.6107731626951891  0.5278267778766257 0.3425491217633658 0.6881695023828686  0.05431391132896751 0.281291577345244 0.3586746426147559  0.1469831231908714 0.2788326958149546 0.2366544639826159  0.1272719640281484 0.1854596135928877 0.2455990781231251  0.06334840481031315 0.113465155045741 0.2758809544509087  0.005324246959682602 0.0317411615450202 -0.1397483225653939  0.001575786250785832 0.01893570411980822 -0.1739532608986439  0.02199341125685771 0.06999836589412431 -0.116267419350305  -0.1744022565412191 0.09245051132180646 -0.2013132316642843  -0.1405588269049444 0.09902163458144667 -0.2075937949105897  0.05877042139843493 0.1837645874994843 -0.3121847922224669  0.07431156748549544 0.1546116489950166 -0.3503980424092762  0.006118975796229081 0.2333513905707115 -0.05046986762086424  0.008781439747969924 0.266249618860274 -0.05198397669269104  0.1249062992190969 0.16137367909766 -0.1760056741126744  0.09142506411855299 0.1722245353108873 -0.1983929367931399  0.1501936591114293 0.1273548357408792 -0.1335014984370637  0.1202305747194004 0.1239954318895349 -0.1379757144918698  0.08284621754468799 0.4670494336483289 -0.4033880593505473  0.09143366955980288 0.3389668562768319 -0.4239919130838459  0.03203451283605341 0.4202342045715208 -0.4270639686848522  0.02821005767317619 0.4239973698544673 -0.4446927132401011  -0.01552425795387239 0.3410203912008362 -0.1403714991886662  0.1155781272704049 0.3210768480461834 -0.06573266723021431  0.01240620558595625 0.2699371774918723 -0.04732333288122702  0.02118376854644365 0.2695530405645339 -0.03451409306045569  0.0475678942125725 0.2771539253995866 -0.04455837998219907  0.02808931848946732 0.388515022287518 -0.1496844596061677  0.03086969266130813 0.3896425395014416 -0.1506192362294959  0.1192076717679085 0.3116048301996216 -0.05640388362323114  0.09509399422266901 0.2965212616705046 -0.04932980808837939  -0.01799181169054373 0.433539380186741 -0.3394433051768418  -0.01746007445181755 0.3270951812979281 -0.3379331238238327  -0.05079260141759578 0.4642995616544411 -0.3702781339749653  -0.1081251465948077 0.263397415284815 -0.1167158796080872  -0.1067226347121613 0.3407931264768253 -0.1390247520764115  -0.108848083631009 0.3490726250890768 -0.1456970266375152  0.01159525820494504 0.2745455107447778 -0.3262103146894057  0.02055012059106082 0.2599435606391068 -0.3140144485465844  0.00561070976228574 0.2829433905181803 -0.334801292270926  0.03514149345487778 0.4374671739699476 -0.2333521632973488  0.04386190288587159 0.4510959488934682 -0.2692129513818661  0.01281694301342334 0.394186500661916 -0.1841551004073624  0.09060465323475711 0.587963197414732 0.09515618736293013  0.09076216305673684 0.5881375422127073 0.09498810520015123  0.04995290959781079 0.7108395641008011 0.06869856808865515  0.7771369645760964 -0.2179418891353849 -0.09779577670682435  0.7541655636726921 -0.2277761672299932 -0.04782422221043045  0.7669583075760972 -0.2199193289586125 -0.06955996635050481  0.673693588300309 -0.2394635142396598 -0.2304511517579019  0.7688284699434603 -0.2647410223928665 -0.2330947501418621  0.6694662680879198 -0.2328780255241128 -0.2290358875360177  0.6222189152333304 -0.09457118310366744 0.07348792665676569  0.6197922220149058 -0.09150227773613127 0.07044222102011094  0.6154259378317187 -0.1895260909117325 0.09440237750035665  0.5949739832923825 -0.07865964652699226 0.04456557528359459  0.5978312901600051 -0.2058169386350482 0.08327786322118526  0.5773692213109073 -0.06539437969813293 0.04297850751448305  0.5428517915394742 -0.1449916031960043 0.01674872497187904  0.5461394637799498 -0.1828915332769096 0.03046865285577009  0.5625551555735419 -0.2055342593443896 0.05160702986655901  -0.3100242722154401 0.9190982733457457 -0.05891924419901795  -0.2784756737402481 0.8987710658085333 -0.0617747526214166  -0.2733945162041309 0.8917408430541854 -0.0704683028771593  -0.2789063835345126 0.8979771255226571 -0.06115120798303676  -0.2727055990821788 0.886096020608201 -0.07202970315952704  -0.285101575465462 0.6218015853543921 -0.5115040698256756  -0.120226861987505 0.774572096001488 -0.1052875501923236  -0.1479356078013146 0.7910665360281055 -0.07469527158805073  -0.1543150336717583 0.785232748295148 -0.07249225033842614  -0.5926921552679131 -0.06883920918751182 0.3107436577188563  -0.5630035606688315 -0.05745707064494882 0.315410946270462  -0.6907866640326915 -0.09571143437863057 0.3441436046784708  -0.6928415869975936 -0.01726492762783928 0.2869050478117293  -0.728003992977555 -0.06009211384365214 0.3232193500051367  -0.6545748049915693 0.04782509923369064 0.2883848522313983  -0.5244595983400798 -0.005237558665712003 0.4262030430130149  -0.5270647211151221 -0.007449744615063156 0.4270798694654082  -0.5379539299891813 -0.03898912971723451 0.3993487631271694  -0.648439156359267 0.06647853538736352 0.2730991946304846  -0.6197137188259748 0.06648325660037661 0.2664848540015012  -0.6533623826321227 0.07160607179627834 0.2053190945114202  -0.6087154083869346 0.1026984138410636 0.1870564787117371  -0.6709718275841732 0.06535315317788327 0.1926289383175634  -0.5323766030974907 0.123734747948516 0.1855650988970024  -0.5770259382532807 0.05530270923021605 0.2383870184463066  -0.5598810995895217 0.06384811025304708 0.2345156484051992  -0.5828748849254902 0.05781858147629532 0.2644512256680868  -0.5284263541395124 0.1235464758659256 0.1866696935859054  -0.1829433785709332 0.6722929895500639 -0.1322059137562122  -0.1878730529940111 0.5814016080387652 -0.15054072048482  -0.1856652539302603 0.6251452515902913 -0.1511923634682781  -0.1878236768647827 0.582794381437215 -0.1517648250977023  -0.2103737976911361 0.5620081009391712 -0.1681472916168637  -0.3652285465935835 0.6755796626279582 0.009078699344608768  -0.4446147885316116 0.7751529202891833 -0.07307443101964495  -0.4007021479938084 0.7771789748859533 -0.1276257965844678  -0.4006884103140543 0.7770874153469248 -0.127615239033713  -0.4179052619330896 0.8140870684571878 -0.08543660684739093  -0.3264682148186633 0.8275196349585688 -0.1126568593312438  -0.2699237390200534 0.850920430032474 -0.1001012701437336  -0.2674349563150388 0.8494611320634237 -0.09935647335554568  -0.2613180445832699 0.848525076917846 -0.09244421730108965  -0.510395282034196 0.3645197223122106 -0.5168778501414009  -0.5073899414761242 0.3673685900931501 -0.5133301598536365  -0.5689117590858216 0.3906983349930183 -0.5635988353433456  -0.4535357827361703 0.3724263181983242 -0.4991717133031748  -0.4524143370018869 0.3713359868609571 -0.5001614894863966  -0.4463177727529906 0.3656899853152866 -0.4866360958629083  -0.5431675842279695 -0.0243893806388807 0.042685352814978  0.327918097788436 -0.7868737627519174 0.02789626619459719  0.3908558103292343 -0.8282344012995048 -0.03079581274523986  0.4327337452965721 -0.8278666593933606 0.009069305041847791  0.4262210910872727 -0.8431364513627834 -0.0401783921486569  0.3565701738837999 -0.8714921671215193 0.09834432770925727  0.3564448962996178 -0.8719532027535973 0.09832439455296639  0.1973464757601496 -0.1391614155980483 -0.2687428078274527  0.2554881291361887 0.01005177078521961 -0.2514282381691926  0.2338735346944454 0.01168321020957046 -0.2832429580557604  0.1390626845794643 -0.1114810854111844 -0.2529048646245938  0.2000336270754973 -0.06154199488379932 -0.2993738451620898  0.219039711625637 -0.1157914530826653 -0.3171644159055321  0.1814875215116358 -0.03138193043105215 -0.3024264345349587  0.2188298077914082 -0.1401713776878981 -0.3393545289206794  0.1095034022956999 -0.09618889941027195 -0.2635299117965055  0.1499977960698212 -0.1662970377288923 -0.4324489584253437  0.1163990899222904 -0.161215371394497 -0.4336739952794119  0.3381135625418416 -0.1546351847540976 -0.4109558746304782  0.2845840564158969 -0.1305864673162872 -0.425697092031129  0.3555207294279162 -0.1416694921795855 -0.4112287112691552  0.2614864186605929 -0.1217753728059314 -0.4562815900377121  0.3701126669974518 -0.1301684522992493 -0.4134883465213508  0.3659603756758602 0.041393211727977 -0.4760069179829365  0.1837136031782834 0.158436238808042 -0.4131927263763942  0.1495918355299501 0.1188731400492848 -0.3965661823513377  0.1365606487816309 0.1481492057790409 -0.3950305181396536  0.2113062357447316 0.1774098164121011 -0.4462714557113279  0.2441755260942207 0.2322462102666566 -0.5408444055169501  0.3686734480830758 -0.02693764664586908 -0.1032115557557441  0.3666224395112891 -0.02107852267119597 -0.1075926978472937  0.2605288716650518 0.03370457391150407 0.02272351015888941  0.2547504075579425 0.2140762179952064 -0.01379228429633478  0.1942407816551204 0.2739203320849534 -0.04859368178250173  0.2613490201463127 0.2331754512198743 0.04909080153570407  0.2127977420090903 0.265127048668563 0.05074140412933797  0.2683302164878055 0.2117587897298788 0.05234553610467749  0.2652506970542035 0.2159596255136028 0.05588213943800503  0.2007024823442247 0.2573675319707175 0.05118787826434544  0.1584021736941841 0.237616960586739 0.02165583603443721  -0.5031158144732981 -0.2304624679435947 0.2551936504279588  -0.4878133418845964 -0.2502650943735439 0.2527994599580304  -0.5110506944539149 -0.2636951237575393 0.09507613013362876  -0.4440749551292168 -0.1890854923966439 0.5747030549737059  -0.08568611147282248 -0.07618648281041179 0.3649649227810303  -0.08444469005335714 -0.1220779679817585 0.361820427323427  -0.108937477556699 -0.04498946552043286 0.2471000932881252  -0.229934552204982 -0.015032461254623 0.2817688727420198  -0.1903692278836932 -0.1078355338649869 0.2104007185516427  -0.2299611328499966 -0.01503413283299801 0.2818691464435737  -0.3075768332734217 0.04825014910086205 0.619878349406493  -0.3153132783496985 0.04420104137468418 0.6197926582696965  -0.2695373256944679 0.07722463449208604 0.6342590127148876  -0.3306822412891131 0.1026976868663694 0.5487807802616821  0.113685160874038 -0.448477326740267 0.7275831826179864  0.06165204338707814 -0.4724211153024612 0.7356644675188975  0.02930314742213348 -0.4561688583339745 0.7442374054868849  0.006179419429820726 -0.4125087326384134 0.7713842448145437  0.249516935489258 -0.4432362447003195 0.5884258087088488  0.274215133633242 -0.451534217353546 0.5965458185899869  0.2635967183551653 -0.4977239558799935 0.5839600784255101  0.1394898080032972 -0.5543448331545788 0.6087397050851741  -0.09107235072889666 -0.2940560805137715 0.8033026717674666  -0.1361261417291126 -0.2944596080916326 0.816655271836061  -0.07102354068100182 -0.3120064093980202 0.8152452101371864  0.6050858479648437 -0.3823255861882855 0.4242511086232516  0.6390833413583514 -0.3903323304870129 0.4873845073871843  0.3406288013137015 -0.4300597891492394 0.1274927452142042  0.3464734362799493 -0.3334394358628144 0.09122152249418336  0.3449193710195743 -0.3368857544673671 0.07201658750298288  0.3877341264586695 -0.4253388218986394 -0.0411515386697261  0.3319820761528818 -0.4487702526209846 -0.05566300548692245  0.2343046890660735 -0.4339928776025224 0.02690369144625758  0.3860638475536398 -0.4172534856873137 -0.04031245809549912  0.2560763946795407 -0.4212102684648691 -0.02068315857972645  0.1077006824137138 -0.3476769069404658 0.03046847807747564  0.1455392883700839 -0.3326368832973672 -0.003074614325629291  0.1455834335426945 -0.3241560737663856 -0.1057595054780568  0.1649427641670843 -0.352318030384295 0.007986115068710241  0.02146862301068497 -0.3830860322377312 -0.01740612792301126  0.1358839471949659 -0.3294751143604959 -0.1264752140359747  0.004178976775363594 -0.3434129573321414 -0.002532488271574714  0.1285754419738265 -0.3103463664746185 -0.1343564072760933  0.1064456272279795 -0.2227899706036585 -0.0934983051115067  0.0947907139880186 -0.2864703079727228 -0.1547396631364025  0.1351261461950974 -0.2272025259561255 0.02778287030786845  0.1559922340149943 -0.2594723636016743 0.0783836084734896  0.2930629081589844 -0.2510089468879273 0.08520468714538745  0.3135187852869912 -0.2745930696891791 0.07797741368308596  0.2301600444306584 -0.2553653137398066 0.2105599066009895  0.2618551104558458 -0.2990672806941221 0.151783511850809  0.2927345524984625 -0.3067432678351777 0.1224134903914336  0.3123663432255094 -0.7994928678578823 0.3801857932170213  0.3696273269442441 -0.7745960783466478 0.3698513925393033  0.2800372161609519 -0.80242748961041 0.3431288988291988  0.3710358170434467 -0.8781440442751138 0.2599442986121298  0.2802835331130652 -0.8278813611446069 0.3385876541021588  0.3931627417677783 -0.8825056449231826 0.2408618443946862  0.4447790125762449 -0.7342154037581731 0.1981967343266953  0.4512885903398544 -0.777709437474681 0.1920902343675764  0.4419582244181284 -0.8099669592969762 0.1997389300154204  0.2380249738833516 -0.7586288988278945 0.03747787776961949  0.1912397487199313 -0.8468649979677435 -0.113031772595189  0.258959590204869 -0.8935841566703953 -0.112707800353409  0.1573784455009003 -0.8395169271070871 -0.09077372477115507  -0.09080294719968807 0.1560275375344825 0.5242302025681275  -0.1163850450670925 0.0818795492177868 0.5471918376220307  0.09427885351056546 0.8470319226334819 0.3922038589221178  -0.1231812037753943 -0.8766598914994816 0.04032638593938755  -0.09946722264542057 -0.863035913103932 0.06600279835916079  -0.09337644737615206 -0.8590760354759982 0.07674610953368471  -0.6811798544186188 -0.3202313027502622 0.5157183163747291  -0.6880000248513509 -0.3554186782513675 0.5570698690631002  -0.6751179937054075 -0.3219214283708942 0.5077842310711072  -0.6817774723504237 -0.3159241005606492 0.5172274320586191  -0.579808753817974 -0.5676622275260533 0.3117122426514344  -0.6272208637866522 -0.5257297856374319 0.2717322716681707  0.1708492539831717 -0.5733713498041215 0.7532887737843276  -0.3423165671024222 -0.3678360645180133 0.2673997744512782  -0.2416126417687535 -0.4108652447266699 0.2402008023593832  -0.3427561675535379 -0.3671737841577665 0.3011405038653612  -0.3340251108287081 -0.3705396320143999 0.3246337149636129  -0.2125409369637523 -0.4228329625034447 0.2645331170730489  -0.2493477101439681 -0.4142809295133409 0.2338950193745949  -0.1803926362588011 -0.4165218461055964 0.2720674183698094  -0.1919544811870495 -0.4669000317381449 0.2826710059575059  -0.1919977003785737 -0.4804218476333258 0.2935854805557999  -0.3370927111054879 -0.4145277969979094 0.2257817069706604  -0.2970217849121318 -0.4093774636535551 0.2274514359314324  -0.1549645393446757 -0.3840445547336172 0.2481226919397918  -0.1557887835067808 -0.5028719344834787 0.2479603017433741  -0.07304243956372354 -0.4555096131728527 0.1995473029838753  -0.1922192079289771 -0.4809668334908037 0.2828108851094787  0.04601461529622555 -0.7834529527698245 -0.2535895027240195  0.1867183634162458 -0.6635432703171565 -0.1796897101801331  0.2149102854549325 -0.7105075369052014 -0.2262428768287341  0.1018226167038141 -0.6905531621135342 -0.2783982963803822  0.1942690985028453 -0.6640921452166229 -0.1974714836751515  0.04141371988727416 -0.7575452452479065 -0.327896540192359  -0.01937649296520045 -0.7351935678633276 -0.3329742965744771  0.05249470980128636 -0.7887227914400095 -0.2660094859111288  -0.03043022290356015 -0.6113486314039466 -0.2332498547079859  0.1692069254073773 -0.6031760477729085 0.2909024323049035  0.08055543456272524 -0.561763663231488 0.2780889909864281  0.1761985651903559 -0.60882450245862 0.2819108205730616  0.09077785318536977 -0.5791451090533284 0.2266413256690222  0.1280818935003523 -0.6065901188386107 0.1899702010448918  0.05524338964139983 -0.6322136595045358 0.2317838776942631  0.06982796295496931 -0.6492518609053568 0.2150744499231308  0.1223716556870822 -0.7050838189038859 0.3161979608928704  0.1457135211421182 -0.7124258092912299 0.2977765646347135  0.08058543860747386 -0.6747203245626719 0.2088639124799943  0.129110631357725 -0.6072273335753557 0.1894612060417049  0.1711823582968606 -0.7196869982360901 0.2715668640107444  0.1691332287452643 -0.7163839989771993 0.251522377866775  0.2019021069612532 -0.7017856173604637 0.2538184815170331  0.07884492822377162 -0.6811268000004311 0.2037488026988689  0.149977066196093 -0.589246248548192 0.1515352088540282  0.0627739231490765 -0.723262749313875 0.1347894310995643  0.0544303286103522 -0.7336302229553934 0.1594425042432735  0.05652009337645873 -0.724096781864366 0.1609301201028411  0.09215126010680096 -0.4355175369173043 0.2420219329872648  0.08084546338267631 -0.5323381520199552 0.2014938264238458  -0.03949273980231581 -0.5148342474348273 0.1887398134628689  0.08368997370012798 -0.5351623264832727 0.1466212473305472  -0.007818317593506149 -0.4308017771557563 0.2041655592883193  -0.04535830040262501 -0.496700034217027 0.1872350891506018  -0.02397943548146282 -0.5361567628451364 0.1144847766832025  -0.07232093508803542 -0.3884006274819053 0.1329432510059643  -0.09310682925769972 -0.3815677270904202 0.1654871415902255  -0.02118828794805346 -0.3938259507701333 0.105709783606045  0.03652232223837898 -0.4360059759162776 0.07681541037291488  -0.07274672545010143 -0.4556044876277358 0.1996510563700217  -0.07279704357347654 -0.4558572536792072 0.1995826903989097  -0.1358891900092052 -0.6082350849986553 0.1987203098423082  -0.1433075364624594 -0.6083450011355359 0.1964924575064685  -0.1439675461627487 -0.6077218796127407 0.1981947419375181  -0.1638745823323769 -0.6142011524202967 0.2071688737920181  -0.3101734023188792 -0.5972482241438233 0.4168284490312082  -0.3926683339467048 -0.5932876130859093 0.3746137550210862  -0.3635702177542717 -0.5896506581550267 0.3989779845603524  -0.3260123664040817 -0.6063070068924706 0.41864579727125  0.3773716519173205 -0.6502271908982372 -0.304350811882719  0.3648197723760105 -0.5605067078078866 -0.2335742786128871  0.378014490161843 -0.6330117948502307 -0.2624603249859288  0.3784943103478543 -0.6111613717762947 -0.2429813247434057  0.3766321889991689 -0.606945647623369 -0.2405863347634012  0.4555879077681429 -0.3870575639632395 -0.4475235667230516  0.49731228494548 -0.3279931791080863 -0.4722978050148056  0.5114863255506296 -0.2952298827497652 -0.4631483046890927  0.3821359376450036 -0.2855432639517824 -0.5275247584494067  0.3845851928613028 -0.2835953445148878 -0.5256747596546284  0.7161001848115126 -0.4274506739468852 -0.2384792768866038  0.7560984441055093 -0.4400157346409094 -0.2368972051347409  -0.09623129054081631 -0.4670194564929412 -0.6394629142875347  -0.114037462716763 -0.4529177768814299 -0.6495627401351146  -0.08969248517286464 -0.4781175086427233 -0.626329912963465  -0.104422898204944 -0.4612498481489445 -0.6692040544436966  -0.1063079012259241 -0.4597021004176857 -0.6683534480898922  -0.005869427121391532 -0.4645535089628221 -0.7385589719278209  -0.2331131016227705 -0.2498449178980937 -0.823959946217139  -0.2162517432030546 -0.1909154795536047 -0.9130570425521219  -0.2409636090377228 -0.2531950117771982 -0.8201997098675741  -0.08137458552271307 -0.3019352939198668 -0.4288377815611767  -0.04996194302979665 -0.3480491220653236 -0.454012795225491  -0.1121514654882693 -0.2735650405935384 -0.4446310140250637  -0.320123314152421 -0.1255949279232529 -0.6449675195009508  -0.3186358764958164 -0.1215576205234989 -0.6615200977451779  -0.3120249702404533 -0.1366328102514029 -0.615711266443693  -0.2860058246594118 -0.04737979182726874 -0.7394246761510576  -0.2885327973316905 -0.04281518179648758 -0.73440417987396  -0.1979853442437888 -0.05691452042237049 -0.7371035462332083  -0.2918383423903586 -0.0497808388757711 -0.7386491409268553  -0.2893727070877683 -0.04322611627834538 -0.7343469696019631  -0.294720682030528 -0.057475469005959 -0.7362716479711315  -0.3607800177870933 -0.01391577344811194 -0.7796573299247425  -0.07088493412182348 0.02857169665787555 -0.6544891996565991  -0.06999357831997567 0.02812567063044417 -0.6551407330293828  -0.1542864486796238 -0.102047912226902 -0.7235716960946446  -0.169831691842283 -0.4690925921152495 -0.6532765225615443  -0.2517374313960584 -0.4126917829999145 -0.6949821541400703  0.007608696948080149 0.0002860206350906586 -0.1474366366499208  0.006535959800214342 1.911067460452776e-05 -0.1547558970584479  0.003069322104709421 0.0009116188258258481 -0.1771330954003285  -0.04910776032829342 -0.02048424586790398 -0.7384929363642621  -0.04968423099170227 -0.02570936720945796 -0.7417401746349018  -0.07370383123058666 -0.04072782828230886 -0.7545296262781417  -0.06955724592250001 0.002438954936731158 -0.7277980906751013  -0.05482290250814094 0.007485676496064547 -0.7032922957825646  -0.3274268923117789 0.4747674737378818 -0.6823700229782289  -0.3029017014442641 0.4957507543116577 -0.6843580767953253  -0.365886207130823 0.4517816423960193 -0.6738230402820286  0.446377629248895 0.7730297279034293 -0.4081963082018881  0.4456343669723728 0.7645209696681886 -0.3995257361677289  0.3282536377424652 0.7908961031850757 -0.3133343553891623  0.4512601429715435 0.7680741061011594 -0.4311718870825303  0.3531036323289154 0.7548073034358134 -0.3030136203358961  0.3515107419716924 0.7564550890600517 -0.3030519313747757  0.4247163493850315 0.6248254796645866 -0.3064506730427028  0.4448778379038396 0.6505137500428724 -0.392165498854979  0.3416331009618287 0.6903595274673008 -0.3649679225244869  0.3955345270529641 0.6899845846660673 -0.4282403564793095  0.3294333246659457 0.6806551339134487 -0.3833046046459656  0.4523659102239332 0.7485156929030262 -0.4260796337449485  0.4740241481866045 0.698916551942119 -0.3980209044742843  0.4528850823452834 0.7539766374014946 -0.4318666367975423  0.3675768721860241 0.6751062048979831 -0.4457059310316833  0.4783811101333437 0.5723513542769959 -0.4245576434064683  0.5041169576900963 0.5294910433003075 -0.3646424906714204  0.4026679012899282 0.5562062484445439 -0.4627238516407768  0.3718673174340794 0.5892284966286945 -0.4359849169052066  0.3701329579107257 0.5650997083440423 -0.4622234705789118  0.3552133338764237 0.6225687330658183 -0.4497593351748704  0.8303534271333245 0.4526054207552451 -0.2835381138614957  0.855043006035099 0.4290575818979154 -0.2762938676207566  0.8400810388034817 0.3187124865859057 -0.3076869774320891  0.6754563487820827 -0.1927500586264845 -0.5768713487349835  0.6466362636182568 -0.2043714430371244 -0.566404982436655  0.6809913535204253 -0.1801435616645967 -0.5821944294238848  0.6822885687964533 -0.1809542387883968 -0.583163213477113  0.6498044293451404 -0.1633946468443041 -0.5802329589506279  0.7075549147812874 -0.1994096388703606 -0.6227753875337168  0.332393091163478 0.2766030885406112 -0.5720254532539769  0.4128551252624453 0.2797909146813344 -0.6134449184900057  0.4146550257366315 0.2770937956864714 -0.6159174040258633  0.4192173645894784 0.2790338675570356 -0.6016977920116902  0.4108451370109297 0.2812480843156594 -0.6175419396874973  0.4137570245942159 0.2762219987057286 -0.6244650106616487  0.5750774728768548 -0.08208166997386837 -0.5149143367460478  0.2235399352993198 -0.01909573754860337 -0.6722498477383169  0.2258043674958368 -0.01854410309304781 -0.6753167859387477  0.2091795955578191 0.001746092063736535 -0.6597943366439587  0.1601064896035708 -0.0763183664705971 -0.6658908278858885  0.540057604277175 0.6762570674437959 -0.273426872537606  0.5055110592908303 0.5218748216401765 -0.3503545701918756  0.5046222946318502 0.5277577095734375 -0.3626002132233144  0.468275606200718 0.2323988626901592 -0.5555888638434328  0.4202740874833118 0.2779082546909394 -0.6020806180747766  0.4298614075175562 0.2538509751739503 -0.5760025927175997  0.6289944503273408 0.2409577831685118 -0.4518014959675287  0.7377820709493372 0.4377614477439598 -0.1009651868146224  0.7125350271552802 0.4621862758859105 -0.1504952626862187  0.757878339979256 0.5211625657166816 -0.2022526413729527  0.8049381877831253 0.3160151016405915 -0.2085459030361241  0.815325373856677 0.4339071602839352 -0.06425632375705315  0.8162862111724366 0.4253011978402403 -0.06941058598622557  0.8749190455864162 0.4157267096253224 -0.1243393246350824  0.8135828948892893 0.430871880154645 -0.0642954628571296  0.865598361559657 0.3641023630669232 -0.187225264721724  0.88403842917652 0.3815641924203384 -0.1769118297420949  0.7989613685079868 0.2331663446707019 -0.3028208861895713  0.7912656351647389 0.2240010321276376 -0.3063365726647763  0.8782249343811817 0.4252807502177633 -0.1223540712453208  0.8896624406918212 0.4128827717601303 -0.1590839059335269  0.8906515968689839 0.391768484441067 -0.1814849153785225  0.8093690080895981 0.1160570067954537 -0.1959639525187233  -0.2709970629418064 0.3631394023072709 -0.6979182890525586  -0.2208777483830323 0.3092633405664476 -0.6663425559353893  -0.2854918094061332 0.4016703474509175 -0.6775883568481192  -0.04803027873811999 0.4259329045772687 -0.6827227167869832  -0.02244311123335765 0.4001622636669425 -0.6724879056950975  -0.1093454293885472 0.4803443788170847 -0.6933437588891515  -0.2355022936149803 0.1497458878902522 -0.7187816733055497  -0.2180341861970984 0.1323902558377894 -0.7129874305419721  -0.2439762662648798 0.1575888697720018 -0.7231631575447436  -0.2165532344448602 0.3099217926373382 -0.6568050386578193  -0.2253383590002743 0.33587940501584 -0.6411398813712927  -0.1829532123376687 0.3135072238667747 -0.6796942972236552  -0.2472797924483078 0.2816860996464657 -0.684331360075296  -0.1533453671204706 0.1608230832122625 -0.5612323014271938  -0.1408000579059329 0.2740742473603782 -0.743456449872239  -0.1537166209345176 0.280243530632495 -0.5808974149397638  -0.1344340724024732 0.239437478619016 -0.5603373870873002  -0.1975867398383664 0.2791042792820289 -0.5703272485640711  -0.1321749351347229 0.2322426130793538 -0.5564554974540238  -0.1266163852626042 0.2260791542194172 -0.5576733829492614  -0.0008515575429444144 0.1259088192213229 -0.7034586848598541  -0.06149496782411092 0.1071304226454039 -0.7295933520744204  0.001239606065911281 0.1468458473146045 -0.7063971115757307  -0.8386345696991098 -0.2690258330505229 0.4629687541912527  -0.8395515263708171 -0.3225658756205993 0.415732559152795  -0.2535395672279676 -0.5019833516082913 -0.1978556030701463  -0.298847229288162 -0.3131421305420878 -0.1719331499660053  -0.2837057646569834 -0.3166118065467572 -0.1627405237620432  -0.2136077863435917 -0.3007564867605757 -0.250219831530089  -0.2421151776287072 -0.2920907338166149 -0.2762181679527203  -0.2096173702282213 -0.3022307558252176 -0.2505331163175415  -0.2095949362469807 -0.3022539087928802 -0.250502170988099  0.06938661421490025 0.6944918348558299 -0.1855871641752994  0.06849487972227439 0.6932467903518482 -0.1852232757397137  -0.005768934977735701 0.6554161916323877 -0.1375241576359437  0.166754997886613 0.6008885255373271 -0.05081585981683438  -0.005287132220168078 0.6374247364738441 -0.1217012190734114  0.03948084562331741 0.5993266254859143 -0.04324167847076285  0.04713147645100652 0.6059425938621896 -0.0321949463697991  0.05548125517781964 0.6097436996017743 -0.02616910843872495  0.01481890462339346 0.6439469910401581 -0.04976404783171533  0.03286207283845316 0.6841818969253298 -0.03324983228066093  0.04234678835943163 0.7234899384607364 -0.04201921866889617  0.2270281815279726 0.6386293195044813 -0.02593786663420202  0.2104826321641887 0.6767934117514089 -0.07371515876214495  0.09150146199916488 0.7420955684229265 -0.03351868118073259  0.195613698987927 0.6005672056366156 0.07097933408852578  0.05459088872356712 0.7310890779577965 -0.03826893529000082  0.08375894194173435 0.5851577185085837 0.06246910486927334  0.03855607021623919 0.7224919663146223 -0.04096325982267629  0.1778195553733593 0.5973680176931513 0.08435312574640563  0.05458711016257482 0.7181103460135393 0.0692785346564951  0.3124855541812978 0.8018064142687149 0.1211513315041538  0.2965639045339994 0.8087098736651583 0.1119314327184205  0.3108768477175599 0.8212884463851317 0.09660858058847716  0.3468850859536352 0.6383843936444573 -0.01427485655891063  -0.1031745583028956 0.02618281942006861 0.7080518286388842  -0.1028441344415323 0.03448213053500193 0.7115968994987003  -0.1203378790424313 0.01476973644825969 0.6981414477786835  -0.03129649430866235 0.06134347310017654 0.7008376048255665  4.584124247009741e-05 0.07908889071920779 0.7149209742272737  -0.1199232444815111 0.2147907859059605 0.7401774593734132  -0.1639697723505291 0.1476504490260804 0.7172499440030934  -0.06008925273125244 0.1555611574928448 0.6171293367100319  -0.01505595397968749 0.1570837634890697 0.6272980258595968  -0.1292779745937358 0.06404811789283844 0.5455353922062683  -0.1289717974899385 0.03916489383069743 0.5409961280661012  -0.1216526118626785 0.012600704393607 0.5648824122257046  0.002743486910083699 0.1300306095259572 0.6304133741634449  0.004768846788816561 0.2646428043196827 0.7299423833281903  0.8110796002622798 0.1810689145452437 0.3016466623413233  0.1701221329716793 -0.4849545414455409 -0.4971210895579908  0.3201904738684311 -0.2371297541231551 -0.7088241510703679  0.3460922288986539 -0.2047878466933141 -0.7183148206809864  0.2495152913298448 -0.2699228484533943 -0.7348311636756565  0.2735785460873035 -0.3359679299158531 -0.8017899228341722  0.2801129659742468 -0.3381448270077172 -0.7945392731023996  0.2394067372198915 -0.3194272560490555 -0.805736048670368  0.3442934303157211 -0.1872950309196083 -0.7361304512137978  0.3466521122357086 -0.1717697241944215 -0.7334693246611355  0.3516300236142925 -0.5345231237855531 -0.7505386976845052  0.2897344280542096 -0.5671106579419345 -0.6595917026691352  -0.03888446165791561 -0.5345026987505131 -0.5750472612643004  -0.06648904906095077 -0.5217779381425709 -0.5867160110382919  -0.007541804763383278 -0.3490834956001607 -0.6011937238359883  -0.02484151194714083 -0.3337990864025295 -0.6111075854902145  0.04950292403890307 -0.3879070518890442 -0.5968396202131359  0.3084780101031688 -0.5955607290331447 -0.612410156346934  0.05026124375775748 0.1590283313722018 -0.5403467957344701  -0.1428215006602068 0.1449142006445116 -0.5760701098693817  -0.02392708361235243 0.1164416022299951 -0.6134657169635928  -0.09281492801184214 0.2149937512907733 -0.5897122216911974  0.2467008124901131 -0.02391685939701482 -0.6775799639746622  0.2307020769818295 0.01875073682343054 -0.6923239669057122  0.04018363686719224 0.5388434436468972 -0.5468248978530387  0.07178559782308451 0.5786011158379729 -0.5537571416058719  0.1215991611929572 0.2691216413613338 -0.7661655130869457  0.0252619260640379 0.2932135989934488 -0.7505350059719744  0.1558312411254085 0.2559934137134251 -0.7351530607504849  0.02515343833669409 0.293230601287357 -0.7504363190443618  0.1632464729505582 0.2486454118710709 -0.7409332511506413  0.1978486573965352 0.2479105207713883 -0.7466341618072916  -0.001483823889381404 0.1576529968547767 -0.6920859818641811  0.004581103067428042 0.275988832843497 -0.7421685744664253  0.4005291912149638 -0.4658315288736143 -0.7339400842499541  0.333269414472199 -0.3863371976148419 -0.6728922045901558  0.3298644359258311 -0.3841587910595179 -0.6730660976315004  0.419272455148347 -0.473506128481332 -0.7397087425711486  0.4548039174155309 -0.4572368625071404 -0.7448373305600975  -0.1216571409382945 0.06004046695456523 -0.5016968074422332  -0.1140508956598618 0.04073532396949136 -0.4772440701216114  -0.0947127803192977 0.01344696816183922 -0.4533731400111483  -0.3722276371636775 -0.09424374793161981 -0.2628651030337734  -0.3812011729349367 -0.09291446612586679 -0.2401382291878386  -0.4021659909594406 -0.08904148697735764 -0.1958306838050696  -0.4131140342888023 -0.08518009065747165 -0.1937541799311022  -0.1367554622746721 -0.0915619393241446 -0.5443379541894142  -0.06435860550413663 -0.06510266210810671 -0.4176840896524573  -0.05030437329821982 -0.06435034348574076 -0.4182177988910352  -0.05955908146803446 -0.0720483201538345 -0.4143328895833843  -0.07988387879458174 0.007490674997155763 -0.425087117700205  -0.01829629289016003 0.00857729190181368 -0.4157511443318674  -0.009965345410207292 -0.077485437179151 -0.5643540711842731  0.1049506231700958 -0.06639851468826455 -0.5220542148260873  -0.01400113269277146 -0.08516188521503584 -0.5730921361890206  0.09474149113488364 0.01227004075958046 -0.5428751564419619  0.1109359969490463 -0.05205703349707946 -0.5227995034003059  0.09550740868625891 0.05911120372801239 -0.5757121853135853  0.1125269684154546 -0.0622411850956677 -0.5008717860293572  0.1499145435188403 0.01085171651885412 -0.621954841321579  0.1082090197182363 -0.06404005919876347 -0.5212926951791415  0.1201968610033055 -0.08941160923155084 -0.5838160923550033  0.1115002370479867 -0.06330706790776676 -0.4963890120856245  0.1124232481416143 -0.06257081836985137 -0.4971708307130799  0.1171836488030614 -0.06407640177552078 -0.4936705910210615  0.09729856836225101 -0.1743969095423048 -0.4127147493670181  0.08938727263841867 -0.1715299611744051 -0.4089816540619788  0.1012363088731873 -0.1105373970981905 -0.453369048676338  0.09509743199862877 -0.1121258507077772 -0.4482063851484402  0.1085937398756461 -0.08769484858541367 -0.4625781289701169  0.04433205093078164 -0.2631007776208178 -0.5330107604065307  -0.01888411269816584 -0.3363136837901342 -0.4913787917529482  0.03940608964427671 -0.2571986046905456 -0.5564152377634862  -0.2109492971889772 -0.1837902274973284 -0.9195371950434975  -0.1856701733607201 -0.1744611944893638 -0.9039036102669558  -0.09834744430007564 0.2878791661721236 -0.3980466257226192  -0.01741229301643145 0.4247423843454362 -0.494596369899803  -0.01038081945413018 0.4116766557883608 -0.4987326321746033  -0.006688449589706991 0.4226447681436639 -0.494003431306397  -0.05683672791595148 0.4656321225990315 -0.464826114945908  -0.1058562184945556 0.4614231919660732 -0.5224289664235945  0.3005797467322973 0.4760749992671162 -0.4369094180455203  0.329256648674647 0.4924578615896963 -0.4256594040665257  0.3291538747988949 0.4265453383042785 -0.4324743920414078  0.3579391769418773 0.5751744801640043 -0.48519258914555  0.2920394051724172 0.5407479902743549 -0.5083582783492591  0.3532700340825472 0.5724958799851934 -0.4870123951614153  0.2071990851001396 0.542891206450356 -0.5035453456000184  0.2234508493937205 0.585203860860497 -0.4726193718997981  0.2024821924144135 0.5477548458851497 -0.4997409947187793  0.2606382539600317 0.6274680561116436 -0.4425229404159758  0.3555796458847727 0.6302451060666274 -0.4501279760839423  0.1883993816631185 0.319281209054086 -0.5483543072078347  0.1356317224233549 0.338115738010802 -0.5908060781775234  0.08719764561307813 0.2563649983151489 -0.6475723827053017  0.08914550032429613 0.2638651605441933 -0.653842273325841  0.07423138989692707 0.2504940076007192 -0.6456869007270003  0.13122819328621 0.3428409398837943 -0.6206521929196978  0.06454694498777663 0.2722774475318772 -0.6679499451970773  0.1185603643288399 0.374156023277558 -0.6253005376738779  0.1426797054398262 0.3415273717995068 -0.6345767195374171  0.006058230139264806 0.2964191164389568 -0.4702797666550458  -0.006211094874149697 0.3489168585844491 -0.4900042192562387  0.1439749518427913 0.3751670474794374 -0.4681590071344939  0.0754180106955793 0.455470037031329 -0.4837718349496403  0.03719848363621 0.3924111623927458 -0.4305525800141685  0.007352539813452685 0.4389561254314402 -0.4748746976590485  0.03059318667412419 0.4549450675134923 -0.4790412969824922  -0.05065847335510353 0.471988119526591 -0.4572000293585982  0.2869111949102542 0.07169930439233768 0.6553797685200561  0.006861274671840834 -0.001771797808243804 -0.217059527109394  0.006865247012259643 -0.001575620512169994 -0.2172484902784297  0.005553021671555809 0.02067621704776054 -0.2191987079634876  -0.03251782222721648 0.0368194016270797 -0.2929961996940023  -0.1115279075992626 0.1126356233150654 -0.2152256412739792  0.07788831691940219 0.1972978175827586 -0.2315783215524623  0.03567112538140109 0.2061642625236958 -0.3028483462045573  0.03290826361792464 0.2046030957227926 -0.301892675451444  0.03823109025353066 0.2112199783221259 -0.2963739179829714  0.1644087448903418 0.1094072331013743 -0.1209767886598202  0.1665123512582261 0.1075191010533346 -0.1176223280782175  0.05058545207215687 0.1215956838746109 -0.1333151493722038  0.04558766627259225 0.03900518567756105 -0.1083354203045969  0.04576749442115513 0.1174397650233141 -0.1317996480920145  0.01231215130834996 0.08264874158549106 -0.03555297382668317  0.01185573695030717 0.08324933029810849 -0.03702229654867994  -0.0070410996176377 0.3719069105371505 -0.161669011455175  0.060974482629683 0.2065117459180861 -0.2882869536567617  0.1015666689619365 0.3373545791668896 -0.2047137455115684  0.05865380936282304 0.3664267880221157 -0.166149628290769  0.007221254048240547 0.3841313829022265 -0.1617377825712085  -0.006055658546395684 0.3187580813173576 -0.3397979512006328  0.001160727808631884 0.2991046199864148 -0.3485826425877128  -0.133410595662304 0.3621423780883435 -0.1627504100136887  -0.1522035303829787 0.3809848359354746 -0.2446932354443984  -0.1286676658782967 0.4348462485402478 -0.1374153643717712  -0.1320147147073323 0.4349356036918763 -0.1402348226970437  -0.07311805440055165 0.3637900371756965 -0.2286087677260101  -0.004409568470996765 0.3776382794710743 -0.1797823303806026  -0.09234096822810094 0.379031362992764 -0.2552953170906426  -0.002949105694337296 0.3771455147881543 -0.1757201755262451  0.06725568667623026 0.7718162710726449 0.03940965236730111  0.1747125723369592 0.7692401273201854 0.003748417687406636  -0.1705282658090089 0.9149058233988375 0.05924180595902819  -0.1395079235161856 0.907683846379212 0.07675316654843509  -0.2718147072234439 0.9000281127089809 -0.04097276248808632  -0.2732722077816778 0.8989694738997217 -0.04335993292932773  -0.2310712325784906 0.8330576302188484 -0.08230097181079761  -0.1771684503019418 0.7501923902804997 -0.07170718785443991  -0.1791892407049644 0.7435374486106328 -0.07342512784784587  -0.2466100141277002 0.8494894267262663 -0.0863637369794137  0.1902342065762989 0.5843392629509304 -0.5484011047936849  0.190287900313749 0.5843643908167353 -0.5484126392015568  0.1899431335077992 0.5843506877529661 -0.5487707094482629  0.234407636335259 0.7063350415578009 -0.5156737775160242  0.3508039745472815 0.7550845636305391 -0.4743887219829545  0.2346384274016692 0.7060674856301867 -0.5149922610465542  -0.2729337517539779 0.4883240829288487 -0.6785448182741326  -0.2576067706958201 0.4987459168237331 -0.6661883475259405  -0.2489690040456187 0.489782777859997 -0.6501430630817721  -0.2086840360709497 0.5109637478338956 -0.6806217369538836  -0.6735291600647209 0.06544411972331748 0.1934609056939661  -0.5163660462348985 0.8132307067428526 -0.1196587076047075  -0.524290994827911 0.810510442688522 -0.1236428711847559  -0.5340074910125796 -0.01880240284955402 0.4217310812634062  -0.57304128162791 -0.04048179697098419 0.4085296718691737  -0.6333573745211711 -0.06073825635925864 0.4120889235688157  -0.5513347162156371 -0.03930522496441893 0.411516242411897  -0.6850155180252865 -0.09431713635085323 0.4264668649051369  -0.6955768148053076 -0.08819689319446032 0.4338824258154292  -0.7086451570117279 -0.08697115167764133 0.4820418123116652  -0.7375850434977788 -0.09198423522689503 0.4759545030434192  -0.3791489890668761 0.6159281504270855 -0.232782872952262  -0.3752047916137061 0.6288817837171286 -0.2057805271734796  -0.3905173180085189 0.6909317876651102 0.01160701714795639  -0.4313117578202622 0.7359519749955608 -0.01982964574082578  -0.3861962290732828 0.7302008896235873 -0.1782402459316857  -0.384104214931739 0.7468078369645269 -0.1694985587904767  -0.3745394311071111 0.6309619493492684 -0.2059494722865748  0.5594571923556324 -0.7413300253166036 0.2814431959547491  0.6739784138116417 -0.7242605850149763 0.05118673447244089  0.2080514645763352 -0.03323340877872668 -0.3004223630891271  0.2024882621219384 0.02059889391462961 -0.2844463916773665  0.1823863927533395 -0.02939476167333431 -0.302476026138537  -0.006438335702514487 -0.1541178819469259 -0.4133983458014299  0.03649168764783144 -0.06185262952419157 -0.4418268678198545  -0.0470552448503652 -0.1036369976742845 -0.4118548578527593  0.0269035568841183 -0.2062253918318502 -0.3817766734421157  -0.006913817650496555 -0.2078514537859291 -0.3648069354324373  -0.02072784120792117 -0.1883055586014279 -0.3835594915517769  0.2034401283353914 -0.1316515012330268 -0.4921228309569423  0.1984645774871579 -0.1250023204593402 -0.4814106173313685  0.1248627075103584 -0.06810897443007999 -0.4857460166663985  0.2410567155385852 -0.173497320231583 -0.5706208540081409  0.4860595070246779 -0.1659528203878654 -0.4630286608120552  0.4742623379247925 -0.1166712722701005 -0.4995842575848881  0.4172108019023022 -0.0937095886233697 -0.4800875596519087  0.4872575838406162 -0.1661180502565296 -0.463726964983266  0.4014569139815193 -0.08231258371201695 -0.4709271088605972  0.3835420101205117 0.03218093239165626 -0.4866635525106741  0.5460024684333808 -0.1629072179899069 -0.4348186349903461  0.253346484780214 0.2386177601855509 -0.5507975941994522  0.2866878111187016 0.1599584062277757 -0.612623434621172  0.2930196093066486 0.1493226407726652 -0.6219621809819813  0.2445211949524914 0.2346861259560456 -0.5419631165054138  0.2416991059187977 0.2331300506286667 -0.5423026974556111  0.1610321265899948 0.1848706394067487 -0.5920411037411512  0.1387325894727732 0.2033526729857013 0.01633151597363492  0.1183613831922495 0.1863245895915754 0.02189087091431715  0.02057704247629036 0.2816979375304853 0.03269489474754889  0.02769160517686306 0.2338878308570874 -0.01923071805391528  0.8675202632888138 0.4505300510880609 0.02256556981016853  0.8397919277233059 0.3874714568894996 0.03895540730490623  0.8362355128936547 0.3829708989377957 0.04649821104263176  0.8353470491059704 0.3820510105690497 0.04669575008533437  0.8190214006814358 0.3690256029290446 0.01833165731311548  0.8191778793379769 0.369204789533671 0.01815517217317088  0.7979029730399831 0.3675407076452866 0.01255422337316881  0.7402694769707443 0.4670753440241274 -0.1071967752593239  0.8341372053782318 0.3808790475626069 0.04629913230451112  -0.3786230326608978 0.004710565336582557 0.5143226621117819  -0.3332331048513449 0.0632920811039 0.5892839398889184  -0.4305659765579087 0.03088149686941118 0.5104924504418923  -0.3529862042800856 0.05566839980467737 0.5449856878761521  -0.4243761130014518 0.04064326339644513 0.5171187836609401  0.2240782412972316 -0.485598163737168 0.5707571564470748  0.201950646468827 -0.4810047600041225 0.5702774691027135  0.2466290131964177 -0.6112482136774186 0.6607695850875138  0.2129914637652732 -0.5698395762251575 0.7356416622710316  0.155289646990076 -0.5792262329172345 0.5912594153239075  0.1620226122692134 -0.5887161890438757 0.5943061569350512  0.1416163504337532 -0.5577303054386876 0.6060416792449886  0.1911777567161557 -0.6052148537027427 0.5895048470857228  0.2049039719799267 -0.6058073741557755 0.5903787661782128  0.1922103019652048 -0.6052241498825418 0.5889141087757739  -0.001326912744182902 -0.4084546061837717 0.7716291983922161  -0.2375658730626197 -0.2820335817366968 0.9197357194443347  -0.2514236698072426 -0.2843565241520949 0.9057027241189864  -0.2391351075925835 -0.2808393426174883 0.9173774264129007  0.33753512604387 -0.3133831193895369 0.0993677025137422  0.2762806404877517 -0.3892085077827017 0.1147945620901921  0.2454237900622831 -0.4193949234553006 0.07458011375051546  0.3138486367635608 -0.2747170498944083 0.07787966094061158  0.1567280126137485 -0.3709804389665369 0.04072683961892373  0.2415003299862038 -0.4243386584456211 -0.01622945394956361  0.3477407388666939 -0.8066441691862514 -0.1350932785307775  0.3531746794694632 -0.8058146171941367 -0.1337731793848254  -0.009074391509596449 0.2514420086949472 0.7253467136649383  -0.1791692260167987 -0.6004401717510263 0.6998829261379194  -0.1155312328530395 -0.6297837132020379 0.6808403160991823  -0.08844462921037491 -0.6580773091543224 0.678271020116221  0.05655595253595558 -0.7911157958415478 -0.03511932686765999  0.03895613988839293 -0.6557034668906018 -0.08312682716175629  0.005608306720090168 -0.6791224785017153 -0.08043291970920907  0.09574142848932729 -0.5328491282437202 -0.2803700866640843  -0.01503792529578442 -0.5738232847275004 -0.274240428362219  -0.01802013240856576 -0.5883560986646794 -0.2750461576157571  -0.7030812838258571 -0.09184570332779318 0.4882708619142231  -0.7078042426770443 -0.08784974511006699 0.4838545370046313  -0.6874811777872282 -0.1036726074903125 0.4944323658543564  -0.8157393733871026 -0.1024295222963268 0.4611752352302992  0.4575086462639003 -0.2547816176322206 -0.3605144908206587  0.4379715564367996 -0.2500042931395852 -0.3645076663199281  0.358468920931417 -0.2161991701768082 -0.3485026200442279  0.3805617111351197 -0.2345619961262444 -0.3730888501141062  0.3719535663703739 -0.214298766558771 -0.3127116772808815  0.3701828548684028 -0.3764272460210878 -0.303071507928626  0.3350705260050024 -0.3567444704684313 -0.3182728316943775  0.345464926507433 -0.3692174847158377 -0.3155691907162586  0.3687915776501562 -0.3966137842781599 -0.3350077312386972  0.4151833416342802 -0.2915906416294361 -0.5287854914033392  0.449554713352656 -0.2777021873634987 -0.5208080367175411  0.5082695838983872 -0.2525795916849438 -0.3718027356136457  0.5405635065194742 -0.1978748225416498 -0.4360680912132514  0.5396563786264652 -0.2685875266855883 -0.452307193313798  0.5395322766761549 -0.2687434738100521 -0.4524331158047659  0.4949182518270602 -0.1671562078004752 -0.4629900672681759  0.4935345870914776 -0.1669716848870197 -0.4639705668462934  0.4612614467739236 -0.2548592740168859 -0.362562859419932  0.3455677759493316 -0.1889884898183265 -0.4177323118030795  -0.02162913497511796 -0.3422839757391777 -0.4855234415075345  -0.04616408589815185 -0.3492106706161198 -0.4572349375268979  -0.05245097935605902 -0.350391502634125 -0.458164361370111  -0.1235943151485731 -0.3594729103115562 -0.5276149108640443  -0.135176613899502 -0.2678277886076628 -0.4597299506260989  -0.1654296923237084 -0.2707821649531287 -0.4884915291847711  -0.1114596566678677 -0.2531048228920046 -0.4622503084386494  -0.0267792273480594 -0.3309963535869418 -0.6148880392712328  -0.293056005317621 -0.4901757723800799 -0.5116923543552134  -0.1379660818826952 -0.3565350346386765 -0.6073420919214764  -0.1699473918355243 -0.3018839899516305 -0.6019388425809138  -0.3042537155140731 -0.4833544580190073 -0.503806829767208  -0.2586670310968484 -0.2700574385657364 -0.8126433209263276  -0.2647387236506306 -0.2760073553434895 -0.8018596268227148  -0.2546218796248428 -0.4041179840844861 -0.6967134244853708  -0.2544951668324205 -0.4048495348749286 -0.6966232261351992  -0.2613325509691728 -0.3898122311803872 -0.7148616151679509  -0.1360576792321286 -0.1151839522901019 -0.6823321682668599  -0.1592051109015396 -0.1420512514161476 -0.711280112707888  -0.1547309765213066 -0.1496528646356064 -0.6988040191488317  -0.1469011344237661 -0.186726599727885 -0.8013670952852079  -0.1461954384947807 -0.1383306838688638 -0.6888904979276051  -0.0692197976614702 -0.06274956983595825 -0.8106568394061852  -0.1307521697414077 -0.1138219627932627 -0.6795916249543229  -0.1296342794720342 -0.1298354647954458 -0.6800628656360602  -0.08775074802677207 -0.1314730053421184 -0.6755985347293664  -0.09554994989238662 -0.1281084532101486 -0.6740664062682199  -0.02942335257900968 -0.1599089557982056 -0.6636531383057626  -0.1075458585330359 -0.1157934481293725 -0.6756397461159421  -0.05569556795127872 -0.1512404461269082 -0.6394381851590206  -0.1345728946538421 -0.09886201530983833 -0.6603698811592287  -0.1193605346899371 -0.1088281339893581 -0.6774039285252744  -0.5904230446847127 0.4401172618860439 -0.5741503874323162  -0.5567241099063051 0.3807339497084731 -0.5695854110441735  -0.5884998284966713 0.4315478936317971 -0.5704531100715061  -0.1324680296045683 0.01751403015579789 -0.7284088528935339  -0.1814855046361439 0.1440414680613996 -0.7287488356442097  -0.1773727251211601 0.0833475158898113 -0.7852690773741932  -0.044400889559332 0.03346601227378536 -0.6666906100603305  -0.04793605375597441 0.02921892698754753 -0.6664793094534203  -0.1642284934613756 0.05290920967861668 -0.649800132522247  -0.2068255549850569 0.1378345438260407 -0.7156703778313297  -0.2006680525215368 0.05652606510559544 -0.6646822091736181  -0.2031470107237879 0.06444630494365861 -0.6582303910359925  -0.2964561121076165 -0.490738536579732 -0.5082731761961887  0.6184096669708545 -0.2351781155534403 -0.5197757586513578  0.6039150576045256 -0.2541525528755072 -0.5141003572587038  0.5754876539578432 -0.2559697750014409 -0.4895940210566944  0.6315649076631451 -0.1192961934659425 -0.5647633212506755  0.6331639738056354 -0.156108321000106 -0.5920296713624119  0.5217747728662468 -0.1655843714226876 -0.4498331546480679  0.5881072244636918 -0.08320168670420146 -0.5243430942614468  0.6100007633039095 -0.08656764855348735 -0.5617372023962871  0.187846146303898 0.4497559147856465 -0.7039231360454947  0.1840732627536552 0.4502880760121771 -0.7032118617889858  0.1862345270904816 0.4416676135532642 -0.7060235765657418  0.3222493585392086 -0.1538780461734452 -0.756881381340427  0.2801877727033961 -0.1386404040854775 -0.7695020662282974  0.3411531814497875 -0.1484761480056332 -0.7476779411017617  0.5404939592800951 -0.02682280886542852 -0.6197867525011242  0.4895451423815652 -0.01259843417621795 -0.6290177158542496  0.5441855642902249 -0.0421083974121126 -0.6003573205173875  0.5105023497968425 0.05650970795476161 -0.6380390571701995  -0.2874763596229347 0.1793836327274531 -0.7959711560309046  -0.2863863472307265 0.2438298627660072 -0.8214787554489436  -0.2732935190699641 0.242638452518345 -0.8215274691061942  -0.2865690823483782 0.2436674909249924 -0.8212340920438475  -0.2450859870994874 0.2498776134538367 -0.8236724950685679  -0.3854927022997022 0.008474645327164562 -0.7822424444596444  -0.4038151183265718 0.0481652648127754 -0.8045183785759294  -0.3340474569918152 0.4204861776180341 -0.6650743859669772  -0.3175409267517469 0.4225713601871336 -0.6662962465340044  -0.4392616307392362 0.4509250662394614 -0.6845109000538518  -0.3670729750949543 0.4518544960784383 -0.6731311831078683  -0.3042599258844967 0.4143903376783011 -0.6720534456365155  -0.2304836381868715 0.3420167752509485 -0.6436029702886482  -0.2371671566387699 0.2278186599243431 -0.7488348586597441  -0.2803555286081204 0.2392226161506545 -0.8159693730869709  -0.3175603763065395 0.1799510619588803 -0.8130610526010796  -0.317920524276245 0.1798030407492991 -0.8129106334940408  -0.3728504035589323 0.1285876065083624 -0.8146934429856045  -0.3109135750370288 0.214484225211838 -0.8231798352248715  -0.1905472889720306 0.2410547657050279 -0.7563620065836418  -0.1359026265310674 0.271874725431862 -0.7429768331834594  -0.09002917146533697 0.2611220628629758 -0.7058661868720921  0.2704436498517364 -0.4977635176212143 -0.5163714329412163  0.2773559099427965 -0.5876044700155938 -0.4243092943692665  0.2508408842909983 -0.4887978537916369 -0.5153314153439655  0.2921107234947692 -0.3916665363880004 -0.4501592619993711  0.2756026661560668 -0.3877219143297155 -0.4572130151101667  0.3692839283994871 -0.424004526562079 -0.4605214982492228  0.3314962962918085 -0.3093312445751559 -0.5324710878068808  0.2018909431857779 -0.421614717732878 -0.5052802022863017  0.1995208571717237 -0.3514029760448593 -0.5473361055524738  0.2047773797513177 -0.4304152559153306 -0.5066562938421061  0.2700164772410784 -0.3430583175571059 -0.4876909713406824  0.2357257331796228 -0.3339316401697782 -0.5241953250313949  0.1484581794524224 -0.3002251657755634 -0.5478749112558481  0.2326564865983239 -0.3749131727240627 -0.6668936566189307  0.2478551154784035 -0.3773879485502757 -0.653604863677778  0.177038354886438 -0.3474441122243687 -0.6756257519386742  0.2632449101103296 -0.381879242986408 -0.6506475190892685  0.2483663134074747 -0.3792402690521656 -0.65364718971221  0.2801251736462722 -0.3759039159207931 -0.646504056537381  0.2418108450165638 -0.3693477517027918 -0.643600552883666  0.2577132127800701 -0.319333806954064 -0.7446296264516791  0.2407640853575758 -0.3111942827730549 -0.7470125193698992  0.3045522762226672 -0.3371589334553032 -0.79573090200642  0.3259434540164064 -0.3482586231603881 -0.7945255134462874  0.02895190136266185 -0.4709550343030368 -0.7219531283216198  0.0281600482404129 -0.4720135768661588 -0.721674273897339  0.1247104506752531 -0.4898745030301623 -0.8346253527670625  0.3090615939300739 -0.5989985036927331 -0.6074609515758591  0.312252624802377 -0.6685812708307374 -0.4494996566121029  0.3103315998781181 -0.6657603555467921 -0.4438941693604082  0.2772846891309144 -0.5880737049988776 -0.4237704222866673  0.1184519138467943 0.3745803083335713 -0.6246245683139763  0.1804085808471293 0.4625860805375229 -0.6823968171103756  0.1627707300396318 0.495632212821886 -0.6590567246245757  0.06472687335761466 0.5746858249108375 -0.5506478463275956  0.04688137250447778 0.4579999824864118 -0.4725275623962821  0.1882185487104298 0.4938340651804385 -0.5400971368759784  0.1634161416139837 0.4671832411996777 -0.5884412665472692  0.2074865370329227 0.5437041347670893 -0.5064995107872166  0.07289194958560301 0.5788505544001575 -0.5534521021077198  0.186149485303375 0.5857403226706476 -0.5515781029947993  0.142804853997105 0.5484078457695104 -0.6069160772676615  0.1880176070817012 0.5849992399578432 -0.5528927706471235  0.1903394783109539 0.5838481616072871 -0.5478721445542571  0.1635295211935663 0.5538632501516069 -0.5999695780431047  0.1541797128825717 0.5234126990842587 -0.6154243445798452  0.1461578480018439 0.5261795797968897 -0.6159656065521419  0.162507763386293 0.4665599208193265 -0.5890357896430594  0.1904596459315444 0.5835993876217966 -0.5475866219988752  0.1313870131420801 0.2012172442070811 -0.6762947928615227  0.1459428591355169 0.1883363391938542 -0.6645603990798815  0.01990834620694851 0.1761242482658024 -0.6752123308856758  0.1590750381679253 0.1796664527099862 -0.6359588208732897  0.07212334986210543 0.1231761768946505 -0.5319624967078007  0.09111676911672759 0.0806728141490089 -0.5493681558041579  0.05154955769540823 0.1349745707716907 -0.5379120187312092  0.07419282406292645 0.119332151852286 -0.5254721625149137  0.08934706273813797 0.07125733110172038 -0.5574353263500467  -0.004941352235628846 0.1124195442592694 -0.5940525459306143  -0.01583403539267106 0.1042978837392373 -0.627985800172678  0.02591479860347302 0.08528948687430046 -0.607512778665634  -0.027663177958641 0.1480937222448479 -0.6187360621886298  0.0922644803317266 0.05976139690009835 -0.5784165441360586  0.0965674308078787 0.05878959173708075 -0.577032143975429  0.1281360415705445 0.03878811258452199 -0.6092820092599652  0.3209097495499892 -0.08535013495712172 -0.7376690214271509  0.3211852490649747 -0.008006791452684694 -0.7006308669138225  0.3263486092037177 -0.09328516676966592 -0.7377564921661665  -0.1391607829844871 -0.09030167894609241 -0.5477503577992309  -0.1452515659450644 -0.08897697092218586 -0.5925086739160437  -0.124388930535881 -0.2457619384392651 -0.4743387686538102  -0.1403815318867214 -0.2250607553728595 -0.5158874276926477  -0.01044201545122436 -0.183966507735557 -0.3936068091656856  0.05827608627520687 -0.237261969637502 -0.5723851669784581  0.08054259984195281 -0.2286493075287665 -0.5979806789179642  0.05574775347573363 -0.2378459628015523 -0.5724953225544013  0.1434812296453021 -0.2768922270770862 -0.5709627891428785  0.07353863068311753 -0.2279606617951728 -0.6159455942987203  0.1006826745738025 -0.1900937067040728 -0.6062959663355372  0.134018137940129 -0.1071896269511356 -0.6108547537190659  -0.02344949948330762 -0.1719388260466793 -0.6695426671498437  -0.01553709030588077 -0.08650173539645044 -0.5732955418359745  -0.01880008602000188 -0.09086404007234392 -0.5734988024958935  0.04063480917750864 -0.09622770698158566 -0.7077225666965752  -0.04024832271991151 -0.1414538363579635 -0.6105969020521413  0.3029066689102155 -0.1843346495477696 -0.5724554937485341  0.3043633542478883 -0.1870614582533878 -0.5726752023705315  0.2574792551931473 -0.1588616001281607 -0.595167515655841  0.2992974069124612 -0.16960028401555 -0.5917215257266256  0.2320178182491217 -0.1741367208959322 -0.5705114978330941  0.2091893612872979 -0.1622788168549377 -0.5945810300889718  0.1606999255232581 -0.1290557908402077 -0.6141571808230157  0.3405366809085167 -0.1950885797019787 -0.6359934908488446  0.3427753493660111 -0.1957257899509111 -0.6393354398619411  0.1428614832428701 -0.2884264404439216 -0.5547891577090504  0.1615723161088924 -0.2909018273299832 -0.538224955668291  0.1643092577431081 -0.3385491380304158 -0.5572065761630066  0.1538027948812866 -0.3302227600786789 -0.558250421684739  0.1431946953690738 -0.2909867253141755 -0.5540482779444182  0.1722518669973633 -0.3425303111890262 -0.6743923677561139  0.1712956538846917 -0.337102220105868 -0.6744514917924982  0.1722173167783765 -0.3426129515063089 -0.6746572068835485  0.1741145978025092 -0.3271632976241796 -0.6724100219064034  0.1702084717934348 -0.332753414981192 -0.6725555347438785  0.1796648587983511 -0.3157359857299069 -0.672957930383055  0.09529617755619681 -0.2771757924573617 -0.7106047299222786  0.2426197062805039 -0.2616378177997181 -0.7215380387198949  0.1989259573946303 -0.1987620243856869 -0.6916059414846594  0.1834687798218307 -0.1723772118101 -0.7026878606919937  -0.267660074987169 0.3757185305991438 -0.3557379845831879  -0.2817927639730098 0.4317409735440288 -0.3571602807064507  -0.2600430885535817 0.3576119257251655 -0.3786631941654208  -0.2548114547782288 0.3510583595906377 -0.4058982448237154  -0.111777389703411 0.4921215340959633 -0.4986585130833788  -0.112549155858918 0.4819568715183344 -0.5034473479912173  -0.05054153706590403 0.464620206537003 -0.3706874607520739  -0.1026641387530469 0.5016048358096522 -0.3337824266894465  -0.1421009281957681 0.5338187286255158 -0.3540434557064794  -0.1192929964465639 0.4265360940588799 -0.5394317674054229  -0.1153228908810753 0.4304758869983152 -0.5405375662227989  -0.1766119791464519 0.3842339572597284 -0.5395888466952292  -0.1082737557089933 0.4484536742222531 -0.5319299906112057  -0.1164300848318053 0.4972969985604752 -0.5487264775559938  -0.1643894076868685 0.4843802238405708 -0.618028062898438  -0.1092413723570793 0.4732090680529343 -0.5357839893220364  -0.1744193578444125 0.482718939564938 -0.62919617338656  -0.1101843825189641 0.4743649998033156 -0.5046323475915334  0.3192231051248791 0.6901614112126492 -0.3844035064266282  0.3589540988743493 0.6530838836158636 -0.4497004367480369  0.2357020591912825 0.6503414698342744 -0.3592003805667265  0.2610061292143712 0.6354873871791962 -0.4441548886819122  -0.03867929007637982 0.3800050848144749 -0.6747785271380961  -0.02618051643625634 0.3943488846964693 -0.6807889443534648  -0.0437701013292317 0.3167608459110808 -0.6775590455147109  -0.01563234399516375 0.4063693091323285 -0.6651646544806543  0.009100308952162548 0.4110535511731351 -0.6703360093457843  0.02239060200869558 0.4112419577263923 -0.6503329434119597  -0.01599037873497932 0.4061200107673554 -0.6633142787736113  0.02589383389343224 0.4098829187770669 -0.6312788362646914  0.393063488964344 0.008545790097750972 -0.596518000818606  0.3928333999379311 0.009448774583411722 -0.5953637059446133  0.4486523299605857 -0.03617068934720685 -0.5754661527070983  0.4597481709783585 -0.03814000309641465 -0.6589595722075055  0.4171944122276978 -0.01223653571292858 -0.6716588719581543  -0.0008190887433913441 0.3779923118782158 -0.1623762805538892  0.009295836793408341 0.3867698069583094 -0.1793932300298928  -0.002152016199064688 0.377925381965493 -0.1785513222199313  -0.1619469381978925 0.3781282128734147 -0.2510515082490737  -0.1321008868078284 0.3720966022469521 -0.2448259775718942  0.2741491630456206 0.7091793431430932 -0.5115618929704244  0.2648010018647121 0.7040100056974804 -0.5021108257148706  0.3568360678632414 0.6485855621677739 -0.4538911113404669  0.2968929087559061 0.6593139168220787 -0.4515870537006186  -0.1711465332438545 0.500203650640602 -0.6580302797694314  -0.1642419721544348 0.5028749997740133 -0.6532708121214589  -0.185011339853221 0.5055801151231825 -0.6687190508202526  -0.5025449142531122 -0.02544793481410065 0.5178096580698421  -0.5171523057252121 -0.03624660310326598 0.5309758445980748  -0.4565012169888093 0.02200715621030749 0.5166317529903233  -0.5222661123883927 -0.03695685610768554 0.5290008256120952  -0.5291371224668077 -0.04679278363364706 0.5302909394941802  -0.4603245775338362 -0.2213032684207617 0.5784387849274498  -0.5862219180096921 -0.124194134820061 0.5274944773573661  -0.5306614227923147 -0.1867263621786571 0.5898440090442476  -0.531317035020701 -0.1831467920532465 0.5898611340047959  -0.5518954171097996 -0.1775504281348379 0.5781593716009678  -0.4922524963065977 -0.2393707064720766 0.4977017323682388  -0.5333624382582025 -0.2313998207002889 0.5021321032715514  -0.5617742491585562 -0.1913642209780158 0.4298329135525967  -0.5631706277906232 -0.1916119913251889 0.4311151589224032  -0.01585986999650733 0.005618238556555178 -0.4134749844589161  0.07530638473604212 0.1368813179786108 -0.3461825859945472  0.1498709487420357 0.1112098731023251 -0.39463166547969  0.09038041481185646 -0.06248317726324117 -0.2855179432233063  0.08881290541224802 -0.07902873992251744 -0.2750649133370643  0.0936696064328736 -0.03872090623406031 -0.3219123221529864  0.1035311488650393 -0.02966779267722953 -0.3059376532433767  0.1157302774126964 -0.09966629843368338 -0.2611291878815901  0.1791029510473849 -0.02890387134096504 -0.3040734244273062  0.1535942127826782 -0.02509409976211407 -0.3420351776448945  0.1545525543822812 -0.01403508726641805 -0.3142740329460464  0.1924818820693878 0.02872760491234991 -0.2882820312268847  0.1609276518438697 0.02768667271536343 -0.3045295856436191  0.1127959167237582 -0.08642621236269854 -0.4631782633930105  -0.003008907860729715 -0.0379783711845225 -0.4164767634570197  -0.01917699620602853 -0.000442529821558655 -0.4101653379600783  0.01685757957533808 0.0273000891415598 -0.3583475395300837  0.15749880032958 0.02180917401003819 -0.3071924410677039  0.1627788036717104 0.08798243864229224 -0.3766248751655278  0.1582792771628887 0.03142758203379969 -0.3105359245444985  0.2795468887406942 0.02038352502546777 -0.5124827018905043  0.2633350182849352 0.01844038325622333 -0.553067088731082  0.2854463879187502 0.03611757773642441 -0.4908250024526536  0.2612055384920906 0.01989517528048064 -0.5576140183145805  0.2652848288490124 0.01658769460331626 -0.557042456816607  0.2079784503968254 0.02979958567487316 -0.6173712683719449  0.3403008662763324 -0.01957543323486995 -0.5609244551904266  0.3472792593586547 0.1347456401185109 -0.5361606812109776  0.3834142119364496 0.03574175170386861 -0.4819028898563856  0.1522361922217655 0.001037583243492624 -0.6375733373122325  0.1438909328381389 -0.0696468257329504 -0.6573226703582956  0.2407554473767446 0.03195056697004274 -0.7001586393799276  0.2581813005029389 0.05142608500029183 -0.7122839047218401  -0.4517588895803161 0.02334674189289777 0.5167627081821426  -0.4880473987064796 0.06188759200130514 0.402121861911789  -0.4924928403906953 0.05539396274916783 0.4032966979306471  0.1896899401882679 -0.5706075267008509 0.7391258514754852  0.1881495343019141 -0.5698356291395615 0.7389379925013797  -0.1919566709948411 0.1575363647287671 0.6926829019242509  -0.210374430942286 0.1539319509684854 0.6980768032945126  -0.2613860329347717 0.1006058107678504 0.6548044557249308  -0.2684767985107601 0.09018761845226611 0.6533772022738793  -0.1861273749194124 0.005441888853833149 0.6448545002361061  -0.123647618612391 0.006327481896237656 0.6859597676339475  -0.1350194084365016 -0.0135760730474451 0.6900990945783709  -0.134700553657878 -0.0112175608015435 0.6990800897171338  -0.174961506582575 -0.03562102225217384 0.7046552508671933  0.04409306440154993 -0.2556086830102631 -0.5600795651907383  -0.177920736604173 -0.2902268419983324 -0.6165698886365216  -0.17054377000117 -0.3010503847346024 -0.6018057683366761  -0.006241544039859666 -0.3160891377884469 -0.6840267912518627  -0.265626320125745 -0.3913055506469032 -0.7322992287863627  -0.2564822113653176 -0.3391100385803786 -0.7956986966241467  -0.2544847107260835 -0.3343004483664294 -0.7960265749063377  -0.2596460622794994 -0.2716059030498323 -0.7819487164367731  -0.2558117065536624 -0.2749638684735324 -0.7703609080257264  -0.003275100473907425 -0.3106220912142005 -0.6877068002555246  0.5839723152328471 -0.09244353280542734 -0.5937733747106981  0.5840099107301892 -0.0923450222358638 -0.5936563034295905  0.4546978254152366 -0.2821498416647495 -0.5179917736455196  0.5852455276554609 -0.08343768907797902 -0.5935922302196511  0.4863022266108576 -0.02712207306443542 -0.6092994880269655  0.2478692822351053 0.379514024646086 -0.7758728955753412  0.2636244606428875 0.3620791286768478 -0.7856569275519427  0.2753618611230037 0.3058772317407229 -0.6254966658473667  0.2691929034689972 0.3541096704986501 -0.7796862949243258  0.2820624684161891 0.3000268272842113 -0.6309919807906966  0.202927225814844 0.2464368591649933 -0.7464470120279479  0.232851916431617 0.2445035743853876 -0.7354211580489787  0.2201283669431598 0.2347411400227985 -0.7407871658091878  0.2899621277987409 0.3019815273584411 -0.6405405438037078  0.2901074453949458 0.3019901243886904 -0.640624831299679  0.2702983257934801 0.2638846390991806 -0.7328508239321391  0.4354711058778454 0.2656089935661252 -0.6885589857660527  0.3021067928204517 0.06842667550888765 -0.8191955481719432  0.2686531585278871 0.059963202435576 -0.7271036178919144  0.3022741207507392 0.07169816015063044 -0.8221477987009544  0.4767670903505217 0.1658071274000836 -0.8217088624383209  0.4424639391616176 0.1247009678584206 -0.8422136521079179  0.501893876363906 0.1982820631062173 -0.8304751739971888  0.420944396572853 0.109790274484377 -0.8477180093413309  0.3837673550618826 0.2274530353081574 -0.7193127622231743  0.2725122326191801 0.259786638544572 -0.7187332926316219  0.3954245674104922 0.2193473508284591 -0.7182760148162318  0.257421630350899 0.250350494793554 -0.7154394245414931  0.2229552615088268 0.2233702456038624 -0.758741195963488  0.3005589302170268 0.2079807009504488 -0.831972237496207  0.3964327837469757 0.2176390903836011 -0.719851785127272  0.4140645835645036 0.2249263522868701 -0.7260740350879871  0.5123355451387847 0.08063860547225755 -0.6873424371172929  0.5114005990702977 0.07714648121205182 -0.6867264343447591  0.442726315747676 0.09491824658703293 -0.6798690554477153  0.5205744119566659 0.03673621360512991 -0.7889946024441082  0.453355098993117 0.05381766078985087 -0.6452043368963702  0.4309265114109273 0.2453089245273034 -0.5605775205204063  -0.2237718352677162 0.3433871341593595 -0.6387912107924032  -0.2057449403202086 0.286220371896991 -0.5896708052272334  -0.181094799479243 0.3909113008196178 -0.5506437056424033  0.168946297055836 -0.4285217124728853 -0.5036018046388642  0.1494860690796003 -0.430290812277713 -0.5135966718338882  0.2290388170602712 -0.4633703150200618 -0.5050268754690975  0.1762375304940082 -0.3467668118894053 -0.6751409092779369  0.08690781316472924 -0.3874644966276466 -0.6573836280311732  0.07930742380854588 -0.4353370038606393 -0.6535322624097198  0.04414837349378193 0.4598258118373144 -0.5745123275644337  0.04426958186791755 0.4596975554830479 -0.5742182814859293  0.07801462809800178 0.385216823171484 -0.633837234715535  0.1186179235646482 0.3775040379392587 -0.6092849555183266  0.1622329830901214 0.4978982967490657 -0.6576655470740286  -0.01608718908151281 -0.03772202815787283 -0.8016797611318286  -0.07144065696715357 -0.06356728216571239 -0.8115966785864208  -0.1318993913411158 -0.1247008379381697 -0.8341010007046026  0.2151342930555249 -0.2979321694967607 -0.8097439012713573  0.2177163029081386 -0.2222822577556817 -0.8189526835188241  0.2281225428908797 -0.311738043261953 -0.8073144752480961  0.1891496853571586 -0.2573039608996929 -0.848489452125982  0.1883624619839341 -0.1546119508480601 -0.6896708447936083  0.2247951570463564 -0.2180430653187989 -0.8032204126900545  0.1831425137447304 -0.1716110782527189 -0.7040164140282268  -0.2348511184794699 0.3469106023514804 -0.3971528710902384  -0.1270759031104592 0.2851723925337635 -0.3930228423006159  -0.1042703547101703 0.287581512674726 -0.3928139038684603  -0.2145712607110054 0.2723745319327622 -0.4652883792317398  0.02048280988420812 0.292034116132327 -0.7307486368289499  0.07348408990227331 0.2475990708817152 -0.6451849944143807  -0.02346609052000602 0.2670143077874902 -0.7408759706729993  -0.07387533627877246 0.2709584358011629 -0.7162880658545058  -0.01397438394274876 0.2685704772752482 -0.7429560116264894  -0.0879775293850461 0.1865224661605949 -0.6047917135489316  0.3837638926488301 -0.1318539727430926 -0.7682470367060086  0.3968506786207361 -0.1262559764450164 -0.7791449088369948  0.3466262715477799 -0.2009590301826177 -0.6661457504891529  0.3783464975220215 -0.1421494315557708 -0.7602080610157638  0.3532739698571538 -0.2008977549522143 -0.6868653845939924  0.3993459761769167 -0.1281816080885847 -0.7798994097929777  0.3526980275075533 -0.2056157102729973 -0.6742137272078925  0.4700420850138075 0.1908056569968601 -0.8033625680177153  0.4367164031155645 0.2091054559917862 -0.7838821269463968  0.4123314748080827 0.2360855384905369 -0.7186445236299148  -0.1385232906364889 0.5203294243415848 -0.636332837410994  -0.5913740418261333 -0.207111215946804 0.4098894003961916  -0.6200979257867333 -0.197312306498214 0.403113851189939  -0.5920914521264661 -0.2865985516307801 0.4777611782028712  -0.6755011980047633 -0.3177960286963218 0.5089912887127561  -0.6423526059617027 -0.1134797360446331 0.5216246099177037  -0.5811060403928737 -0.1299875607872064 0.5439565755495998  0.103430990150058 -0.02940614786645789 -0.3068111268325244  -0.03135063670962294 0.04258364690188918 -0.2905624910170392  -0.02867172681505924 0.05062692686352935 -0.2851185453964603  0.0007188774771183654 0.02727830372431667 -0.2284448181913541  0.1025164080153028 0.1040558668279477 -0.3573035841966508  0.1050723070788264 -0.02870127821320621 -0.3065032107462582  -0.1753530485015224 -0.2978549494558618 -0.6099047642041133  -0.1704341106617472 -0.301002812005416 -0.6016687067866463  -0.1679895482845572 -0.2773377776326195 -0.4962874460472672  -0.1432476078537211 -0.1798812366077528 -0.529387784821401  -0.1430525306932638 -0.1795114761757838 -0.5301270134395847  -0.1445584632485751 -0.178396246123869 -0.5314185212720548  -0.2663001823927471 -0.1150944761682332 -0.5884831640740744  -0.2753100565286994 -0.1128924737529873 -0.5883294096302438  -0.05235289458076208 -0.146135270382191 -0.6248853599929014  -0.01476566936309176 -0.1862040174619104 -0.6777105492976458  -0.06326187591722007 -0.3212705609158342 -0.733921503568959  0.085172667511665 -0.2925933242873816 -0.7315931110676011  0.08447554881341118 -0.2796017070953937 -0.7233256743470499  0.08559917614930648 -0.2924180854459583 -0.7360538154074685  -0.01181683853702096 -0.1907283124257873 -0.6757077087238708  0.02557456025966841 -0.2248279210468453 -0.6645734483764474  -0.01772348120149842 -0.1877013785246788 -0.6784892522384421  -0.0863097146646926 -0.2155377419218827 -0.7403381316002726  -0.1029319925068248 -0.2279740569181499 -0.7522184666026281  -0.1007410436007028 -0.2342053769385604 -0.7463519710701152  -0.1021149745481262 -0.2241687893417799 -0.7776233170872129  0.4013315624953377 0.1181305434636464 -0.6657722207164208  0.3994958386093627 0.1181539385328094 -0.6640510739382993  0.4205258919199623 0.06230162884817572 -0.6232113469140832  0.3681709942204172 -0.03634773565112399 -0.7460869612283638  0.3513970213194673 -0.03117667819240627 -0.7242100165342287  0.4014363722688652 -0.03756417515846687 -0.7489323497320672  0.4013513796643476 -0.02007680103379204 -0.6705042719025958  0.3867327032840681 -0.01725842157983189 -0.6590104652497141  0.3942334685923483 0.1001386754003185 -0.6394170788015661  0.3827751516828886 -0.01227977236611137 -0.6515256675071079  0.3307697410263897 0.1134189242807848 -0.614538602022724  0.3919227141207505 0.1083291348492819 -0.6338523283376469  0.3828284059066793 0.1756759599670836 -0.8060899360658447  0.3115839125823568 0.2148241790340554 -0.8296072677214262  0.3884919109640117 0.1649707863875472 -0.8034704709006051  0.4007572676000206 0.0932485667308135 -0.831832641446606  0.4152906121051276 0.09242666214675889 -0.8461819604385709  0.4713051446353118 0.03805088101519656 -0.8111864046960995  0.4558146711756361 -0.1553004958750214 -0.8426737198798993  0.4386436788618036 -0.1422855270763197 -0.8232526720604243  0.5481853032331829 0.020559406143001 -0.8032355403507745  0.5459157411931248 0.02267983675082987 -0.805364441709306  0.5492574430573022 0.01936063520478244 -0.8024765920058285  0.544580264153637 0.02379667287613946 -0.803962973515981  0.5209702184968956 0.03713436936299953 -0.7906473202257699  0.5502502752213458 0.01163919354606305 -0.786573460476804  0.5480241298966034 0.0120003667047671 -0.7832569875182491  0.4999671791555501 -0.07693863972040503 -0.7344111660738141  0.4654260680430397 0.02958527965044705 -0.7752069574227973  0.4988058195954344 -0.09289465700915478 -0.7364775514000116  0.4961579657367426 -0.09432854708532429 -0.7370931034883252  0.4224965299785285 -0.02718443224360768 -0.7416725021372479  0.405517722023566 -0.03691089523928108 -0.7456819469113389  0.4605804423287428 -0.09990608907091912 -0.7437595080063277  0.404735473162256 -0.1253735323238941 -0.7781232582803286  0.117291122615994 -0.4075491056641507 -0.5138252070142476  0.06398182763228299 -0.385322077574933 -0.592890800017615  0.1180187011018807 -0.4085580010377597 -0.5139268549549559  0.04993962812196386 -0.3875059124426762 -0.5957422856267337  0.07548361444547493 -0.520195312381442 -0.5839785622697438  0.07674725954431236 -0.5195252033480193 -0.5856454165978821  0.08234640815187244 -0.4962027188688466 -0.6260793144397672  0.1490182045516718 -0.4290517146761493 -0.51361389772947  0.06861263918933416 -0.4704208431314957 -0.661651648063605  0.06872972030872257 -0.4670139424543306 -0.6608849691858563  0.2586837817944458 -0.335614166853296 -0.8240242788082877  0.2484150023715636 -0.3864553582466482 -0.8509094891898097  0.2456034957447939 -0.4445320256762254 -0.8438951323850193  0.1191521257205648 -0.3197615353547935 -0.7991672131547696  0.1167274530001701 -0.3311379525754716 -0.805168503837696  0.1191142504576002 -0.3192601575668619 -0.7996190160395349  0.2094269341909942 -0.4729139433338224 -0.8426930977767456  0.1259178095969172 -0.4189600626097649 -0.8547175447377285  0.1206198035740174 -0.4023816933942064 -0.8449528155332738  0.1079726798229494 -0.2952229574750733 -0.8674324595556091  0.1828794829271883 -0.2536790851603488 -0.8523144656361665  0.1875422226450943 -0.243923975431747 -0.8526671175836574  0.03575083519054013 -0.2323012642460456 -0.6511869134656612  0.02935735698312671 -0.2354837058272382 -0.6625910266640663  0.129847093711009 -0.09237268541201155 -0.6216403433060449  0.1887082108255053 -0.1553244085020118 -0.688286440715697  0.1800391463817959 -0.1247826794784357 -0.636501749982005  0.1617585522251804 -0.08299697824545377 -0.6816150436893484  0.05517718167022957 -0.09047433031925944 -0.7523691932416393  0.1145833249015629 -0.318903684393404 -0.7927478511143707  0.1043685683915277 -0.2904628503567324 -0.8783397350195237  0.1067910145676851 -0.2914783910404721 -0.8771827439161456  0.03560370826971689 -0.2457073084959604 -0.9179629137955687  0.138956439746469 -0.2695314453235261 -0.8769026355641772  0.02982953747997474 -0.24416052194462 -0.9132021673929098  0.1390893280993362 -0.181023406176709 -0.7563287724751917  0.09774084812708794 -0.1021664232439852 -0.7604515652373567  0.1882017449536033 -0.2284991820965352 -0.8537612750108259  -0.1344291590278549 -0.2117743603538798 -0.7867771724397694  -0.1749650985114622 -0.2193828738003996 -0.8201001927715627  -0.1800158453420028 -0.2120067729137651 -0.8255703975263476  -0.172563883626646 -0.1946555520859578 -0.821970620085016  -0.1368931998433194 -0.1248614393006971 -0.834382862119322  -0.1549950843871913 -0.1295644435691649 -0.8495376440607648  -0.1745919672608632 -0.1455279050690027 -0.9032313743371296  0.02097607405458451 -0.2341991270534537 -0.9280798759629924  -0.1051270672812436 -0.2375930914717069 -0.9477950507883162  0.03060812175193535 -0.2426951600584617 -0.9149913031460309  -0.1061475329479258 -0.2379989468375397 -0.947454005078624  -0.4040940110336212 0.04847783788981783 -0.8042533718436039  -0.4004526902260994 0.1297734160314438 -0.8188784340684783  -0.4541448484959826 0.1353258824222577 -0.8791161000022394  0.4253468937993494 -0.1372513968291146 -0.794497131339454  0.4141956679758045 -0.1344293256385167 -0.789035839047509  0.4005940355023541 -0.1283492212173898 -0.779887909951866  0.1785982491718742 -0.2535844797371912 -0.8527978435966947  0.1881467436645048 -0.2348284847276593 -0.8534111488849502  -0.4056646515932406 0.1225893943809847 -0.8146186021654336  -0.3965986160141232 0.1038249413737838 -0.8007176392316278  0.1887671119482526 -0.2285931347130603 -0.8536669018189694  -0.4073770363901912 -0.6336176670234436 0.6575504636586562  -0.4259013003613694 0.08678099628912313 -0.900487174274882  -0.3089159569881276 0.9509589496710783 -0.006929470296419291  -0.5834498629022404 0.4537286162593393 -0.6734364188746715  -0.3888221098703932 -0.6834961091746397 0.6176167465500471  -0.2113523610049892 -0.2529220564361396 -0.9440130416820155  -0.3862512843505821 -0.9041946305123122 -0.1817746557973061  -0.8647598646473383 -0.4943902970310322 0.08699782006857903  -0.843118210457886 -0.2485167356777535 0.4766457020496099  -0.5826368174927482 0.5535532173098644 -0.5949060299810551  -0.8370450066307378 -0.1211824003474999 0.5333577530331461  -0.2446094497145283 -0.336481907088692 0.9092558239089329  -0.3164988944171091 0.8280622957175247 -0.4625378841173663  -0.9547244135690083 -0.07423484531884809 0.2877333694165481  -0.5660101722900619 0.8150603894640739 -0.1229189016825593  0.860675936834171 0.5003313716401826 -0.09330305625902935  0.3201597441165217 0.9448822409087384 -0.06704699145020653  0.4494621481960638 0.7721796104388572 -0.4489125043496498  0.9153984410080537 0.05143887001954647 0.3989984296349262  0.5241913518519096 0.3465139276475548 0.7777863039356843  0.8826588596838693 -0.3258063234885099 -0.338472431663898  0.860204322402201 0.4357591945429742 -0.2645041740536973  0.8218159803228433 0.5292408200031182 -0.2105294728260893  0.587804079441405 -0.7571487571684472 -0.28462630537306  0.5005537013271166 -0.8579937634829048 -0.1144233538757057  0.7579883864967545 0.6456529480632978 -0.09157448658452406  0.5402404488763884 0.3588602482972811 0.761025354104482  0.4671673209852931 -0.4914606556749925 -0.7348612985638383  0.9341318675981386 -0.141420709245952 0.3274108228724051  0.5117360510965326 -0.004627613435096892 0.8590138585622599  0.4550052310885176 -0.8757536284128837 -0.1607041754396988  0.7847666336784541 -0.5748086319220803 0.231379293224034  0.7421805285606482 -0.1378621024532768 -0.6557149637857893  0.454134441935219 -0.8862572826914688 0.09005524706823735  0.3934305688615986 -0.874110094494065 0.2845064853194311  0.2283806909308345 -0.7951889200692354 0.5615308107388925  0.5564160111319747 -0.7521753200035509 0.3527513579471213  0.4852926546660062 -0.8320595382479912 -0.2682684739915599  0.8064108862033573 -0.2837392450375726 0.518645865150995  0.9401929243899678 0.2048367452648997 0.2718072528765982  0.6109311900665946 -0.6520247255253384 0.4488060252574843  0.9124538295417397 0.3829915995857019 -0.1433368536050626  0.5003084581857726 -0.1699643643258837 -0.8488837208517273  0.9054809159784292 0.2679789758417466 -0.3287728536629407  0.2676225973490813 0.9603447142487339 0.07691674201790401  0.2488359283413107 -0.4604996611461209 -0.8519511446384856  0.6949099771730564 -0.7164585461295148 0.05989395047351847  0.8738529422701464 -0.4295539012370435 -0.2272982428833196  0.5126890240860287 -0.6245589823976201 0.5889618426419193  0.5763637567547123 0.1757762166701322 0.7979395663536992  0.9155699737902341 0.4004677817603839 -0.03401747882585502  0.5052001785739054 0.2351436138497482 -0.8302290469711203  0.819483776680635 -0.2629528431981966 -0.5090207775830253  0.537268407743608 0.04785329828080247 -0.8419339225166644  0.7032297679894279 -0.1678469742219516 -0.690720852919666  </DataArray>
</Points>
<Cells>
<DataArray  type="UInt32"  Name="connectivity"  format="ascii">0 1  0 2  3 4  3 5  3 6  7 8  7 9  10 11  10 12  10 13  14 15  14 16  11 15  12 17  18 19  18 20  19 21  21 22  21 23  1 24  25 26  25 27  25 28  25 29  26 30  26 31  26 32  33 34  33 35  34 36  37 38  37 39  40 41  40 42  43 44  43 45  43 46  47 48  47 49  50 51  50 52  51 53  53 54  51 55  56 57  56 58  56 59  52 60  52 61  62 63  62 64  62 65  66 67  66 68  69 70  69 71  69 72  73 74  73 75  76 77  76 78  79 80  79 81  82 83  82 84  85 86  85 87  88 89  88 90  91 92  91 93  89 94  89 95  94 96  97 98  97 99  98 100  101 102  101 103  102 104  104 105  106 107  106 108  107 109  110 111  110 112  111 113  57 114  57 115  116 117  116 118  119 120  119 121  122 123  122 124  125 126  125 127  128 129  128 130  128 131  108 132  108 133  132 134  132 135  134 136  137 138  137 139  138 140  141 142  141 143  86 144  145 146  145 147  146 148  146 149  150 151  150 152  151 153  41 154  154 155  48 156  48 157  158 159  158 160  38 161  162 163  162 164  165 166  165 167  166 168  169 170  169 171  30 172  27 173  174 175  174 176  177 178  177 179  175 178  178 180  31 181  31 182  32 183  28 184  185 186  185 187  188 189  188 190  188 191  192 193  192 194  192 195  192 196  36 197  36 198  197 199  198 200  201 202  203 204  203 205  206 207  206 208  209 210  209 211  42 212  140 213  140 214  215 216  215 217  22 218  218 219  219 220  220 221  222 223  222 224  225 226  225 227  228 229  228 230  228 231  232 233  232 234  232 235  236 237  236 238  239 240  239 241  240 242  242 243  243 244  67 245  233 246  246 247  246 248  8 249  8 250  193 251  193 252  253 254  253 255  256 257  256 258  256 259  257 260  257 261  257 262  263 264  263 265  266 267  266 268  266 269  267 270  271 272  271 273  271 274  271 275  276 277  276 278  279 280  279 281  49 282  282 283  284 285  284 286  287 288  287 289  16 290  16 291  290 292  290 293  290 294  4 295  4 296  295 297  297 298  297 299  295 300  301 302  301 303  304 305  304 306  307 308  307 309  310 311  310 312  55 308  55 313  314 315  314 316  317 318  317 319  309 320  305 309  320 321  320 322  305 321  305 323  321 324  321 325  315 326  315 327  326 328  326 329  328 330  70 71  70 331  332 333  332 334  71 335  335 336  71 337  338 339  338 340  338 341  337 342  342 343  343 344  343 345  343 346  347 348  347 349  350 351  350 352  353 354  353 355  356 357  298 356  358 359  358 360  358 361  339 357  339 362  339 363  357 359  357 364  359 362  362 365  362 366  298 367  368 369  54 368  63 370  63 64  63 371  369 372  54 373  288 374  370 375  24 64  64 372  375 376  65 377  65 378  379 380  80 381  381 382  74 383  237 384  83 385  385 386  387 388  387 389  83 388  83 390  388 391  390 392  389 393  392 394  392 395  394 396  393 397  92 398  142 399  399 400  398 401  95 402  402 403  142 403  142 401  404 405  404 406  404 407  96 408  93 409  44 410  44 411  412 413  412 414  415 416  415 417  416 418  133 419  109 419  133 420  133 421  420 422  420 423  109 424  425 426  425 427  428 429  292 428  428 430  429 431  105 432  170 433  179 432  434 435  434 436  435 437  435 438  439 440  439 441  442 443  442 444  445 446  445 447  446 448  260 449  113 450  451 452  451 453  452 454  455 456  455 457  458 459  458 460  456 461  277 462  463 464  463 465  462 464  117 466  117 467  468 469  468 470  471 472  471 473  471 474  58 472  472 475  476 477  476 478  120 479  480 481  480 482  483 484  483 485  484 486  487 488  487 489  490 491  490 492  123 493  123 494  367 495  422 496  423 497  498 499  498 500  400 501  502 503  502 504  505 506  505 507  506 508  172 509  501 510  226 511  512 513  512 514  152 515  515 516  517 518  517 519  518 520  229 521  522 523  522 524  523 525  45 526  212 527  410 528  529 530  529 531  532 533  532 534  535 536  535 537  536 538  536 539  540 541  540 542  543 544  543 545  544 546  544 547  545 548  549 550  549 551  550 552  552 553  497 554  497 555  497 556  75 129  126 129  129 557  126 554  554 558  405 559  559 560  561 562  561 563  564 565  564 566  565 567  223 567  567 568  569 570  569 571  570 572  572 573  574 575  574 576  577 578  577 579  580 581  580 582  580 583  159 584  167 585  586 587  586 588  163 589  272 590  273 591  273 592  591 593  594 595  594 596  597 598  597 599  598 600  601 602  601 603  371 602  603 604  181 189  189 605  189 606  181 607  605 608  609 610  609 611  609 612  613 614  613 615  614 616  616 617  616 618  254 619  619 620  254 621  621 622  623 624  623 625  623 626  627 628  627 629  630 631  630 632  633 634  633 635  636 637  636 638  639 640  639 641  640 642  643 644  643 645  199 200  200 646  200 647  199 648  587 649  587 650  649 651  649 652  653 654  653 655  654 656  648 657  657 658  646 659  659 660  661 662  661 663  661 664  584 665  666 667  666 668  669 670  669 671  672 673  672 674  673 675  676 677  676 678  679 680  679 681  682 683  682 684  682 685  686 687  686 688  207 689  689 690  691 692  691 693  691 694  692 695  208 693  155 696  46 697  698 699  698 700  701 702  701 703  704 705  704 706  707 708  707 709  699 710  711 712  711 713  712 714  715 716  715 717  715 718  213 719  719 720  720 721  575 722  723 724  723 725  723 726  724 727  728 729  728 730  216 727  727 731  732 733  732 734  436 735  437 736  737 738  737 739  740 741  740 742  513 743  714 744  744 745  745 746  90 747  90 748  568 749  230 749  750 751  750 752  750 753  754 755  754 756  230 757  230 758  757 759  23 758  521 760  761 762  761 763  231 764  759 765  760 766  72 767  336 768  5 767  767 769  770 771  770 772  670 773  774 775  774 776  774 777  775 778  779 780  779 781  651 782  783 784  783 785  780 786  244 787  787 788  789 790  789 791  789 792  790 793  791 794  671 794  791 795  795 796  796 797  675 798  799 800  799 801  247 802  803 804  803 805  803 806  804 807  807 808  808 809  610 810  610 811  610 812  813 814  813 815  814 816  816 817  816 818  182 805  182 819  820 821  820 822  802 823  802 824  802 825  826 827  826 828  826 829  827 830  827 831  823 832  832 833  834 835  834 836  837 838  837 839  840 841  840 842  843 844  843 845  846 847  846 848  729 847  217 729  729 849  850 851  850 852  264 849  853 854  853 855  853 856  283 857  702 857  283 858  283 859  860 861  860 862  553 854  854 863  702 864  268 865  866 867  866 868  867 869  870 871  870 872  776 781  873 874  873 875  873 876  873 877  662 878  581 879  879 880  581 881  882 883  882 884  885 886  885 887  736 888  747 889  747 890  751 889  891 892  891 893  892 894  892 895  599 896  896 897  898 899  898 900  901 902  901 903  902 904  905 906  905 907  454 908  909 910  909 911  912 913  912 914  913 915  910 914  914 916  855 917  918 919  918 920  919 921  922 923  922 924  922 925  923 926  924 927  924 928  929 930  929 931  927 930  475 932  932 933  280 934  934 935  112 936  935 937  937 938  939 940  939 941  311 942  302 311  311 943  942 944  838 945  945 946  838 947  948 949  948 950  949 951  952 953  952 954  322 955  322 956  322 957  955 958  324 959  323 960  960 961  944 962  962 963  325 964  946 965  946 966  920 967  967 968  961 969  970 971  970 972  971 973  953 974  953 975  380 974  380 976  956 974  956 957  956 977  327 333  333 978  333 979  330 957  957 980  980 981  340 982  340 983  334 984  984 985  984 986  987 988  987 989  988 990  991 992  991 993  990 994  995 996  995 997  996 998  9 999  999 1000  1000 1001  998 1002  1002 1003  1004 1005  1004 1006  1004 1007  1005 1008  77 1008  424 1009  1009 1010  992 1011  992 1012  373 1013  373 374  306 1013  1014 1015  1014 1016  663 1017  663 1018  663 1019  1020 1021  1020 1022  1023 1024  1023 1025  1024 1026  1026 1027  1028 1029  1028 1030  1031 1032  1031 1033  491 1034  1034 1035  1034 1036  1035 1037  1035 1038  1036 1039  1036 1040  516 1041  1042 1043  1042 1044  1043 1045  1043 1046  1047 1048  1047 1049  1048 1050  1051 1052  1051 1053  1054 1055  1054 1056  1057 1058  1057 1059  1060 1061  1060 1062  1061 1063  1064 1065  1064 1066  1067 1068  1067 1069  1068 1070  1070 1071  1072 1073  1072 1074  1075 1076  1075 1077  954 1078  954 1079  384 1080  1080 1081  386 1082  1082 1083  139 1084  1084 1085  1085 1086  20 1086  1087 1088  1087 1089  1090 1091  1090 1092  1090 1093  528 1094  1094 1095  1094 1096  528 1097  528 1098  1099 1100  1099 1101  1099 1102  1097 1100  1100 1103  1101 1104  1105 1106  1105 1107  1108 1109  1108 1110  1111 1112  1111 1113  1112 1114  1115 1116  1115 1117  1115 1118  449 1119  426 1120  1121 1122  1121 1123  17 427  171 508  171 1124  507 1125  507 1126  1127 1128  1127 1129  1130 1131  438 1130  1131 1132  1132 1133  438 1134  438 1135  413 1136  841 1133  1119 1133  1133 1137  1138 1139  1138 1140  1139 1141  1139 1142  443 1143  1141 1144  348 351  351 1145  1145 1146  351 1147  1147 1148  1149 1150  1149 1151  1150 1152  194 1151  951 1153  951 1154  951 1155  1156 1157  1156 1158  1159 1160  1159 1161  1159 1162  1088 1163  1088 1160  1163 1164  1163 1165  1160 1166  1166 1167  1168 1169  1168 1170  1157 1169  1169 1171  1169 1172  1171 1173  1089 1174  461 1175  1175 1176  461 1177  461 1178  2 1179  1179 1180  1180 1181  908 1182  1167 1183  1183 1184  465 1184  479 1185  933 1186  1170 1187  1187 1188  485 1189  1189 1190  1190 1191  488 1192  1192 1193  1037 1194  1194 1195  1195 1196  148 1197  1197 1198  130 1199  130 1200  383 1201  382 1202  1202 1203  1201 1204  1204 1205  1205 1206  1206 1207  1208 1209  1208 1210  1208 1211  234 238  234 1212  793 1213  1213 1214  1215 1216  1215 1217  78 1218  1218 1219  1216 1220  1219 1220  1219 1221  1222 1223  1222 1224  135 1223  1224 1225  135 1217  611 810  810 1226  1227 1228  1227 1229  611 1230  249 1231  248 1231  495 1232  1232 1233  495 1001  495 1234  1001 1235  1235 1236  1237 1238  1237 1239  1236 1240  1233 1241  1242 1243  1242 1244  1242 1245  716 1243  1243 1246  716 1244  1244 1247  1248 1249  519 1248  1249 1250  509 1251  1252 1253  1252 1254  1124 1255  1253 1255  888 1256  503 1257  755 1258  1257 1259  735 1260  1260 1261  1262 1263  1262 1264  510 1263  510 1265  1265 1266  1261 1267  748 1268  143 511  738 1269  765 1269  738 743  743 1270  1270 1271  764 1272  1272 1273  624 1273  1274 1275  1274 1276  1277 1278  1277 1279  258 1280  186 1280  1280 1281  1280 1282  186 258  186 190  606 1283  227 1284  224 1285  762 1285  762 1284  1286 1287  1286 1288  1289 1290  1289 1291  1292 1293  1292 1294  1295 1296  1295 1297  160 1298  1298 1299  530 1300  1301 1302  1301 1303  1304 1305  1304 1306  1305 1307  533 1308  533 1309  546 1308  1310 1311  1310 1312  546 1313  1314 1315  1314 1316  1315 1317  1317 1318  1319 1320  1319 1321  1302 1322  496 1323  29 1324  136 1325  1324 1325  173 180  1038 1326  409 1327  1328 1329  1328 1330  1327 1329  562 1331  408 566  408 1332  1331 1332  1332 1333  406 1055  1333 1334  406 1334  1335 1336  1335 1337  1266 1336  1337 1338  1264 1339  1338 1340  1340 1341  1342 1343  1342 1344  573 1345  1345 1346  573 1347  1347 1348  525 1348  149 1349  149 1350  493 1351  1349 1352  1352 1353  1353 1354  571 1354  710 1355  710 1356  710 1357  695 1355  1358 1359  1358 1360  578 1361  1361 1362  1363 1364  1363 1365  1366 1367  1366 1368  1369 1370  1369 1371  881 1372  881 1373  874 1374  1372 1375  664 1374  664 1376  1374 1377  875 1375  582 1378  1378 1379  582 1380  1380 1381  1382 1383  1382 1384  1385 1386  1385 1387  1303 1388  1388 1389  1303 1390  1303 1391  1389 1392  650 1393  1390 1393  1393 1394  241 1391  595 1395  1396 1397  1396 1398  1397 1399  1398 1400  1400 1401  1395 1402  1402 1403  289 1403  285 289  1404 1405  1404 1406  1407 1408  1407 1409  1408 1410  1410 1411  1411 1412  1409 1413  600 1414  926 931  931 1415  931 1416  1383 1417  1417 1418  1419 1420  1419 1421  1422 1423  1422 1424  1386 1425  1425 1426  585 604  585 1427  828 1428  828 1429  183 1430  1430 1431  1430 1432  1430 1433  183 1434  183 1435  1278 1283  1275 1278  1275 1436  817 819  817 1437  1437 1438  1225 1226  817 1439  1438 1440  811 1439  1440 1441  617 1442  1442 1443  1443 1444  221 1445  1445 1446  1447 1448  1447 1449  1450 1451  1450 1452  1453 1454  1453 1455  1456 1457  1456 1458  1459 1460  1459 1461  1459 1462  1460 1463  1460 1464  1465 1466  1465 1467  1468 1469  1468 1470  1468 1471  1468 1472  1473 1474  1473 1475  1476 1477  1476 1478  1477 1479  1478 1480  1478 1481  1478 1482  1463 1483  1106 1484  1485 1486  1485 1487  1488 1489  1488 1490  1489 1491  628 1492  1492 1493  1494 1495  1494 1496  1494 1497  1498 1499  1498 1500  1498 1501  725 1502  731 1502  725 1503  731 1504  731 1505  1504 1506  1507 1508  1507 1509  1505 1510  1506 1511  1506 1512  634 1513  1503 1514  1515 1516  1515 1517  1516 1518  730 1517  1519 1520  1519 1521  1520 1522  1520 1523  1521 1524  1524 1525  1526 1527  1526 1528  1527 1529  1522 1530  1529 1530  1530 1531  1529 1532  1525 1533  733 1534  1534 1535  1533 1535  1533 1536  1518 1536  1128 1537  1134 1537  637 1538  1538 1539  641 1540  1540 1541  1528 1542  514 1543  417 1544  417 1545  1542 1546  1542 1547  886 1548  644 1549  1550 1551  1550 1552  1549 1553  1553 1554  1551 1554  1551 1555  1554 1556  1557 1558  1557 1559  1555 1560  1423 1561  655 1562  1387 1563  1564 1565  1564 1566  1563 1567  1567 1568  1565 1569  1565 1570  1568 1571  1552 1572  1569 1572  1405 1571  1573 1574  1573 1575  156 1576  1577 1578  1577 1579  1558 1580  1581 1582  1581 1583  1584 1585  1584 1586  1559 1587  1587 1588  1588 1589  1590 1591  1590 1592  1578 1593  1570 1591  1570 1594  1591 1595  1591 1596  1594 1595  1595 1597  1595 1598  1032 1599  1599 1600  645 1032  39 1601  1601 1602  658 1589  1603 1604  1603 1605  1511 1606  1607 1608  1607 1609  1017 1610  1017 1611  1612 1613  1612 1614  1612 1615  877 1021  1021 1616  876 877  876 1617  877 1618  1613 1618  1613 1619  1620 1621  1620 1622  1610 1623  1624 1625  1624 1626  687 1627  1627 1628  1627 1629  1627 1630  1018 1631  1018 1632  1631 1633  1634 1635  1634 1636  1633 1635  1633 1637  1635 1638  1639 1640  1639 1641  667 1642  1643 1644  1643 1645  1646 1647  1646 1648  1647 1649  1649 1650  1649 1651  1652 1653  1652 1654  164 1655  1655 1656  1370 1656  1657 1658  1657 1659  1658 1660  1661 1662  1661 1663  1359 1642  1642 1664  1640 1664  1642 1644  1644 1665  1665 1666  35 1667  579 1662  1640 1667  1640 1660  541 548  548 1668  1313 1668  1313 1669  1669 1670  1670 1671  677 1672  674 1296  1673 1674  1673 1675  1676 1677  1676 1678  1677 1679  1677 1680  1674 1681  1679 1681  68 1679  1682 1683  1682 1684  1683 1685  678 1686  1686 1687  1687 1688  1689 1690  1689 1691  1689 1692  1392 1688  1693 1694  1693 1695  1392 1690  1690 1696  1694 1697  1694 1698  1697 1699  1696 1700  1399 1701  245 1702  1702 1703  592 1704  1638 1705  1706 1707  1706 1708  1709 1710  1709 1711  690 1710  1710 1712  1713 1714  1713 1715  1716 1717  1716 1718  1367 1717  1719 1720  1719 1721  526 1722  526 1723  527 1722  1722 1724  1725 1726  1725 1727  1725 1728  1461 1729  713 1730  1730 1731  713 1732  713 1733  1732 1734  1732 1735  721 1731  721 1247  1245 1247  1245 1736  1736 1737  1245 1738  1733 1739  87 1737  1738 1740  214 1741  214 1742  1734 1741  1734 1743  1735 1742  1742 1744  1735 1745  1744 1746  1747 1748  1747 1749  1457 1750  1750 1751  1454 1752  739 1753  1753 1754  734 1755  1755 1756  734 1757  894 1758  895 1757  1758 1759  756 1759  739 756  1760 1761  1760 1762  1761 1763  1764 1765  1764 1766  1052 1767  1052 1768  1081 1769  1770 1771  1770 1772  1770 1773  1771 1774  6 1772  798 1775  1775 1776  1774 1777  1769 1777  798 1777  1778 1779  1778 1780  235 1781  235 1782  771 1779  771 1781  1781 1783  771 1784  1785 1786  835 1785  830 1786  1786 1787  1786 1788  830 835  835 1789  1073 1790  1069 1790  1069 1791  1791 1792  1792 1793  1792 1794  1795 1796  1795 1797  1795 1798  551 1799  1800 1801  1800 1802  1803 1804  1803 1805  1801 1806  1469 1807  1808 1809  1808 1810  1808 1811  1809 1812  1810 1813  1814 1815  1814 1816  1811 1817  1815 1818  1813 1819  1818 1820  1621 1821  1819 1822  1822 1823  1823 1824  784 1812  1812 1825  792 1826  538 1827  785 1828  1672 1829  1830 1831  1830 1832  1780 1833  1833 1834  1834 1835  812 1836  1836 1837  1838 1839  836 1838  1838 1840  1839 1841  833 836  612 1842  251 821  1153 1843  829 1844  1844 1845  1844 1846  831 1847  1428 1848  1428 1849  1848 1850  1851 1852  1851 1853  1852 1854  1853 1855  856 1152  705 863  705 1856  705 1857  864 1856  708 1858  1858 1859  708 861  708 864  861 864  1860 1861  1860 1862  1861 1863  1862 1864  788 1865  865 1866  822 1867  869 871  871 1868  270 869  1429 1869  1869 1870  1871 1872  1871 1873  1872 1874  1872 1875  1623 1876  1874 1877  1874 1878  880 1879  786 1880  1880 1881  893 1882  887 1883  883 1884  1883 1884  1883 1885  1885 1886  1887 1888  1887 1889  1890 1891  1890 1892  1891 1893  1893 1894  1895 1896  1895 1897  1896 1898  1897 1899  1426 1900  1900 1901  1574 1579  1902 1903  1902 1904  1903 1905  1904 1906  1907 1908  1907 1909  1424 1910  1910 1911  1912 1913  1424 1912  1415 1913  1424 1914  1416 1915  1413 1914  1413 1916  906 1917  1182 1918  1918 1919  938 1920  1920 1921  1177 1922  1922 1923  1923 1924  899 1924  899 1925  899 925  1925 1926  1181 1927  897 1927  897 925  481 1928  1926 1929  1926 1930  1929 1931  928 1932  1932 1933  1921 1934  978 1935  1935 1936  978 1937  1937 1938  680 1936  1938 1939  331 341  296 331  296 364  364 1940  1940 1941  1941 1942  800 1943  1943 1944  1945 1946  1945 1947  1835 1944  1680 1948  1831 1946  940 1948  943 1949  943 1950  941 1951  1949 1952  1953 1954  1953 1955  1954 1956  1954 1957  1401 1952  1947 1958  1951 1959  1950 1959  1950 1955  312 1950  1955 1960  1939 1961  1961 1962  312 1963  1964 1965  1964 1966  360 1967  293 1967  360 1968  1968 1969  293 1970  1970 1971  293 1972  772 1784  772 1973  772 1974  1783 1784  1788 1975  1975 1976  824 1977  1977 1978  1783 1787  1787 1788  824 1783  824 1788  825 1979  825 1980  1978 1979  1980 1981  809 1982  1978 1983  250 1982  250 1984  1985 1986  1985 1987  959 1988  981 1989  1989 1990  1989 1991  981 1992  318 958  976 977  976 1074  976 1993  977 1994  977 1995  303 1994  1071 1994  1965 1996  1965 1997  1965 1998  965 1999  1999 2000  965 2001  965 2002  2000 2003  2000 2004  1996 2005  313 2006  2006 2007  313 2008  1956 2009  2009 2010  2009 2011  1956 2012  1956 2013  868 2014  917 2010  917 968  968 2010  968 2015  269 2016  2001 2017  2001 2018  2001 2019  473 2020  477 2020  2020 2021  319 2022  2021 2022  2022 2023  2021 2024  2025 2026  2025 2027  2028 2029  2028 2030  2029 2031  975 2032  975 2033  1992 2032  979 2033  344 2034  345 982  1990 2035  2036 2037  2036 2038  1144 2030  1144 2039  989 993  989 2040  989 2041  354 993  354 2042  354 2043  1011 2044  2045 2046  2045 2047  2048 2049  2048 2050  2049 2051  2052 2053  2052 2054  2050 2055  103 1006  103 2055  2055 2056  1076 2057  1065 2058  2058 2059  1065 2060  2059 2061  2060 2062  2061 2063  2062 2064  204 2063  1616 2065  1616 2066  2067 2068  2067 2069  2068 2070  2068 2071  635 2072  668 2073  2073 2074  2073 2075  2065 2074  1025 2076  1029 2076  2077 2078  2077 2079  2078 2080  2081 2082  2081 2083  1030 2082  1600 2083  1648 2084  1027 2084  2085 2086  2085 2087  2086 2088  2088 2089  2089 2090  1039 2091  2092 2093  2092 2094  494 2093  2093 2095  1040 2095  2091 2096  2096 2097  2097 2098  2098 2099  2099 2100  2100 2101  2101 2102  2103 2104  2103 2105  2104 2106  2106 2107  2107 2108  524 1056  1058 2109  1207 1209  1062 2110  1209 2111  2110 2111  1203 1210  1210 1211  2112 2113  2112 2114  1211 2113  1211 2115  1238 2116  2115 2117  2117 2118  2119 2120  2119 2121  2120 2122  2123 2124  2123 2125  973 2126  973 2127  2128 2129  2128 2130  1091 2131  2131 2132  2131 2133  2134 2135  2134 2136  1628 2137  1629 2135  2138 2139  2138 2140  2141 2142  2141 2143  2139 2144  1109 2145  2142 2146  1796 2147  2145 2148  531 1309  1309 2149  1309 2150  2149 2151  2152 2153  2152 2154  2152 2155  2152 2156  2157 2158  2157 2159  2153 2160  1299 2160  1299 2161  1299 2162  1116 2161  2163 2164  2163 2165  2164 2166  1188 2166  2166 2167  1188 2168  1919 2169  2169 2170  486 2171  2170 2172  2173 2174  2173 2175  2171 2176  2177 2178  2177 2179  1125 2180  2180 2181  2180 2182  2181 2183  176 2182  2182 2184  2184 2185  2185 2186  2178 2187  2183 2188  2188 2189  1135 1136  1544 1546  1543 2190  2190 2191  440 2192  440 1140  440 2193  2192 2194  2193 2195  1991 2194  985 2196  2035 2197  2197 2198  2199 2200  2196 2199  2199 2201  2200 2202  329 2196  2198 2203  2204 2205  2204 2206  2205 2207  1137 2206  469 2208  469 2209  2210 2211  2210 2212  2211 2213  59 447  59 478  59 2214  478 2215  2215 2216  444 2215  2216 2217  444 2218  444 2219  2218 2220  2218 2221  2222 2223  265 2222  844 1154  839 2223  839 1155  839 2224  1155 2223  2224 2225  844 2226  261 2226  842 844  1129 2227  1855 2227  1855 2228  2225 2228  2225 2229  265 2230  622 2231  418 2231  255 1523  1523 2232  2230 2232  1158 1161  1158 2233  1161 2234  2235 2236  2235 2237  2233 2238  2239 2240  2239 2241  2240 2242  2132 2243  2132 2244  2132 2245  121 2242  2242 2243  2243 2246  2244 2247  99 118  99 2246  1049 2248  2247 2248  2249 2250  903 2249  2250 2251  450 453  450 2252  2253 2254  2253 2255  903 2256  2254 2257  2257 2258  2258 2259  1176 2260  1178 2261  2262 2263  2262 2264  377 915  377 2265  377 2266  911 915  915 2267  2265 2268  1418 2269  1420 2268  911 2270  858 2270  859 2269  907 2271  2271 2272  907 2273  858 859  859 2272  114 2274  115 2275  2276 2277  1930 2276  2277 2278  2274 2278  1930 2279  1928 2279  2280 2281  2280 2282  2283 2284  1186 2283  2284 2285  2236 2286  2236 2287  2236 2288  2289 2290  2289 2291  2292 2293  2292 2294  2293 2295  2290 2296  2297 2298  2297 2299  2298 2300  1198 2301  2301 2302  2300 2303  2296 2304  2304 2305  2295 2303  1495 2306  1495 2307  2306 2308  2306 2309  2310 2311  2310 2312  2310 2313  2311 2314  2314 2315  2315 2316  2316 2317  2317 2318  2307 2319  2307 2320  2319 2321  2319 2322  1496 2323  2324 2325  2324 2326  2308 2327  2308 2328  2329 2330  2329 2331  2329 2332  1241 2333  2333 2334  2333 2335  1199 2336  1199 2337  1241 2338  1239 2338  1241 2339  1239 2340  2341 2342  2341 2343  184 2344  2344 2345  1431 2346  2346 2347  1431 1434  1431 2348  1434 2349  2350 2351  2350 2352  2351 2353  2353 2354  1323 2352  2355 2356  2355 2357  2355 2358  1250 2359  2359 2360  2360 2361  2361 2362  1446 2363  1271 2364  2364 2365  414 2366  262 2366  1251 2367  262 2368  262 1281  2368 2369  1545 2369  2369 2370  1545 2371  1545 2191  2371 2372  1276 2372  1279 1282  1279 2373  2370 2373  2374 2375  1254 2374  2375 2376  1122 2377  1122 2378  1343 2378  1120 2377  1341 2378  2379 2380  2379 2381  1432 2380  2381 2382  1433 2383  2383 2384  2385 2386  2385 2387  2386 2388  563 2389  2389 2390  153 2390  1287 2391  1095 1098  1095 2392  2393 2394  2393 2395  1098 2396  2394 2396  1098 1103  1103 2397  2398 2399  2398 2400  2399 2401  2397 2402  1480 2403  1481 1483  1483 2404  2404 2405  1483 2406  1107 2407  2408 2409  2408 2410  2409 2411  2409 2412  2410 2413  2414 2415  2414 2416  1290 2417  1290 1684  2417 2418  629 2419  629 2420  1684 2421  2421 2422  2419 2423  202 1293  1293 1297  1110 2424  2424 2425  1110 2426  2426 2427  2426 2428  2427 2429  2140 2430  1381 2431  2431 2432  588 1306  652 2433  534 2434  2434 2435  2434 2436  583 2437  2437 2438  534 2438  534 1311  1817 2439  1817 2440  878 2441  2435 2442  2435 2443  2441 2444  2158 2445  1466 2446  2446 2447  1474 2448  2449 2450  2449 2451  2452 2453  2452 2454  2450 2455  2455 2456  2146 2457  2154 2457  2155 2159  1307 2458  589 2459  1698 2460  1316 1695  2124 2460  2461 2462  2461 2463  1318 2464  2464 2465  2465 2466  2465 2467  275 2466  1322 2468  2468 2469  1330 2470  2470 2471  560 2105  407 1059  124 1350  1762 2472  2094 2473  2474 2475  2189 2474  1351 2475  2472 2476  1724 2477  2478 2479  2478 2480  2479 2481  2481 2482  2482 2483  2090 2484  2484 2485  2485 2486  2487 2488  2487 2489  2488 2490  2480 2490  2490 2491  2490 2492  1114 2493  2493 2494  2493 2495  1114 2496  2494 2497  2494 2498  1117 2499  2496 2499  2497 2500  1118 2501  2501 2502  2499 2503  1637 2504  683 2503  2495 2505  2495 2506  1113 2505  2506 2507  2506 2508  2506 2509  2507 2510  1113 2511  2510 2512  2510 2511  2512 2513  547 2511  1371 2514  2514 2515  2516 2517  2516 2518  2517 2519  2519 2520  1911 2521  2522 2523  2522 2524  1582 2525  593 2526  1704 2527  2527 2528  1700 2529  2529 2530  1701 2531  1701 2532  2531 2533  1691 2534  2535 2536  2535 2537  1804 2538  2536 2538  2538 2539  1802 1804  1804 2540  1802 2534  1802 2541  2540 2542  2536 2541  2467 2543  2467 2544  2526 2545  2545 2546  1805 2547  2547 2548  1805 2539  2539 2549  2549 2550  2551 2552  2551 2553  1412 2552  2552 2554  1597 2555  1597 2556  2553 2557  2555 2557  2555 2558  2559 2560  2559 2561  2558 2562  2560 2563  2562 2563  2563 2564  1915 1916  2565 2566  2565 2567  2566 2568  2569 2570  2569 2571  2567 2570  1414 2572  1414 2573  2523 2574  2574 2575  2575 2576  2577 2578  2577 2579  2578 2580  1841 2581  608 818  608 2582  818 2583  2584 2585  2584 2586  1436 2587  2384 2587  2384 2588  2588 2589  2588 2590  2588 2591  1441 2592  2593 2594  2593 2595  1448 2596  2596 2597  2597 2598  2598 2599  2600 2601  2600 2602  1541 2603  2601 2603  1451 2604  1452 2605  2606 2607  2606 2608  2607 2609  2610 2611  1467 2610  2611 2612  2613 2614  2613 2615  2614 2616  2614 2617  2615 2618  2619 2620  2619 2621  1482 2622  1486 2623  1486 2624  1104 1484  1484 2625  1102 2626  2626 2627  2628 2629  2628 2630  2629 2631  2630 2632  2630 2633  2632 2634  2634 2635  2633 2636  2635 2637  726 2638  726 2639  1508 2638  2640 2641  2640 2642  1532 2643  2639 2641  2639 2644  2644 2645  1547 2646  2646 2647  1547 2648  1754 2648  1756 2647  1756 2649  2649 2650  2650 2651  2642 2651  741 2651  1458 2652  1592 2653  660 2653  1596 2654  2654 2655  1566 2656  2520 2656  1561 1598  1561 2657  1598 2556  2658 2659  2658 2660  1427 2661  2659 2661  2561 2662  1593 2662  2662 2663  1562 2663  2664 2665  2664 2666  157 2665  1575 2667  157 2668  2459 2669  2669 2670  1905 2671  168 656  168 2672  1576 2673  376 2672  916 1799  376 916  1799 2674  376 2674  2548 2674  2674 2675  1602 2676  2676 2677  2677 2678  2080 2679  2679 2680  2680 2681  2681 2682  2682 2683  2683 2684  706 2685  2686 2687  2686 2688  2687 2689  2689 2690  1857 2691  2692 2693  2692 2694  638 1015  1015 2695  851 2696  2695 2697  2698 2699  2698 2700  2691 2701  1859 2702  2693 2696  2693 2701  2693 2703  2696 2704  2696 2705  2069 2706  2702 2704  2697 2706  2697 2705  2707 2708  2707 2709  2710 2711  2710 2712  631 2713  631 2714  2708 2713  1608 2715  1606 2716  2717 2718  2717 2719  2718 2720  2072 2721  1604 2721  2721 2722  2072 2723  2066 2724  1632 2725  2726 2727  2694 2726  2727 2728  848 2694  848 2729  1605 2730  1605 2731  1605 2732  2079 2733  1641 2734  2733 2734  2734 2735  2735 2736  2735 2737  2486 2738  161 1659  773 2739  2739 2740  2740 2741  1291 2742  2742 2743  2418 2631  2631 2744  2744 2745  797 2745  2743 2746  2746 2747  1678 2748  2748 2749  1707 2750  2401 2751  2751 2752  1630 2753  696 2754  1708 2752  411 1708  1708 2755  2755 2756  2711 2757  2757 2758  2075 2758  2759 2760  2759 2761  2760 2762  1368 2762  2087 2763  2763 2764  1033 2765  2764 2765  2766 2767  2766 2768  1625 2767  1650 2769  2769 2770  1650 2771  2771 2772  2772 2773  1653 2773  1651 2774  2774 2775  2775 2776  2776 2777  1714 2777  2778 2779  2778 2780  2779 2781  1016 1513  1513 1514  642 2782  2782 2783  1514 2784  1514 2785  2780 2784  642 2785  2785 2786  2786 2787  1720 2788  2787 2788  2709 2787  2789 2790  2625 2789  1723 2791  2623 2790  2790 2792  2624 2625  1356 2793  2791 2793  2794 2795  2794 2796  2795 2797  1726 1729  1729 2798  1727 2799  2406 2799  2800 2801  2800 2802  2798 2803  2803 2804  2392 2805  2403 2801  1899 2806  2807 2808  2807 2809  2808 2810  717 718  717 2811  718 1746  1746 1748  1743 2812  2812 2813  2813 2814  2770 2815  2815 2816  2817 2818  2816 2817  2818 2819  2816 2820  2821 2822  2821 2823  2820 2822  2822 2824  632 2819  1721 2823  1765 2825  742 1765  2825 2826  2825 2827  2602 2828  2826 2829  2828 2830  746 2829  2829 2831  2829 2832  2833 2834  2833 2835  2834 2836  766 2836  520 766  2837 2838  1763 2837  763 766  2838 2839  2376 2839  763 1763  752 2831  753 2840  2840 2841  2827 2841  1988 2126  1988 2842  1986 1988  1794 2843  681 2843  1703 2843  1703 2844  2844 2845  801 2845  801 2846  1776 2846  2114 2847  2847 2848  1767 2849  2849 2850  2851 2852  2851 2853  1240 2852  2114 2854  1234 1240  363 1234  363 2850  1214 2855  2855 2856  1789 2857  2858 2859  2858 2860  2858 2861  2859 2862  2860 2863  2863 2864  2143 2865  2862 2865  2866 2867  2866 2868  2869 2870  2869 2871  1826 2870  1863 2872  2872 2873  1870 2873  1870 2874  1870 2875  1825 2876  1825 2877  2876 2878  1475 1807  2877 2879  2879 2880  1864 2881  2881 2882  1864 2883  778 2884  2884 2885  1692 2885  2886 2887  2886 2888  2887 2889  2889 2890  2685 2891  2891 2892  872 2893  2893 2894  2543 2895  2895 2896  2895 2897  2543 2898  2896 2899  2898 2900  2899 2901  2902 2903  2902 2904  1259 2903  1256 2905  1259 1888  1739 2906  2906 2907  144 2908  1889 2908  1889 2909  1882 2907  2172 2910  2806 2911  1894 2911  2911 2912  2912 2913  2912 2914  2915 2916  2915 2917  1892 2916  1908 2918  2918 2919  2920 2921  2920 2922  2921 2923  1917 2251  904 2924  2229 2925  2925 2926  921 2926  862 2927  2927 2928  2927 2929  2928 2930  2930 2931  2929 2932  2932 2933  2919 2934  2934 2935  2923 2936  2568 2937  2937 2938  2938 2939  2939 2940  2940 2941  2942 2943  2942 2944  474 2945  2946 2947  2946 2948  936 2949  2949 2950  2947 2950  900 1931  1931 2951  1933 2952  2953 2954  2948 2953  2954 2955  2951 2956  2948 2956  963 2957  2957 2958  1806 2675  2675 2959  1957 2959  1957 2012  2011 2012  2011 2014  1960 2960  2013 2960  2007 2961  2017 2961  1963 2007  1963 2962  2013 2017  2017 2018  1997 2018  2018 2963  1997 2964  316 2962  1958 1962  1958 2965  2966 2967  2966 2968  1847 1976  1845 2969  1847 2970  1078 2971  1987 2972  2972 2973  2031 2974  2975 2976  2975 2977  2976 2978  964 2978  1993 1995  964 1995  2977 2979  2979 2980  2023 2024  1142 2981  1142 2023  1142 2982  2981 2983  2026 2983  2026 2984  2982 2985  2985 2986  2984 2987  466 2986  100 466  466 2988  100 2989  2987 2989  1045 2988  2042 2990  2991 2992  2991 2993  2992 2994  2994 2995  2044 2996  2996 2997  1012 2998  1012 2999  2291 2998  2999 3000  2294 3000  3000 3001  3000 3002  1193 3001  3003 3004  3003 3005  3003 3006  2037 2039  2037 3004  2039 3004  2039 3007  1143 3007  3008 3009  1044 3008  1143 3010  1143 3011  2057 3009  1046 3010  2564 3012  1406 3012  1406 3013  1580 3013  1560 3014  1580 3014  2761 3015  3015 3016  3017 3018  3017 3019  3018 3020  2973 2974  2127 3021  3021 3022  3022 3023  2129 3024  2129 3025  1083 3024  396 2174  2167 2174  504 2130  504 3026  3025 3027  3028 3029  3028 3030  1173 3031  397 3032  3029 3031  3030 3032  3033 3034  3033 3035  3036 3037  3036 3038  1165 3034  1092 3034  1092 1093  1093 3037  482 3039  2281 3040  3039 3041  3041 3042  3035 3042  1174 3042  3038 3043  3044 3045  3044 3046  2395 3047  3047 3048  3049 3050  3049 3051  3050 3052  1705 3053  3053 3054  2627 3052  3051 3055  3055 3056  3055 3057  3058 3059  3058 3060  3059 3061  3061 3062  1636 3056  1797 2864  539 3063  1828 3063  1797 3064  539 3064  2165 3065  2263 3066  3066 3067  459 3068  2275 3069  2212 3067  2212 3070  3068 3071  3069 3072  3073 3074  2168 3073  457 3072  3071 3072  2214 3075  3074 3076  2168 3071  3075 3077  3075 3078  3079 3080  3079 3081  3082 3083  3082 3084  1326 3083  3084 3085  2179 3086  492 3086  492 3087  3088 3089  3087 3088  3089 3090  3080 3091  3087 3091  555 3092  555 3093  3094 3095  3094 3096  1196 3097  2005 2201  2201 3098  2005 3099  3100 3101  3100 3102  2203 3103  2203 3104  2203 3105  3103 3106  2034 3106  365 983  983 986  365 3107  365 366  986 3107  1969 3107  1969 3108  3108 3109  361 1969  355 3110  3110 3111  361 366  2213 3112  3098 3099  3099 3113  2003 3114  3114 3115  2003 3116  2003 3117  2008 3116  3118 3119  3118 3120  60 2008  2008 3121  441 2219  2220 3119  2195 3122  3098 3122  2202 3121  3117 3123  3115 3123  2002 3124  947 3124  2002 3117  3112 3115  3112 3125  1998 2002  3125 3126  947 3127  1998 3113  3113 3128  1998 3129  3129 3130  3127 3130  845 3127  3131 3132  3131 3133  1123 3134  3134 3135  1146 3135  147 3136  3136 3137  3136 3138  1146 1148  1146 3139  1148 3137  2208 3140  2208 3141  3140 3142  1172 2238  1172 3143  2238 2241  2238 2286  2241 3077  2217 3077  3077 3144  2241 3145  2286 3146  3146 3147  3147 3148  467 3145  467 2217  3141 3149  3149 3150  2287 3151  2287 3152  3150 3153  3154 3155  3154 3156  3151 3155  3152 3153  3142 3157  3157 3158  3142 3159  3156 3160  1162 2234  2234 2237  2133 2245  1162 2133  2256 3161  3161 3162  460 2256  460 3163  3065 3163  2259 3164  3165 3166  3165 3167  3164 3166  3168 3169  3168 3170  2261 3171  3171 3172  448 3172  448 3173  61 3173  2004 3174  378 3174  2004 3175  378 2266  2267 2273  3175 3176  2264 3176  2260 2264  2264 3177  3177 3178  2924 3178  2924 3179  2273 3179  2282 3180  3181 3182  3181 3183  3184 3185  3184 3186  3185 3187  1185 3182  3186 3188  3188 3189  3189 3190  3191 3192  3191 3193  3192 3194  3193 3195  3195 3196  3196 3197  3197 3198  1346 3198  3020 3199  3199 3200  1050 3201  3201 3202  489 3202  3203 3204  3203 3205  3204 3206  3206 3207  3206 3208  3207 3209  3205 3210  2046 2056  13 352  13 3211  13 2056  3211 3212  2340 3213  3213 3214  2336 3215  3214 3215  2312 2330  2320 2330  3216 3217  3216 3218  2321 3219  3220 3221  3220 3222  2423 3219  3219 3223  2422 3223  1497 3223  1497 3221  131 557  131 3224  131 3225  556 557  3092 3095  556 3224  2579 3224  2579 3226  2857 3227  2327 2328  2327 3228  2856 3229  3229 3230  1782 3231  3227 3231  1212 3232  1212 3233  2325 3231  2323 2325  2323 3234  2313 3232  2328 3234  2328 2331  2313 2332  2339 3235  3235 3236  3237 3238  3237 3239  2342 3240  2354 3240  2345 3240  615 2345  2345 3241  3242 3243  3242 3244  3245 3246  3245 3247  3246 3248  3249 3250  3249 3251  3243 3252  3253 3254  3253 3255  3254 3256  2589 3257  2604 3257  2347 3258  1041 3259  2363 3260  3260 3261  3261 3262  625 3262  1850 3263  252 3263  195 620  195 3264  3264 3265  3266 3267  3266 3268  3266 3269  3266 3270  3267 3271  3267 3272  3267 3273  3268 3274  1288 3275  3259 3276  3275 3276  3277 3278  3277 3279  3278 3280  3280 3281  2391 3281  3282 3283  3282 3284  2411 3285  2412 3286  3286 3287  1728 3283  1728 3287  2754 3288  3288 3289  2415 3289  697 700  700 3290  700 3291  697 2756  684 3290  694 3291  2750 3292  210 684  3292 3293  2416 3294  3295 3296  3295 3297  3298 3299  3298 3300  2420 3299  2432 2433  2442 3301  3301 3302  537 3303  537 1827  537 3304  3303 3305  2436 3305  2436 2442  1827 2871  2871 3306  3304 3307  3306 3308  3307 3309  1865 3310  3309 3310  3310 3311  3310 3312  1816 2439  1816 3313  2439 3314  1875 3313  3302 3308  1821 3314  2444 3314  3308 3315  1873 3316  3316 3317  3316 3318  1867 3319  2156 2453  2156 3320  2453 3321  2162 2456  2162 3320  2162 3322  2148 2454  3323 3324  3323 3325  2425 3326  3324 3326  542 3327  3327 3328  542 3329  3328 3330  3330 3331  2451 3329  3332 3333  1300 3332  2447 3333  2443 3334  2443 3335  3334 3336  3336 3337  2440 3335  3338 3339  3338 3340  3339 3341  3342 3343  3342 3344  3343 3345  2144 3346  3341 3346  2147 3347  2150 3347  3347 3348  1798 3349  3349 3350  1312 2150  3351 3352  3351 3353  3352 3354  3354 3355  1499 3355  3355 3356  3353 3357  2469 3358  1829 3359  3359 3360  3357 3361  2473 3362  3362 3363  1126 3363  3364 3365  3364 3366  1126 3365  1126 1444  722 3367  3368 3369  3368 3370  3371 3372  2407 3373  1096 3373  2802 3373  1096 3372  2477 3372  1712 2491  2491 3374  1711 3375  3375 3376  685 3377  1357 2483  2796 3378  2796 3379  3380 3381  3380 3382  1022 3381  1019 3383  3381 3383  2508 3382  665 3384  1373 1377  1376 3384  2509 2513  3337 3385  3385 3386  1377 3386  2513 3387  1379 3387  1379 1663  1666 3388  3388 3389  2515 3390  3390 3391  3392 3393  3392 3394  1909 3395  3396 3397  3396 3398  3399 3400  3399 3401  2525 3400  2252 3402  2255 3403  3402 3403  2524 3402  3403 3404  3404 3405  1384 3404  3405 3406  1585 3406  2671 3407  3408 3409  3408 3410  3411 3412  3411 3413  2530 2532  2122 3414  2532 3415  2125 3416  2121 3417  3417 3418  3414 3415  3416 3418  782 3419  2666 3419  3407 3409  2673 3407  3409 3420  777 3421  3421 3422  2542 3422  1394 2900  3412 3423  3423 3424  3420 3424  2537 3425  3410 3426  3425 3426  2546 3425  2550 3427  2533 3427  2533 3428  205 596  205 3429  596 3428  2528 3430  3430 3431  3429 3431  2571 2660  2554 2571  2554 3432  1493 2322  2322 3433  3434 3435  3434 3436  3437 3438  3437 3439  3440 3441  3440 3442  2580 3443  3444 3445  3444 3446  3445 3447  3441 3448  3448 3449  1228 3450  3450 3451  3452 3453  3452 3454  2585 3455  3455 3456  3453 3457  3458 3459  3458 3460  3458 3461  3462 3463  3462 3464  3438 3465  2356 3466  2356 3467  3096 3466  3097 3468  3468 3469  3467 3469  3274 3470  3274 3471  3470 3472  3472 3473  3472 3474  3045 3475  607 2582  607 1435  2582 3476  2582 2583  2349 3477  3476 3478  2583 3477  3477 3479  2590 3480  3481 3482  3481 3483  3484 3485  3484 3486  3484 3487  2643 3485  2591 3488  3488 3489  3489 3490  3490 3491  3491 3492  2880 3493  3493 3494  3494 3495  3495 3496  3495 3497  2592 3498  3498 3499  3500 3501  3500 3502  3503 3504  3503 3505  2605 3506  3506 3507  3508 3509  3508 3510  3511 3512  3511 3513  3509 3514  3509 3515  3509 3516  3507 3517  3238 3518  3518 3519  3520 3521  3520 3522  3519 3523  3523 3524  1449 3525  3519 3526  3517 3525  3517 3527  3526 3527  1455 3528  3293 3529  3529 3530  2753 3293  3293 3531  688 2502  2502 3531  2616 3532  1824 2618  1824 3533  1824 3534  3533 3535  3534 3536  3535 3537  3537 3538  3536 3539  1820 3539  3540 3541  3540 3542  1470 3541  1820 3543  3543 3544  1820 3545  3545 3546  3545 3547  1491 3548  1491 3549  3548 3550  3551 3552  2712 3551  3551 3553  3552 3554  2712 3550  2714 3550  2714 3555  2714 3556  3060 3555  1500 3557  3558 3559  3558 3560  3559 3561  3562 3563  3562 3564  3561 3563  2741 3565  3565 3566  3566 3567  3486 3568  3568 3569  3486 3570  3569 3571  2645 3570  2652 3571  3572 3573  3572 3574  2810 3575  884 3575  2783 3573  2781 2783  2810 3574  884 3576  1539 3576  1715 3577  1548 3577  2655 3578  2576 3578  2655 3579  2572 3580  1906 3581  2573 3582  3582 3583  3581 3584  3583 3585  3584 3585  3586 3587  1421 3586  3587 3588  3579 3588  647 3589  3589 3590  3590 3591  3591 3592  3593 3594  1362 3593  2688 3595  3594 3596  1362 3597  1362 1619  1364 3597  1614 1619  1614 2699  2699 3595  3595 3598  703 3599  3599 3600  2667 3596  2699 3601  3598 3602  2668 3600  1364 3601  3601 3603  3592 3604  2678 3605  3605 3606  3606 3607  1556 3607  2684 3608  1583 3608  1365 3609  1360 3609  1615 2070  2700 2703  3603 3604  3603 3610  3602 3610  3602 3611  709 3611  1586 3611  1531 1609  3612 3613  3612 3614  3487 3615  3615 3616  1626 3546  3546 3617  3546 3618  1510 3619  3619 3620  1877 3621  3621 3622  1877 1878  1878 3623  1878 3624  2612 3625  3538 3626  3625 3627  3627 3628  2730 3629  2725 3057  2725 3630  2722 3631  3620 3631  3631 3632  3631 3633  3057 3062  3062 3634  3057 3635  1611 3630  1611 3636  3636 3637  3638 3639  3638 3640  2731 3641  2731 2732  1512 3641  1509 1512  2732 3642  3642 3643  3644 3645  3644 3646  3647 3648  3647 3649  2137 3648  2736 3650  3650 3651  1654 3652  2747 3653  1675 3654  3654 3655  3656 3657  3656 3658  1685 3657  2326 3658  3653 3655  1699 3659  1699 3660  3659 3661  3660 3662  3661 3663  2749 3663  3662 3664  2883 3664  2883 3665  3665 3666  3666 3667  1832 2749  2749 3667  3668 3669  3669 3670  3669 3671  3670 3672  2805 3673  3284 3673  2797 3674  3674 3675  3675 3676  3677 3678  3677 3679  2913 3678  3680 3681  3680 3682  1745 3679  1745 3681  1745 1749  3169 3683  3683 3684  2914 3685  3682 3686  3686 3687  3688 3689  3688 3690  3689 3691  3692 3693  3692 3694  2809 3695  3693 3695  3687 3694  3691 3695  3549 3696  3556 3697  3696 3698  3698 3699  2622 3700  3697 3699  3699 3700  2620 3697  2824 3701  576 3702  3369 3703  3703 3704  3369 3705  3705 3706  3706 3707  3707 3708  3708 3709  1751 1752  3710 3711  3710 3712  3711 3713  3713 3714  3714 3715  1752 3715  2830 3716  2832 3716  2116 2853  2116 2118  2848 2853  2040 2990  2990 3717  3717 3718  3719 3720  1768 3719  2854 3720  2854 2993  2854 3718  2041 3721  2997 3722  1053 3721  3721 3722  1840 3723  3317 3724  3724 3725  2874 3317  2581 3726  3723 3727  3727 3728  3727 3729  3728 3730  1837 3730  3478 3731  3501 3732  3732 3733  2594 3734  2594 3735  3734 3736  3735 3737  3736 3738  2878 3739  3544 3547  3544 3740  3544 3741  3547 3742  3740 3743  3743 3744  2882 3745  3745 3746  1866 3745  3311 3746  2875 3746  3312 3315  1868 3747  3315 3318  2890 3747  2875 3318  3318 3319  3748 3749  1879 3748  1617 3750  1617 3751  1876 3749  2894 3752  1881 3752  3750 3753  1879 1881  3751 3754  3754 3755  2892 2894  2690 3753  1881 3753  2670 2901  2909 3756  2905 3757  3756 3757  890 3758  1258 3758  1267 1268  2176 3759  2931 3760  3760 3761  3162 3761  2933 3762  3762 3763  2917 3764  1898 3765  3763 3765  1854 3764  3766 3767  3766 3768  2935 3769  2943 3770  2285 2941  3770 3771  2285 3772  2285 3773  3771 3772  2944 3774  3774 3775  969 3775  969 972  969 3776  3183 3777  2952 3778  2952 3779  3778 3780  2958 3781  3781 3782  2980 3782  286 2064  1066 2980  1942 3783  2965 3783  2965 3784  1973 3785  300 1773  1773 3786  299 3787  299 3788  1974 3789  1984 3787  1983 1984  1984 3790  3786 3789  2967 3791  3792 3793  3792 3794  950 3791  1981 3793  430 3795  430 3796  3795 3797  259 3797  1981 3796  806 3796  1981 3798  433 806  187 433  806 815  1846 3799  187 191  259 3799  815 3798  815 3800  2387 3799  191 3800  191 2387  1843 2969  2969 3801  3801 3802  2969 2970  966 3802  2016 3803  2015 2016  3803 3804  2015 3805  966 3805  2015 2019  966 2019  2963 3806  3806 3807  3808 3809  3808 3810  2971 3809  3811 3812  3811 3813  1077 3812  1077 2038  2038 3810  346 3814  3814 3815  994 3813  994 3816  3815 3816  2043 3817  2047 2051  3208 3817  2047 3817  3818 3819  3818 3820  1063 3819  2053 3820  3401 3821  3821 3822  3016 3823  2738 3823  2102 3824  3824 3825  3825 3826  2299 3826  2305 3826  3827 3828  3827 3829  3827 3830  84 2108  278 3828  391 3829  3019 3831  3831 3832  2109 3832  3187 3833  2904 3834  3834 3835  3027 3836  3836 3837  3835 3838  3835 3839  3837 3838  3838 3840  3838 3841  3148 3842  1339 3026  1339 1344  3026 3843  3843 3844  3839 3844  3070 3078  2207 3840  2207 3845  3840 3841  3132 3845  3076 3143  3076 3078  3143 3144  3132 3846  3132 3847  3841 3848  3841 3842  3842 3848  3846 3848  3158 3846  3090 3849  1007 3850  1003 1010  81 1003  558 1010  558 3851  558 3852  1010 3853  3850 3853  81 3851  3854 3855  3093 3854  3085 3855  3849 3856  3852 3856  2187 3857  3858 3859  3858 3860  2221 3859  3859 3861  3861 3862  3104 3860  2209 3863  3863 3864  470 3865  3865 3866  3005 3011  470 3867  3862 3864  3862 3868  3005 3866  3005 3006  3006 3869  3869 3870  3006 3871  3867 3872  3101 3873  3101 3868  3109 3873  349 3109  3109 3111  3209 3874  3870 3871  3002 3870  3105 3871  3874 3875  3872 3876  3875 3876  3128 3877  3126 3877  3120 3878  3120 3879  1971 3880  3102 3880  3102 3878  3126 3881  3879 3882  3139 3883  3884 3885  3884 3886  3133 3885  3886 3887  3882 3883  3881 3882  3881 3888  3882 3889  431 3887  3847 3888  3847 3889  3159 3890  3138 3891  3890 3892  3891 3892  3892 3893  3160 3893  3194 3893  2288 3894  3200 3895  3895 3896  3894 3897  3896 3897  3435 3898  3451 3899  2337 3898  1221 3899  2334 2337  2334 2335  2335 3900  2335 3901  1221 3902  3901 3902  127 3900  3217 3903  3903 3904  3904 3905  3459 3906  3906 3907  3222 3908  3908 3909  2318 3908  1294 3909  3910 3911  3910 3912  3913 3914  3913 3915  3916 3917  3916 3918  3241 3919  3241 3920  3258 3919  3258 3921  3922 3923  3922 3924  3925 3926  3925 3927  3928 3929  3928 3930  3926 3929  3929 3931  3514 3932  3252 3933  3927 3934  3255 3911  3911 3914  3255 3935  3935 3936  1849 2388  3937 3938  3265 3937  3938 3939  3271 3940  3940 3941  3941 3942  3940 3943  3940 3944  3945 3946  3945 3947  3948 3949  3948 3950  3948 3951  3949 3952  211 3953  3294 3950  3952 3953  3322 3954  3954 3955  3956 3957  3956 3958  3957 3959  3959 3960  3959 3961  3957 3962  3955 3960  3963 3964  3963 3965  3966 3967  3966 3968  2429 3969  2430 3969  1320 3970  2429 3970  2861 3971  1501 3971  3300 3972  3972 3973  3974 3975  3300 3974  3974 3976  3300 3975  3975 3977  1471 3978  3978 3979  3979 3980  3979 3981  3979 3982  3980 3983  3496 3984  3985 3986  3985 3987  3985 3988  3321 3989  3325 3990  3990 3991  3964 3991  3331 3989  2448 3340  3345 3992  3981 3993  3993 3994  3344 3995  3560 3995  3348 3996  2151 3997  3997 3998  2428 3998  1321 3999  2462 4000  4001 4002  4001 4003  3999 4004  4004 4005  3350 3999  3356 4006  3567 4007  3557 3564  4006 4007  4002 4008  4008 4009  4005 4010  4009 4010  3361 4011  3360 4011  4012 4013  4012 4014  4015 4016  4015 4017  4018 4019  4018 4020  4013 4021  4021 4022  4013 4023  4013 4024  3512 4025  4023 4026  4027 4028  4027 4029  4028 4030  4030 4031  3473 4032  3473 4033  4032 4034  1246 4035  2471 4036  3366 4037  2476 4037  2835 4038  4038 4039  2365 4039  2365 2367  2365 4040  626 4041  4040 4042  2382 4041  618 4043  4042 4043  3377 4044  4044 4045  4045 4046  3378 4044  2504 4047  3054 4048  2792 4046  2792 3554  4046 4048  4049 4050  3553 4049  4050 4051  3553 4052  4052 4053  3379 4054  3554 4048  3553 3554  2500 3376  2500 4055  3376 4056  3374 4057  4047 4056  4054 4056  4055 4058  4057 4059  4051 4060  4054 4059  4054 4061  1645 4058  1645 4062  3651 4060  3652 4063  4053 4061  4064 4065  3389 4064  4065 4066  2489 4066  3391 4067  2498 4067  4068 4069  4068 4070  4069 4071  4071 4072  2521 4072  3393 4073  4073 4074  3395 4075  4075 4076  3822 4077  4077 4078  4078 4079  3397 4079  4076 4080  2518 4080  1901 4081  2897 3413  2544 4082  590 4082  3443 4083  4084 4085  4084 4086  4087 4088  4087 4089  4085 4090  4090 4091  3457 4092  4092 4093  2357 4094  4094 4095  4096 4097  4096 4098  3912 4095  3439 4099  2867 4100  3515 4101  3515 4102  4031 4103  4025 4101  3986 4104  3986 4105  3475 4106  3048 4107  4108 4109  4108 4110  4109 4111  4110 4112  4112 4113  4034 4114  4111 4115  4116 4117  3454 4116  4117 4118  3454 4119  4119 4120  2586 4120  3516 4121  4121 4122  4122 4123  3492 4124  4124 4125  4125 4126  4126 4127  1766 4127  3247 4128  3480 4129  4129 4130  4129 4131  3248 3480  3248 4123  3480 3482  4123 4132  3482 4132  4132 4133  3244 4134  4134 4135  4134 4136  4137 4138  4137 4139  4138 4140  4138 4141  4135 4142  4140 4142  4142 4143  4135 4144  4140 4145  4140 4146  3733 4147  4147 4148  4149 4150  4149 4151  4152 4153  4152 4154  3917 4155  4155 4156  2768 4157  4158 4159  4158 4160  4158 4161  4158 4162  2617 4163  4163 4164  2617 4165  3967 4164  2445 4165  3965 3967  3967 4166  4167 4168  4167 4169  4166 4168  4170 4171  4170 4172  3968 4173  3532 4174  4174 4175  4176 4177  4176 4178  4177 4179  4177 4180  4175 4179  4179 4181  4179 4182  2868 4183  4183 4184  3542 4185  4185 4186  3626 4187  3628 4187  4159 4184  4160 4188  3628 4188  4188 4189  4188 4190  2657 4191  3580 4191  3939 4192  4192 4193  3613 4194  3483 4195  2720 4196  3616 4196  3622 4197  3617 4198  4198 4199  4198 4200  2719 4199  3623 4201  4201 4202  2888 4202  3624 4203  196 4204  3614 4204  2715 3614  4203 4205  2716 4205  2729 4206  2715 2716  2715 4207  4206 4207  3629 3634  3629 4208  3645 4200  4200 4209  4197 4209  1622 4210  4210 4211  3635 4211  3634 4212  3639 4213  4213 4214  3646 4214  3643 4215  4215 4216  3643 4217  4217 4218  2621 4218  1479 2621  4219 4220  4219 4221  4208 4222  2737 4062  4063 4223  2492 4224  4223 4224  4225 4226  4225 4227  1718 4226  4227 4228  3676 4229  3671 4228  1487 1490  4230 4231  4229 4230  3672 4232  3709 4232  1487 4231  4229 4232  4233 4234  4233 4235  4234 4236  3296 4237  4236 4238  4239 4240  3946 4239  4240 4241  4240 4242  3690 4243  2814 4243  3370 4244  3367 4244  3367 4245  3684 4246  4247 4248  4247 4249  4248 4250  4250 4251  4251 4252  4252 4253  2405 4254  4254 4255  3701 4256  4256 4257  3702 4257  4258 4259  4258 4260  3704 4259  4255 4260  1079 4261  768 4261  769 4262  3725 4263  3725 4264  4263 4265  4148 4150  4150 4266  4130 4267  4131 4268  4148 4269  3479 4270  2348 4270  3479 4269  2348 4271  3502 3737  3502 4272  3499 4272  3502 4273  4273 4274  3499 4275  3738 4276  4277 4278  4277 4279  4278 4280  4280 4281  2637 4282  2636 3497  4283 4284  1472 4283  4284 4285  1472 3504  1472 4286  3744 4286  4286 4287  4287 4288  3755 4289  2728 4290  2071 4291  2723 4291  852 4292  3632 4292  2723 2724  3633 3637  2463 4293  4293 4294  4294 4295  4295 4296  4297 4298  4297 4299  4003 4298  4000 4003  4000 4300  3996 4003  2458 4299  1671 4300  3358 4301  4296 4301  2936 4302  3767 4303  3167 4302  3167 4304  3769 4305  4303 4305  4305 4306  3776 4307  4307 4308  2945 4308  3023 4309  3023 4310  4311 4312  4311 4313  4312 4314  3777 4313  4309 4315  4315 4316  4314 4316  3780 4317  3773 4317  3180 4317  1934 2955  3779 4318  1934 4319  4318 4320  4319 4320  3807 4321  3784 3785  3784 4322  3784 4321  2964 4322  4322 4323  4321 4324  1966 2964  3804 4324  2968 3794  1966 4325  1966 1972  2968 4325  294 2968  1972 4323  3790 4326  291 4326  294 1972  291 294  291 3788  997 4327  2995 4328  4327 4328  3394 4329  4081 4329  3043 4330  4330 4331  4331 4332  3040 4330  3190 4332  2054 4333  3210 4333  2302 3210  3212 4334  4334 4335  3081 4335  421 4336  421 2186  4336 4337  4337 4338  3857 4338  4339 4340  4339 4341  4253 4340  2811 4342  4253 4342  3228 4343  4343 4344  1842 4345  4345 4346  3230 4347  1842 4347  3233 4348  1230 4349  4349 4350  1229 4348  1229 4350  1229 4351  3449 4351  3907 4352  4352 4353  2309 4354  2309 4355  2309 4356  3905 4357  4276 4358  4279 4359  4354 4360  4344 4360  2595 4361  4346 4361  4344 4346  4153 4362  4362 4363  3920 4363  3920 4364  4364 4365  3921 4366  4366 4367  3921 4368  4097 4369  3256 4370  4365 4371  4371 4372  2362 4373  3923 3930  3918 4374  4374 4375  4376 4377  4376 4378  3934 4379  4380 4381  4380 4382  4381 4383  3942 4384  4379 4383  4379 4385  4383 4386  4387 4388  4387 4389  4386 4388  4388 4390  4388 4391  4385 4392  4385 4393  2413 4394  2413 4395  4394 4396  2599 4395  3712 4396  3943 4397  3272 3944  4033 4398  4397 4399  3272 3474  3474 4400  3272 4401  3932 3933  3932 4402  3932 4400  3933 4401  4398 4403  4402 4404  3239 4404  3239 4405  3521 4399  3510 4405  4019 4403  3279 4373  4373 4406  4370 4406  3936 4377  3951 3961  3297 3951  3973 4407  4407 4408  4408 4409  3976 4410  3976 4411  4282 4412  3984 4413  4410 4414  4413 4414  4415 4416  4415 4417  4418 4419  4418 4420  4421 4422  4421 4423  4421 4424  3522 4425  4426 4427  4426 4428  4427 4429  3931 4430  4430 4431  3947 4432  4432 4433  3285 4434  4434 4435  3947 4435  4433 4436  4014 4436  4014 4437  4020 4425  4024 4438  4438 4439  4425 4440  4428 4439  4440 4441  4441 4442  4440 4443  4428 4443  4429 4444  4026 4444  4026 4445  4445 4446  4447 4448  4447 4449  3442 4450  4450 4451  3446 4452  3460 4453  3218 4452  4454 4455  4454 4456  4451 4457  4457 4458  2343 4459  3465 4093  4460 4461  4460 4462  4463 4464  4463 4465  4461 4464  4461 4466  4118 4465  4088 4467  4467 4468  4088 4469  3456 4470  4469 4470  4471 4472  4471 4473  3915 4472  3463 4473  4099 4474  4474 4475  4475 4476  1200 3225  3226 4477  1200 4476  1200 3436  3436 3447  3447 4477  3447 4448  4181 4478  4416 4479  4479 4480  4106 4481  4186 4482  4107 4481  4483 4484  4483 4485  4189 4482  4107 4486  4486 4487  4107 4488  4235 4487  4235 4489  4235 4490  4489 4491  4491 4492  4488 4493  4484 4494  4490 4495  4485 4495  4169 4485  4169 4171  4496 4497  4496 4498  4288 4499  4500 4501  4500 4502  4500 4503  4501 4504  4100 4502  4502 4505  4102 4505  4139 4504  4102 4506  4506 4507  4102 4508  4507 4509  4139 4509  4509 4510  4139 4510  4510 4511  4104 4512  4104 4513  4512 4514  4128 4515  4515 4516  4392 4516  4390 4393  4368 4517  4517 4518  4271 4519  4268 4271  4266 4519  4520 4521  4520 4522  4521 4523  4521 4524  4521 4525  4143 4526  4389 4527  4136 4528  4528 4529  3273 4530  4529 4531  4275 4532  4532 4533  4275 4534  4534 4535  4275 4536  4536 4537  4537 4538  4535 4539  4539 4540  4523 4541  4458 4542  4459 4542  4455 4543  4543 4544  4453 4458  4455 4466  4541 4545  4546 4547  4546 4548  4459 4545  4459 4544  3461 4533  4547 4549  4547 4550  4549 4551  4550 4552  4551 4553  4553 4554  4086 4553  4554 4555  4086 4468  1464 2608  4556 4557  4556 4558  1462 4557  3528 4558  3528 4559  2400 4560  2400 4190  2400 2402  4560 4561  4161 4190  2136 2402  2136 4562  2136 4563  2804 4564  4563 4564  3640 4562  4565 4566  4565 4567  4566 4568  4569 4570  4569 4571  4570 4572  4162 4571  4162 4568  4162 4573  4561 4573  4241 4572  3958 4574  4173 4575  4574 4576  4172 4577  3530 4576  4578 4579  4578 4580  4016 4579  4016 4581  4581 4582  4582 4583  4581 4584  4584 4585  4586 4587  4586 4588  4422 4589  4589 4590  4212 4591  4222 4591  3649 4592  4592 4593  4222 4593  4220 4222  4216 4594  2609 4594  4216 4595  4221 4595  4237 4596  4596 4597  4575 4598  4598 4599  3962 4575  4600 4601  4600 4602  4017 4601  4603 4604  4603 4605  4604 4606  4606 4607  3759 4608  4607 4609  4608 4610  2175 4608  4610 4611  4611 4612  2175 2910  395 2175  3685 4249  4246 4249  395 4613  395 4614  4613 4615  4615 4616  3742 4503  4133 4617  3618 4618  3741 4619  4620 4621  4620 4622  4620 4623  3731 4621  3731 4624  3726 4624  3729 4625  4265 4625  4625 4626  4625 4627  4264 4628  4628 4629  4144 4267  4151 4630  4626 4630  4144 4151  4144 4145  4622 4631  4631 4632  4146 4274  4617 4632  4632 4633  4627 4634  4619 4635  4635 4636  4637 4638  4637 4639  4640 4641  4638 4640  4640 4642  4641 4643  4587 4643  3739 4639  3505 4644  3739 4644  3739 4645  4281 4645  4141 4642  3987 4646  3987 4105  4141 4646  3471 4646  4646 4647  4141 4511  4105 4648  4648 4649  4497 4499  4289 4290  4304 4306  4304 4650  4605 4650  1886 4651  4651 4652  3170 4652  4310 4653  3833 4654  4653 4654  4074 4655  4655 4656  4656 4657  4657 4658  3768 4658  3398 4659  3398 4660  3398 4661  2922 4659  4070 4660  4070 4662  4661 4662  281 4662  4661 4663  1191 4663  4035 4036  499 4035  4154 4664  4522 4664  3250 4665  4372 4666  4369 4667  4378 4668  4668 4669  4669 4670  4375 4670  4375 4671  3251 4672  4671 4672  4667 4673  4411 4674  4674 4675  4355 4358  4358 4412  4358 4359  3433 4409  3433 4356  3433 4357  4357 4676  4353 4676  4675 4677  4423 4677  4423 4678  4588 4678  4417 4679  4679 4680  4182 4681  4680 4682  4681 4683  4113 4684  4684 4685  4684 4686  4683 4687  4687 4688  3982 4688  4682 4689  3983 4690  4691 4692  4691 4693  4694 4695  4694 4696  4695 4697  4698 4699  4698 4700  4685 4701  4699 4701  4686 4702  4702 4703  4689 4699  4700 4704  4704 4705  4706 4707  4706 4708  4707 4709  4424 4710  3992 4711  3994 4711  4022 4712  4022 4437  4022 4713  4712 4714  4029 4713  4567 4714  4083 4715  4715 4716  4449 4717  4456 4717  4462 4718  4548 4718  4548 4719  4719 4720  4721 4722  4585 4721  4493 4722  4583 4723  4478 4723  4494 4724  4492 4493  4492 4725  4478 4724  4480 4725  3269 4726  4384 4727  4384 4726  4727 4728  4729 4730  4729 4731  4729 4732  4419 4733  4730 4734  4734 4735  4736 4737  4559 4736  4737 4738  4157 4738  4559 4739  3513 4739  4577 4599  4238 4597  4180 4740  4115 4740  4178 4741  4498 4741  4742 4743  4742 4744  4580 4743  4446 4743  4115 4744  4114 4498  4103 4745  4508 4745  4420 4514  4420 4746  4746 4747  4540 4748  4091 4749  4749 4750  4749 4751  4748 4752  4750 4752  4696 4753  4753 4754  4705 4754  4705 4755  4690 4755  4242 4602  4602 4756  3046 4756  4616 4757  4757 4758  4614 4759  4759 4760  1740 4758  4341 4761  3830 4760  4609 4761  4609 4762  500 3830  4612 4762  4633 4763  4195 4764  4193 4195  4764 4765  4765 4766  4618 4767  4636 4767  4194 4766  4623 4768  4763 4768  4634 4768  4629 4634  4634 4636  4666 4769  4666 4770  4665 4769  4770 4771  4518 4772  4367 4771  4772 4773  4773 4774  4774 4775  3924 4776  4775 4776  4391 4777  4527 4778  4531 4777  4673 4779  4780 4781  4780 4782  4778 4783  4783 4784  4778 4785  4785 4786  4786 4787  4779 4788  4787 4788  4787 4789  4708 4790  4790 4791  4710 4792  4793 4794  4793 4795  4590 4796  4796 4797  4513 4794  4792 4798  4513 4799  4797 4799  4791 4798  4285 4800  4798 4801  4800 4801  4649 4692  4802 4803  4802 4804  4703 4803  4697 4804  4693 4805  4805 4806  4697 4806  4806 4807  4808 4809  4810 4811  4810 4812  4811 4813  4813 4814  4812 4815  4815 4816  4816 4817  4709 4814  4807 4814  4709 4818  4817 4819  4819 4820  4818 4821  4821 4822  4795 4822  4820 4823  4823 4824  4825 4826  4825 4827  4826 4828  4098 4828  4829 4830  2358 4829  4830 4831  4716 4832  4827 4832  4831 4833  4833 4834  4720 4834  4089 4731  4731 4835  4835 4836  4836 4837  4838 4839  4838 4840  4837 4841  3464 4841  3464 4842  4842 4843  4839 4843  4839 4844  4732 4845  4732 4846  4524 4847  4552 4781  4781 4848  4784 4847  4784 4848  4555 4735  4733 4735  4647 4849  4526 4849  4530 4849  4733 4850  4850 4851  4733 4852  3988 4647  4526 4538  4538 4851  4525 4526  3270 4853  3988 4852  4782 4854  4840 4854  4844 4855  4855 4856  4855 4857  4856 4858  4857 4859  4860 4861  4860 4862  4853 4861  4789 4863  4863 4864  4864 4865  4382 4866  4728 4867  4867 4868  4865 4866  4156 4865  4868 4869  4870 4871  4870 4872  4871 4873  4156 4873  4859 4872  4156 4869  4431 4874  4442 4875  4875 4876  4809 4877  4747 4751  4877 4878  4824 4879  4878 4879  4751 4879  4858 4880  4845 4880  4846 4881  4876 4882  4882 4883  4874 4883  3524 4883  4881 4884  4862 4884  1164 4885  4876 4886  3668 4887  2408 4888  1091 4889  3917 4890  2091 4891  1333 4892  4035 4893  2408 4894  4342 4895  4319 4896  3371 4897  213 4898  4245 4899  2462 4900  206 4901  3951 4902  274 4903  1551 4904  1290 4905  3970 4906  2428 4907  3236 4908  2113 4909  540 4910  1551 4911  4120 4912  2120 4913  3432 4914  1209 4915  1793 4916  3977 4917  1051 4918  3811 4919  2027 4920  1079 4921  3213 4922  2058 4923  2465 4924  379 4925  4009 4926  4808 4927  1498 4928  2487 4929  4837 4930  4262 4931  201 4932  2842 4933  2564 4934  2461 4935  4696 4936  2420 4937  4811 4938  3977 4939  </DataArray>
<DataArray  type="UInt32"  Name="offsets"  format="ascii">2 4 6 8 10 12 14 16 18 20 22 24 26 28 30 32 34 36 38 40 42 44 46 48 50 52 54 56 58 60 62 64 66 68 70 72 74 76 78 80 82 84 86 88 90 92 94 96 98 100 102 104 106 108 110 112 114 116 118 120 122 124 126 128 130 132 134 136 138 140 142 144 146 148 150 152 154 156 158 160 162 164 166 168 170 172 174 176 178 180 182 184 186 188 190 192 194 196 198 200 202 204 206 208 210 212 214 216 218 220 222 224 226 228 230 232 234 236 238 240 242 244 246 248 250 252 254 256 258 260 262 264 266 268 270 272 274 276 278 280 282 284 286 288 290 292 294 296 298 300 302 304 306 308 310 312 314 316 318 320 322 324 326 328 330 332 334 336 338 340 342 344 346 348 350 352 354 356 358 360 362 364 366 368 370 372 374 376 378 380 382 384 386 388 390 392 394 396 398 400 402 404 406 408 410 412 414 416 418 420 422 424 426 428 430 432 434 436 438 440 442 444 446 448 450 452 454 456 458 460 462 464 466 468 470 472 474 476 478 480 482 484 486 488 490 492 494 496 498 500 502 504 506 508 510 512 514 516 518 520 522 524 526 528 530 532 534 536 538 540 542 544 546 548 550 552 554 556 558 560 562 564 566 568 570 572 574 576 578 580 582 584 586 588 590 592 594 596 598 600 602 604 606 608 610 612 614 616 618 620 622 624 626 628 630 632 634 636 638 640 642 644 646 648 650 652 654 656 658 660 662 664 666 668 670 672 674 676 678 680 682 684 686 688 690 692 694 696 698 700 702 704 706 708 710 712 714 716 718 720 722 724 726 728 730 732 734 736 738 740 742 744 746 748 750 752 754 756 758 760 762 764 766 768 770 772 774 776 778 780 782 784 786 788 790 792 794 796 798 800 802 804 806 808 810 812 814 816 818 820 822 824 826 828 830 832 834 836 838 840 842 844 846 848 850 852 854 856 858 860 862 864 866 868 870 872 874 876 878 880 882 884 886 888 890 892 894 896 898 900 902 904 906 908 910 912 914 916 918 920 922 924 926 928 930 932 934 936 938 940 942 944 946 948 950 952 954 956 958 960 962 964 966 968 970 972 974 976 978 980 982 984 986 988 990 992 994 996 998 1000 1002 1004 1006 1008 1010 1012 1014 1016 1018 1020 1022 1024 1026 1028 1030 1032 1034 1036 1038 1040 1042 1044 1046 1048 1050 1052 1054 1056 1058 1060 1062 1064 1066 1068 1070 1072 1074 1076 1078 1080 1082 1084 1086 1088 1090 1092 1094 1096 1098 1100 1102 1104 1106 1108 1110 1112 1114 1116 1118 1120 1122 1124 1126 1128 1130 1132 1134 1136 1138 1140 1142 1144 1146 1148 1150 1152 1154 1156 1158 1160 1162 1164 1166 1168 1170 1172 1174 1176 1178 1180 1182 1184 1186 1188 1190 1192 1194 1196 1198 1200 1202 1204 1206 1208 1210 1212 1214 1216 1218 1220 1222 1224 1226 1228 1230 1232 1234 1236 1238 1240 1242 1244 1246 1248 1250 1252 1254 1256 1258 1260 1262 1264 1266 1268 1270 1272 1274 1276 1278 1280 1282 1284 1286 1288 1290 1292 1294 1296 1298 1300 1302 1304 1306 1308 1310 1312 1314 1316 1318 1320 1322 1324 1326 1328 1330 1332 1334 1336 1338 1340 1342 1344 1346 1348 1350 1352 1354 1356 1358 1360 1362 1364 1366 1368 1370 1372 1374 1376 1378 1380 1382 1384 1386 1388 1390 1392 1394 1396 1398 1400 1402 1404 1406 1408 1410 1412 1414 1416 1418 1420 1422 1424 1426 1428 1430 1432 1434 1436 1438 1440 1442 1444 1446 1448 1450 1452 1454 1456 1458 1460 1462 1464 1466 1468 1470 1472 1474 1476 1478 1480 1482 1484 1486 1488 1490 1492 1494 1496 1498 1500 1502 1504 1506 1508 1510 1512 1514 1516 1518 1520 1522 1524 1526 1528 1530 1532 1534 1536 1538 1540 1542 1544 1546 1548 1550 1552 1554 1556 1558 1560 1562 1564 1566 1568 1570 1572 1574 1576 1578 1580 1582 1584 1586 1588 1590 1592 1594 1596 1598 1600 1602 1604 1606 1608 1610 1612 1614 1616 1618 1620 1622 1624 1626 1628 1630 1632 1634 1636 1638 1640 1642 1644 1646 1648 1650 1652 1654 1656 1658 1660 1662 1664 1666 1668 1670 1672 1674 1676 1678 1680 1682 1684 1686 1688 1690 1692 1694 1696 1698 1700 1702 1704 1706 1708 1710 1712 1714 1716 1718 1720 1722 1724 1726 1728 1730 1732 1734 1736 1738 1740 1742 1744 1746 1748 1750 1752 1754 1756 1758 1760 1762 1764 1766 1768 1770 1772 1774 1776 1778 1780 1782 1784 1786 1788 1790 1792 1794 1796 1798 1800 1802 1804 1806 1808 1810 1812 1814 1816 1818 1820 1822 1824 1826 1828 1830 1832 1834 1836 1838 1840 1842 1844 1846 1848 1850 1852 1854 1856 1858 1860 1862 1864 1866 1868 1870 1872 1874 1876 1878 1880 1882 1884 1886 1888 1890 1892 1894 1896 1898 1900 1902 1904 1906 1908 1910 1912 1914 1916 1918 1920 1922 1924 1926 1928 1930 1932 1934 1936 1938 1940 1942 1944 1946 1948 1950 1952 1954 1956 1958 1960 1962 1964 1966 1968 1970 1972 1974 1976 1978 1980 1982 1984 1986 1988 1990 1992 1994 1996 1998 2000 2002 2004 2006 2008 2010 2012 2014 2016 2018 2020 2022 2024 2026 2028 2030 2032 2034 2036 2038 2040 2042 2044 2046 2048 2050 2052 2054 2056 2058 2060 2062 2064 2066 2068 2070 2072 2074 2076 2078 2080 2082 2084 2086 2088 2090 2092 2094 2096 2098 2100 2102 2104 2106 2108 2110 2112 2114 2116 2118 2120 2122 2124 2126 2128 2130 2132 2134 2136 2138 2140 2142 2144 2146 2148 2150 2152 2154 2156 2158 2160 2162 2164 2166 2168 2170 2172 2174 2176 2178 2180 2182 2184 2186 2188 2190 2192 2194 2196 2198 2200 2202 2204 2206 2208 2210 2212 2214 2216 2218 2220 2222 2224 2226 2228 2230 2232 2234 2236 2238 2240 2242 2244 2246 2248 2250 2252 2254 2256 2258 2260 2262 2264 2266 2268 2270 2272 2274 2276 2278 2280 2282 2284 2286 2288 2290 2292 2294 2296 2298 2300 2302 2304 2306 2308 2310 2312 2314 2316 2318 2320 2322 2324 2326 2328 2330 2332 2334 2336 2338 2340 2342 2344 2346 2348 2350 2352 2354 2356 2358 2360 2362 2364 2366 2368 2370 2372 2374 2376 2378 2380 2382 2384 2386 2388 2390 2392 2394 2396 2398 2400 2402 2404 2406 2408 2410 2412 2414 2416 2418 2420 2422 2424 2426 2428 2430 2432 2434 2436 2438 2440 2442 2444 2446 2448 2450 2452 2454 2456 2458 2460 2462 2464 2466 2468 2470 2472 2474 2476 2478 2480 2482 2484 2486 2488 2490 2492 2494 2496 2498 2500 2502 2504 2506 2508 2510 2512 2514 2516 2518 2520 2522 2524 2526 2528 2530 2532 2534 2536 2538 2540 2542 2544 2546 2548 2550 2552 2554 2556 2558 2560 2562 2564 2566 2568 2570 2572 2574 2576 2578 2580 2582 2584 2586 2588 2590 2592 2594 2596 2598 2600 2602 2604 2606 2608 2610 2612 2614 2616 2618 2620 2622 2624 2626 2628 2630 2632 2634 2636 2638 2640 2642 2644 2646 2648 2650 2652 2654 2656 2658 2660 2662 2664 2666 2668 2670 2672 2674 2676 2678 2680 2682 2684 2686 2688 2690 2692 2694 2696 2698 2700 2702 2704 2706 2708 2710 2712 2714 2716 2718 2720 2722 2724 2726 2728 2730 2732 2734 2736 2738 2740 2742 2744 2746 2748 2750 2752 2754 2756 2758 2760 2762 2764 2766 2768 2770 2772 2774 2776 2778 2780 2782 2784 2786 2788 2790 2792 2794 2796 2798 2800 2802 2804 2806 2808 2810 2812 2814 2816 2818 2820 2822 2824 2826 2828 2830 2832 2834 2836 2838 2840 2842 2844 2846 2848 2850 2852 2854 2856 2858 2860 2862 2864 2866 2868 2870 2872 2874 2876 2878 2880 2882 2884 2886 2888 2890 2892 2894 2896 2898 2900 2902 2904 2906 2908 2910 2912 2914 2916 2918 2920 2922 2924 2926 2928 2930 2932 2934 2936 2938 2940 2942 2944 2946 2948 2950 2952 2954 2956 2958 2960 2962 2964 2966 2968 2970 2972 2974 2976 2978 2980 2982 2984 2986 2988 2990 2992 2994 2996 2998 3000 3002 3004 3006 3008 3010 3012 3014 3016 3018 3020 3022 3024 3026 3028 3030 3032 3034 3036 3038 3040 3042 3044 3046 3048 3050 3052 3054 3056 3058 3060 3062 3064 3066 3068 3070 3072 3074 3076 3078 3080 3082 3084 3086 3088 3090 3092 3094 3096 3098 3100 3102 3104 3106 3108 3110 3112 3114 3116 3118 3120 3122 3124 3126 3128 3130 3132 3134 3136 3138 3140 3142 3144 3146 3148 3150 3152 3154 3156 3158 3160 3162 3164 3166 3168 3170 3172 3174 3176 3178 3180 3182 3184 3186 3188 3190 3192 3194 3196 3198 3200 3202 3204 3206 3208 3210 3212 3214 3216 3218 3220 3222 3224 3226 3228 3230 3232 3234 3236 3238 3240 3242 3244 3246 3248 3250 3252 3254 3256 3258 3260 3262 3264 3266 3268 3270 3272 3274 3276 3278 3280 3282 3284 3286 3288 3290 3292 3294 3296 3298 3300 3302 3304 3306 3308 3310 3312 3314 3316 3318 3320 3322 3324 3326 3328 3330 3332 3334 3336 3338 3340 3342 3344 3346 3348 3350 3352 3354 3356 3358 3360 3362 3364 3366 3368 3370 3372 3374 3376 3378 3380 3382 3384 3386 3388 3390 3392 3394 3396 3398 3400 3402 3404 3406 3408 3410 3412 3414 3416 3418 3420 3422 3424 3426 3428 3430 3432 3434 3436 3438 3440 3442 3444 3446 3448 3450 3452 3454 3456 3458 3460 3462 3464 3466 3468 3470 3472 3474 3476 3478 3480 3482 3484 3486 3488 3490 3492 3494 3496 3498 3500 3502 3504 3506 3508 3510 3512 3514 3516 3518 3520 3522 3524 3526 3528 3530 3532 3534 3536 3538 3540 3542 3544 3546 3548 3550 3552 3554 3556 3558 3560 3562 3564 3566 3568 3570 3572 3574 3576 3578 3580 3582 3584 3586 3588 3590 3592 3594 3596 3598 3600 3602 3604 3606 3608 3610 3612 3614 3616 3618 3620 3622 3624 3626 3628 3630 3632 3634 3636 3638 3640 3642 3644 3646 3648 3650 3652 3654 3656 3658 3660 3662 3664 3666 3668 3670 3672 3674 3676 3678 3680 3682 3684 3686 3688 3690 3692 3694 3696 3698 3700 3702 3704 3706 3708 3710 3712 3714 3716 3718 3720 3722 3724 3726 3728 3730 3732 3734 3736 3738 3740 3742 3744 3746 3748 3750 3752 3754 3756 3758 3760 3762 3764 3766 3768 3770 3772 3774 3776 3778 3780 3782 3784 3786 3788 3790 3792 3794 3796 3798 3800 3802 3804 3806 3808 3810 3812 3814 3816 3818 3820 3822 3824 3826 3828 3830 3832 3834 3836 3838 3840 3842 3844 3846 3848 3850 3852 3854 3856 3858 3860 3862 3864 3866 3868 3870 3872 3874 3876 3878 3880 3882 3884 3886 3888 3890 3892 3894 3896 3898 3900 3902 3904 3906 3908 3910 3912 3914 3916 3918 3920 3922 3924 3926 3928 3930 3932 3934 3936 3938 3940 3942 3944 3946 3948 3950 3952 3954 3956 3958 3960 3962 3964 3966 3968 3970 3972 3974 3976 3978 3980 3982 3984 3986 3988 3990 3992 3994 3996 3998 4000 4002 4004 4006 4008 4010 4012 4014 4016 4018 4020 4022 4024 4026 4028 4030 4032 4034 4036 4038 4040 4042 4044 4046 4048 4050 4052 4054 4056 4058 4060 4062 4064 4066 4068 4070 4072 4074 4076 4078 4080 4082 4084 4086 4088 4090 4092 4094 4096 4098 4100 4102 4104 4106 4108 4110 4112 4114 4116 4118 4120 4122 4124 4126 4128 4130 4132 4134 4136 4138 4140 4142 4144 4146 4148 4150 4152 4154 4156 4158 4160 4162 4164 4166 4168 4170 4172 4174 4176 4178 4180 4182 4184 4186 4188 4190 4192 4194 4196 4198 4200 4202 4204 4206 4208 4210 4212 4214 4216 4218 4220 4222 4224 4226 4228 4230 4232 4234 4236 4238 4240 4242 4244 4246 4248 4250 4252 4254 4256 4258 4260 4262 4264 4266 4268 4270 4272 4274 4276 4278 4280 4282 4284 4286 4288 4290 4292 4294 4296 4298 4300 4302 4304 4306 4308 4310 4312 4314 4316 4318 4320 4322 4324 4326 4328 4330 4332 4334 4336 4338 4340 4342 4344 4346 4348 4350 4352 4354 4356 4358 4360 4362 4364 4366 4368 4370 4372 4374 4376 4378 4380 4382 4384 4386 4388 4390 4392 4394 4396 4398 4400 4402 4404 4406 4408 4410 4412 4414 4416 4418 4420 4422 4424 4426 4428 4430 4432 4434 4436 4438 4440 4442 4444 4446 4448 4450 4452 4454 4456 4458 4460 4462 4464 4466 4468 4470 4472 4474 4476 4478 4480 4482 4484 4486 4488 4490 4492 4494 4496 4498 4500 4502 4504 4506 4508 4510 4512 4514 4516 4518 4520 4522 4524 4526 4528 4530 4532 4534 4536 4538 4540 4542 4544 4546 4548 4550 4552 4554 4556 4558 4560 4562 4564 4566 4568 4570 4572 4574 4576 4578 4580 4582 4584 4586 4588 4590 4592 4594 4596 4598 4600 4602 4604 4606 4608 4610 4612 4614 4616 4618 4620 4622 4624 4626 4628 4630 4632 4634 4636 4638 4640 4642 4644 4646 4648 4650 4652 4654 4656 4658 4660 4662 4664 4666 4668 4670 4672 4674 4676 4678 4680 4682 4684 4686 4688 4690 4692 4694 4696 4698 4700 4702 4704 4706 4708 4710 4712 4714 4716 4718 4720 4722 4724 4726 4728 4730 4732 4734 4736 4738 4740 4742 4744 4746 4748 4750 4752 4754 4756 4758 4760 4762 4764 4766 4768 4770 4772 4774 4776 4778 4780 4782 4784 4786 4788 4790 4792 4794 4796 4798 4800 4802 4804 4806 4808 4810 4812 4814 4816 4818 4820 4822 4824 4826 4828 4830 4832 4834 4836 4838 4840 4842 4844 4846 4848 4850 4852 4854 4856 4858 4860 4862 4864 4866 4868 4870 4872 4874 4876 4878 4880 4882 4884 4886 4888 4890 4892 4894 4896 4898 4900 4902 4904 4906 4908 4910 4912 4914 4916 4918 4920 4922 4924 4926 4928 4930 4932 4934 4936 4938 4940 4942 4944 4946 4948 4950 4952 4954 4956 4958 4960 4962 4964 4966 4968 4970 4972 4974 4976 4978 4980 4982 4984 4986 4988 4990 4992 4994 4996 4998 5000 5002 5004 5006 5008 5010 5012 5014 5016 5018 5020 5022 5024 5026 5028 5030 5032 5034 5036 5038 5040 5042 5044 5046 5048 5050 5052 5054 5056 5058 5060 5062 5064 5066 5068 5070 5072 5074 5076 5078 5080 5082 5084 5086 5088 5090 5092 5094 5096 5098 5100 5102 5104 5106 5108 5110 5112 5114 5116 5118 5120 5122 5124 5126 5128 5130 5132 5134 5136 5138 5140 5142 5144 5146 5148 5150 5152 5154 5156 5158 5160 5162 5164 5166 5168 5170 5172 5174 5176 5178 5180 5182 5184 5186 5188 5190 5192 5194 5196 5198 5200 5202 5204 5206 5208 5210 5212 5214 5216 5218 5220 5222 5224 5226 5228 5230 5232 5234 5236 5238 5240 5242 5244 5246 5248 5250 5252 5254 5256 5258 5260 5262 5264 5266 5268 5270 5272 5274 5276 5278 5280 5282 5284 5286 5288 5290 5292 5294 5296 5298 5300 5302 5304 5306 5308 5310 5312 5314 5316 5318 5320 5322 5324 5326 5328 5330 5332 5334 5336 5338 5340 5342 5344 5346 5348 5350 5352 5354 5356 5358 5360 5362 5364 5366 5368 5370 5372 5374 5376 5378 5380 5382 5384 5386 5388 5390 5392 5394 5396 5398 5400 5402 5404 5406 5408 5410 5412 5414 5416 5418 5420 5422 5424 5426 5428 5430 5432 5434 5436 5438 5440 5442 5444 5446 5448 5450 5452 5454 5456 5458 5460 5462 5464 5466 5468 5470 5472 5474 5476 5478 5480 5482 5484 5486 5488 5490 5492 5494 5496 5498 5500 5502 5504 5506 5508 5510 5512 5514 5516 5518 5520 5522 5524 5526 5528 5530 5532 5534 5536 5538 5540 5542 5544 5546 5548 5550 5552 5554 5556 5558 5560 5562 5564 5566 5568 5570 5572 5574 5576 5578 5580 5582 5584 5586 5588 5590 5592 5594 5596 5598 5600 5602 5604 5606 5608 5610 5612 5614 5616 5618 5620 5622 5624 5626 5628 5630 5632 5634 5636 5638 5640 5642 5644 5646 5648 5650 5652 5654 5656 5658 5660 5662 5664 5666 5668 5670 5672 5674 5676 5678 5680 5682 5684 5686 5688 5690 5692 5694 5696 5698 5700 5702 5704 5706 5708 5710 5712 5714 5716 5718 5720 5722 5724 5726 5728 5730 5732 5734 5736 5738 5740 5742 5744 5746 5748 5750 5752 5754 5756 5758 5760 5762 5764 5766 5768 5770 5772 5774 5776 5778 5780 5782 5784 5786 5788 5790 5792 5794 5796 5798 5800 5802 5804 5806 5808 5810 5812 5814 5816 5818 5820 5822 5824 5826 5828 5830 5832 5834 5836 5838 5840 5842 5844 5846 5848 5850 5852 5854 5856 5858 5860 5862 5864 5866 5868 5870 5872 5874 5876 5878 5880 5882 5884 5886 5888 5890 5892 5894 5896 5898 5900 5902 5904 5906 5908 5910 5912 5914 5916 5918 5920 5922 5924 5926 5928 5930 5932 5934 5936 5938 5940 5942 5944 5946 5948 5950 5952 5954 5956 5958 5960 5962 5964 5966 5968 5970 5972 5974 5976 5978 5980 5982 5984 5986 5988 5990 5992 5994 5996 5998 6000 6002 6004 6006 6008 6010 6012 6014 6016 6018 6020 6022 6024 6026 6028 6030 6032 6034 6036 6038 6040 6042 6044 6046 6048 6050 6052 6054 6056 6058 6060 6062 6064 6066 6068 6070 6072 6074 6076 6078 6080 6082 6084 6086 6088 6090 6092 6094 6096 6098 6100 6102 6104 6106 6108 6110 6112 6114 6116 6118 6120 6122 6124 6126 6128 6130 6132 6134 6136 6138 6140 6142 6144 6146 6148 6150 6152 6154 6156 6158 6160 6162 6164 6166 6168 6170 6172 6174 6176 6178 6180 6182 6184 6186 6188 6190 6192 6194 6196 6198 6200 6202 6204 6206 6208 6210 6212 6214 6216 6218 6220 6222 6224 6226 6228 6230 6232 6234 6236 6238 6240 6242 6244 6246 6248 6250 6252 6254 6256 6258 6260 6262 6264 6266 6268 6270 6272 6274 6276 6278 6280 6282 6284 6286 6288 6290 6292 6294 6296 6298 6300 6302 6304 6306 6308 6310 6312 6314 6316 6318 6320 6322 6324 6326 6328 6330 6332 6334 6336 6338 6340 6342 6344 6346 6348 6350 6352 6354 6356 6358 6360 6362 6364 6366 6368 6370 6372 6374 6376 6378 6380 6382 6384 6386 6388 6390 6392 6394 6396 6398 6400 6402 6404 6406 6408 6410 6412 6414 6416 6418 6420 6422 6424 6426 6428 6430 6432 6434 6436 6438 6440 6442 6444 6446 6448 6450 6452 6454 6456 6458 6460 6462 6464 6466 6468 6470 6472 6474 6476 6478 6480 6482 6484 6486 6488 6490 6492 6494 6496 6498 6500 6502 6504 6506 6508 6510 6512 6514 6516 6518 6520 6522 6524 6526 6528 6530 6532 6534 6536 6538 6540 6542 6544 6546 6548 6550 6552 6554 6556 6558 6560 6562 6564 6566 6568 6570 6572 6574 6576 6578 6580 6582 6584 6586 6588 6590 6592 6594 6596 6598 6600 6602 6604 6606 6608 6610 6612 6614 6616 6618 6620 6622 6624 6626 6628 6630 6632 6634 6636 6638 6640 6642 6644 6646 6648 6650 6652 6654 6656 6658 6660 6662 6664 6666 6668 6670 6672 6674 6676 6678 6680 6682 6684 6686 6688 6690 6692 6694 6696 6698 6700 6702 6704 6706 6708 6710 6712 6714 6716 6718 6720 6722 6724 6726 6728 6730 6732 6734 6736 6738 6740 6742 6744 6746 6748 6750 6752 6754 6756 6758 6760 6762 6764 6766 6768 6770 6772 6774 6776 6778 6780 6782 6784 6786 6788 6790 6792 6794 6796 6798 6800 6802 6804 6806 6808 6810 6812 6814 6816 6818 6820 6822 6824 6826 6828 6830 6832 6834 6836 6838 6840 6842 6844 6846 6848 6850 6852 6854 6856 6858 6860 6862 6864 6866 6868 6870 6872 6874 6876 6878 6880 6882 6884 6886 6888 6890 6892 6894 6896 6898 6900 6902 6904 6906 6908 6910 6912 6914 6916 6918 6920 6922 6924 6926 6928 6930 6932 6934 6936 6938 6940 6942 6944 6946 6948 6950 6952 6954 6956 6958 6960 6962 6964 6966 6968 6970 6972 6974 6976 6978 6980 6982 6984 6986 6988 6990 6992 6994 6996 6998 7000 7002 7004 7006 7008 7010 7012 7014 7016 7018 7020 7022 7024 7026 7028 7030 7032 7034 7036 7038 7040 7042 7044 7046 7048 7050 7052 7054 7056 7058 7060 7062 7064 7066 7068 7070 7072 7074 7076 7078 7080 7082 7084 7086 7088 7090 7092 7094 7096 7098 7100 7102 7104 7106 7108 7110 7112 7114 7116 7118 7120 7122 7124 7126 7128 7130 7132 7134 7136 7138 7140 7142 7144 7146 7148 7150 7152 7154 7156 7158 7160 7162 7164 7166 7168 7170 7172 7174 7176 7178 7180 7182 7184 7186 7188 7190 7192 7194 7196 7198 7200 7202 7204 7206 7208 7210 7212 7214 7216 7218 7220 7222 7224 7226 7228 7230 7232 7234 7236 7238 7240 7242 7244 7246 7248 7250 7252 7254 7256 7258 7260 7262 7264 7266 7268 7270 7272 7274 7276 7278 7280 7282 7284 7286 7288 7290 7292 7294 7296 7298 7300 7302 7304 7306 7308 7310 7312 7314 7316 7318 7320 7322 7324 7326 7328 7330 7332 7334 7336 7338 7340 7342 7344 7346 7348 7350 7352 7354 7356 7358 7360 7362 7364 7366 7368 7370 7372 7374 7376 7378 7380 7382 7384 7386 7388 7390 7392 7394 7396 7398 7400 7402 7404 7406 7408 7410 7412 7414 7416 7418 7420 7422 7424 7426 7428 7430 7432 7434 7436 7438 7440 7442 7444 7446 7448 7450 7452 7454 7456 7458 7460 7462 7464 7466 7468 7470 7472 7474 7476 7478 7480 7482 7484 7486 7488 7490 7492 7494 7496 7498 7500 7502 7504 7506 7508 7510 7512 7514 7516 7518 7520 7522 7524 7526 7528 7530 7532 7534 7536 7538 7540 7542 7544 7546 7548 7550 7552 7554 7556 7558 7560 7562 7564 7566 7568 7570 7572 7574 7576 7578 7580 7582 7584 7586 7588 7590 7592 7594 7596 7598 7600 7602 7604 7606 7608 7610 7612 7614 7616 7618 7620 7622 7624 7626 7628 7630 7632 7634 7636 7638 7640 7642 7644 7646 7648 7650 7652 7654 7656 7658 7660 7662 7664 7666 7668 7670 7672 7674 7676 7678 7680 7682 7684 7686 7688 7690 7692 7694 7696 7698 7700 7702 7704 7706 7708 7710 7712 7714 7716 7718 7720 7722 7724 7726 7728 7730 7732 7734 7736 7738 7740 7742 7744 7746 7748 7750 7752 7754 7756 7758 7760 7762 7764 7766 7768 7770 7772 7774 7776 7778 7780 7782 7784 7786 7788 7790 7792 7794 7796 7798 7800 7802 7804 7806 7808 7810 7812 7814 7816 7818 7820 7822 7824 7826 7828 7830 7832 7834 7836 7838 7840 7842 7844 7846 7848 7850 7852 7854 7856 7858 7860 7862 7864 7866 7868 7870 7872 7874 7876 7878 7880 7882 7884 7886 7888 7890 7892 7894 7896 7898 7900 7902 7904 7906 7908 7910 7912 7914 7916 7918 7920 7922 7924 7926 7928 7930 7932 7934 7936 7938 7940 7942 7944 7946 7948 7950 7952 7954 7956 7958 7960 7962 7964 7966 7968 7970 7972 7974 7976 7978 7980 7982 7984 7986 7988 7990 7992 7994 7996 7998 8000 8002 8004 8006 8008 8010 8012 8014 8016 8018 8020 8022 8024 8026 8028 8030 8032 8034 8036 8038 8040 8042 8044 8046 8048 8050 8052 8054 8056 8058 8060 8062 8064 8066 8068 8070 8072 8074 8076 8078 8080 8082 8084 8086 8088 8090 8092 8094 8096 8098 8100 8102 8104 8106 8108 8110 8112 8114 8116 8118 8120 8122 8124 8126 8128 8130 8132 8134 8136 8138 8140 8142 8144 8146 8148 8150 8152 8154 8156 8158 8160 8162 8164 8166 8168 8170 8172 8174 8176 8178 8180 8182 8184 8186 8188 8190 8192 8194 8196 8198 8200 8202 8204 8206 8208 8210 8212 8214 8216 8218 8220 8222 8224 8226 8228 8230 8232 8234 8236 8238 8240 8242 8244 8246 8248 8250 8252 8254 8256 8258 8260 8262 8264 8266 8268 8270 8272 8274 8276 8278 8280 8282 8284 8286 8288 8290 8292 8294 8296 8298 8300 8302 8304 8306 8308 8310 8312 8314 8316 8318 8320 8322 8324 8326 8328 8330 8332 8334 8336 8338 8340 8342 8344 8346 8348 8350 8352 8354 8356 8358 8360 8362 8364 8366 8368 8370 8372 8374 8376 8378 8380 8382 8384 8386 8388 8390 8392 8394 8396 8398 8400 8402 8404 8406 8408 8410 8412 8414 8416 8418 8420 8422 8424 8426 8428 8430 8432 8434 8436 8438 8440 8442 8444 8446 8448 8450 8452 8454 8456 8458 8460 8462 8464 8466 8468 8470 8472 8474 8476 8478 8480 8482 8484 8486 8488 8490 8492 8494 8496 8498 8500 8502 8504 8506 8508 8510 8512 8514 8516 8518 8520 8522 8524 8526 8528 8530 8532 8534 8536 8538 8540 8542 8544 8546 8548 8550 8552 8554 8556 8558 8560 8562 8564 8566 8568 8570 8572 8574 8576 8578 8580 8582 8584 8586 8588 8590 8592 8594 8596 8598 8600 8602 8604 8606 8608 8610 8612 8614 8616 8618 8620 8622 8624 8626 8628 8630 8632 8634 8636 8638 8640 8642 8644 8646 8648 8650 8652 8654 8656 8658 8660 8662 8664 8666 8668 8670 8672 8674 8676 8678 8680 8682 8684 8686 8688 8690 8692 8694 8696 8698 8700 8702 8704 8706 8708 8710 8712 8714 8716 8718 8720 8722 8724 8726 8728 8730 8732 8734 8736 8738 8740 8742 8744 8746 8748 8750 8752 8754 8756 8758 8760 8762 8764 8766 8768 8770 8772 8774 8776 8778 8780 8782 8784 8786 8788 8790 8792 8794 8796 8798 8800 8802 8804 8806 8808 8810 8812 8814 8816 8818 8820 8822 8824 8826 8828 8830 8832 8834 8836 8838 8840 8842 8844 8846 8848 8850 8852 8854 8856 8858 8860 8862 8864 8866 8868 8870 8872 8874 8876 8878 8880 8882 8884 8886 8888 8890 8892 8894 8896 8898 8900 8902 8904 8906 8908 8910 8912 8914 8916 8918 8920 8922 8924 8926 8928 8930 8932 8934 8936 8938 8940 8942 8944 8946 8948 8950 8952 8954 8956 8958 8960 8962 8964 8966 8968 8970 8972 8974 8976 8978 8980 8982 8984 8986 8988 8990 8992 8994 8996 8998 9000 9002 9004 9006 9008 9010 9012 9014 9016 9018 9020 9022 9024 9026 9028 9030 9032 9034 9036 9038 9040 9042 9044 9046 9048 9050 9052 9054 9056 9058 9060 9062 9064 9066 9068 9070 9072 9074 9076 9078 9080 9082 9084 9086 9088 9090 9092 9094 9096 9098 9100 9102 9104 9106 9108 9110 9112 9114 9116 9118 9120 9122 9124 9126 9128 9130 9132 9134 9136 9138 9140 9142 9144 9146 9148 9150 9152 9154 9156 9158 9160 9162 9164 9166 9168 9170 9172 9174 9176 9178 9180 9182 9184 9186 9188 9190 9192 9194 9196 9198 9200 9202 9204 9206 9208 9210 9212 9214 9216 9218 9220 9222 9224 9226 9228 9230 9232 9234 9236 9238 9240 9242 9244 9246 9248 9250 9252 9254 9256 9258 9260 9262 9264 9266 9268 9270 9272 9274 9276 9278 9280 9282 9284 9286 9288 9290 9292 9294 9296 9298 9300 9302 9304 9306 9308 9310 9312 9314 9316 9318 9320 9322 9324 9326 9328 9330 9332 9334 9336 9338 9340 9342 9344 9346 9348 9350 9352 9354 9356 9358 9360 9362 9364 9366 9368 9370 9372 9374 9376 9378 9380 9382 9384 9386 9388 9390 9392 9394 9396 9398 9400 9402 9404 9406 9408 9410 9412 9414 9416 9418 9420 9422 9424 9426 9428 9430 9432 9434 9436 9438 9440 9442 9444 9446 9448 9450 9452 9454 9456 9458 9460 9462 9464 9466 9468 9470 9472 9474 9476 9478 9480 9482 9484 9486 9488 9490 9492 9494 9496 9498 9500 9502 9504 9506 9508 9510 9512 9514 9516 9518 9520 9522 9524 9526 9528 9530 9532 9534 9536 9538 9540 9542 9544 9546 9548 9550 9552 9554 9556 9558 9560 9562 9564 9566 9568 9570 9572 9574 9576 9578 9580 9582 9584 9586 9588 9590 9592 9594 9596 9598 9600 9602 9604 9606 9608 9610 9612 9614 9616 9618 9620 9622 9624 9626 9628 9630 9632 9634 9636 9638 9640 9642 9644 9646 9648 9650 9652 9654 9656 9658 9660 9662 9664 9666 9668 9670 9672 9674 9676 9678 9680 9682 9684 9686 9688 9690 9692 9694 9696 9698 9700 9702 9704 9706 9708 9710 9712 9714 9716 9718 9720 9722 9724 9726 9728 9730 9732 9734 9736 9738 9740 9742 9744 9746 9748 9750 9752 9754 9756 9758 9760 9762 9764 9766 9768 9770 9772 9774 9776 9778 9780 9782 9784 9786 9788 9790 9792 9794 9796 9798 9800 9802 9804 9806 9808 9810 9812 9814 9816 9818 9820 9822 9824 9826 9828 9830 9832 9834 9836 9838 9840 9842 9844 9846 9848 9850 9852 9854 9856 9858 9860 9862 9864 9866 9868 9870 9872 9874 9876 9878 9880 9882 9884 9886 9888 9890 9892 9894 9896 9898 9900 9902 9904 9906 9908 9910 9912 9914 9916 9918 9920 9922 9924 9926 9928 9930 9932 9934 9936 9938 9940 9942 9944 9946 9948 9950 9952 9954 9956 9958 9960 9962 9964 9966 9968 9970 9972 9974 9976 9978 9980 9982 9984 9986 9988 9990 9992 9994 9996 9998 10000 10002 10004 10006 10008 10010 10012 10014 10016 10018 10020 10022 10024 10026 10028 10030 10032 10034 10036 10038 10040 10042 10044 10046 10048 10050 10052 10054 10056 10058 10060 10062 10064 10066 10068 10070 10072 10074 10076 10078 10080 10082 10084 10086 10088 10090 10092 10094 10096 10098 10100 10102 10104 10106 10108 10110 10112 10114 10116 10118 10120 10122 10124 10126 10128 10130 10132 10134 10136 10138 10140 10142 10144 10146 10148 10150 10152 10154 10156 10158 10160 10162 10164 10166 10168 10170 10172 10174 10176 10178 10180 10182 10184 10186 10188 10190 10192 10194 10196 10198 10200 10202 10204 10206 10208 10210 10212 10214 10216 10218 10220 10222 10224 10226 10228 10230 10232 10234 10236 10238 10240 10242 10244 10246 10248 10250 10252 10254 10256 10258 10260 10262 10264 10266 10268 10270 10272 10274 10276 10278 10280 10282 10284 10286 10288 10290 10292 10294 10296 10298 10300 10302 10304 10306 10308 10310 10312 10314 10316 10318 10320 10322 10324 10326 10328 10330 10332 10334 10336 10338 10340 10342 10344 10346 10348 10350 10352 10354 10356 10358 10360 10362 10364 10366 10368 10370 10372 10374 10376 10378 10380 10382 10384 10386 10388 10390 10392 10394 10396 10398 10400 10402 10404 10406 10408 10410 10412 10414 10416 10418 10420 10422 10424 10426 10428 10430 10432 10434 10436 10438 10440 10442 10444 10446 10448 10450 10452 10454 10456 10458 10460 10462 10464 10466 10468 10470 10472 10474 10476 10478 10480 10482 10484 10486 10488 10490 10492 10494 10496 10498 10500 10502 10504 10506 10508 10510 10512 10514 10516 10518 10520 10522 10524 10526 10528 10530 10532 10534 10536 10538 10540 10542 10544 10546 10548 10550 10552 10554 10556 10558 10560 10562 10564 10566 10568 10570 10572 10574 10576 10578 10580 10582 10584 10586 10588 10590 10592 10594 10596 10598 10600 10602 10604 10606 10608 10610 10612 10614 10616 10618 10620 10622 10624 10626 10628 10630 10632 10634 10636 10638 10640 10642 10644 10646 10648 10650 10652 10654 10656 10658 10660 10662 10664 10666 10668 10670 10672 10674 10676 10678 10680 10682 10684 10686 10688 10690 10692 10694 10696 10698 10700 10702 10704 10706 10708 10710 10712 10714 10716 10718 10720 10722 10724 10726 10728 10730 10732 10734 10736 10738 10740 10742 10744 10746 10748 10750 10752 10754 10756 10758 10760 10762 10764 10766 10768 10770 10772 10774 10776 10778 10780 10782 10784 10786 10788 10790 10792 10794 10796 10798 10800 10802 10804 10806 10808 10810 10812 10814 10816 10818 10820 10822 10824 10826 10828 10830 10832 10834 10836 10838 10840 10842 10844 10846 10848 10850 10852 10854 10856 10858 10860 10862 10864 10866 10868 10870 10872 10874 10876 10878 10880 10882 10884 10886 10888 10890 10892 10894 10896 10898 10900 10902 10904 10906 10908 10910 10912 10914 10916 10918 10920 10922 10924 10926 10928 10930 10932 10934 10936 10938 10940 10942 10944 10946 10948 10950 10952 10954 10956 10958 10960 10962 10964 10966 10968 10970 10972 10974 10976 10978 10980 10982 10984 10986 10988 10990 10992 10994 10996 10998 11000 11002 11004 11006 11008 11010 11012 11014 11016 11018 11020 11022 11024 11026 11028 11030 11032 11034 11036 11038 11040 11042 11044 11046 11048 11050 11052 11054 11056 11058 11060 11062 11064 11066 11068 11070 11072 11074 11076 11078 11080 11082 11084 11086 11088 11090 11092 11094 11096 11098 11100 11102 11104 11106 11108 11110 11112 11114 11116 11118 11120 11122 11124 11126 11128 11130 11132 11134 11136 11138 11140 11142 11144 11146 11148 11150 11152 11154 11156 11158 11160 11162 11164 11166 11168 11170 11172 11174 11176 11178 11180 11182 11184 11186 11188 11190 11192 </DataArray>
<DataArray  type="UInt8"  Name="types"  format="ascii">3 3 3 3 3 3 3 3 3 3 3 3 3 3 3 3 3 3 3 3 3 3 3 3 3 3 3 3 3 3 3 3 3 3 3 3 3 3 3 3 3 3 3 3 3 3 3 3 3 3 3 3 3 3 3 3 3 3 3 3 3 3 3 3 3 3 3 3 3 3 3 3 3 3 3 3 3 3 3 3 3 3 3 3 3 3 3 3 3 3 3 3 3 3 3 3 3 3 3 3 3 3 3 3 3 3 3 3 3 3 3 3 3 3 3 3 3 3 3 3 3 3 3 3 3 3 3 3 3 3 3 3 3 3 3 3 3 3 3 3 3 3 3 3 3 3 3 3 3 3 3 3 3 3 3 3 3 3 3 3 3 3 3 3 3 3 3 3 3 3 3 3 3 3 3 3 3 3 3 3 3 3 3 3 3 3 3 3 3 3 3 3 3 3 3 3 3 3 3 3 3 3 3 3 3 3 3 3 3 3 3 3 3 3 3 3 3 3 3 3 3 3 3 3 3 3 3 3 3 3 3 3 3 3 3 3 3 3 3 3 3 3 3 3 3 3 3 3 3 3 3 3 3 3 3 3 3 3 3 3 3 3 3 3 3 3 3 3 3 3 3 3 3 3 3 3 3 3 3 3 3 3 3 3 3 3 3 3 3 3 3 3 3 3 3 3 3 3 3 3 3 3 3 3 3 3 3 3 3 3 3 3 3 3 3 3 3 3 3 3 3 3 3 3 3 3 3 3 3 3 3 3 3 3 3 3 3 3 3 3 3 3 3 3 3 3 3 3 3 3 3 3 3 3 3 3 3 3 3 3 3 3 3 3 3 3 3 3 3 3 3 3 3 3 3 3 3 3 3 3 3 3 3 3 3 3 3 3 3 3 3 3 3 3 3 3 3 3 3 3 3 3 3 3 3 3 3 3 3 3 3 3 3 3 3 3 3 3 3 3 3 3 3 3 3 3 3 3 3 3 3 3 3 3 3 3 3 3 3 3 3 3 3 3 3 3 3 3 3 3 3 3 3 3 3 3 3 3 3 3 3 3 3 3 3 3 3 3 3 3 3 3 3 3 3 3 3 3 3 3 3 3 3 3 3 3 3 3 3 3 3 3 3 3 3 3 3 3 3 3 3 3 3 3 3 3 3 3 3 3 3 3 3 3 3 3 3 3 3 3 3 3 3 3 3 3 3 3 3 3 3 3 3 3 3 3 3 3 3 3 3 3 3 3 3 3 3 3 3 3 3 3 3 3 3 3 3 3 3 3 3 3 3 3 3 3 3 3 3 3 3 3 3 3 3 3 3 3 3 3 3 3 3 3 3 3 3 3 3 3 3 3 3 3 3 3 3 3 3 3 3 3 3 3 3 3 3 3 3 3 3 3 3 3 3 3 3 3 3 3 3 3 3 3 3 3 3 3 3 3 3 3 3 3 3 3 3 3 3 3 3 3 3 3 3 3 3 3 3 3 3 3 3 3 3 3 3 3 3 3 3 3 3 3 3 3 3 3 3 3 3 3 3 3 3 3 3 3 3 3 3 3 3 3 3 3 3 3 3 3 3 3 3 3 3 3 3 3 3 3 3 3 3 3 3 3 3 3 3 3 3 3 3 3 3 3 3 3 3 3 3 3 3 3 3 3 3 3 3 3 3 3 3 3 3 3 3 3 3 3 3 3 3 3 3 3 3 3 3 3 3 3 3 3 3 3 3 3 3 3 3 3 3 3 3 3 3 3 3 3 3 3 3 3 3 3 3 3 3 3 3 3 3 3 3 3 3 3 3 3 3 3 3 3 3 3 3 3 3 3 3 3 3 3 3 3 3 3 3 3 3 3 3 3 3 3 3 3 3 3 3 3 3 3 3 3 3 3 3 3 3 3 3 3 3 3 3 3 3 3 3 3 3 3 3 3 3 3 3 3 3 3 3 3 3 3 3 3 3 3 3 3 3 3 3 3 3 3 3 3 3 3 3 3 3 3 3 3 3 3 3 3 3 3 3 3 3 3 3 3 3 3 3 3 3 3 3 3 3 3 3 3 3 3 3 3 3 3 3 3 3 3 3 3 3 3 3 3 3 3 3 3 3 3 3 3 3 3 3 3 3 3 3 3 3 3 3 3 3 3 3 3 3 3 3 3 3 3 3 3 3 3 3 3 3 3 3 3 3 3 3 3 3 3 3 3 3 3 3 3 3 3 3 3 3 3 3 3 3 3 3 3 3 3 3 3 3 3 3 3 3 3 3 3 3 3 3 3 3 3 3 3 3 3 3 3 3 3 3 3 3 3 3 3 3 3 3 3 3 3 3 3 3 3 3 3 3 3 3 3 3 3 3 3 3 3 3 3 3 3 3 3 3 3 3 3 3 3 3 3 3 3 3 3 3 3 3 3 3 3 3 3 3 3 3 3 3 3 3 3 3 3 3 3 3 3 3 3 3 3 3 3 3 3 3 3 3 3 3 3 3 3 3 3 3 3 3 3 3 3 3 3 3 3 3 3 3 3 3 3 3 3 3 3 3 3 3 3 3 3 3 3 3 3 3 3 3 3 3 3 3 3 3 3 3 3 3 3 3 3 3 3 3 3 3 3 3 3 3 3 3 3 3 3 3 3 3 3 3 3 3 3 3 3 3 3 3 3 3 3 3 3 3 3 3 3 3 3 3 3 3 3 3 3 3 3 3 3 3 3 3 3 3 3 3 3 3 3 3 3 3 3 3 3 3 3 3 3 3 3 3 3 3 3 3 3 3 3 3 3 3 3 3 3 3 3 3 3 3 3 3 3 3 3 3 3 3 3 3 3 3 3 3 3 3 3 3 3 3 3 3 3 3 3 3 3 3 3 3 3 3 3 3 3 3 3 3 3 3 3 3 3 3 3 3 3 3 3 3 3 3 3 3 3 3 3 3 3 3 3 3 3 3 3 3 3 3 3 3 3 3 3 3 3 3 3 3 3 3 3 3 3 3 3 3 3 3 3 3 3 3 3 3 3 3 3 3 3 3 3 3 3 3 3 3 3 3 3 3 3 3 3 3 3 3 3 3 3 3 3 3 3 3 3 3 3 3 3 3 3 3 3 3 3 3 3 3 3 3 3 3 3 3 3 3 3 3 3 3 3 3 3 3 3 3 3 3 3 3 3 3 3 3 3 3 3 3 3 3 3 3 3 3 3 3 3 3 3 3 3 3 3 3 3 3 3 3 3 3 3 3 3 3 3 3 3 3 3 3 3 3 3 3 3 3 3 3 3 3 3 3 3 3 3 3 3 3 3 3 3 3 3 3 3 3 3 3 3 3 3 3 3 3 3 3 3 3 3 3 3 3 3 3 3 3 3 3 3 3 3 3 3 3 3 3 3 3 3 3 3 3 3 3 3 3 3 3 3 3 3 3 3 3 3 3 3 3 3 3 3 3 3 3 3 3 3 3 3 3 3 3 3 3 3 3 3 3 3 3 3 3 3 3 3 3 3 3 3 3 3 3 3 3 3 3 3 3 3 3 3 3 3 3 3 3 3 3 3 3 3 3 3 3 3 3 3 3 3 3 3 3 3 3 3 3 3 3 3 3 3 3 3 3 3 3 3 3 3 3 3 3 3 3 3 3 3 3 3 3 3 3 3 3 3 3 3 3 3 3 3 3 3 3 3 3 3 3 3 3 3 3 3 3 3 3 3 3 3 3 3 3 3 3 3 3 3 3 3 3 3 3 3 3 3 3 3 3 3 3 3 3 3 3 3 3 3 3 3 3 3 3 3 3 3 3 3 3 3 3 3 3 3 3 3 3 3 3 3 3 3 3 3 3 3 3 3 3 3 3 3 3 3 3 3 3 3 3 3 3 3 3 3 3 3 3 3 3 3 3 3 3 3 3 3 3 3 3 3 3 3 3 3 3 3 3 3 3 3 3 3 3 3 3 3 3 3 3 3 3 3 3 3 3 3 3 3 3 3 3 3 3 3 3 3 3 3 3 3 3 3 3 3 3 3 3 3 3 3 3 3 3 3 3 3 3 3 3 3 3 3 3 3 3 3 3 3 3 3 3 3 3 3 3 3 3 3 3 3 3 3 3 3 3 3 3 3 3 3 3 3 3 3 3 3 3 3 3 3 3 3 3 3 3 3 3 3 3 3 3 3 3 3 3 3 3 3 3 3 3 3 3 3 3 3 3 3 3 3 3 3 3 3 3 3 3 3 3 3 3 3 3 3 3 3 3 3 3 3 3 3 3 3 3 3 3 3 3 3 3 3 3 3 3 3 3 3 3 3 3 3 3 3 3 3 3 3 3 3 3 3 3 3 3 3 3 3 3 3 3 3 3 3 3 3 3 3 3 3 3 3 3 3 3 3 3 3 3 3 3 3 3 3 3 3 3 3 3 3 3 3 3 3 3 3 3 3 3 3 3 3 3 3 3 3 3 3 3 3 3 3 3 3 3 3 3 3 3 3 3 3 3 3 3 3 3 3 3 3 3 3 3 3 3 3 3 3 3 3 3 3 3 3 3 3 3 3 3 3 3 3 3 3 3 3 3 3 3 3 3 3 3 3 3 3 3 3 3 3 3 3 3 3 3 3 3 3 3 3 3 3 3 3 3 3 3 3 3 3 3 3 3 3 3 3 3 3 3 3 3 3 3 3 3 3 3 3 3 3 3 3 3 3 3 3 3 3 3 3 3 3 3 3 3 3 3 3 3 3 3 3 3 3 3 3 3 3 3 3 3 3 3 3 3 3 3 3 3 3 3 3 3 3 3 3 3 3 3 3 3 3 3 3 3 3 3 3 3 3 3 3 3 3 3 3 3 3 3 3 3 3 3 3 3 3 3 3 3 3 3 3 3 3 3 3 3 3 3 3 3 3 3 3 3 3 3 3 3 3 3 3 3 3 3 3 3 3 3 3 3 3 3 3 3 3 3 3 3 3 3 3 3 3 3 3 3 3 3 3 3 3 3 3 3 3 3 3 3 3 3 3 3 3 3 3 3 3 3 3 3 3 3 3 3 3 3 3 3 3 3 3 3 3 3 3 3 3 3 3 3 3 3 3 3 3 3 3 3 3 3 3 3 3 3 3 3 3 3 3 3 3 3 3 3 3 3 3 3 3 3 3 3 3 3 3 3 3 3 3 3 3 3 3 3 3 3 3 3 3 3 3 3 3 3 3 3 3 3 3 3 3 3 3 3 3 3 3 3 3 3 3 3 3 3 3 3 3 3 3 3 3 3 3 3 3 3 3 3 3 3 3 3 3 3 3 3 3 3 3 3 3 3 3 3 3 3 3 3 3 3 3 3 3 3 3 3 3 3 3 3 3 3 3 3 3 3 3 3 3 3 3 3 3 3 3 3 3 3 3 3 3 3 3 3 3 3 3 3 3 3 3 3 3 3 3 3 3 3 3 3 3 3 3 3 3 3 3 3 3 3 3 3 3 3 3 3 3 3 3 3 3 3 3 3 3 3 3 3 3 3 3 3 3 3 3 3 3 3 3 3 3 3 3 3 3 3 3 3 3 3 3 3 3 3 3 3 3 3 3 3 3 3 3 3 3 3 3 3 3 3 3 3 3 3 3 3 3 3 3 3 3 3 3 3 3 3 3 3 3 3 3 3 3 3 3 3 3 3 3 3 3 3 3 3 3 3 3 3 3 3 3 3 3 3 3 3 3 3 3 3 3 3 3 3 3 3 3 3 3 3 3 3 3 3 3 3 3 3 3 3 3 3 3 3 3 3 3 3 3 3 3 3 3 3 3 3 3 3 3 3 3 3 3 3 3 3 3 3 3 3 3 3 3 3 3 3 3 3 3 3 3 3 3 3 3 3 3 3 3 3 3 3 3 3 3 3 3 3 3 3 3 3 3 3 3 3 3 3 3 3 3 3 3 3 3 3 3 3 3 3 3 3 3 3 3 3 3 3 3 3 3 3 3 3 3 3 3 3 3 3 3 3 3 3 3 3 3 3 3 3 3 3 3 3 3 3 3 3 3 3 3 3 3 3 3 3 3 3 3 3 3 3 3 3 3 3 3 3 3 3 3 3 3 3 3 3 3 3 3 3 3 3 3 3 3 3 3 3 3 3 3 3 3 3 3 3 3 3 3 3 3 3 3 3 3 3 3 3 3 3 3 3 3 3 3 3 3 3 3 3 3 3 3 3 3 3 3 3 3 3 3 3 3 3 3 3 3 3 3 3 3 3 3 3 3 3 3 3 3 3 3 3 3 3 3 3 3 3 3 3 3 3 3 3 3 3 3 3 3 3 3 3 3 3 3 3 3 3 3 3 3 3 3 3 3 3 3 3 3 3 3 3 3 3 3 3 3 3 3 3 3 3 3 3 3 3 3 3 3 3 3 3 3 3 3 3 3 3 3 3 3 3 3 3 3 3 3 3 3 3 3 3 3 3 3 3 3 3 3 3 3 3 3 3 3 3 3 3 3 3 3 3 3 3 3 3 3 3 3 3 3 3 3 3 3 3 3 3 3 3 3 3 3 3 3 3 3 3 3 3 3 3 3 3 3 3 3 3 3 3 3 3 3 3 3 3 3 3 3 3 3 3 3 3 3 3 3 3 3 3 3 3 3 3 3 3 3 3 3 3 3 3 3 3 3 3 3 3 3 3 3 3 3 3 3 3 3 3 3 3 3 3 3 3 3 3 3 3 3 3 3 3 3 3 3 3 3 3 3 3 3 3 3 3 3 3 3 3 3 3 3 3 3 3 3 3 3 3 3 3 3 3 3 3 3 3 3 3 3 3 3 3 3 3 3 3 3 3 3 3 3 3 3 3 3 3 3 3 3 3 3 3 3 3 3 3 3 3 3 3 3 3 3 3 3 3 3 3 3 3 3 3 3 3 3 3 3 3 3 3 3 3 3 3 3 3 3 3 3 3 3 3 3 3 3 3 3 3 3 3 3 3 3 3 3 3 3 3 3 3 3 3 3 3 3 3 3 3 3 3 3 3 3 3 3 3 3 3 3 3 3 3 3 3 3 3 3 3 3 3 3 3 3 3 3 3 3 3 3 3 3 3 3 3 3 3 3 3 3 3 3 3 3 3 3 3 3 3 3 3 3 3 3 3 3 3 3 3 3 3 3 3 3 3 3 3 3 3 3 3 3 3 3 3 3 3 3 3 3 3 3 3 3 3 3 3 3 3 3 3 3 3 3 3 3 3 3 3 3 3 3 3 3 3 3 3 3 3 3 3 3 3 3 3 3 3 3 3 3 3 3 3 3 3 3 3 3 3 3 3 3 3 3 3 3 3 3 3 3 3 3 3 3 3 3 3 3 3 3 3 3 3 3 3 3 3 3 3 3 3 3 3 3 3 3 3 3 3 3 3 3 3 3 3 3 3 3 3 3 3 3 3 3 3 3 3 3 3 3 3 3 3 3 3 3 3 3 3 3 3 3 3 3 3 3 3 3 3 3 3 3 3 3 3 3 3 3 3 3 3 3 3 3 3 3 3 3 3 3 3 3 3 3 3 3 3 3 3 3 3 3 3 3 3 3 3 3 3 3 3 3 3 3 3 3 3 3 3 3 3 3 3 3 3 3 3 3 3 3 3 3 3 3 3 3 3 3 3 3 3 3 3 3 3 3 3 3 3 3 3 3 3 3 3 3 3 3 3 3 3 3 3 3 3 3 3 3 3 3 3 3 3 3 3 3 3 3 3 3 3 3 3 3 3 3 3 3 3 3 3 3 3 3 3 3 3 3 3 3 3 3 3 3 3 3 3 3 3 3 3 3 3 3 3 3 3 3 3 3 3 3 3 3 3 3 3 3 3 3 3 3 3 3 3 3 3 3 3 3 3 3 3 3 3 3 3 3 3 3 3 3 3 3 3 3 3 3 3 3 3 3 3 3 3 3 3 3 3 3 3 3 3 3 3 3 3 3 3 3 3 3 3 3 3 3 3 3 3 3 3 3 3 3 3 3 3 3 3 3 3 3 3 3 3 3 3 3 3 3 3 3 3 3 3 3 3 3 3 3 3 3 3 3 3 3 3 3 3 3 3 3 3 3 3 3 3 3 3 3 3 3 3 3 3 3 3 3 3 3 3 3 3 3 3 3 3 3 3 3 3 3 3 3 3 3 3 3 3 3 3 3 3 3 3 3 3 3 3 3 3 3 3 3 3 3 3 3 3 3 3 3 3 3 3 3 3 3 3 3 3 3 3 3 3 3 3 3 3 3 3 3 3 3 3 3 3 3 3 3 3 3 3 3 3 3 3 3 3 3 3 3 3 3 3 3 3 3 3 3 3 3 3 3 3 3 3 3 3 3 3 3 3 3 3 3 3 3 3 3 3 3 3 3 3 3 3 3 3 3 3 3 3 3 3 3 3 3 3 3 3 3 3 3 3 3 3 3 3 3 3 3 3 3 3 3 3 3 3 3 3 3 3 3 3 3 3 3 3 3 3 3 3 3 3 3 3 3 3 3 3 3 3 3 3 3 3 3 3 3 3 3 3 3 3 3 3 3 3 3 3 3 3 3 3 3 3 3 3 3 3 3 3 3 3 3 3 3 3 3 3 3 3 3 3 3 3 3 3 3 3 3 3 3 3 3 3 3 3 3 3 3 3 3 3 3 3 3 3 3 3 3 3 3 3 3 3 3 3 3 3 3 3 3 3 3 3 3 3 3 3 3 3 3 3 3 3 3 3 3 3 3 3 3 3 3 3 3 3 3 3 3 3 3 3 3 3 3 3 3 3 3 3 3 3 3 3 3 3 3 3 3 3 3 3 3 3 3 3 3 3 3 3 3 3 3 3 3 3 3 3 3 3 3 3 3 3 3 3 3 3 3 3 3 3 3 3 3 3 3 3 3 3 3 3 3 3 3 3 3 3 3 3 3 3 3 3 3 3 3 3 3 3 3 3 3 3 3 3 3 3 3 3 3 3 3 3 3 3 3 3 3 3 3 3 3 3 3 3 3 3 3 3 3 3 3 3 3 3 3 3 3 3 3 3 3 3 3 3 3 3 3 3 3 3 3 3 3 3 3 3 3 3 3 3 3 3 3 3 3 3 3 3 3 3 3 3 3 3 3 3 3 3 3 3 3 3 3 3 3 3 3 3 3 3 3 3 3 3 3 3 3 3 3 3 3 3 3 3 3 3 3 3 3 3 3 3 3 3 3 3 3 3 3 3 3 3 3 3 3 3 3 3 3 3 3 3 3 3 3 3 3 3 3 3 3 3 3 3 3 3 3 3 3 3 3 3 3 3 3 3 3 3 3 3 3 3 3 3 3 3 3 3 3 3 3 3 3 3 3 3 3 3 3 3 3 3 3 3 3 3 3 3 3 3 3 3 3 3 3 3 3 3 3 3 3 3 3 3 3 3 3 3 3 3 3 3 3 3 3 3 3 3 3 3 3 3 3 3 3 3 3 3 3 3 3 3 3 3 3 3 3 3 3 3 3 3 3 3 3 3 3 3 3 3 3 3 3 3 3 3 3 3 3 3 3 3 3 3 3 3 3 3 3 3 3 3 3 3 3 3 3 3 3 3 3 3 3 3 3 3 3 3 3 3 3 3 3 3 3 3 3 3 3 3 3 3 3 3 3 3 3 3 3 3 3 3 3 3 3 3 3 3 3 3 3 3 3 3 3 3 3 3 3 3 3 3 3 3 3 3 3 3 3 3 3 3 3 3 3 3 3 3 3 3 3 3 3 3 3 3 3 3 3 3 3 3 3 3 3 3 3 3 3 3 3 3 3 3 3 3 3 3 3 3 3 3 3 3 3 3 3 3 3 3 3 3 3 3 3 3 3 3 3 3 3 3 3 3 3 3 3 3 3 3 3 3 3 3 3 3 3 3 3 3 3 3 3 3 3 3 3 3 3 3 3 3 3 3 3 3 3 3 3 3 3 3 3 3 3 3 3 3 3 3 3 3 3 3 3 3 3 3 3 3 3 3 3 3 3 3 3 3 3 3 3 3 3 3 3 3 3 3 3 3 3 3 3 3 3 3 3 3 3 3 3 3 3 3 3 3 3 3 3 3 3 3 3 3 3 3 3 3 3 3 3 3 3 3 3 3 3 3 3 3 3 3 3 3 3 3 3 3 3 3 3 3 3 3 3 3 3 3 3 3 3 3 3 3 3 3 3 3 3 3 3 3 3 3 3 3 3 3 3 3 3 3 3 3 3 3 3 3 3 3 3 3 3 3 3 3 3 3 3 3 3 3 3 3 3 3 3 3 3 3 3 3 3 3 3 3 3 3 3 3 3 3 3 3 3 3 3 3 3 3 3 3 3 3 3 3 3 3 3 3 3 3 3 3 3 3 3 3 3 3 3 3 3 3 3 3 3 3 3 3 3 3 3 3 3 3 3 3 3 3 3 3 3 3 3 3 3 3 3 3 3 3 3 3 3 3 3 3 3 3 3 3 3 3 3 3 3 3 3 3 3 3 3 3 3 3 3 3 3 3 3 3 3 3 3 3 3 3 3 3 3 3 3 3 3 3 3 3 3 3 3 3 3 3 3 3 3 3 3 3 3 3 3 3 3 3 3 3 3 3 3 3 3 3 3 3 3 3 3 3 3 3 3 3 3 3 3 3 3 3 3 3 3 3 3 3 3 3 3 3 3 3 3 3 3 3 3 3 3 3 3 3 3 3 3 3 3 3 3 3 3 3 3 3 3 3 3 3 3 3 3 3 3 3 3 3 3 3 3 3 3 3 3 3 3 3 3 3 3 3 3 3 3 3 3 3 3 3 3 3 3 3 3 3 3 3 3 3 3 3 3 3 3 3 3 3 3 3 3 3 3 3 3 3 3 3 3 3 3 3 3 3 3 3 3 3 3 3 3 3 3 3 3 3 3 3 3 3 3 3 3 3 3 3 3 3 3 3 3 3 3 3 3 3 3 3 3 3 3 3 3 3 3 3 3 3 3 3 3 3 3 3 3 3 3 3 3 3 3 3 3 3 3 3 3 3 3 3 3 3 3 3 3 3 3 3 3 3 3 3 3 3 3 3 3 3 3 3 3 3 3 3 3 3 3 3 3 3 3 3 3 3 3 3 3 3 3 3 3 3 3 3 3 3 3 3 3 3 3 3 3 3 3 3 3 3 3 3 3 3 3 3 3 3 3 3 3 3 3 3 3 3 3 3 3 3 3 3 3 3 3 3 3 3 3 3 3 3 3 3 3 3 3 3 3 3 3 3 3 3 3 3 3 3 3 3 3 3 3 3 3 3 3 3 3 3 3 3 3 3 3 3 3 3 3 3 3 3 3 3 3 3 3 3 3 3 3 3 3 3 3 3 3 3 3 3 3 3 3 3 3 3 3 3 3 3 3 3 3 3 3 3 3 3 3 3 3 3 3 3 3 3 3 3 3 3 3 3 3 3 3 3 3 3 3 3 3 3 3 3 3 3 3 3 3 3 3 3 3 3 3 3 3 3 3 3 3 3 3 3 3 3 3 3 3 3 3 3 3 3 3 3 3 3 3 3 3 3 3 3 3 3 3 3 3 3 3 3 3 3 3 3 3 3 3 3 3 3 3 3 3 3 3 3 3 3 3 3 3 3 3 3 3 3 3 3 3 3 3 3 3 3 3 3 3 3 3 3 3 3 3 3 3 3 3 3 3 3 3 3 3 3 3 3 3 3 3 3 3 3 3 3 3 3 3 3 3 3 3 3 3 3 3 3 3 3 3 3 3 3 3 3 3 3 3 3 3 3 3 3 3 3 3 3 3 3 3 3 3 3 3 3 3 3 3 3 3 3 3 3 3 3 3 3 3 3 3 3 3 3 3 3 3 3 3 3 3 3 3 3 3 3 3 3 3 3 3 3 3 3 3 3 3 3 3 3 3 3 3 3 3 3 3 3 3 3 3 3 3 3 3 3 3 3 3 3 3 3 3 3 3 3 3 3 3 3 3 3 3 3 3 3 3 3 3 3 3 3 3 3 3 3 3 3 3 3 3 3 3 3 3 3 3 3 3 3 3 3 3 3 3 3 3 3 3 3 3 3 3 3 3 3 3 3 3 3 3 3 3 3 3 3 3 3 3 3 3 3 3 3 3 3 3 3 3 3 3 3 3 3 3 3 3 3 3 3 3 3 3 3 3 3 3 3 3 3 3 3 3 3 3 3 3 3 3 3 3 3 3 3 3 3 3 3 3 3 3 3 3 3 3 3 3 3 3 3 3 3 3 3 3 3 3 3 3 3 3 3 3 3 3 3 3 3 3 3 3 3 3 3 3 3 3 3 3 3 3 3 3 3 3 3 3 3 3 3 3 3 3 3 3 3 3 3 3 3 3 3 3 3 3 3 3 3 3 3 3 3 3 3 3 3 3 3 3 3 3 3 3 3 3 3 3 3 3 3 3 3 3 3 3 3 3 3 3 3 3 3 3 3 3 3 3 3 3 3 3 3 3 3 3 3 3 3 3 3 3 3 3 3 3 3 3 3 3 3 3 3 3 3 3 3 3 3 3 3 3 3 3 3 3 3 3 3 3 3 3 3 3 3 3 3 3 3 3 3 3 3 3 3 3 3 3 3 3 3 3 3 3 3 3 3 3 3 3 3 3 3 3 3 3 3 3 3 3 3 3 3 3 3 3 3 3 3 3 3 3 3 3 3 3 3 3 3 3 3 3 3 3 3 3 3 3 </DataArray>
</Cells>
</Piece>
</UnstructuredGrid>
</VTKFile>