<?xml version="1.0"?>
<VTKFile type="UnstructuredGrid"  version="0.1"  >
<UnstructuredGrid>
<Piece  NumberOfPoints="1544" NumberOfCells="1602">
<Points>
<DataArray  type="Float64"  NumberOfComponents="3"  format="ascii">0.237822434576351 -0.2112715429267966 0.57105019085973  0.2588657901642518 -0.2137025407697239 0.5416231836556357  0.1553129760516884 -0.2277725000347522 0.5788805081124631  -0.3470106076119495 -0.361197602953291 0.7525415616646569  -0.3562928552884335 -0.3923909514416022 0.761865958711039  -0.3355411755882156 -0.3607556491001233 0.7460803909723946  0.2899157779927731 -0.227913477437898 0.5273243515808012  0.2779046188854203 -0.2214286545031544 0.4921665181044245  0.2902079564571116 -0.2280105657013476 0.5272137323199116  0.2047654635064157 -0.3698542474686493 0.4232648010769244  0.2198058306389517 -0.3705862113025604 0.4221097980227815  0.1714362405983206 -0.3699739356657977 0.4218087793644574  0.2817361560947692 -0.3479004825187361 0.4271752073783118  0.3207023973320398 -0.3423531906578715 0.4592350528934435  0.2259983307864101 -0.3318385623564418 0.6077694254671968  0.1316928793278671 -0.2855101806782745 0.590250239220908  0.2679985626113869 -0.366665588087538 0.6243304565440614  -0.01337374069488154 -0.4795419060472069 0.4613065101265756  0.00756226597214249 -0.4830409628792832 0.4891885591244508  -0.01872997485534378 -0.4830536361268273 0.4503572882174073  0.1745783821335524 -0.3746736412720156 0.411084912429365  0.1671896062812745 -0.3678647885763435 0.4223059105598508  0.06882537892748063 0.5013429905402977 0.3669643486034696  0.06882819581138919 0.4826279189369455 0.3686430757274894  0.1034063664424561 0.5516288845146335 0.3763229864625602  0.5561134876442539 -0.6503088879074418 0.1403418178139637  0.5549273025446687 -0.6501229446717173 0.1409487025864613  0.5751183878057361 -0.6522627808099311 0.1284295390722349  -0.566731572617212 -0.4042219596974285 0.271372109727548  -0.5607657847472162 -0.4073173777931087 0.2496177047551852  -0.599383954390676 -0.4741051606489283 0.3122887031153486  -0.6622571711564049 -0.3264810155728564 0.3085356857219674  -0.6018741831815029 -0.2770628448701461 0.3099385267729843  -0.7163785577328461 -0.3359389507040312 0.3148451517240071  -0.5801295881767085 -0.2810958880595138 0.2855445034148715  -0.7500644287542316 -0.3398352856940452 0.2692742162476526  -0.6067362359153816 -0.3144250157220935 0.2435359060526958  -0.7287106448622354 -0.3788790136886583 0.2216939186781996  -0.7559793445443627 -0.3388130110600923 0.2678711137254026  -0.5853401378047765 -0.4568951926147827 0.3842384593425893  -0.5988396855725384 -0.4490811837299168 0.3894548520996038  -0.5515305493873183 -0.4402644887839399 0.387508163803109  -0.5888330232876988 -0.4602525498473801 0.3810290370199497  -0.1432923173611786 -0.2396392456953402 0.6206608308227521  -0.1435548203502297 -0.240268925660409 0.6188463598507808  -0.1415072714185839 -0.2349885709244443 0.6293708736924406  -0.2562936775225944 -0.06677098873444871 0.6579190973090613  -0.1755620053641483 -0.1074373499664605 0.6599747637086298  -0.2139451513657435 -0.1244341893682766 0.6563071436424632  -0.270495564136374 -0.0538163571130118 0.6611500863407647  -0.1741366649100252 -0.1076236827885355 0.6603403186131851  -0.2041645076541084 -0.1821612331122985 0.6746528110047528  -0.5557247834232732 -0.3833299181762577 0.1203768614247401  -0.5842122513726542 -0.4016839648674185 0.1428704382987855  -0.5469263049029131 -0.3799489134568816 0.1150687624169736  -0.6039956252749084 -0.3010575133105893 0.2277090743126069  -0.5911761288483645 -0.2752988197202468 0.2282707593279348  -0.5793728435259626 -0.2793989436023558 0.2852198211068743  0.01346896183656496 -0.3684919959598623 -0.1524069502115317  0.01473061290042446 -0.368696688307818 -0.1509117882343347  -0.08448127530459459 -0.3945608360575688 -0.1220256569543609  0.02408027496656494 -0.289006465976496 -0.1768948269369536  0.03641371931175272 -0.2768856703713121 -0.2361794190598903  0.02394684930434178 -0.2887394665156512 -0.1769527900169975  0.8514594128880949 -0.4680162881070656 -0.2078996701246497  0.845545500133301 -0.4701925848737267 -0.2018692480634517  0.3032513914743439 0.8851018188692455 -0.1274013846894134  0.2834819485233023 0.8773627445090935 -0.1237705828117157  -0.09009679127836892 0.09044584107870385 0.04783591420261624  -0.107848957622977 0.09128039686035608 0.04107696078875242  0.009258153813021613 0.2248577277240299 -0.04549771778819219  -0.5190268797714931 -0.3794405374710882 0.701441707166522  -0.5151446820153575 -0.3841002380451893 0.6674557523850353  -0.4940787125010366 -0.3797380304544403 0.7601050448430252  0.5653681073173167 -0.7120785712857439 -0.1869818475512969  0.5542662329389966 -0.709722060012126 -0.2036729624615937  0.5362917292924064 -0.7551559886075082 -0.1069947771183503  0.4482162975569622 -0.3301608007196419 -0.1994328177440499  0.3979364194726567 -0.3515677837942244 -0.1682556352613697  0.4521672460813057 -0.3308361171905357 -0.2068757688032557  0.3913593296033996 -0.3581536649480854 -0.1721953180149626  0.2777062384227013 -0.3096273494605651 -0.1540903462480371  0.1313638484547404 -0.0966437670468505 0.06214492420530073  0.1308512163765767 -0.09669282732316628 0.06244396774075456  0.153041709314898 -0.1352475867531977 0.03256116743944633  -0.07335059757016682 -0.06533610290661696 -0.008140891603328315  0.007282625876793639 -0.05356809855119954 -0.07679178877020293  -0.07351348793560038 -0.06091492026068991 0.01328039892892884  -0.03505211197298808 -0.04005727092874575 0.05352526782688759  -0.02033515833984022 -0.03581843337827202 0.05100695263715221  -0.03968862566361456 -0.04198521594779402 0.051481658536693  0.8691369648752478 0.09317384229782914 0.3688886805014631  0.8637428729852524 0.09710140673168124 0.3752622761527924  0.8557449234960062 0.08542424428541914 0.3749148820277025  0.9048344176925882 0.06872014934074261 0.3530690559448165  -0.4636784571811667 -0.3429463575746555 0.618836155363701  -0.4580217655066854 -0.3791604114935003 0.5741720855880234  -0.5055375076885201 -0.3877472331251112 0.6570337844794532  -0.4579286543726122 -0.3785607083264276 0.5736808665167863  -0.5094720396158782 -0.4166108740833182 0.6375848852068602  -0.5095005542132229 -0.4332976362020297 0.6220446807527192  -0.4971401475702983 -0.4270534900692809 0.6042376094397313  -0.5846009244422715 -0.2667026746181172 0.2379225961942313  -0.03472764812350546 -0.1935967151932333 0.183168711939247  -0.03647894038839689 -0.2337814926421468 0.2257223289485418  -0.03208871825628194 -0.1852942030466826 0.151460966724862  -0.1094614900997276 -0.2538655042245901 0.2917491751734557  -0.1133084219127486 -0.2426860121738987 0.327748934477815  -0.1033625997751853 -0.2555370676233977 0.2896883118753027  -0.1550590481074292 -0.2731499086040496 0.3344657901235829  0.1900640411899863 0.001057772077878997 0.3636446965073185  0.1916173785239179 0.03430562538195261 0.3687824556698394  0.1874023757005785 -0.001073987061841454 0.360164003512575  0.1309256225360494 -0.2823263073952607 0.590387074194157  0.5851902939254403 -0.2912326267657316 0.448169092377148  0.5439392434522177 -0.2516937318270399 0.4347275630775854  0.5966285403056746 -0.2985202182471144 0.4344855202083009  0.4635137310349105 -0.2598502195254315 0.4278697243864456  0.4600927398483532 -0.257187817459393 0.4346831797160935  0.5106679507715088 -0.2457417349213806 0.4297736732227739  0.3991971901110672 -0.5308618449099385 0.4908472509461502  0.4038112639385081 -0.5472646677903317 0.4804284036803828  0.400257421762984 -0.5301196390607552 0.4916983808564546  0.4044799855684605 -0.5500923932679219 0.4772239904438513  0.4074531232038734 -0.5327477895660185 0.4919607860869511  0.4004582119519073 -0.5233448784725516 0.5087245841543033  0.4913744560482025 -0.5049137114857751 0.4605865676437552  0.380342928455973 -0.5176628780986603 0.3143660689935054  0.3713285119684654 -0.5186131285408441 0.3134683831078515  0.3932286771171565 -0.5220127273078984 0.308073543123899  0.2674036211724286 -0.500508312085413 0.2934381203721643  0.4778004619528554 -0.6112998033009476 0.123336398465983  0.4253660290776585 -0.6333956908683694 0.1248709718154616  0.3845124586917744 -0.6016947838588683 0.08154127658412344  0.3655916868285121 -0.6705772789141318 0.2013457774318544  0.4344515959204836 -0.6202495998278506 0.1220094215641184  0.1246305380550764 -0.5722617913046206 0.1168447193158157  0.1148185825264791 -0.5662708635943867 0.1240159952731903  0.1472251767697255 -0.5890528728666364 0.1433419600925313  0.2551855289333141 -0.7666195624684249 0.05276391196386798  0.2649469424010515 -0.7736386260969454 0.0463883919840634  0.2602737348410087 -0.668617951937461 0.09407697154491335  0.3546760729477632 -0.6030955319073446 0.09099345658094513  0.4057023903843226 -0.7123369806641088 0.02581146430974259  0.317678871379264 -0.6128710823246311 0.0991846431756031  0.3582805652986338 -0.1920387835341306 0.5397156270701614  0.2898376585128253 -0.2001084272407208 0.4567311965478774  0.3013295719667761 -0.1990846424931563 0.444607127770297  0.2870086518959161 -0.2029482202283922 0.4595819052641177  0.324900844376491 -0.3443392484726502 0.4593918563338716  0.4384016317388739 -0.295383874574621 0.4434160167216601  0.3762352046340008 -0.168249549185418 0.4387946340846275  0.4108578879078028 -0.07775589445167091 0.395050423358108  -0.447803771847541 -0.3814006977450978 0.563326500923417  -0.4833706531506721 -0.2490003580906831 0.5101654622771038  -0.447855472690134 -0.2566861291120529 0.532166910465826  -0.4858232313729003 -0.2466027732506816 0.5100732871688705  -0.4001820121549224 -0.2902414118698113 0.4884647459972548  -0.4071571992494594 -0.3550102100094403 0.5122993921939946  -0.5880960692412651 -0.3968512016904399 0.1526238167783235  -0.5874688017435905 -0.3973838391236928 0.1493481561059268  -0.75892671917962 -0.3381804570734535 0.2724959139838009  -0.3459998253940726 -0.3952466933253493 0.7564994539402248  -0.3604495046422257 -0.3945009665447876 0.7702011695598456  -0.1229562207684657 -0.1051680254632625 0.04284119180410594  -0.1539261768569631 -0.1267678196317504 0.07488745850028296  -0.1178121796746542 -0.1031492546022267 0.04307080774098975  -0.1595048830185889 -0.2632641284056053 -0.0267275441324821  -0.15976847728704 -0.2630280217263435 -0.02611470291507285  -0.1498176438196454 -0.2622939809249676 -0.04143723572156574  0.03819444336159313 -0.3346352069155683 -0.1351759818856619  -0.1591618043609032 -0.1268175381779399 0.07407792463117352  -0.29742831536952 -0.2642353022277486 0.1151877657266838  -0.3429626262139657 -0.2298746341350356 0.1551977923678459  -0.273170893234483 -0.2607386159289475 0.1215899703292118  0.2220891778709439 -0.5321679644006978 0.3705600414455515  0.2238456999754349 -0.5378795321134618 0.3730274151632078  0.2147689380468854 -0.5149327199355058 0.3662761626307849  -0.09055544781704881 -0.3122606716245578 0.5006239552862851  -0.0451551627995065 -0.303019388692141 0.5400840747092169  -0.1007357806553048 -0.3134498095236578 0.4979932051705772  -0.02233799374605397 -0.2793371710721445 0.5304038682042819  -0.0447531464423265 -0.3024638392262812 0.543768844502867  -0.1072394084609943 -0.2918962598695261 0.6158285022400379  -0.4622426192373463 -0.4349045978950019 0.5812904178922847  0.02118464190697675 -0.6695100742953924 0.2949152432076116  0.006168113050878135 -0.6442530285852643 0.2975427336230453  0.03225156892892117 -0.6643107162837355 0.2860666112285328  -0.2831384290920117 -0.3521290632199099 0.7225829232679082  -0.25544248526292 -0.3332164693586241 0.7232479272982316  -0.2780947514049181 -0.4200350696912759 0.7323391839749679  0.1499211096021294 -0.469291409136109 0.5359049562635523  0.1051064769015392 -0.4446007369450712 0.5360632470952466  0.1675036384464239 -0.5582031467175366 0.4952610416267578  0.1705233818409625 -0.4864726694869602 0.564244137004434  0.09773558323090997 -0.4464184111094602 0.5647364110214098  -0.2361236977539555 -0.3412927724986864 0.7064435361953203  -0.2540531234180708 -0.3315625908159379 0.7222994371902195  -0.1700263712233094 -0.3286292438011097 0.7256875458444597  -0.2776388377164666 -0.42074562879628 0.7312902224849599  -0.2585126853558399 -0.452800820880834 0.7118537142357976  -0.278387931276976 -0.05469769247844599 0.6461708617223357  -0.2794344633421315 -0.0513847418374544 0.6513046984978426  -0.2736047252107904 -0.05457257589895257 0.6162580980332135  -0.3347150539314695 -0.08699373107294729 0.6750831653776501  -0.3387488408319744 -0.09180323168103528 0.6742208057090985  -0.2913202091415747 -0.0546039530200778 0.6616294539219976  -0.3619344738035039 -0.1458925167704989 0.6381987658869703  -0.4843832029183164 -0.4084599392029744 0.2454983144426389  -0.4272421773973791 -0.3874123686744567 0.2432971456903438  -0.3994792469117107 -0.37743028492614 0.2193896244135419  -0.4034397045046264 -0.3310918926087706 0.2087863196287746  0.5624641369315575 0.4057527808057911 -0.1412857060962047  0.5814548188422398 0.4149193954746748 -0.1423846671704563  0.5268731154627615 0.3807808402393106 -0.1085049539686885  0.6928096785852972 0.6368642867988031 -0.1406858206008545  0.6738205829676961 0.6214959760005252 -0.1088072256847775  0.6027196393102907 0.5974792721839127 -0.08566521980578869  0.5841369952069758 0.567810815868196 -0.09375796903998598  0.6175207115835235 0.5978245598025618 -0.07712510070227421  0.4880038105580326 0.5743374995773085 -0.08846306371287828  0.541596977361691 0.6585255094083939 -0.05605794137479032  0.6297931029269147 0.6004452456162541 -0.07674363063823983  0.2112324082596675 -0.04107826188374785 0.1986488592227334  0.2195589423454781 -0.04058653204121845 0.1613554912968963  0.2039028710340453 -0.043037269192544 0.1963173287898181  0.1956561704616373 -0.04595579532049786 0.1772361264689498  0.2450956946774311 -0.04613195268840015 0.1347503661172765  -0.6561023179684046 -0.3871487797747871 0.4245706968567411  -0.4024572505644265 -0.5272561303017225 0.1458744162139731  -0.4003209472637502 -0.5219997232882533 0.14293794530621  -0.4064631459554231 -0.5498431612037941 0.1524954598485655  0.2629951650849069 0.3450995325110926 0.1268501216988914  0.2617258236331127 0.3333670465042213 0.1033126974314929  0.2315113759120999 0.3395006000577544 0.1302134857308638  0.2621068985942102 0.3272392331106927 0.08319137373455587  0.4202133678840735 0.347241661027886 -0.01381007491360061  0.4066942802771994 0.3350790471932575 -0.02457809403052677  0.4362152357012907 0.3358536193188167 -0.02789859150651485  0.8592829631283948 0.1015420407828115 0.4009776412323767  0.7817408315472438 0.01896469350572742 0.3532593359529885  0.7765060138445902 0.02013665543419013 0.3491232032032361  0.1072090646805125 -0.1067231752578812 0.6463679548248115  0.1237044684464692 -0.106715853887505 0.6305131035602162  0.08125001224051151 -0.1502247341590245 0.6480918685695655  0.1291494049063824 -0.1062372329749723 0.6297633537193054  0.4219757818909331 -0.1720057340744839 0.5237513009078045  0.3817076726500738 -0.1935127077851827 0.5570592480689548  0.4525568916151155 -0.1851736371310978 0.4978741701166389  0.04304133542065108 -0.2760360637214504 -0.2374115466685581  0.08215389164941667 -0.2648660527212803 -0.2424463115723898  0.2791775576571737 -0.2710700485397076 -0.3290992243155245  0.2411379589506299 -0.2739735823819853 -0.3022527940460545  0.2988259973214085 -0.2473837642269596 -0.3319022618468446  -0.07754377810065834 -0.3760929579381834 -0.3514607443286525  -0.1157757793985451 -0.3922546214525693 -0.323623413188543  -0.0475651392163844 -0.3540869300412399 -0.4073269977357112  -0.1453249990449381 -0.3861739943094038 -0.3030896262898852  -0.2112877230916747 -0.3071193580801438 -0.2607125389504937  0.008733936371090647 -0.0264827424668606 -0.1260522573533652  -0.3488940201768825 0.2125368175737345 0.04910824016180104  -0.3339814962966433 0.2298559231846711 0.03162091825149761  -0.3632137862464297 0.2099824732760702 0.05222787825486762  -0.2685856835271871 0.3399970579135431 0.05647861096426381  0.178665278489824 0.05239828126710311 0.4083224565434479  0.7286370517747036 -0.0009529839842744858 -0.003098388328970005  0.7501766392945874 0.01883003045737494 -0.06653826702991546  0.7276077159677129 -0.0004306866574593417 -0.0008489048832193216  0.5686717588545753 -0.5079185591557835 0.2046012670076346  0.5614146327853176 -0.5157208459027059 0.2080126592815728  0.6413298207641587 -0.5242924155604095 0.1377067405434185  0.2842537434918871 0.8640622797678568 -0.1278020879653385  0.2780339516467837 0.8305719332968827 -0.1178857875137244  -0.1005093757301808 0.07361156836365149 0.02782898856214827  -0.1006445860782082 0.07300013487943821 0.02775695963523199  -0.3446293580302512 -0.2292796957947542 0.1571776891079101  0.5969474810928245 -0.6459468114516158 0.09647173492826255  0.5946317852887647 -0.6613182409891565 0.09004739638842715  0.3926806500100508 -0.3595751152343823 -0.04004958372608209  0.4012953730973392 -0.3001082961454683 -0.09278701309796966  0.3898555367457888 -0.3618371605029744 -0.03719040077497866  0.537119387073179 -0.06766958878995115 -0.2624830357002427  0.5290919596293739 -0.08023160173095359 -0.2450872997930654  0.5348570302442155 -0.08358482052799067 -0.2718629450431247  0.3980480664035826 -0.07564622220438284 -0.1594456654865981  0.2803129865481603 -0.2949154199437148 -0.1461039932177739  0.2137354510315499 -0.2720967283659374 -0.3074999790142095  0.1051595251048788 -0.2656943810785009 -0.2404461128322605  0.1811010126588543 -0.2799170622611895 -0.3081430874968869  0.1031247631596079 -0.2648901272922222 -0.2411132471168405  0.2763577873392775 -0.2996472769552803 -0.1431940575523503  0.3161560577148697 -0.1894578486209623 -0.1300752381782547  0.3222588451219742 -0.1977475327248153 -0.1329364162153097  0.2207071212283356 -0.1827857788133735 -0.04173401950694242  0.06167807097322631 -0.01488554075677667 0.05416896110959178  0.05170520120509241 -0.01715680600498559 0.04650825590573102  0.08972011672705078 0.08045917923479871 0.08669365747919462  0.1828681670957661 -0.06577212298904411 0.171255835104649  0.2493068348904211 -0.06223046682243109 0.1173900745991265  0.1802094801475047 -0.07782725692788406 0.1822644113249357  0.2000099946012658 -0.0005928442710984687 0.243868730819277  0.06802125252237826 0.019148236476405 0.2745927441824813  0.07053445430493854 0.02575297608390173 0.2691060425250593  0.06649630376983061 0.01447951890875726 0.2716650928187417  -0.007223437823406148 0.09013888428493358 0.3843472528639967  0.1812929629275461 -0.02192506282603746 0.181578228622242  0.249786978866068 -0.0625253850646225 0.115281558318367  0.2595856890917496 -0.04731197791333447 0.07047151236120597  0.3572964437302268 0.267616001372915 0.02679610023477122  0.3527612779720148 0.23190445260734 0.02340057345211772  0.4008720463730921 0.3401336496920931 -0.0231836714973892  -0.3418389703961214 -0.227080696570094 0.1588404101816678  -0.3465110098716315 -0.2299880967775467 0.1564076161685412  -0.3331890670310456 -0.204291439363186 0.1712369800866304  -0.4923240245452563 -0.06653850967020029 0.1132104309136011  -0.4910710823037435 -0.06587961203616034 0.1102519827017695  -0.4983814617542106 -0.07380914161875962 0.1261064814450275  -0.4833360451657056 -0.06237365123651635 0.1005624326344888  0.081406792938929 -0.1491820928883227 0.6501636955851448  -0.05810025276695145 -0.1275193943428667 0.6606199704939616  0.08188897846160452 -0.1501906270315033 0.6565262433876093  -0.07550410388892524 -0.1317187821569619 0.6484466697240995  0.07771753353355002 -0.1510816582743514 0.6456121166740725  -0.09520548612047733 -0.1286454147181408 0.638199075026872  -0.1019846253875842 -0.05550003545496808 0.6672094459404103  0.08105631015107626 -0.1553824592353845 0.6455234648341185  0.08104076333700373 -0.1991847959728942 0.6452201332537214  -0.1049226993423256 -0.2984430070462142 0.7208165305442371  -0.09599328292929905 -0.2984921690240526 0.6774454964731434  -0.106591752369652 -0.3058396835332391 0.7298496792019812  -0.1071700154785602 -0.2972796830664838 0.741634758596326  -0.113913658663919 -0.04330578055578378 0.6656685185249157  -0.1112959597424653 -0.1091937893801594 0.6374761693851402  -0.1350194084365016 -0.0135760730474451 0.6900990945783709  -0.05858449278245348 -0.1722256739866237 0.4010548866442711  -0.02243639643661495 -0.2026050870011238 0.3892890797609919  -0.06551771785806708 -0.1721984389065415 0.3987736759608546  -0.004551759498423735 -0.2176146142502952 0.3955176495365612  0.003275930572203829 -0.1933249808593611 0.3707950207463758  0.001056573937761679 -0.2223172064239903 0.3998545321635317  -0.21085441042144 -0.09372015596606323 0.5233936775752122  -0.2258832816990154 -0.08184322920540318 0.5268436038486741  -0.1890463317271989 -0.09690617658748216 0.500838486632642  0.2264986075165621 -0.1100113353328317 0.3858569987693132  0.2251705342480585 -0.1094888760364263 0.3866104791700084  0.2325546650425483 -0.09003431117043389 0.375971517079399  0.2239529155129172 -0.1127338170228684 0.3914724750374243  0.401382227047143 -0.06557715337439583 0.3871265802080092  0.1367372129642201 -0.1838065530947158 0.2820497927622364  0.1351193159952324 -0.1604549115320818 0.2124334387245884  0.105422329110288 -0.1921622840365272 0.3009683957072843  0.1379461807783941 -0.1002411173819007 0.1883390895490391  0.1364961658323893 -0.1283679560161796 0.1967173246826442  0.08157456147513392 -0.2021572652847825 0.6522595639669765  -0.06305983074638953 -0.2651243004899048 0.8061421755076954  0.08144575794939984 -0.2024269428406817 0.6505587645911663  0.1149110635151404 -0.1075997330326911 0.7050467930210786  -0.03882200019650822 -0.1821396967842916 0.7867847514345144  -0.07891306131283549 -0.2748849441787065 0.7984111680416847  0.01354784818417071 -0.1353879437713292 0.7605991037610169  -0.002282764776270083 -0.149747473489156 0.7493725609316848  0.1161105654590396 -0.09186354620658323 0.7349938147262398  0.05592526701270793 -0.4613679909261252 0.5898989060606984  0.03596050780980305 -0.471187985976938 0.6055049186176729  0.03230193842504128 -0.4699059472623985 0.6014113308674666  -0.1105722891577559 -0.1203883462104853 0.6295658922231379  -0.1066039320106237 -0.1266656975092049 0.6286050359414803  -0.1171592283661455 -0.16056148823046 0.6400267761721418  0.524561621852356 -0.2527890830212849 0.21054792610609  0.5412240334450008 -0.295513031103074 0.1133772710248847  0.5215882202707292 -0.2510782562690682 0.2113614536614033  0.5010842061743075 -0.6933870203718453 0.3725210555582859  0.5295563552256558 -0.6654622917195573 0.417737265911167  0.472139198159139 -0.6344069277970603 0.3284494556825909  0.503902944543993 -0.711491203305481 0.3499424786392915  0.45565516185892 -0.7312600696730432 0.4072485273967238  0.5187024548242718 -0.6111060821171257 0.4019106153344946  0.4460460018341135 -0.5563471181152834 0.442268594358067  0.3549145497916457 -0.5210146046825249 0.5591364190664094  0.3490740168823124 -0.5219720198667434 0.5624076934363864  0.4918286701384973 -0.5051675514355902 0.4600248852858493  0.2867055464202958 -0.4936922208756095 0.5937135972836598  0.3390463601746484 -0.5255245067958972 0.6474841575077198  0.3619199089272835 -0.5682266225003512 0.6652120492315614  0.3121254953069639 -0.5115781372293809 0.6438050732133348  0.3834442618117993 -0.5886437711924015 0.6883143790728607  0.4708582653351828 -0.6339828159352998 0.3282402641935316  0.4087976212274199 -0.542822921021452 0.2798271921709978  0.4413594494588644 -0.5102120320641301 0.2582753712997301  0.4377814072613537 -0.6202093181333993 0.3159383196889048  0.3542313075044044 -0.6668611399220261 0.1978318622227461  0.3027426558995748 -0.5514717205870572 0.2257220558925201  0.2732832037736923 -0.5186047458732514 0.2721093781952442  0.2973121946046875 -0.5722387820825008 0.2140189742769908  0.2844038728960037 -0.7711745624053842 0.1559250998085212  0.2742801847781843 -0.8045886145439987 0.1119116912881674  0.2910930193581044 -0.7264377464445084 0.1903615398754609  0.2940445506704972 -0.8182782133120924 0.09745990336793801  0.6118253609003335 -0.2159188594983834 0.5404397207460566  0.5990770739425209 -0.2042557147638936 0.5413668290271143  0.6136945689975799 -0.2164307103044692 0.5417928997432471  0.4536305195183425 -0.1516049902928438 0.6054034050722846  0.4881898606249854 -0.1735377463436855 0.5536895821864998  0.4537873863089265 -0.1481850765408624 0.6075447427834074  0.5860475495418194 -0.2058135424061864 0.5367438559154922  0.1949272613545488 0.400190298791517 -0.08918678142918844  0.1288456750147501 0.3114556127512343 -0.05854676307870456  0.2175891409310551 0.4628170352529098 -0.0577248656654275  0.07210072083572304 0.4459115778035828 0.4480086324200175  0.06774732884378326 0.4368551900912602 0.4783561729551944  0.07477519581130117 0.4458180297519974 0.4349259180276187  0.0410953608933609 0.5377728726665794 0.5221548460774067  0.03538196656949599 0.5400488085554993 0.5367552577025482  0.1573462050199871 0.6370926376417962 0.4541990393393125  0.005221237631545389 0.559368846535625 0.558911302207595  0.4552496941079135 -0.8603861428364543 0.0647209520713084  0.4143570657711931 -0.8775069359817176 0.06136197964491624  0.5725951812095087 -0.5529194353100712 0.3363650106290117  0.6313564277583291 -0.5481965690155743 0.3340158682868077  0.5506120624304389 -0.5276154730478443 0.3810968619915882  0.5699767301324252 -0.7311376702347103 0.3453894132547395  -0.5378867580767254 -0.4437334560733767 0.3709937352023358  -0.5072800867517397 -0.4685861244047572 0.3693652347516119  -0.5381968073683274 -0.4396238202588811 0.3784302388484655  -0.4742417089402517 -0.4886236013897038 0.380666331822024  -0.2011184779067867 -0.4889084880370829 0.04831092297474598  -0.2035766014258898 -0.4851601812105552 0.04716780111663682  -0.1799919033736233 -0.495576820178726 0.06765598686100391  -0.1198799205811641 -0.3868456449935473 -0.1203041141364414  -0.2019329833368425 -0.1191350044897705 0.08719082602069562  -0.2345465478861589 -0.1468130703141547 0.1129846965425388  -0.1850537289832672 -0.1232252910211653 0.07943467262879421  -0.2481182783783728 -0.2231307949699171 0.03677466828502839  -0.1961938270525654 -0.2384710468069305 -0.0112876002153894  0.1929651975463862 -0.6161471921178607 0.4307858029623181  0.2165704792259492 -0.699111561513498 0.3909032376227637  0.1950566008170332 -0.6128937353732129 0.442494626039579  0.2526979482689863 -0.7351765131044874 0.3445267886229365  0.02641652616150346 -0.5706255817057337 0.07561182836673991  -0.007445391115393898 -0.5464380288709819 0.08847722209391824  -0.02530012753768243 -0.5494351157405276 0.09743353344073501  0.1306549695476534 -0.09667922456226405 0.06273215671783802  0.1398372767632026 -0.08010113268410209 0.141586893463499  0.05531606264080823 -0.2132031058396607 0.07146428821685981  0.1147063426086309 -0.1845183294326395 0.02426383076559775  0.05163562929463539 -0.202702557163826 0.08293632017789289  0.009157663905110879 -0.02358683693863824 0.0481936417180644  -0.2590791455676053 -0.4489610306562951 0.4749042762586801  -0.2646166818075648 -0.4464967914738414 0.4756440082563921  -0.1599434514568399 -0.5024726829439863 0.4185131173488005  -0.2713674559314615 -0.4437574912250933 0.4753295814680301  -0.02590703402146002 -0.2584287947345991 0.49376383697321  0.003395861203333001 -0.2646930257435093 0.4455620330362524  -0.02201336633494086 -0.2788634150629512 0.5340804746921105  0.04456266780007444 -0.3165832668667133 0.4687729813945291  0.1302197078943291 -0.2860984009823 0.586880266228414  0.1360188858597176 -0.3406877404835885 0.4658442555347123  0.1424253986955096 -0.2501317219936178 0.5962899077239655  0.1146731819006997 -0.246163448449175 0.6222542442475932  0.09464275010842409 -0.2277763082630888 0.6375614703514231  -0.4148652962694224 -0.4741082380407042 0.5653168396276319  -0.4019893077330745 -0.4680749583822824 0.5429034217676417  -0.4342741692526181 -0.4529340111450885 0.5754877923591923  -0.3420153556443744 -0.4510305156605788 0.5103485715668015  0.03368526272110255 -0.470951116997954 0.6042237089588806  0.03472474475644742 -0.471559487670178 0.6067043232506051  0.06428006155778743 -0.4814409939630535 0.6157507604130424  -0.2746047726810816 -0.05474671677162313 0.6640569510542991  -0.3215068529257801 -0.0468463249865129 0.6740382288968375  -0.2146620235836168 -0.03651861885814293 0.6907031040187591  -0.4622029325342412 -0.2468264522399772 0.62872335508206  -0.4559848923020735 -0.2304979426195042 0.5910799350257292  -0.5185194534742039 -0.2453831722390929 0.6874473710977771  0.4536747432280535 -0.3283163465751058 -0.2095210075872058  0.5005120877074829 -0.1141905849459429 -0.3260254887922538  -0.1671018099798001 -0.3855164290736198 -0.06109082170413332  -0.1323283146669031 -0.3866544349267156 -0.09360907062103427  -0.1856157124375258 -0.3931129197128342 -0.06156634451625748  -0.1304783792726104 -0.3819457031215747 -0.09282780080669453  -0.3653596429554154 -0.2636090960682651 0.1840696602561738  -0.3996522932851795 -0.3244456423987475 0.2109491982670989  -0.5351205929958692 -0.3744307196417169 0.08498274021682396  -0.5394288079160512 -0.377961412188655 0.09592052645071053  -0.4218336433468552 -0.4005836785717877 0.02935081685247123  -0.2736851893014541 -0.3394555403113388 -0.1235092665277194  -0.270572146923228 -0.312366822236808 -0.1405847677890089  -0.2809945758126244 -0.3788699768534381 -0.1041228173152539  -0.06647097902700974 -0.2264727674752474 -0.1270848934083033  0.01756322592156524 -0.288179630456418 -0.1655010692594573  -0.08406987997927674 -0.221344151934082 -0.1222563731385753  0.8282034469265296 -0.2624665379933074 -0.2868634809827103  0.8273443307275167 -0.2814428710241409 -0.3245644282881492  0.8280688107534747 -0.2440672070264842 -0.2588976634639715  0.7591284075647698 -0.444466845282817 -0.2347292151729766  0.7998983565433664 -0.4616328483224745 -0.2086502931617817  0.757189433439154 -0.44271456625337 -0.2379376696381409  0.5824756491895533 0.4149712307179876 -0.1431881432117957  0.5770394205836558 0.4036863369082956 -0.106246283543751  0.5578059880002075 0.3914929828111344 -0.09366260898063013  0.6808296359612015 0.390508810859252 -0.1332034205221224  -0.7758061882674436 -0.3213404135941971 0.2763347276408241  -0.8058657640405943 -0.4013389771957695 0.2726727668473584  -0.7928019762295947 -0.296074604439896 0.3286640553285293  -0.7692984213609864 -0.2955296362672482 0.3124603156584672  -0.7876015111804204 -0.3260507011002909 0.2774444614901214  -0.8083550236530518 -0.3020038389057735 0.3486169887106994  -0.734553305120637 -0.3150462161752163 0.3221920807365043  -0.3593688293311089 -0.5233597595958123 0.09558909890063066  -0.3081495483387954 -0.4977596678303299 0.09555256095150007  -0.2972550102579398 -0.4870800458433486 0.08647513071274228  -0.2459694883709173 -0.4707438195836361 0.05985268419346428  -0.4067885372218751 -0.5513254160348032 0.1577660317259305  0.1859203570021965 0.2684939674267834 0.2171354953427793  0.1579837224215074 0.2733899504618331 0.2330839124860901  0.1492959774051254 0.2769732308080984 0.2364550322129756  0.1469831231908714 0.2788326958149546 0.2366544639826159  0.5484075823642194 0.6194727472278649 0.06195494807398493  0.2791993033539596 0.3109673844938474 0.05426169813303054  0.5798720625959992 0.01765581403155554 0.5889022373202327  0.5839190490076226 0.009879130447580445 0.5728535510896599  0.476482497588074 0.04450502466345404 0.6091879300309272  0.0507064579386375 0.01398007075318769 0.4684711340395475  0.06305329979858432 0.0127638213176556 0.4710591298696594  0.03072902336472168 0.0130393995178783 0.4719590905797339  0.5032805768518767 -0.09496074844445755 0.4229271306795058  0.4466362294637812 -0.1817254565053399 0.4773179678511916  0.5078129694778172 -0.09691184826463534 0.4193398840006665  0.5223215947257819 -0.2177088501171094 0.5496388774393223  0.2997019599756055 0.01414904178700307 0.8093647644835875  0.3104063997787728 0.004975588363660178 0.8171672121806275  0.2636126937846872 0.005194933042373364 0.7869614974450387  0.3406889030086518 -0.003172599296619512 0.8252648807804679  0.3683623991615608 0.01474342463684304 0.8127560206363604  0.4155912331928522 0.03213786479182498 0.8415408176931928  0.2001326481273317 0.009977702724122304 0.7915847998503284  0.2190012569260061 -0.06592859235131782 0.5779845076995369  0.114018955273191 -0.08035550578972492 0.7362397281702178  0.1231556327233048 -0.09230326016882898 0.7447863827373623  0.07971761218880147 0.04795975903469503 0.467774730311526  0.06241903987237617 0.1773906340572596 0.7388583670109318  0.1470902680437086 0.1149812010382291 0.6768061874854296  0.01142142931928682 0.2160447856844167 0.7312430512410193  0.2275271137370192 0.08309303008972622 0.7309596619852242  0.2846169740641888 0.09255146664170603 0.6804958664733605  0.1485615115194688 0.0233815142748779 0.750055650375254  0.2226305538600065 0.1353589736642794 0.6830183706010222  0.2252237640885462 0.1188861916492813 0.6900485043038378  0.2675787103677514 0.1223293111460065 0.6568526416764484  0.4996052109090342 -0.1132522334839839 -0.3267253272600883  0.1986806120353228 -0.2662693852363592 -0.3078602169099319  0.6160766076270511 -0.2406630677989433 -0.3450983336783685  0.617695991384038 -0.2397864145608125 -0.340634815305635  0.6416288391055305 -0.2818208013760741 -0.3556429902283589  0.8599723647744233 0.3043086659532376 -0.3327137416178847  0.830990374776695 0.2653569060371975 -0.297021492567545  -0.1720720382741072 0.0483778701067813 0.09843451138319757  -0.2095590331088694 -0.001861165906477925 0.09966109613362532  -0.1571816007834199 0.0720508354355387 0.08357014113199074  -0.2260285692985124 -0.008994529764647097 0.1021294211337566  -0.3268070398453101 -0.04463673754689765 0.1138858406464803  -0.2794239295900531 -0.02496147165798751 0.07736658694506102  -0.3322971604511297 -0.04960597627517749 0.1236977667022282  -0.2548927546673986 -0.02934842630183497 0.08869812836372262  -0.2406983976380933 -0.1520160304657149 0.1122706884175616  -0.2804915731639824 -0.1491290262323442 0.1393349602025704  -0.03235570108439504 0.2972695759283273 0.3766610008225902  -0.05668929186239251 0.3032648620391153 0.3964119986026148  0.01292601552549066 0.3046333865290103 0.3466830661993872  -0.3771765718973596 0.1279937769446006 0.04265281694875112  -0.3880927549685225 0.1205765660033069 0.03655773092053601  0.4468366947505644 0.3462608810523797 0.7537123894650868  0.4988692664203165 0.3753850202017413 0.7432584284896921  0.4184285955279428 0.2975838746931775 0.745087563448416  0.2681657978367213 0.1027133647645484 0.6264316502208549  0.2978614911504001 0.0817396003457653 0.6929521129080422  0.3818091069671964 0.2255663657893931 0.7315812131395526  0.4190060926637025 0.2935465084430601 0.7433749286471532  0.3733819966526657 0.2019142819102952 0.701055001023232  0.4190436741382349 0.2941834712337813 0.7433265143488292  0.1503040158274339 0.6392038192886218 0.4439487932110878  0.1447385370555833 0.6378093909278364 0.4320044587803272  0.3469231295553956 0.1853751589481136 0.670107445008534  0.3802695667487787 0.1883077157409805 0.7086781538978851  0.3062464726871613 0.1833042319489146 0.6487885976328785  0.3686116537511361 0.1593124055266655 0.6945178803813442  0.3443030856841141 0.1165502260482905 0.7017143663110024  0.1262235848365182 0.3110339988417993 -0.05883763235235559  0.3743621507861878 0.6016292987044713 0.1786324723862838  0.2815336314723922 0.5082524318301983 0.2697100264396662  0.3746769108824589 0.6023198566048081 0.1767317487850107  0.2772710059008222 0.5089281306861729 0.2728472701773745  0.7470106354272879 0.01639320940235222 -0.06923699086668439  0.7218106899486525 -0.2709324042805927 -0.02862115485696778  0.6994379567790293 -0.2771730229457411 0.0005772918054775603  0.7265239129676242 -0.2581439852921654 -0.03514201875167026  0.6594099921891068 -0.2833704905350973 0.06985056659903728  0.6605267838344707 -0.2853541145827729 0.0666678946444846  0.5611612153604446 -0.306945389150787 0.1086372939286069  0.6609542884743275 -0.2817328879746051 0.050603022858571  0.8103125730962427 -0.2800333206520944 -0.2871479211060596  0.7891423845613819 -0.2659216572096926 -0.2348155675374252  0.8182070280488334 -0.2893103690068504 -0.3224145486879546  0.7814722612826276 -0.2651114214818965 -0.2327359125679512  0.7331779994257653 0.0006768851034043791 0.01208205080321275  0.7252950064733661 -0.0124465462653161 0.04714899368233244  0.6259950308331217 0.0194689409264715 0.1466594330356559  0.5963328711192553 -0.009822719677881177 0.1584410319110932  0.6145527349928763 -0.01351907993432718 0.1613677540524547  0.5901759013145805 -0.005903921400949301 0.1877181034707839  0.6271451980168727 0.01407758927113669 0.1492612855130931  0.2637658346173598 0.7935355879617615 -0.1227672794188479  0.2092218979774123 0.7590025137441163 -0.08553669171233447  -0.4807490429509711 -0.06151505444419574 0.102114326858794  -0.4906887037617215 -0.03104550901876818 0.06677670683200811  0.4325847719096139 -0.3022725853409303 -0.168218372731189  0.4029593737592537 -0.2996226552360072 -0.1403390074068849  0.447300800402978 -0.2912187470140853 -0.1949900726756432  0.3267227650341669 -0.2391285838563927 -0.1246692037582404  0.3271822937740936 -0.2423120671981357 -0.1218188338773093  0.3225504961026108 -0.2033418521343615 -0.1377654605195778  0.3274353056724322 -0.2429502498376806 -0.1214138731866939  0.3315832196237684 -0.2008099401535741 -0.1470702901845004  0.631625109119716 -0.5455496795041932 0.3284610681821388  0.6522733472600264 -0.5169870080997345 0.3103761433292443  0.7431687013963518 -0.5372266902692029 0.2312549139844414  0.7500649379759359 -0.5435557860910541 0.2252680779969273  0.7705193197230374 -0.5397023686643605 0.2351935626131591  0.7054940257356609 -0.5392814407582581 0.1476178242302811  0.5037852665378554 -0.03315610455448089 0.2911831805440869  0.5180248826044261 -0.02741978788355606 0.2874088372399832  0.4735852935221905 -0.06435212833701208 0.3274293684974732  0.7376309505039623 0.05611862504383709 -0.09369598800260279  0.3456687643256623 -0.2313346495058597 -0.3337248690534689  0.1354001931469958 -0.2012448533321625 0.01785960698334051  0.1927467994728835 -0.2059357612417372 -0.006957241480212352  0.1981840265146233 -0.1704826119739251 0.007160988805872515  0.1749382027687968 -0.1417649511214886 0.02558261763823622  -0.1158053283681081 -0.06184742770588335 0.1099484945216968  -0.08835688055229662 -0.07149212970585773 0.08154074703592365  -0.1666797037208374 -0.07407702061292067 0.1610769015541357  0.132871786645715 -0.09627913383570486 0.1824270080459063  0.1304995387038191 -0.09576506619972275 0.1841023823536158  0.1709313512051113 0.006681243448744266 0.1992568752379504  0.08409373566499467 0.03677589406245969 0.265017249514832  0.07979428397794019 -0.05671466078600756 0.2309420852227299  0.2865586038674895 -0.04899137391880119 0.04958931965685884  0.2589487394361073 -0.04871285777029604 0.07037941964850725  0.3480409531277814 -0.06412603725610806 -0.1320025825435016  0.3532549839889745 -0.0589240087727073 -0.1336342568856618  0.2697149089075894 0.2211193166074255 0.04518103391890323  -0.5287778056786245 -0.1326300973539453 0.1831271559909236  0.1172568833292766 0.02114919844070339 0.7339399725310584  0.1075598617556833 0.01049673456033075 0.7284663189064748  0.1054321393413062 -0.04201232720196813 0.7248395039452238  0.1063713020014227 -0.04876173834125096 0.7264038253837048  0.1337072853565525 -0.09632258936759139 0.7534420064110755  0.1907467476893664 -0.03769077341732362 0.7902505067105261  -0.2248974940680696 -0.07217451487519518 0.5353412049760049  0.2786134210668692 -0.3863628150965539 0.6070740402841076  0.2724894211721908 -0.413824357470804 0.5939339152991304  0.274215133633242 -0.451534217353546 0.5965458185899869  -0.021692895838639 -0.2703448010046146 0.538875720619538  0.08128307416282664 -0.1993092990181761 0.6441876734788576  -0.1076649651931028 -0.2977020248600515 0.6127781309909867  -0.1016759255218532 -0.2820562043817325 0.6478658876383693  -0.1037527451703219 -0.3265261411737336 0.6310639613367353  -0.1053328331620754 -0.3393417653010693 0.6366030280091132  -0.1264016966520506 -0.3164854606595429 0.7332965106471836  -0.08814142395068958 -0.2872241181953205 0.803858386242101  -0.0922432202099608 -0.291807801618426 0.8024124200438202  0.5052792570719352 -0.5070907303142461 0.2476106712630852  0.5567321218776056 -0.5231480617037718 0.2157640723044969  0.541573114278581 -0.2953680385298785 0.1126702472427179  0.4434618284209967 -0.3345664541279457 0.2407825562519899  0.4312309562624347 -0.3366277866130953 0.263945869553876  0.403876062740226 -0.3351341727906513 0.2941207882632693  0.3586063078964642 -0.3603610921485222 0.3092791372337578  0.3409961190925003 -0.3558588760404259 0.3067756519856818  0.384669082947463 -0.3681395223389285 -0.005039060510144071  0.3399880741117539 -0.2457246306426835 -0.1042316303124423  0.3124511776765557 -0.2772388938447967 0.06232669122090549  0.1528908132317315 -0.329786100291487 -0.1230613470951476  0.1390885843233675 -0.3273325558027466 -0.124312363819564  0.5209888661775873 -0.5312419571389799 0.4285544000662486  0.5227348424611545 -0.5300289803760957 0.4310537877988961  0.1723234186299828 -0.3030552319816042 0.2885185506039163  0.2000893493029433 -0.2814610773503209 0.2283803114348834  0.1394586702059292 -0.3310493245565398 0.3307542534823049  0.2384069456500291 -0.2777061763533283 0.208102994953311  0.1357595363754601 -0.3234638002486528 0.3358663309832325  0.2918341148462109 -0.3496432023629525 0.3497247978457248  0.2289064560320868 -0.3810073574714114 0.3984061830507165  0.3271124456748749 -0.3528086156902953 0.308726157011981  0.1900627091052145 -0.3801012652563505 0.3991198351544551  0.2457334216978204 -0.2879692695059002 0.1979679083463877  0.1719245500069069 -0.5669105081134963 0.4808207359347758  0.1936515752486569 -0.5866324437178418 0.4648239252400286  0.1914599730908697 -0.6059343527570598 0.4531473166232162  0.2308501361347813 -0.7457105663702078 0.5295095207318802  0.2290209656778955 -0.7125603767822978 0.5780248985592361  0.2190737505830984 -0.7788224251992795 0.5377215264717031  0.4603360789832825 -0.6306175849045349 0.31815582446801  0.2686786144499616 -0.7923568228001163 0.3294302977068855  0.2452902407001714 -0.7502567137762356 0.3182947649500996  0.2785458848660047 -0.8022935356159274 0.3403808191062505  0.2774218716605265 -0.668684339528224 0.3274944471751254  0.2449885982505594 -0.7494450971734942 0.3183658164991753  0.3245016636383325 -0.8278201263318066 0.08988435743045399  0.3268362021485242 -0.8332250886151639 0.08972033625111987  0.3144933423212913 -0.7837730921343118 0.02522097480800201  0.6933633829279736 -0.2373790083784734 0.5588600692670018  0.7175988011870191 -0.2429872054336832 0.5282804216105006  0.7658489183917105 -0.32117938250676 0.5304617835939001  0.7333387437933424 -0.3298523187384254 0.485949166830856  0.7189119925101439 -0.2590378345726687 0.5278365606243421  0.7046065064289186 -0.3025439247041722 0.4754826230524059  0.6911454645174735 -0.2656767453137799 0.4465968576805427  0.6751627031881499 -0.2779097231315383 0.4355644442419087  0.8593879471074799 0.1119230771583708 0.406115414039317  0.7986818248489818 0.08774434311661961 0.4512751859981544  0.775374489468327 0.08181349751363373 0.4840346027016704  0.7648276250787395 0.08842704606508177 0.4888636294477438  0.03351150157057511 0.4606618843723901 0.3747590751584853  0.04123132353704721 0.4525752030517228 0.3803885326995837  0.05035797713501919 0.4689552937287543 0.3804252481283303  -0.05887441314762776 0.4054440042040092 0.4353737226496338  0.0155707554966693 0.4170911083452514 0.4878581173527843  -0.07050063642930275 0.3770808171807496 0.4333849470233874  -0.05518989797159665 0.4458121042739427 0.5337646045873106  -0.07384951379207483 0.2832656585757989 0.4528416173055184  -0.08222649417546421 0.2993839133531608 0.4428597667446973  -0.0809802711010751 0.2956528243638794 0.4399810023404592  -0.07279826831226285 0.2807080318178377 0.4550306433021495  0.1835094566859263 0.7185443824751878 0.3925347557188709  0.1867527098919177 0.7218248607157114 0.3846041124692356  -0.4522079898445736 -0.5627035011569196 0.2068311434140241  -0.5889771869020602 -0.5560010479958614 0.2107202675837322  -0.4093488975228431 -0.5537877589514139 0.1669266175626369  -0.5554328681560962 -0.4989935095915761 0.3439270563823811  -0.492931999222185 -0.5616611077678175 0.3615813619236138  -0.5614943834120536 -0.4973079415733151 0.3429458322804397  -0.8141544961264483 -0.4538157563981718 0.2932832643440584  -0.8171317709254243 -0.4514282921786619 0.29011051829137  -0.7903324660129691 -0.4900719067068425 0.3114563968478673  -0.6154376052895372 -0.5336608564539133 0.2162898018642854  -0.625880084765416 -0.5260547416806772 0.2502627031692465  -0.6272208637866522 -0.5257297856374319 0.2717322716681707  0.4422584934295827 -0.8350877792896739 -0.06945237206930395  0.474863286064465 -0.8385315867460558 -0.1176795808778876  0.4355469755614068 -0.8370378834625075 -0.05800969439591321  0.9275817788044951 -0.1459292555057626 0.3222425424981127  0.9238290272093552 -0.1396954741172192 0.3195058456874105  0.4160515708501535 -0.6022523333588619 0.6812300974459314  0.1832273684621263 -0.6859144965801419 0.5762573193561137  0.1922103019652048 -0.6052241498825418 0.5889141087757739  -0.4609025234712471 -0.4935375307210011 0.3913379770075223  0.5965709461460873 0.4525444163580298 -0.1490297829916377  0.7111658925338934 0.4605731396096417 -0.1476028680882813  -0.1854933054127779 -0.2487015715278436 0.3703718880964258  -0.2569156618940946 -0.2721594955384851 0.4395363199832396  -0.2634464404766134 -0.2745618771565184 0.447753505537818  -0.2404039235676163 -0.2754907076891003 0.4357604204926097  -0.3134179872197033 -0.3037774256757768 0.4650091135165222  -0.2563783467163247 -0.3127214854390477 0.4872492327884463  -0.3160644957416202 -0.3056265814581168 0.4646516835210946  -0.3221338339057044 -0.3010919151534249 0.4663153029851425  -0.2502400709641787 -0.3084159729692347 0.4844188503811924  -0.3111224544815135 -0.1950433945443076 0.4407060178274576  -0.3557813387921004 -0.2779921761670782 0.4685704607558079  -0.3083512549022005 -0.1965988096977079 0.4404443017799057  -0.3739776125433334 -0.1503804663895636 0.6354264833888985  -0.4603245775338362 -0.2213032684207617 0.5784387849274498  -0.4134256363885497 -0.1653796315523276 0.5960564713861464  0.2248276152543775 -0.5397325049871478 0.3742532750247672  0.2473358209857756 -0.5610376815456768 0.3786338695034666  0.2601005236837257 -0.4951089081211413 0.2906556227433941  0.2582122686662333 -0.4942532329272764 0.2912730568315096  0.2510183931529364 -0.4934609695311996 0.2997303703551519  0.2359827248323142 -0.4927694656515973 0.3119752570371703  0.2320833733272014 -0.473397157376679 0.3338678505630381  -0.01668019714593395 -0.5885580120238167 0.3423379643371903  -0.07276490628915958 -0.4860325992915338 0.4494479590782109  -0.006127329699996756 -0.5729731894731478 0.4030564505093009  -0.009208313056092987 -0.5753986893389197 0.4018218726047443  0.02301865770133363 -0.5559318193978865 0.3689063540229128  -0.04812103308982676 -0.5766880367603168 0.4016158249694265  0.03565368212518166 -0.5527582888879902 0.3213896711005477  0.04342541566306346 -0.5257785053546921 0.3626121602354433  -0.02843335812454977 -0.5897869851348109 0.3384105754845105  0.07329841823512639 -0.5683395623661769 0.2856623018439952  0.05100979809643175 -0.2003998992081266 0.08657073844151988  0.003071041038317048 -0.1905759526141765 0.1280300454534865  -0.02447772266699259 -0.1821993965876965 0.1497479976652017  -0.0802233139671101 -0.04852753071954656 0.03274782640571193  -0.07940537273950944 -0.04774436792941589 0.03421679622232357  -0.02896363141018968 -0.04018049061033635 0.4527490244586029  -0.02879248707912867 -0.02813546106049183 0.4597948546360028  -0.04235181652180275 -0.1170050007734117 0.4608512650786636  -0.0250938739814844 -0.01972003008003606 0.4639935776024263  -0.05984565898746472 -0.1685979400820431 0.4006236873733983  -0.1820152945887183 -0.1398367015925684 0.4414683275739275  -0.1136477611354089 -0.1875980338630782 0.4034796750870295  0.007189787883190427 -0.2358388968593343 0.4204439157433406  0.1273366269027446 -0.351668600170551 0.4593261790222068  0.1593933444315826 -0.1941068146891589 0.3827972861375966  -0.5335900630423995 -0.4191349492456966 0.3889082272929847  -0.5455002370329587 -0.4241892071217439 0.3940062522344237  -0.4420885576122076 -0.4086419144911931 0.4614938538227287  -0.03810985348952406 -0.3926011602389448 0.5903207239087334  0.002081068907456005 -0.4157117579508476 0.6050430639428409  -0.1102052247363596 -0.4824901304362809 0.6970231028759766  -0.07447580066042334 -0.4979878703112243 0.7247946094517486  -0.1133056089906725 -0.4842696982013969 0.6986945246365043  -0.003998049667613177 -0.5016216606580169 0.6047066482190981  0.001165133229877692 -0.5002835594468437 0.6095518915536307  0.02155994825736138 -0.412609615094045 0.6816193037266065  0.01898185202979316 -0.4030365652128671 0.7199549588541123  0.02065228059922318 -0.4138821550700074 0.7508541028487048  -0.5532943208931065 -0.27558158873376 0.7200146617694441  -0.5540436603923629 -0.2906843697100652 0.7189991870353758  -0.4116005608647002 -0.3950691068473583 0.8199597054943015  -0.4097869584280307 -0.3955275234218077 0.8201422026925951  -0.2247476026536236 -0.5804952667970034 0.4127547065194186  -0.1909224710066237 -0.5627620432591138 0.4121623153606397  -0.2653348218848902 -0.592936998153539 0.4035356663664297  0.5526883783115546 -0.2321443560082559 -0.3753522334701426  0.5224483611036483 -0.2451957560262424 -0.3407869565784276  0.5451261734529054 -0.2361653720263728 -0.3949895413397002  0.5367815946123011 -0.3809514996330536 -0.2630239402670588  0.5408962930755706 -0.3945921079420336 -0.2589567545023302  0.5091101560320047 -0.3418136826977736 -0.2557749040783032  0.5861135815239 -0.415514900186065 -0.2357323033308023  0.5928346972449392 -0.4127114404288664 -0.2332646186055444  0.6518703507097799 -0.4181722755669371 -0.2386573668219456  0.6533873961070171 -0.4173400005924812 -0.238590943411187  0.6666142550420436 -0.4255820443464765 -0.246726869884113  0.5248146429056607 -0.2644997062234424 -0.2786963302268783  0.5256138920044793 -0.2675216463700544 -0.2103938045936347  0.5116394417537264 -0.270379440374986 -0.2193858997827488  0.6555565357029596 -0.2367113346484244 -0.2169447498421819  0.5227855587108799 -0.2465192768727511 -0.3389584754811069  0.04977640443839099 -0.3298450229100018 -0.4306650027288245  0.002142709993217681 -0.3603788522159543 -0.4350153366192441  0.08856092399886073 -0.3457987767291423 -0.445037833210275  -0.2747226589462821 -0.3122028037465571 -0.1488752278574141  -0.2578569257664965 -0.314097994375367 -0.1814204313740466  -0.1412664590293934 -0.2676937216468005 -0.0431992578631064  -0.1023061206936414 -0.2218277989283316 -0.0719493621813275  -0.2706603091168592 -0.385295723239817 -0.09213912529782266  -0.2715236569111846 -0.3857685140875156 -0.09250035381629415  -0.2856610796158407 -0.3902633732550806 -0.08484259663918291  -0.2192125824399894 -0.479057801739541 0.0539551048471357  0.7791878301474311 -0.293525862842574 -0.4590334994167233  0.7299152606627969 -0.3173489348435666 -0.4267449782961268  0.7955745582120731 -0.2922674511556421 -0.4734635539511143  0.7222606462307202 -0.3215760188627104 -0.4041149693892867  0.7990053867207035 0.5043183348479717 -0.2392952366935654  0.8312447318476444 0.454633605752728 -0.2806792442935886  0.7976535463916887 0.5047049523757766 -0.2355130745663023  0.8334983538855715 0.4483184671076634 -0.2801435807644001  0.5000588017423289 0.3752757564946405 -0.09307247568457232  0.5076146841888345 0.3794271198141693 -0.09527974072510285  -0.8255874050738057 -0.3002570945992599 0.369391635892073  -0.8423080042269313 -0.3090272157142254 0.4025648343707058  -0.7351499079931678 -0.5073782470615558 0.3420037461207552  -0.7312264167201113 -0.5096547950849947 0.3403931281836777  -0.6959110332198789 -0.5122031502946114 0.3296640872052252  -0.4226011796761534 -0.3986582145182984 0.02726217009977954  -0.3954769129218924 -0.364243749609492 0.01725799305186987  -0.3657168272094534 -0.3521031700912268 0.02723830293459851  -0.3688354725207863 -0.3524411935513889 0.02542820605246394  -0.3254725023889284 -0.3916217816149911 -0.02998660399616745  0.287334287197973 0.8890831842365265 0.01763231224317579  0.3137489616847426 0.8253587464038984 0.07339404114481736  0.373793688758384 0.5347006939822951 -0.05862713021375136  0.4054770703589607 0.5358924337985005 -0.07358583396686155  0.3388198179543386 0.5116005410378804 -0.07327720748148724  0.4364363077090589 0.525250250430024 -0.07159314790083814  0.4855167988799898 0.5732741229132755 -0.08975538651666037  0.4625009831866671 0.5640018287044648 0.1091816335388374  0.516680110815403 0.5776046823647494 0.09222660009906034  0.3960624637492393 0.6044554809318085 0.1409954229970503  0.232417084083782 0.6691908853137993 0.3004997334078753  0.2324913158780003 0.6685961649640519 0.300320642956404  0.2311183311970509 0.6724537536087651 0.2991963177447544  0.008781492214426756 0.1277417691820565 0.6291597519577542  0.1316581435259521 0.1285141818554337 0.5336408327106723  0.004074053375473341 0.1278456161417268 0.6293250779063524  0.1317695795009981 0.1285284021074475 0.5332001976671168  0.08197458077350721 0.02016346982715876 0.7387740081666221  -0.01275789214155657 0.1919534099455793 0.6607125287003932  -0.01043391742676364 0.2099369282903628 0.6795190249285837  -0.01706330747109826 0.1766574721310454 0.6534271239820821  0.680321178965583 0.03165582046898521 0.4863611555067666  0.7704250162035673 0.02461544499360159 0.3429361563454572  0.6880972571762678 -0.1219353467834154 0.3067343176889593  0.682483856032672 -0.1190373004147235 0.3040657670042842  0.7623375997354401 -0.1189413512716437 0.3064474832820581  0.6449275217230338 -0.07811572372189921 0.329170729092477  0.5656462589060263 -0.02656050435328022 0.2301041119132671  0.6317463858918445 -0.03152441252061088 0.2885194109264643  0.5761380372040411 -0.04344073914031404 0.285198202016584  0.6581858140745803 0.02671790308903413 0.3227959873228144  0.5339708366196104 -0.03005404045698414 0.2966244932653722  0.5351096372990551 -0.0312490948017654 0.2987769497784272  0.5227934402238997 -0.02948543266823695 0.2830404350137455  0.7221908283581372 0.02630343771081492 0.3623093446266165  0.6787438496344697 0.03499365681941839 0.3497796997391198  0.5475252502581767 -0.08749942944082453 0.4261383017803494  0.4537999212217564 -0.08160980953092162 0.3506331687556509  0.4501452318441885 -0.07999559724396106 0.3540998201358615  0.6417012590541518 0.03983519028917387 0.5300399586415739  0.6501412292035824 0.03555330608361394 0.5237846582292325  0.6636657532577256 0.02911121755342255 0.4995709011254166  0.4345527865604258 0.03880744758574968 0.8542915410158569  0.476497828917986 0.01806837620135952 0.8265244353279623  0.3820036336322536 0.1463766446170374 0.6954826440186347  0.4109763784038258 0.1635354400690456 0.712507839534917  0.3677458286515463 0.1251001535182963 0.6991896723291565  0.4495728315829412 0.1459474916992695 0.7059367400389378  0.4736658222330773 0.1293370986040061 0.697762075079289  0.4900232266067049 0.1182753203312072 0.6998596698122678  0.5575871173207401 0.2178207957210099 0.7419572580461642  0.4237545523473645 -0.06475913603502373 0.6002668285242276  0.4380147194196466 -0.09267226585104828 0.6012284469213035  0.4200546854197021 -0.03649641153282282 0.6081028079139631  0.220630355929555 -0.06430563363440771 0.5780158130852311  0.2203199992302005 -0.06567151008827334 0.5774957509555519  0.1687510887287626 0.03464410797661975 0.4297726502170942  0.1726194352942804 0.03764945737211245 0.4325749612853115  0.1229885476346411 0.09466921221145073 0.5153894498253166  0.131167060934906 0.112538117361808 0.5274104129663344  -0.4135751522738996 0.06203282610636307 0.01766990155518016  -0.4021923583605834 0.09940591868575244 0.02751624426100951  -0.4212897858622402 0.04799863860898824 0.01736970550285563  -0.3920804620566205 0.1174674786945195 0.0370813423381996  0.2673054390300154 0.1279093779474683 0.6540236440300862  0.2681196004220812 0.1035388116658609 0.6253893477904866  0.2992515588300724 0.07652438220022081 0.6883957129176257  0.4142837740527863 -0.02240250313960653 0.5941898248006281  0.4291314711933168 0.01067637754969756 0.5872189641038449  0.3728576884844112 -0.006131605778732709 0.6146837074955654  0.46281037826129 0.04207950139954795 0.5983162209827827  0.4046957310711988 -0.06553007959207094 0.3714748390114385  0.4162632666749501 -0.07791919416380987 0.370544701208826  0.1196193544943276 0.08881713284135818 0.0696061311037571  0.1313473762796858 0.1094987147041437 0.04530931993877785  -0.1905958792803648 0.4080559603422922 0.0006142299206550461  -0.1272129741013139 0.4397046182809137 -0.02360451470537402  -0.2595170766020622 0.3802814653816973 0.02714149168875135  -0.09648469806620194 0.5030578411057598 -0.02092433931793246  -0.1150770391425828 0.4714375256015938 -0.02749802585280694  -0.08521038982657536 0.511718140486852 -0.03278142922340818  0.1318408468463972 0.1099456134403874 0.04501519610926297  0.2044035160425964 0.6104640507130652 0.3104476269045801  0.2023320627913141 0.6108655509419998 0.312148860833098  0.8225425359258492 -0.2382749398466371 -0.2420545564119729  0.8093015494054329 -0.2442686634024433 -0.2316894292567936  0.8066081256216981 -0.2460193999631489 -0.2303831744179185  0.7946761123944821 -0.2463120089880551 -0.2278026834923776  -0.2706471717262973 0.3579369925650686 0.03267756638469278  -0.2733682454287086 0.3653417953651307 0.02964233171075957  -0.2697269652808101 0.3765403445565634 0.02650496324938971  -0.3094522910033425 0.1276937187551417 0.5332514373334176  -0.2510257676710053 0.1671827933866814 0.5141664112782773  -0.3133702380222907 0.1188592352446538 0.5396806500223138  -0.2441146677971906 0.1844932214779082 0.5155006110665608  -0.2474426629858841 0.1941509057392247 0.5199712905350673  -0.232036523472292 0.1868098364974582 0.5226264886137773  -0.3330782814564588 0.2030988986190466 0.5669342883145152  -0.4889820836916008 0.01165403661751613 0.06371011621209867  -0.3224842671946261 -0.3939415047270594 -0.03133402377700803  0.4586894167247465 -0.5995360157877975 0.6221353053131289  0.4805771182477495 -0.5833752882116299 0.6186782216045207  0.6961340818724817 -0.5334486811843325 0.1469856342881004  0.461079343027092 -0.7428048515055329 0.02262352770850402  0.4183158503857646 -0.7233907483505547 0.03813825052169607  0.5068049736522993 -0.7478413972766839 -0.04385020636653493  0.413916000206666 -0.8404706935209243 -0.04404281962140649  0.3613561383690947 -0.1898004176683002 -0.235109840515048  0.4235480480018242 -0.2478842290561954 -0.2075160153299195  0.3894716026367883 -0.1951234303492476 -0.2772441881538857  0.3608086434027881 -0.0655097220264567 -0.1434649868082202  0.3576345023038285 -0.06675687137524709 -0.13413202427387  0.354885287152604 -0.06064186913641872 -0.133905237466188  0.4442605800056212 -0.01327920063961429 -0.2837072100555526  0.4112693774294376 -0.01168215088607537 -0.277382534645076  0.4730809927518805 -0.0449794227735716 -0.3236807128927447  0.360487246845072 -0.06149123269197876 -0.1470458434922054  0.3593535842946295 -0.03636443221497487 -0.204679293172366  0.3946522129523296 -0.1756638368730338 -0.2983355939746736  0.3397986886195302 -0.1595304463419127 -0.4056157215657458  0.3961524798662562 -0.1865929246783896 -0.2911801377754791  0.3643102778753562 -0.02683147492954821 -0.2281794598259119  0.3398017671644593 -0.157095522413274 -0.4095487714916532  0.3381135625418416 -0.1546351847540976 -0.4109558746304782  0.1363360005096259 0.1269478788226811 0.03938393242403295  -0.4829629702357325 -0.2514737880445738 0.2478187642046167  -0.4778065319864326 -0.1546323276312291 0.2304736123825374  -0.4919078881135999 -0.1971417725701443 0.2264708861917356  -0.4071555582074504 -0.1097545135441857 0.2067763762964429  -0.4996484257563548 -0.220211561362701 0.2423740884461619  -0.536600189642467 -0.1825251257652914 0.1858319336745818  -0.5326316673887395 -0.2087767718154666 0.1941111339065488  -0.5511822880734348 -0.2682545688549544 0.2857872130888164  -0.5367632186822487 -0.2615764542377227 0.2829513623260304  -0.5248140924166925 -0.2527127689020031 0.2699580693071432  -0.5826711835155206 -0.2655353415234551 0.2366685205552775  -0.3328194246982495 -0.2045643707832589 0.1714146108516157  -0.4066382515047797 -0.06738597860338941 0.1748644580167401  -0.3396615881049654 -0.05562148749403174 0.1233337222005764  -0.4088586374642993 -0.09211853481455047 0.1851659137140234  0.0282946481486578 -0.2035032101172234 0.3698851730481457  0.0845432746155886 -0.2188340603172682 0.3325230535388944  0.06722131470691151 0.01609816481930598 0.2673690102014988  -0.3152901726088764 0.1179963968002956 0.541240297778236  0.1771684749829541 -0.4862806513956739 0.566651973927188  0.05300887075229828 -0.4856925087935343 0.6284257035622043  0.1397296404897947 -0.5536521991142651 0.6080087990120352  -0.2085997526163993 -0.2108289645773386 0.6682160273634855  -0.1076888453260721 -0.2983898703821707 0.7453680650023475  -0.1113643071154139 -0.2981206662172754 0.7502866035404452  -0.09188720042210446 -0.2922936372014578 0.802899289555526  -0.1689468464993986 -0.2722142948163863 0.7985389099114624  -0.1752584892598147 -0.272219420655413 0.8001406550435688  -0.1751183140899446 -0.2741237669094039 0.781465588332523  -0.1693035007417236 -0.2794612514094481 0.8072340291010418  -0.1409669405603662 -0.2865999760126439 0.7651471496837401  0.2566669298557255 -0.2962600495565332 0.1633209829178794  0.191423048099168 -0.2018082646092114 -0.001786788330156427  0.447152148734927 -0.730322252540205 0.4073553195223498  0.4002500961117987 -0.7196512802928551 0.4218853862526738  0.3873801486016298 -0.6892532894218814 0.4955259947965007  0.3451604089534048 -0.709282057377617 0.5054142277073247  0.4918718031561554 -0.5052187565190345 0.4599452921177553  0.1966643807189546 -0.610246668830083 0.446014077593169  0.3213646828119265 -0.7893841717755911 0.0291884713210488  0.0844872144095774 0.465044938505431 0.3764981126289438  0.07073624806183328 0.4509223868187299 0.3876817323395971  0.09934522128162351 0.4772003206275418 0.3813662488093172  -0.2513808037202267 0.2685977061857062 0.5646428709124369  -0.2213538417624036 0.2391590122641834 0.5603624682853376  -0.2546952016571909 0.272363938849123 0.5684242552780495  0.1908974050391989 0.6995021750010935 0.3391305749795731  0.2225675941967529 0.6902755144759652 0.3124920299490923  0.221688717049122 0.6945454625321975 0.2992861643147788  0.1191125040212338 0.6006462033883768 0.3648089589710526  0.1526301340835808 0.6170032644053201 0.3431899578039794  0.1210613574225682 0.4680642377167121 0.3680194815033732  0.2732000672124407 0.5019279036374146 0.2712404661609366  0.2748090269083358 0.504644490035948 0.2701380634143115  -0.01503608797290995 0.5267783836071561 0.6407216037265707  -0.01318371542484902 0.5325381387938769 0.6385180832662583  -0.1019497488506997 0.4604431354892775 0.6843881683497756  -0.4867417684445469 -0.5648362797191034 0.363785908261147  -0.4736078683597723 -0.5621727478248147 0.3698773676803156  0.2941025369264921 -0.6557377072164067 0.5678753503114485  0.2714169662154774 -0.6650131433719586 0.5900083283159899  0.3256256689605045 -0.7014269851038667 0.5051804341773672  0.2049039719799267 -0.6058073741557755 0.5903787661782128  -0.3185791365354202 -0.311238197906815 0.4654603027611146  -0.3722702443660776 -0.2838077202664646 0.4803792696309227  -0.3917157971440626 -0.3193885106875758 0.4865077713335811  -0.3676402097009877 -0.4817241597997842 0.3714197390030148  -0.2902233805388104 -0.4575925311743891 0.4659488466513681  -0.424434847729897 -0.4797506982424137 0.39535101563122  -0.4148788111269964 -0.3518455192725257 0.4527307245579799  -0.4407172529649324 -0.4020245905739396 0.4633216487067461  -0.2984846816288788 -0.4539155226800501 0.4855001570866517  -0.3128231047242916 -0.3209662386376055 0.4703336199237088  -0.2759525576042773 -0.4486363998749568 0.4756454985895682  -0.1733018305612752 -0.4393752993535623 0.704718030360568  -0.2275327267669106 -0.446901826798639 0.6870994071277953  -0.3826177734129157 -0.4067145383472969 0.7825075710089796  -0.2186962360124812 -0.260633953441483 0.4152654951899701  -0.1897454765427657 -0.3198002093835209 0.5034829532308597  -0.2461877659193023 -0.3055364272277385 0.486927224976424  -0.1012120366495149 -0.4991050447471622 0.44293712626218  -0.115383423857558 -0.4997236073568596 0.4334419452025653  0.1342091407772461 -0.5814457486266701 0.1577390162496764  0.1461423597768103 -0.5889349294892299 0.1519331965740772  0.08541943465544551 -0.5325926655894688 0.1942481732386828  0.2685890675009274 -0.7304502299866968 0.2225209981894853  0.2110936118063421 -0.7092941907236923 0.2350756632159515  0.195010104052454 -0.5613278105520972 0.1460534911160138  0.251181928454502 -0.5682651844058858 0.128279857206578  0.1512278118079707 -0.5893676711045812 0.1457929887472093  0.3101073699194994 -0.6105700460418111 0.09485418323926799  0.2525796693104448 -0.6623761460633959 0.08819779357948331  0.1950389846183083 -0.6455918189214125 0.1104884031399339  0.1062630086990255 -0.3652812168821663 0.2805879687127813  0.105546713387231 -0.3658072418873489 0.27923292656622  0.1143035819370031 -0.3090672587715375 0.3377281550405842  0.1906450869989393 -0.4953284122060931 0.3861323521482592  0.2214576518638907 -0.4365894550945892 0.3699025907995406  0.2176774816436698 -0.5154148941376487 0.3640872373328481  0.2202424061637588 -0.5182190168984423 0.3541194260557764  0.10778214951441 -0.3659042622979895 0.2778528970587369  0.1241136227017382 -0.4114582837465137 0.2387547421459218  0.1045942444092611 -0.4347626501699284 0.2351782026670144  -0.07948481115709594 -0.523668579013951 0.05878802710475918  -0.0594993048310478 -0.5392452893499686 0.06600706551177009  -0.1495489232720381 -0.4957580702255562 0.4180180051525891  -0.1694040127952078 -0.5364316678550856 0.4299228125247962  -0.1332877396913498 -0.552913490120575 0.4438700004067265  -0.1133650235302136 -0.5168348367305325 0.4337874395600025  -0.1180856285984779 -0.5120222503703012 0.4309183181669075  -0.1274751080201902 -0.5748145373327285 0.4410826758279105  -0.05278252903728788 -0.5804516236619363 0.4039526643942322  -0.2119237191471231 -0.2591677233658693 0.4082970698705382  -0.1231738623367823 -0.1855574213052486 0.4112634054723553  -0.1248302179256501 -0.1945462057697064 0.4090142287385346  -0.2124929485622642 -0.2581538216338095 0.4142830895455736  -0.2748698969857113 -0.1860246413257546 0.326482902195776  -0.2339874836134435 -0.1297362539323043 0.3055641584389012  0.1276462336721395 -0.3519332098492612 0.4592633617390388  0.1395081467482166 -0.3598878885770505 0.4463494877632978  0.1568657116719005 -0.3670836133271121 0.4315900869990623  0.156076915228782 -0.367050223020524 0.4319874739186401  0.05441356575211696 -0.1885383390715656 0.3672391697339262  0.09377828516398787 -0.2995974690761732 0.353568414524563  0.003455302410711097 -0.22861725781848 0.4018073331207972  0.005085531758455011 -0.2192663836790741 0.3931489939811553  0.07469680481018375 -0.2267256403756149 0.3349843500307608  0.04938980783652233 -0.1908533984657398 0.3629700164571523  0.03598695516253916 -0.4790209293205275 0.6212441883488189  -0.3263884527410589 -0.04004999923208732 0.6712405128506823  -0.4449128485046617 -0.5631066665372495 0.3573998481988616  -0.394711229571545 -0.5878487157015465 0.3679696275796501  -0.4277239799681438 -0.4784602582779328 0.3965481977231424  0.6918359150293103 -0.2982737515650191 -0.3904494775395242  0.6896466752598686 -0.2935432821118852 -0.3840248855315833  0.394868304250459 -0.1883349522711746 -0.286193556205224  0.4922387177212958 -0.2405188777144788 -0.217083138696318  0.5025343917550107 -0.2593925316742886 -0.2116226072926436  0.4900824995596034 -0.2319695095923203 -0.2283742571129804  0.472854386345969 -0.3311144603780947 -0.21958071659886  0.5324635872148168 -0.2650393201074048 -0.3158156552732366  0.5468046027732276 -0.7112679336523544 -0.2238708732098356  -0.008292872956156092 -0.3567409572900943 -0.4183404763586794  -0.04213234988635105 -0.347567194978016 -0.4102388338531896  0.7023148151212908 0.4156113916904094 -0.1404203208826524  0.6807126829197837 0.3918221574201369 -0.1370256681224451  0.7079421059023761 0.420932216646294 -0.1389711736865261  0.8117314661747848 0.2089919436433747 -0.2941326660567682  0.8271601480150764 0.2609698008917752 -0.2895197427528807  0.8123276744918835 0.2077861467481894 -0.2928932690200384  0.8260877550580128 0.2632318193538202 -0.2902661618820033  0.8264957915697466 0.2641391047842706 -0.2914241379424878  0.8110579708319268 0.1230994519971397 -0.1951857037210039  0.7364730558311301 0.06167593988656901 -0.1084258707510331  0.8144373911979155 0.1100444217243911 -0.1932681678337933  0.8097413726863705 0.1169021615515082 -0.1959306751555822  0.186429381068535 0.7742105031695238 -0.05450438442617033  0.179968624010893 0.7549205425306649 -0.02959936199796163  0.2201362723867944 0.4754999545292172 -0.05096328541357528  0.2167103393677886 0.4673864536314543 -0.05705295493355717  0.3171476436557329 0.5071964826530747 -0.08253840071087776  0.2168305986919272 0.4670727755627311 -0.05745569497734239  0.3950644463500415 0.6017792315911501 0.1530903666379368  0.3950953110526326 0.6020174225277586 0.1564621245449187  -0.01210445550831429 0.2255334924977531 0.6910776942477829  -0.0002512488006438662 0.2472846174814351 0.7313628010799652  -0.003107270762380886 0.2510723512823848 0.7262957417953348  0.002743486910083699 0.1300306095259572 0.6304133741634449  -0.1028752307450556 0.2466234260243625 0.7381111223212019  -0.1179942937952579 0.252200111095403 0.7466106064514905  -0.09444297065821584 0.2489568874786033 0.7355563570818021  -0.1796434981429443 0.3618552465563089 0.8161637962394571  -0.179428311877425 0.3619873345729795 0.8161277240615876  -0.1887774656240867 0.3506030813430172 0.8154283487753753  -0.1181720197238926 0.3254234334951364 0.7760826730943201  -0.09321545281007605 0.1291919290626673 0.4020149464073258  -0.02669396994689532 0.09961098419624416 0.3767285372057669  -0.08867526114186541 0.1771431625256829 0.4427698516290394  -0.01297655035419999 0.1024017315341406 0.3790723490949918  -0.006470166947606035 0.1023185762033007 0.3806335402940275  0.7743691627054126 -0.1358912600403035 0.2936297046568077  0.7725180610947151 -0.1340192405979087 0.2904181937952297  0.6728247466079426 0.03274104933681687 0.3526661913700408  0.5763536055565388 -0.05916862928464892 0.3855896385550558  0.6373497382318278 -0.07594060541471746 0.3297798154067216  0.6376024767560043 -0.07712512046941809 0.3299843776282372  0.479429347925008 0.02200886963134652 0.8650467537899689  0.0351713597723866 -0.01414690430130969 -0.2262088983817889  0.01647764132930185 -0.004360035705990029 -0.1592277056901165  0.03593191047571083 -0.01415479861000338 -0.2267624758486273  0.4745661159412132 0.07092763335798011 -0.456296988754632  0.4803794088149663 0.07488194313353054 -0.4837236114999446  0.4938333054315435 0.05033279843623052 -0.4368209132522594  0.4838451294941756 0.08388678188770185 -0.4947116427394004  0.4957754995584651 0.00563082395347167 -0.4091204876525124  -0.03079404560825434 0.6193123415183442 -0.07431509168721483  -0.07110763017784985 0.5176639641853211 -0.03298385850318075  0.001201180326110843 0.6298632067650016 -0.0704445043699149  -0.07897256053426056 0.5161350658191917 -0.02809387501936904  0.2854632692736107 0.06786497181164805 0.6426759606864427  0.2544082780405011 0.09736198303592158 0.5996071285885973  0.2563629785111295 0.003365260784577703 0.6135788854667689  0.2215585611615609 -0.06646571255303739 0.5778763062371042  0.2324017350218524 -0.05708346845370468 0.5856412369956685  0.1453932371607132 0.08534212476318818 0.5402604223433765  0.2482318354691455 0.08551561358047131 0.5982264747343135  0.1284353437920727 0.09441857363161521 0.5290858717586585  0.0505268808055063 0.2800088135319072 0.3577660365246315  0.05431391132896751 0.281291577345244 0.3586746426147559  0.08082445207538104 0.2590034262117505 0.3058072527562129  0.1438958944696684 0.2733849287848735 0.2361183680425614  0.1230703913264334 0.2496013206467211 0.2432902469221619  -0.07806702484131331 0.4279948233796711 0.5850888652851481  -0.07805897390951402 0.4139113445956976 0.6040366997035644  0.007689269351069825 0.5415775715839567 0.5651002851675117  -0.00930594581976546 0.5378198877525695 0.6381510725846762  0.006118975796229081 0.2333513905707115 -0.05046986762086424  0.006085508212828661 0.2293128277575844 -0.05076639663701898  0.008781439747969924 0.266249618860274 -0.05198397669269104  0.01240620558595625 0.2699371774918723 -0.04732333288122702  0.0475678942125725 0.2771539253995866 -0.04455837998219907  0.1192076717679085 0.3116048301996216 -0.05640388362323114  0.09509399422266901 0.2965212616705046 -0.04932980808837939  0.2231279190606713 0.756544280764554 0.2217541252516222  0.2223162352205401 0.7573341772481634 0.2320883402549386  0.2569462624005173 0.7523551239188915 0.1862556890453846  0.2262851468096687 0.711449491834242 0.2802186519455757  0.7771369645760964 -0.2179418891353849 -0.09779577670682435  0.7541655636726921 -0.2277761672299932 -0.04782422221043045  0.7669583075760972 -0.2199193289586125 -0.06955996635050481  0.673693588300309 -0.2394635142396598 -0.2304511517579019  0.7688284699434603 -0.2647410223928665 -0.2330947501418621  0.6694662680879198 -0.2328780255241128 -0.2290358875360177  0.5361856160670352 -0.7400870887983577 -0.08425851221984333  0.327918097788436 -0.7868737627519174 0.02789626619459719  0.3908558103292343 -0.8282344012995048 -0.03079581274523986  0.3565701738837999 -0.8714921671215193 0.09834432770925727  0.3361844941216315 -0.1551246000347063 -0.4139689723880892  0.3100261639357583 -0.1491528096759379 -0.4953264651712274  0.2683302164878055 0.2117587897298788 0.05234553610467749  0.2380687418199907 0.1757939220604645 0.06903484159369491  0.268826198844012 0.21336550987016 0.05230988645571052  0.2117083797187539 0.1705974222499293 0.08968364356502977  0.1740173815748275 0.1600494398500392 0.06100597714687428  0.1642844841815504 0.1572300799758067 0.05181656896627043  -0.5031158144732981 -0.2304624679435947 0.2551936504279588  -0.4878133418845964 -0.2502650943735439 0.2527994599580304  -0.4440749551292168 -0.1890854923966439 0.5747030549737059  -0.4181184193147134 -0.1226877850720121 0.5287505387582286  -0.392490441184969 -0.008130276243923118 0.5218277723904176  -0.4196716074077863 -0.1325472034460959 0.5323114267925761  -0.1673204223647146 -0.07252574573835062 0.1604816274213471  -0.1892338868224656 -0.08552874414796717 0.1664166822317412  -0.1878109339906964 -0.08728193929025233 0.1672328627375861  -0.1878763828918555 -0.08715941500693961 0.1670187229935723  -0.1842954779312151 -0.09936401724414914 0.201928022153855  -0.2547693583276306 -0.1178190401797582 0.2819854930757739  -0.1903692278836932 -0.1078355338649869 0.2104007185516427  -0.3306822412891131 0.1026976868663694 0.5487807802616821  -0.377212472931564 0.210828797322142 0.57412463197446  -0.3768436722522355 0.2109696218521677 0.5741381877795178  -0.3830779827605232 0.2078997437863952 0.5775817218827574  0.006179419429820726 -0.4125087326384134 0.7713842448145437  0.2635967183551653 -0.4977239558799935 0.5839600784255101  -0.09107235072889666 -0.2940560805137715 0.8033026717674666  -0.1361261417291126 -0.2944596080916326 0.816655271836061  -0.07102354068100182 -0.3120064093980202 0.8152452101371864  0.3449193710195743 -0.3368857544673671 0.07201658750298288  0.1358839471949659 -0.3294751143604959 -0.1264752140359747  0.131409355803087 -0.3284701786743368 -0.1299858735412048  0.1481601549021617 -0.2132985925693373 0.009085252695013327  0.1830738293200751 -0.1438014991439625 0.02202480879940234  0.2618551104558458 -0.2990672806941221 0.151783511850809  0.2927345524984625 -0.3067432678351777 0.1224134903914336  0.3710358170434467 -0.8781440442751138 0.2599442986121298  0.2802835331130652 -0.8278813611446069 0.3385876541021588  0.2781668920938591 -0.8041834430236656 0.3406847396040567  -0.2164554614640306 0.2574840366126915 0.8932140946251714  -0.2195298409502261 0.2202529403875753 0.8911768501959597  -0.2489083831913821 0.3134961784343956 0.8466818868147145  -0.2087782177903127 0.3587300379067533 0.8087568342756107  -0.2008689459165253 0.1134669652962604 0.8446799862789889  -0.1937681831880513 0.1149917115148684 0.8344444353421695  -0.1752060554212316 0.4374313258097875 0.7876094799739713  -0.1105359527713079 0.2978322758444945 0.5071956060592939  -0.123683586563827 0.200696782432937 0.4307293774424368  -0.6811798544186188 -0.3202313027502622 0.5157183163747291  -0.6751179937054075 -0.3219214283708942 0.5077842310711072  -0.7160567293064484 -0.333735038411735 0.49670784591407  -0.702935163286091 -0.3691146412579438 0.3912318112281591  -0.6978405932397523 -0.3744644969955984 0.386833470366182  -0.7637298654317621 -0.3674958435051797 0.4281248412196291  -0.688824570504202 -0.3819125301630841 0.382765557777923  -0.6869698031042849 -0.3884680779940017 0.3826129643655164  -0.6755011980047633 -0.3177960286963218 0.5089912887127561  -0.5992083083549754 -0.477503114617304 0.3086717471615801  -0.6396649884288315 -0.4730725487808837 0.3216462760353007  -0.6316293826473641 -0.5283862958816683 0.2726830089929545  -0.6250226303301428 -0.4660728311971561 0.3260168971092003  -0.6053630113909023 -0.4661619780087801 0.3511093154815731  -0.1489568154988471 -0.4943578157001229 0.4184371582634268  0.08055543456272524 -0.561763663231488 0.2780889909864281  0.09077785318536977 -0.5791451090533284 0.2266413256690222  0.1280818935003523 -0.6065901188386107 0.1899702010448918  0.1223716556870822 -0.7050838189038859 0.3161979608928704  0.1457135211421182 -0.7124258092912299 0.2977765646347135  0.129110631357725 -0.6072273335753557 0.1894612060417049  0.1719800844628632 -0.7095739133271539 0.2944972722460535  0.1847063717366673 -0.7147778986609409 0.2777815122734747  0.2019021069612532 -0.7017856173604637 0.2538184815170331  0.149977066196093 -0.589246248548192 0.1515352088540282  0.2023798637151327 -0.7017188438726497 0.2536079125955313  0.09711889749627287 -0.4750104048621901 0.2340337773503514  -0.3101734023188792 -0.5972482241438233 0.4168284490312082  -0.3926683339467048 -0.5932876130859093 0.3746137550210862  -0.3635702177542717 -0.5896506581550267 0.3989779845603524  -0.3260123664040817 -0.6063070068924706 0.41864579727125  0.7161001848115126 -0.4274506739468852 -0.2384792768866038  0.7560984441055093 -0.4400157346409094 -0.2368972051347409  0.0205552399458994 -0.01728702004567162 -0.1289954092740541  0.01389962846801034 -0.001843617615150867 -0.143498751904276  0.855043006035099 0.4290575818979154 -0.2762938676207566  0.6754563487820827 -0.1927500586264845 -0.5768713487349835  0.6792854252724393 -0.1852507151047017 -0.580163671582305  0.6466362636182568 -0.2043714430371244 -0.566404982436655  0.6822885687964533 -0.1809542387883968 -0.583163213477113  0.7075549147812874 -0.1994096388703606 -0.6227753875337168  0.4807401134169284 0.1004542527002897 -0.5237339998259424  0.7377820709493372 0.4377614477439598 -0.1009651868146224  0.7125350271552802 0.4621862758859105 -0.1504952626862187  0.757878339979256 0.5211625657166816 -0.2022526413729527  0.8535701154919646 0.4616747706141615 -0.08295943426256087  0.815325373856677 0.4339071602839352 -0.06425632375705315  0.8093690080895981 0.1160570067954537 -0.1959639525187233  -0.8395515263708171 -0.3225658756205993 0.415732559152795  -0.2136077863435917 -0.3007564867605757 -0.250219831530089  -0.2096173702282213 -0.3022307558252176 -0.2505331163175415  -0.2095949362469807 -0.3022539087928802 -0.250502170988099  0.01481890462339346 0.6439469910401581 -0.04976404783171533  0.03286207283845316 0.6841818969253298 -0.03324983228066093  0.09150146199916488 0.7420955684229265 -0.03351868118073259  0.05459088872356712 0.7310890779577965 -0.03826893529000082  0.04234678835943163 0.7234899384607364 -0.04201921866889617  0.03855607021623919 0.7224919663146223 -0.04096325982267629  0.2548092895727657 0.7546442043043242 0.1799512293756688  0.3088969556296943 0.8007116446878774 0.1266593299995309  0.3114354211136627 0.8007923260234612 0.1247484874010471  0.2555781692942759 0.7568832678756129 0.175951391919126  0.3124855541812978 0.8018064142687149 0.1211513315041538  0.2965639045339994 0.8087098736651583 0.1119314327184205  0.3108768477175599 0.8212884463851317 0.09660858058847716  -0.1031745583028956 0.02618281942006861 0.7080518286388842  -0.1028441344415323 0.03448213053500193 0.7115968994987003  -0.1203378790424313 0.01476973644825969 0.6981414477786835  -0.03129649430866235 0.06134347310017654 0.7008376048255665  4.584124247009741e-05 0.07908889071920779 0.7149209742272737  -0.1887401049104151 0.1094480641660239 0.7956370258166441  -0.02781463700562327 0.2451911434159124 0.7127700537052563  0.004873231373871148 0.2646100882904014 0.7299545149242774  0.004768846788816561 0.2646428043196827 0.7299423833281903  0.4005291912149638 -0.4658315288736143 -0.7339400842499541  0.333269414472199 -0.3863371976148419 -0.6728922045901558  0.4111835313136959 -0.4708057946890224 -0.7422785405335494  0.3298644359258311 -0.3841587910595179 -0.6730660976315004  0.419272455148347 -0.473506128481332 -0.7397087425711486  0.4548039174155309 -0.4572368625071404 -0.7448373305600975  0.2869111949102542 0.07169930439233768 0.6553797685200561  0.312552360306823 0.04502626236356431 0.6248291031451375  0.3246702933057434 -0.009960309902071838 0.5925739392848416  0.3527117228095059 0.02096283981747821 0.6248346966373227  0.504828377013863 -0.7407215716974361 -0.06287596693588277  0.5060405765497109 -0.7458697345973733 -0.06598201361086353  0.6739784138116417 -0.7242605850149763 0.05118673447244089  0.3024279807471829 -0.1807381034854679 -0.5586853704293694  0.3029066689102155 -0.1843346495477696 -0.5724554937485341  0.2112169707443097 -0.03745939985319258 -0.477959880374576  0.2159909641834327 -0.03444785979281855 -0.4761083602929529  0.2633350182849352 0.01844038325622333 -0.553067088731082  0.1533808859085982 -0.0250791987225322 -0.4532539279629497  0.5561696199860408 -0.1548130703746586 -0.4111048087713877  0.5460024684333808 -0.1629072179899069 -0.4348186349903461  0.8135828948892893 0.430871880154645 -0.0642954628571296  -0.3551190959503954 0.02486759001165705 0.5290466767149592  -0.3782244408802661 0.006704720292171068 0.5134080209069674  -0.3529862042800856 0.05566839980467737 0.5449856878761521  -0.3786230326608978 0.004710565336582557 0.5143226621117819  -0.3642368237317701 0.03358031471893924 0.6923935056745769  -0.4135581889492534 0.2103359091841945 0.5916608950600583  0.2240782412972316 -0.485598163737168 0.5707571564470748  0.201950646468827 -0.4810047600041225 0.5702774691027135  0.155289646990076 -0.5792262329172345 0.5912594153239075  0.1620226122692134 -0.5887161890438757 0.5943061569350512  0.1416163504337532 -0.5577303054386876 0.6060416792449886  0.1911777567161557 -0.6052148537027427 0.5895048470857228  -0.001326912744182902 -0.4084546061837717 0.7716291983922161  -0.2317046389534511 -0.2753875641845344 0.8847289509716018  -0.2375658730626197 -0.2820335817366968 0.9197357194443347  -0.2514236698072426 -0.2843565241520949 0.9057027241189864  -0.2391351075925835 -0.2808393426174883 0.9173774264129007  0.33753512604387 -0.3133831193895369 0.0993677025137422  0.3135187852869912 -0.2745930696891791 0.07797741368308596  0.3464734362799493 -0.3334394358628144 0.09122152249418336  0.3138486367635608 -0.2747170498944083 0.07787966094061158  -0.08911258336915216 0.4373774023703061 0.6758368239554093  -0.1451594631129085 0.412371168919501 0.7574137473386126  -0.05057860520253726 0.4374018190052663 0.6545974690523118  -0.1713022047807939 0.4122175349106008 0.7914139416544917  -0.05854379388297071 0.2454552436541927 0.72904211469035  -0.7725355189491339 -0.3643359275703731 0.4286193659282374  -0.5909680140993092 -0.4593241876923249 0.3815934484932143  -0.2526838885744549 0.3352355051293396 0.8285757683370737  -0.2377734586100824 0.3518094278095779 0.8146787506744432  -0.1820053644176121 0.3920856144378662 0.8080530402063557  -0.1713126167019025 0.4119175064720552 0.7921050343763509  -0.188486310862091 0.3830682794384478 0.8104925515124993  0.358468920931417 -0.2161991701768082 -0.3485026200442279  0.3805617111351197 -0.2345619961262444 -0.3730888501141062  0.5082695838983872 -0.2525795916849438 -0.3718027356136457  0.5396563786264652 -0.2685875266855883 -0.452307193313798  0.4612614467739236 -0.2548592740168859 -0.362562859419932  0.4379715564367996 -0.2500042931395852 -0.3645076663199281  0.6184096669708545 -0.2351781155534403 -0.5197757586513578  0.6039150576045256 -0.2541525528755072 -0.5141003572587038  0.5470242401322806 -0.1745203183187523 -0.4335909633699892  0.5754876539578432 -0.2559697750014409 -0.4895940210566944  0.1484581794524224 -0.3002251657755634 -0.5478749112558481  0.2632449101103296 -0.381879242986408 -0.6506475190892685  0.2483663134074747 -0.3792402690521656 -0.65364718971221  0.2801251736462722 -0.3759039159207931 -0.646504056537381  0.2478551154784035 -0.3773879485502757 -0.653604863677778  0.2418108450165638 -0.3693477517027918 -0.643600552883666  0.3105450267613641 -0.1766048520143827 -0.5851398368725788  0.3405366809085167 -0.1950885797019787 -0.6359934908488446  0.3424311931027111 -0.1963357453390268 -0.6111261155030862  0.3427753493660111 -0.1957257899509111 -0.6393354398619411  0.3420924905975334 -0.1961268842892623 -0.6105942053498765  0.1643092577431081 -0.3385491380304158 -0.5572065761630066  0.1995208571717237 -0.3514029760448593 -0.5473361055524738  0.1538027948812866 -0.3302227600786789 -0.558250421684739  -0.4236830141938255 -0.1695936235475928 0.5539829797709424  -0.4488831399515974 -0.2464398653172536 0.5391934889942732  -0.5333624382582025 -0.2313998207002889 0.5021321032715514  0.1535942127826782 -0.02509409976211407 -0.3420351776448945  0.1545525543822812 -0.01403508726641805 -0.3142740329460464  0.1050723070788264 -0.02870127821320621 -0.3065032107462582  0.2541960261397811 0.03860474585441905 -0.5661989609612255  0.2612055384920906 0.01989517528048064 -0.5576140183145805  0.3154309036077159 0.09675743720772963 -0.6205379817946667  -0.4851692056326987 0.2270326554633235 0.6790778606606775  -0.4819076030498103 0.2183059246730936 0.6369942943978856  -0.4739827190153797 0.2224476735882836 0.7464838947853883  -0.4738639965619216 0.226128771868438 0.6302760430388054  -0.4576821706595855 0.219458191260922 0.6108109074924708  -0.4734266232884154 0.2093585333893666 0.797803427056216  -0.466573824158188 0.2456184477347067 0.7570475832258314  -0.4756759075271781 0.2051858901470243 0.7965263811613472  -0.4818014868539493 0.2119830361557368 0.7578416223745258  -0.4643923304451264 0.2484709782002693 0.7537706046699558  -0.3996624479760612 0.2427706645233058 0.7573425880401085  -0.1593136088108666 0.09511797313862194 0.7649373825839565  -0.1200844479678381 0.04170043359309966 0.7093982225084989  -0.134700553657878 -0.0112175608015435 0.6990800897171338  -0.174961506582575 -0.03562102225217384 0.7046552508671933  -0.2736322084864279 0.2685567545928215 0.5754870788734046  -0.3037310954452778 0.2415595724059741 0.6146382843968604  -0.3209408336468306 0.2329519297822419 0.7077396126126885  -0.3260988245089803 0.2376986882828249 0.7237497188433045  -0.8278266347748665 -0.33402767311589 0.4143746595261386  -0.762984719966924 -0.3648014834742626 0.4352281485190718  0.539705335378282 -0.2687060895648846 -0.4523912884027474  0.3936401985545415 0.2080540453276335 -0.7155190156979536  0.3964327837469757 0.2176390903836011 -0.719851785127272  0.3896641723380074 0.1801325352468268 -0.7036827585872117  0.4140645835645036 0.2249263522868701 -0.7260740350879871  0.5341457230518954 0.06541956439096024 -0.6535479468426908  0.5114005990702977 0.07714648121205182 -0.6867264343447591  0.5105023497968425 0.05650970795476161 -0.6380390571701995  0.5205744119566659 0.03673621360512991 -0.7889946024441082  0.3466262715477799 -0.2009590301826177 -0.6661457504891529  0.3783464975220215 -0.1421494315557708 -0.7602080610157638  0.3532739698571538 -0.2008977549522143 -0.6868653845939924  0.3993459761769167 -0.1281816080885847 -0.7798994097929777  0.3526980275075533 -0.2056157102729973 -0.6742137272078925  0.501893876363906 0.1982820631062173 -0.8304751739971888  0.4700420850138075 0.1908056569968601 -0.8033625680177153  0.4367164031155645 0.2091054559917862 -0.7838821269463968  -0.5920914521264661 -0.2865985516307801 0.4777611782028712  0.04728583114328173 -0.01780809383615169 -0.2357110315878068  0.1035311488650393 -0.02966779267722953 -0.3059376532433767  -0.4047019948879637 0.04224471451596055 0.6943863938746521  -0.4095882348769131 0.04540401523480103 0.7122646769015931  -0.4230740424359359 0.06347536454981917 0.7604618992742074  -0.4261741254508483 0.105460409865192 0.7669052337033767  -0.4838434026763285 0.1566678219495348 0.7869193825539665  -0.3930378856138886 0.2521818609848632 0.7552115483659519  -0.4816719216750646 0.2124880482293834 0.7581869405117667  -0.4793660309272548 0.1679529061572508 0.8033475633033139  0.3949351299249808 0.1520518974732767 -0.6935292261678839  0.3996255965425585 0.1194672900694323 -0.6649420078943775  0.3994958386093627 0.1181539385328094 -0.6640510739382993  0.3942334685923483 0.1001386754003185 -0.6394170788015661  0.3849363322175867 0.09280303103602419 -0.6413830412984123  0.4558146711756361 -0.1553004958750214 -0.8426737198798993  0.4386436788618036 -0.1422855270763197 -0.8232526720604243  0.5459157411931248 0.02267983675082987 -0.805364441709306  0.544580264153637 0.02379667287613946 -0.803962973515981  0.5209702184968956 0.03713436936299953 -0.7906473202257699  0.4253468937993494 -0.1372513968291146 -0.794497131339454  0.4141956679758045 -0.1344293256385167 -0.789035839047509  0.4005940355023541 -0.1283492212173898 -0.779887909951866  -0.5294918004759156 -0.3388294986055814 0.7775815160505448  -0.287435225892273 0.3079332739293362 0.9068396218314563  -0.5257683066414603 0.2201024549878422 0.821536735051876  -0.7897114476066281 -0.537582664679079 0.2952299411570319  -0.2446094497145283 -0.336481907088692 0.9092558239089329  -0.844528597384038 -0.3287952219885155 0.4224513702168244  0.860675936834171 0.5003313716401826 -0.09330305625902935  0.3201597441165217 0.9448822409087384 -0.06704699145020653  0.9153984410080537 0.05143887001954647 0.3989984296349262  0.5241913518519096 0.3465139276475548 0.7777863039356843  0.8826588596838693 -0.3258063234885099 -0.338472431663898  0.860204322402201 0.4357591945429742 -0.2645041740536973  0.587804079441405 -0.7571487571684472 -0.28462630537306  0.5005537013271166 -0.8579937634829048 -0.1144233538757057  0.7579883864967545 0.6456529480632978 -0.09157448658452406  0.5402404488763884 0.3588602482972811 0.761025354104482  0.4671673209852931 -0.4914606556749925 -0.7348612985638383  0.9341318675981386 -0.141420709245952 0.3274108228724051  0.5117360510965326 -0.004627613435096892 0.8590138585622599  0.7847666336784541 -0.5748086319220803 0.231379293224034  0.7421805285606482 -0.1378621024532768 -0.6557149637857893  0.454134441935219 -0.8862572826914688 0.09005524706823735  0.3934305688615986 -0.874110094494065 0.2845064853194311  0.2283806909308345 -0.7951889200692354 0.5615308107388925  0.5564160111319747 -0.7521753200035509 0.3527513579471213  0.8064108862033573 -0.2837392450375726 0.518645865150995  0.5003084581857726 -0.1699643643258837 -0.8488837208517273  0.9054809159784292 0.2679789758417466 -0.3287728536629407  0.2676225973490813 0.9603447142487339 0.07691674201790401  0.6949099771730564 -0.7164585461295148 0.05989395047351847  0.8738529422701464 -0.4295539012370435 -0.2272982428833196  0.5126890240860287 -0.6245589823976201 0.5889618426419193  0.5763637567547123 0.1757762166701322 0.7979395663536992  0.5052001785739054 0.2351436138497482 -0.8302290469711203  0.819483776680635 -0.2629528431981966 -0.5090207775830253  0.537268407743608 0.04785329828080247 -0.8419339225166644  0.7032297679894279 -0.1678469742219516 -0.690720852919666  </DataArray>
</Points>
<Cells>
<DataArray  type="UInt32"  Name="connectivity"  format="ascii">0 1  0 2  3 4  3 5  1 6  1 7  6 8  9 10  9 11  10 12  12 13  14 15  14 16  17 18  17 19  11 20  11 21  22 23  22 24  25 26  25 27  28 29  28 30  31 32  31 33  32 34  35 36  35 37  35 38  39 40  39 41  39 42  43 44  43 45  46 47  46 48  46 49  47 50  48 51  52 53  52 54  36 55  55 56  34 57  58 59  58 60  61 62  61 63  64 65  66 67  68 69  68 70  71 72  71 73  74 75  74 76  77 78  77 79  78 80  80 81  82 83  82 84  85 86  85 87  88 89  88 90  91 92  91 93  91 94  95 96  95 97  96 98  72 99  99 100  72 97  100 101  56 102  103 104  103 105  106 107  106 108  107 109  110 111  110 112  15 113  114 115  114 116  117 118  117 119  120 121  120 122  121 123  122 124  122 125  124 126  127 128  127 129  128 130  26 131  132 133  132 134  132 135  136 137  136 138  139 140  139 141  133 142  133 143  142 144  8 145  146 147  146 148  13 149  118 150  147 151  7 148  151 152  98 153  154 155  154 156  155 157  153 158  37 159  159 160  53 160  38 161  4 162  4 163  164 165  164 166  167 168  167 169  59 170  165 171  172 173  172 174  175 176  175 177  178 179  178 180  179 181  179 182  44 183  101 184  185 186  185 187  5 188  188 189  162 190  191 192  191 193  191 194  18 192  192 195  196 197  196 198  189 197  190 199  199 200  201 202  201 203  204 205  204 206  205 207  29 208  208 209  209 210  210 211  212 213  212 214  215 216  217 218  217 219  218 220  219 221  219 222  223 224  223 225  224 226  224 227  40 228  229 230  229 231  232 233  232 234  233 235  236 237  236 238  92 239  93 240  240 241  242 243  242 244  243 245  246 247  246 248  145 247  62 249  249 250  251 252  251 253  254 255  254 256  255 257  257 258  86 259  260 261  260 262  261 263  111 264  265 266  265 267  268 269  268 270  67 271  271 272  69 273  273 274  173 275  27 276  276 277  278 279  278 280  281 282  281 283  282 284  81 285  252 286  287 288  287 289  285 290  291 292  291 293  294 295  294 296  297 298  297 299  112 300  301 302  301 303  301 304  226 305  225 300  298 306  227 298  306 307  237 308  308 309  237 310  275 311  275 312  311 313  314 315  314 316  315 317  318 319  244 318  318 320  321 322  321 323  319 324  322 325  244 325  325 326  327 328  327 329  327 330  324 331  331 332  331 333  104 108  334 335  334 336  335 337  335 338  337 339  340 341  340 342  343 344  343 345  344 346  345 347  348 349  348 350  299 351  351 352  349 352  353 354  353 355  320 356  354 357  354 358  359 360  359 361  357 360  195 362  362 363  362 364  50 365  332 365  365 366  323 366  366 367  368 369  368 370  371 372  371 373  371 374  371 375  372 376  123 377  125 378  378 379  126 380  379 381  382 383  382 384  383 385  373 386  376 377  129 387  387 388  387 389  134 390  391 392  391 393  394 395  394 396  395 397  149 150  398 399  398 400  401 402  401 403  399 404  405 406  405 407  408 409  408 410  411 412  411 413  412 414  415 416  417 418  417 419  374 420  421 422  421 423  422 424  425 426  425 427  60 428  429 430  429 431  174 432  168 433  434 435  434 436  435 437  137 438  438 439  439 440  83 441  441 442  443 444  443 445  295 446  89 446  447 448  447 449  448 450  181 451  451 452  181 453  181 454  113 455  455 456  2 457  457 458  113 458  458 459  460 461  460 462  461 463  184 462  363 464  363 465  363 466  202 206  206 467  206 468  49 467  49 469  470 471  470 472  79 473  283 474  475 476  475 477  428 478  476 478  312 479  211 480  481 482  481 483  54 482  484 485  484 486  487 488  487 489  63 488  490 491  490 492  493 494  493 495  213 496  497 498  497 499  161 500  161 501  502 503  502 504  502 505  503 506  33 506  500 504  230 507  507 508  508 509  509 510  231 511  234 512  512 513  513 514  514 515  221 516  310 517  235 517  518 519  518 520  521 522  521 523  524 525  524 526  402 527  248 525  115 119  404 527  528 529  528 530  529 531  531 532  532 533  530 534  245 535  356 361  361 536  361 537  522 538  539 540  539 541  542 543  542 544  540 545  545 546  546 547  474 548  288 549  286 549  550 551  550 552  553 554  555 556  555 557  556 558  274 557  559 560  559 561  560 562  558 562  430 563  563 564  565 566  565 567  262 568  568 569  570 571  570 572  547 573  543 574  575 576  575 577  572 578  576 578  413 579  579 580  577 581  577 582  581 583  582 584  584 585  406 586  587 588  587 589  588 590  216 222  266 591  592 593  592 594  595 596  595 597  593 598  596 598  599 600  599 601  600 602  267 603  603 604  604 605  606 607  606 608  605 609  607 609  272 610  610 611  317 612  612 613  614 615  614 616  279 615  617 618  617 619  618 620  292 619  619 621  418 622  622 623  623 624  624 625  625 626  625 627  628 629  628 630  591 631  253 632  444 633  293 634  293 635  84 636  637 638  637 639  442 640  640 641  305 642  642 643  302 643  641 644  645 646  645 647  307 646  647 648  309 649  316 650  544 651  651 652  653 654  544 653  536 654  537 655  534 656  341 657  203 657  16 658  658 659  659 660  182 453  453 661  183 661  661 662  183 663  183 664  663 665  665 666  328 664  328 355  459 662  326 662  326 355  329 667  358 668  668 669  388 670  670 671  269 671  131 135  597 672  369 672  370 673  673 674  674 675  675 676  676 677  280 678  620 679  679 680  290 681  681 682  419 683  683 684  685 686  685 687  686 688  687 689  690 691  690 692  691 693  688 694  193 695  695 696  696 697  698 699  698 700  386 701  389 701  702 703  702 704  437 705  437 706  397 707  707 708  140 709  400 710  710 711  712 713  712 714  713 715  711 714  715 716  716 717  239 718  718 719  719 720  720 721  722 723  722 724  723 725  23 724  409 726  725 727  726 728  729 730  729 731  729 732  580 733  733 734  735 736  735 737  738 739  738 740  741 742  741 743  744 745  736 744  745 746  747 748  747 749  750 751  385 752  699 753  753 754  424 755  496 756  756 757  109 758  759 760  759 761  760 762  762 763  762 764  762 765  763 766  767 768  767 769  207 770  471 771  770 772  171 431  432 433  176 773  773 774  705 774  392 775  776 777  775 776  130 777  777 778  777 779  186 780  19 781  782 783  782 784  783 785  784 786  784 787  780 788  786 789  445 790  790 791  791 792  105 792  166 793  638 794  87 793  793 794  90 794  795 796  795 797  796 798  797 799  336 799  342 800  336 801  452 802  454 803  346 804  805 806  805 807  41 423  41 806  666 808  808 809  810 811  810 812  364 809  811 813  813 814  815 816  465 815  816 817  364 464  472 818  818 819  73 819  73 820  820 821  511 737  822 823  822 824  825 826  825 827  828 829  828 830  829 831  831 832  832 833  833 834  834 835  551 836  837 838  837 839  826 840  841 842  841 843  485 844  844 845  169 846  846 847  489 847  848 849  477 848  849 850  426 851  510 851  491 601  852 853  852 854  853 855  65 494  856 857  856 858  857 859  238 860  860 861  214 861  214 498  505 862  862 863  501 742  743 864  864 865  865 866  483 867  867 868  869 870  869 871  868 870  872 873  874 875  874 876  875 877  877 878  220 878  879 880  879 881  516 880  882 883  882 884  885 886  885 887  886 888  652 889  890 891  890 892  721 893  241 894  895 896  895 897  896 898  608 899  900 901  900 902  901 903  903 904  629 905  899 905  894 906  906 907  526 908  630 909  909 910  630 904  519 911  911 912  912 913  533 914  914 915  916 917  916 918  917 919  919 920  920 921  921 922  655 656  923 924  923 925  403 924  535 926  535 927  264 928  928 929  538 930  888 931  250 289  932 933  932 934  569 935  933 935  727 730  566 731  583 936  936 937  574 585  574 938  585 918  925 939  939 940  939 941  940 942  520 942  347 943  943 944  152 944  910 944  296 945  945 946  947 948  947 949  950 951  950 952  948 951  946 953  883 954  954 955  492 956  956 957  957 958  958 959  263 960  960 961  961 962  949 962  963 964  963 965  964 966  966 967  966 968  967 969  934 970  613 970  486 871  871 971  850 971  752 972  972 973  627 974  270 974  975 976  975 977  749 978  143 976  621 979  621 980  979 981  284 982  982 983  983 984  985 986  985 987  984 988  988 989  648 984  990 991  990 992  986 993  991 994  994 995  953 996  479 480  479 997  998 999  998 1000  999 1001  650 1002  1002 1003  57 1004  1004 1005  1005 1006  102 1007  564 1008  1009 1010  1009 1011  313 1008  561 1010  1000 1011  338 1012  350 1013  644 1014  303 1014  965 1015  194 1016  466 1017  466 1018  45 1019  51 1019  45 367  330 1020  1020 1021  669 1022  1023 1024  1023 1025  1024 1026  198 667  1021 1027  1025 1027  677 692  694 1028  634 1029  375 1030  1030 1031  1031 1032  1032 1033  684 1034  380 1034  697 1035  436 1035  709 1036  703 706  1037 1038  1037 1039  410 1038  1040 1041  1040 1042  734 1043  1043 1044  1044 1045  24 1046  1046 1047  955 1047  1039 1048  1048 1049  1049 1050  590 1050  1051 1052  1051 1053  739 1054  1054 1055  1056 1057  1056 1058  1057 1059  1033 1058  764 1060  157 1061  157 1062  765 1061  768 1061  1063 1064  1063 1065  1066 1067  1062 1066  463 1068  1060 1069  158 1069  1060 1062  450 1070  807 1067  158 1062  1064 1070  1068 1070  812 1071  1071 1072  200 1072  163 1073  821 1073  761 1074  180 1075  1075 1076  781 1077  766 1076  1077 1078  1079 1080  1079 1081  396 1082  1082 1083  390 393  1084 1085  1084 1086  1085 1087  141 1088  1088 1089  144 1087  1090 1091  1090 1092  20 693  20 1093  693 1094  177 787  177 1093  177 1095  1095 1096  778 1096  779 1094  1091 1097  1097 1098  1098 1099  427 1100  1100 1101  440 1101  449 1102  1103 1104  823 1103  785 1105  1105 1106  1104 1107  1107 1108  785 1108  785 788  758 1109  800 1110  801 1111  1111 1112  801 1110  1074 1112  1074 1109  769 1113  1113 1114  803 1115  1115 1116  456 1117  1116 1118  1117 1118  21 1117  689 1092  804 1119  1092 1120  1120 1121  802 1121  339 1121  339 1122  1012 1122  1012 1123  1012 1124  1013 1123  1119 1124  814 1125  1017 1125  468 1126  1055 1127  1127 1128  755 1129  1065 1129  855 1130  1130 1131  552 1131  981 1132  980 1133  992 1132  616 1134  1133 1135  1133 1134  836 1135  473 1136  838 1134  836 838  836 1137  830 1136  840 1137  75 1138  842 1139  1139 1140  256 1140  1141 1142  1141 1143  499 1142  1144 1145  1144 1146  1145 1147  1147 1148  554 1148  1146 1149  631 1150  1150 1151  1149 1152  611 1153  1153 1154  1155 1156  1155 1157  407 1158  1156 1158  876 1157  881 1159  1159 1160  589 1160  891 1161  541 1162  1162 1163  892 1164  1165 1166  1165 1167  1168 1169  1168 1170  1169 1171  1172 1173  1172 1174  1173 1175  523 798  304 1176  1175 1176  751 1177  897 1178  1177 1178  902 1179  907 1179  908 1180  1181 1182  1180 1181  898 1182  893 913  915 1183  1184 1185  1184 1186  1187 1188  1187 1189  1188 1190  1189 1191  1192 1193  1192 1194  1193 1195  952 1195  573 1196  937 1197  926 1198  927 1199  1199 1200  1201 1202  1201 1203  929 930  1197 1202  930 1203  930 931  567 1204  1204 1205  1205 1206  515 1207  1207 1208  1206 1208  728 1209  1209 1210  414 1211  1211 1212  1052 1212  1213 1214  1213 1215  70 1214  1215 1216  1216 1217  586 1218  1218 1219  1220 1221  1220 1222  1221 1223  884 1223  1045 1223  959 1224  594 1225  1225 1226  1227 1228  1227 1229  602 1228  839 1229  1224 1226  76 1230  1036 1231  1231 1232  978 1232  708 1233  416 1233  989 993  995 1234  1234 1235  1236 1237  1236 1238  649 1238  1237 1239  1239 1240  1240 1241  1006 1242  997 1243  1242 1243  1003 1007  1001 1242  772 1244  1245 1246  1245 1247  639 1248  1248 1249  1250 1251  1250 1252  1249 1251  1114 1253  1253 1254  1252 1254  1015 1255  1256 1257  1256 1258  969 1257  817 1259  381 660  381 384  381 1260  1022 1261  1022 1262  1261 1263  116 717  678 1264  682 1265  1265 1266  170 1266  633 1267  1029 1267  635 1268  1028 1269  1269 1270  636 1268  1271 1272  1272 1273  704 1273  1274 1275  1274 1276  1166 1170  1170 1277  1275 1278  1278 1279  1053 1280  1041 1281  732 1281  968 1282  732 1282  1174 1282  1283 1284  1283 1285  1286 1287  1286 1288  1287 1289  1289 1290  228 1290  1284 1291  740 1292  866 1293  866 1294  30 1292  30 1295  1293 1295  1295 1296  746 1294  1102 1297  1078 1297  1102 1106  789 1298  1298 1299  1299 1300  187 1301  1301 1302  1300 1303  1302 1304  1304 1305  1305 1306  1080 1307  1080 1303  1086 1307  138 1086  1086 1089  1083 1308  1306 1308  1099 1309  1081 1309  824 1310  1128 1311  1311 1312  1310 1313  1312 1313  1314 1315  835 1314  495 1315  259 1316  1316 1317  1185 1317  859 1318  1319 1320  1319 1321  1320 1322  1322 1323  1190 1324  1143 1325  757 1326  1326 1327  858 1327  1328 1329  1152 1330  1151 1330  863 1331  845 1332  1332 1333  258 1334  1333 1334  1194 1335  1335 1336  1154 1337  1337 1338  1338 1339  1339 1340  1336 1340  1222 1341  1342 1343  1342 1344  1343 1345  1341 1344  1345 1346  1346 1347  873 1347  1348 1349  1348 1350  1349 1351  1351 1352  889 1352  1279 1353  887 1164  1161 1354  1163 1355  1355 1356  1357 1358  1357 1359  1358 1360  1359 1361  1361 1362  938 1363  1198 1363  1196 1364  1200 1365  1364 1366  941 1366  941 1365  977 1367  1367 1368  1230 1368  277 1369  1235 1370  1370 1371  1372 1373  1372 1374  1373 1375  548 1376  1376 1377  987 1191  1217 1219  1329 1378  1325 1378  1379 1380  1379 1381  1246 1382  1380 1382  1126 1383  1255 1381  1258 1384  1260 1385  1385 1386  1016 1386  1387 1388  1387 1389  1388 1390  1018 1389  754 1059  754 1390  1263 1391  1259 1391  1026 1392  1262 1393  1392 1394  1393 1395  1394 1395  1270 1396  1270 1397  1264 1398  1396 1398  680 1399  1397 1399  1400 1401  1400 1402  1401 1403  1210 1402  1167 1404  1354 1404  1171 1356  1288 1405  1296 1406  42 1406  1276 1407  1407 1408  1280 1403  1409 1410  1409 1411  1403 1410  1277 1411  1277 1408  632 1412  1412 1413  827 1414  827 1415  1414 1416  1416 1417  1413 1417  1321 1418  1418 1419  1418 1420  1419 1421  1377 1420  843 1422  1423 1424  1423 1425  1424 1426  1426 1427  1360 1425  1371 1428  1429 1430  1429 1431  1428 1432  1430 1432  1433 1434  1433 1435  1427 1434  1422 1435  771 1244  1244 1436  771 1437  1247 1436  156 1437  156 1438  1375 1439  1439 1440  1440 1441  1442 1443  1442 1444  1374 1443  996 1241  1445 1446  1445 1447  1446 1448  1448 1449  1384 1449  1450 1451  1450 1452  1447 1453  1451 1454  1454 1455  1353 1456  1456 1457  1350 1457  1350 1458  333 1458  333 1459  469 1459  1042 1460  1460 1461  1461 1462  1462 1463  1405 1464  1331 1464  1405 1465  1285 1465  1421 1466  1415 1466  1467 1468  1467 1469  1468 1470  1471 1472  1471 1473  1472 1474  1324 1473  1431 1475  1476 1477  1476 1478  1475 1479  1477 1479  1480 1481  1481 1482  1470 1482  1438 1483  1291 1483  1186 1484  1484 1485  1441 1485  1486 1487  1383 1486  1487 1488  1488 1489  1489 1490  1455 1491  1463 1491  1453 1492  1452 1492  1452 1493  1490 1493  1469 1494  1494 1495  1495 1496  1496 1497  1497 1498  1444 1498  1499 1500  1501 1502  1502 1503  1474 1503  1500 1504  1504 1505  1505 1506  1478 1506  73 1507  1276 1508  1452 1509  743 1510  1394 1511  1331 1512  1328 1513  66 1514  94 1515  571 1516  491 1517  1318 1518  1138 1519  748 1520  215 1521  571 1522  1362 1523  750 1524  1183 1525  626 1526  1323 1527  415 1528  1271 1529  700 1530  420 1531  712 1532  1499 1533  553 1534  872 1535  1369 1536  64 1537  973 1538  922 1539  1480 1540  854 1541  1501 1542  1323 1543  </DataArray>
<DataArray  type="UInt32"  Name="offsets"  format="ascii">2 4 6 8 10 12 14 16 18 20 22 24 26 28 30 32 34 36 38 40 42 44 46 48 50 52 54 56 58 60 62 64 66 68 70 72 74 76 78 80 82 84 86 88 90 92 94 96 98 100 102 104 106 108 110 112 114 116 118 120 122 124 126 128 130 132 134 136 138 140 142 144 146 148 150 152 154 156 158 160 162 164 166 168 170 172 174 176 178 180 182 184 186 188 190 192 194 196 198 200 202 204 206 208 210 212 214 216 218 220 222 224 226 228 230 232 234 236 238 240 242 244 246 248 250 252 254 256 258 260 262 264 266 268 270 272 274 276 278 280 282 284 286 288 290 292 294 296 298 300 302 304 306 308 310 312 314 316 318 320 322 324 326 328 330 332 334 336 338 340 342 344 346 348 350 352 354 356 358 360 362 364 366 368 370 372 374 376 378 380 382 384 386 388 390 392 394 396 398 400 402 404 406 408 410 412 414 416 418 420 422 424 426 428 430 432 434 436 438 440 442 444 446 448 450 452 454 456 458 460 462 464 466 468 470 472 474 476 478 480 482 484 486 488 490 492 494 496 498 500 502 504 506 508 510 512 514 516 518 520 522 524 526 528 530 532 534 536 538 540 542 544 546 548 550 552 554 556 558 560 562 564 566 568 570 572 574 576 578 580 582 584 586 588 590 592 594 596 598 600 602 604 606 608 610 612 614 616 618 620 622 624 626 628 630 632 634 636 638 640 642 644 646 648 650 652 654 656 658 660 662 664 666 668 670 672 674 676 678 680 682 684 686 688 690 692 694 696 698 700 702 704 706 708 710 712 714 716 718 720 722 724 726 728 730 732 734 736 738 740 742 744 746 748 750 752 754 756 758 760 762 764 766 768 770 772 774 776 778 780 782 784 786 788 790 792 794 796 798 800 802 804 806 808 810 812 814 816 818 820 822 824 826 828 830 832 834 836 838 840 842 844 846 848 850 852 854 856 858 860 862 864 866 868 870 872 874 876 878 880 882 884 886 888 890 892 894 896 898 900 902 904 906 908 910 912 914 916 918 920 922 924 926 928 930 932 934 936 938 940 942 944 946 948 950 952 954 956 958 960 962 964 966 968 970 972 974 976 978 980 982 984 986 988 990 992 994 996 998 1000 1002 1004 1006 1008 1010 1012 1014 1016 1018 1020 1022 1024 1026 1028 1030 1032 1034 1036 1038 1040 1042 1044 1046 1048 1050 1052 1054 1056 1058 1060 1062 1064 1066 1068 1070 1072 1074 1076 1078 1080 1082 1084 1086 1088 1090 1092 1094 1096 1098 1100 1102 1104 1106 1108 1110 1112 1114 1116 1118 1120 1122 1124 1126 1128 1130 1132 1134 1136 1138 1140 1142 1144 1146 1148 1150 1152 1154 1156 1158 1160 1162 1164 1166 1168 1170 1172 1174 1176 1178 1180 1182 1184 1186 1188 1190 1192 1194 1196 1198 1200 1202 1204 1206 1208 1210 1212 1214 1216 1218 1220 1222 1224 1226 1228 1230 1232 1234 1236 1238 1240 1242 1244 1246 1248 1250 1252 1254 1256 1258 1260 1262 1264 1266 1268 1270 1272 1274 1276 1278 1280 1282 1284 1286 1288 1290 1292 1294 1296 1298 1300 1302 1304 1306 1308 1310 1312 1314 1316 1318 1320 1322 1324 1326 1328 1330 1332 1334 1336 1338 1340 1342 1344 1346 1348 1350 1352 1354 1356 1358 1360 1362 1364 1366 1368 1370 1372 1374 1376 1378 1380 1382 1384 1386 1388 1390 1392 1394 1396 1398 1400 1402 1404 1406 1408 1410 1412 1414 1416 1418 1420 1422 1424 1426 1428 1430 1432 1434 1436 1438 1440 1442 1444 1446 1448 1450 1452 1454 1456 1458 1460 1462 1464 1466 1468 1470 1472 1474 1476 1478 1480 1482 1484 1486 1488 1490 1492 1494 1496 1498 1500 1502 1504 1506 1508 1510 1512 1514 1516 1518 1520 1522 1524 1526 1528 1530 1532 1534 1536 1538 1540 1542 1544 1546 1548 1550 1552 1554 1556 1558 1560 1562 1564 1566 1568 1570 1572 1574 1576 1578 1580 1582 1584 1586 1588 1590 1592 1594 1596 1598 1600 1602 1604 1606 1608 1610 1612 1614 1616 1618 1620 1622 1624 1626 1628 1630 1632 1634 1636 1638 1640 1642 1644 1646 1648 1650 1652 1654 1656 1658 1660 1662 1664 1666 1668 1670 1672 1674 1676 1678 1680 1682 1684 1686 1688 1690 1692 1694 1696 1698 1700 1702 1704 1706 1708 1710 1712 1714 1716 1718 1720 1722 1724 1726 1728 1730 1732 1734 1736 1738 1740 1742 1744 1746 1748 1750 1752 1754 1756 1758 1760 1762 1764 1766 1768 1770 1772 1774 1776 1778 1780 1782 1784 1786 1788 1790 1792 1794 1796 1798 1800 1802 1804 1806 1808 1810 1812 1814 1816 1818 1820 1822 1824 1826 1828 1830 1832 1834 1836 1838 1840 1842 1844 1846 1848 1850 1852 1854 1856 1858 1860 1862 1864 1866 1868 1870 1872 1874 1876 1878 1880 1882 1884 1886 1888 1890 1892 1894 1896 1898 1900 1902 1904 1906 1908 1910 1912 1914 1916 1918 1920 1922 1924 1926 1928 1930 1932 1934 1936 1938 1940 1942 1944 1946 1948 1950 1952 1954 1956 1958 1960 1962 1964 1966 1968 1970 1972 1974 1976 1978 1980 1982 1984 1986 1988 1990 1992 1994 1996 1998 2000 2002 2004 2006 2008 2010 2012 2014 2016 2018 2020 2022 2024 2026 2028 2030 2032 2034 2036 2038 2040 2042 2044 2046 2048 2050 2052 2054 2056 2058 2060 2062 2064 2066 2068 2070 2072 2074 2076 2078 2080 2082 2084 2086 2088 2090 2092 2094 2096 2098 2100 2102 2104 2106 2108 2110 2112 2114 2116 2118 2120 2122 2124 2126 2128 2130 2132 2134 2136 2138 2140 2142 2144 2146 2148 2150 2152 2154 2156 2158 2160 2162 2164 2166 2168 2170 2172 2174 2176 2178 2180 2182 2184 2186 2188 2190 2192 2194 2196 2198 2200 2202 2204 2206 2208 2210 2212 2214 2216 2218 2220 2222 2224 2226 2228 2230 2232 2234 2236 2238 2240 2242 2244 2246 2248 2250 2252 2254 2256 2258 2260 2262 2264 2266 2268 2270 2272 2274 2276 2278 2280 2282 2284 2286 2288 2290 2292 2294 2296 2298 2300 2302 2304 2306 2308 2310 2312 2314 2316 2318 2320 2322 2324 2326 2328 2330 2332 2334 2336 2338 2340 2342 2344 2346 2348 2350 2352 2354 2356 2358 2360 2362 2364 2366 2368 2370 2372 2374 2376 2378 2380 2382 2384 2386 2388 2390 2392 2394 2396 2398 2400 2402 2404 2406 2408 2410 2412 2414 2416 2418 2420 2422 2424 2426 2428 2430 2432 2434 2436 2438 2440 2442 2444 2446 2448 2450 2452 2454 2456 2458 2460 2462 2464 2466 2468 2470 2472 2474 2476 2478 2480 2482 2484 2486 2488 2490 2492 2494 2496 2498 2500 2502 2504 2506 2508 2510 2512 2514 2516 2518 2520 2522 2524 2526 2528 2530 2532 2534 2536 2538 2540 2542 2544 2546 2548 2550 2552 2554 2556 2558 2560 2562 2564 2566 2568 2570 2572 2574 2576 2578 2580 2582 2584 2586 2588 2590 2592 2594 2596 2598 2600 2602 2604 2606 2608 2610 2612 2614 2616 2618 2620 2622 2624 2626 2628 2630 2632 2634 2636 2638 2640 2642 2644 2646 2648 2650 2652 2654 2656 2658 2660 2662 2664 2666 2668 2670 2672 2674 2676 2678 2680 2682 2684 2686 2688 2690 2692 2694 2696 2698 2700 2702 2704 2706 2708 2710 2712 2714 2716 2718 2720 2722 2724 2726 2728 2730 2732 2734 2736 2738 2740 2742 2744 2746 2748 2750 2752 2754 2756 2758 2760 2762 2764 2766 2768 2770 2772 2774 2776 2778 2780 2782 2784 2786 2788 2790 2792 2794 2796 2798 2800 2802 2804 2806 2808 2810 2812 2814 2816 2818 2820 2822 2824 2826 2828 2830 2832 2834 2836 2838 2840 2842 2844 2846 2848 2850 2852 2854 2856 2858 2860 2862 2864 2866 2868 2870 2872 2874 2876 2878 2880 2882 2884 2886 2888 2890 2892 2894 2896 2898 2900 2902 2904 2906 2908 2910 2912 2914 2916 2918 2920 2922 2924 2926 2928 2930 2932 2934 2936 2938 2940 2942 2944 2946 2948 2950 2952 2954 2956 2958 2960 2962 2964 2966 2968 2970 2972 2974 2976 2978 2980 2982 2984 2986 2988 2990 2992 2994 2996 2998 3000 3002 3004 3006 3008 3010 3012 3014 3016 3018 3020 3022 3024 3026 3028 3030 3032 3034 3036 3038 3040 3042 3044 3046 3048 3050 3052 3054 3056 3058 3060 3062 3064 3066 3068 3070 3072 3074 3076 3078 3080 3082 3084 3086 3088 3090 3092 3094 3096 3098 3100 3102 3104 3106 3108 3110 3112 3114 3116 3118 3120 3122 3124 3126 3128 3130 3132 3134 3136 3138 3140 3142 3144 3146 3148 3150 3152 3154 3156 3158 3160 3162 3164 3166 3168 3170 3172 3174 3176 3178 3180 3182 3184 3186 3188 3190 3192 3194 3196 3198 3200 3202 3204 </DataArray>
<DataArray  type="UInt8"  Name="types"  format="ascii">3 3 3 3 3 3 3 3 3 3 3 3 3 3 3 3 3 3 3 3 3 3 3 3 3 3 3 3 3 3 3 3 3 3 3 3 3 3 3 3 3 3 3 3 3 3 3 3 3 3 3 3 3 3 3 3 3 3 3 3 3 3 3 3 3 3 3 3 3 3 3 3 3 3 3 3 3 3 3 3 3 3 3 3 3 3 3 3 3 3 3 3 3 3 3 3 3 3 3 3 3 3 3 3 3 3 3 3 3 3 3 3 3 3 3 3 3 3 3 3 3 3 3 3 3 3 3 3 3 3 3 3 3 3 3 3 3 3 3 3 3 3 3 3 3 3 3 3 3 3 3 3 3 3 3 3 3 3 3 3 3 3 3 3 3 3 3 3 3 3 3 3 3 3 3 3 3 3 3 3 3 3 3 3 3 3 3 3 3 3 3 3 3 3 3 3 3 3 3 3 3 3 3 3 3 3 3 3 3 3 3 3 3 3 3 3 3 3 3 3 3 3 3 3 3 3 3 3 3 3 3 3 3 3 3 3 3 3 3 3 3 3 3 3 3 3 3 3 3 3 3 3 3 3 3 3 3 3 3 3 3 3 3 3 3 3 3 3 3 3 3 3 3 3 3 3 3 3 3 3 3 3 3 3 3 3 3 3 3 3 3 3 3 3 3 3 3 3 3 3 3 3 3 3 3 3 3 3 3 3 3 3 3 3 3 3 3 3 3 3 3 3 3 3 3 3 3 3 3 3 3 3 3 3 3 3 3 3 3 3 3 3 3 3 3 3 3 3 3 3 3 3 3 3 3 3 3 3 3 3 3 3 3 3 3 3 3 3 3 3 3 3 3 3 3 3 3 3 3 3 3 3 3 3 3 3 3 3 3 3 3 3 3 3 3 3 3 3 3 3 3 3 3 3 3 3 3 3 3 3 3 3 3 3 3 3 3 3 3 3 3 3 3 3 3 3 3 3 3 3 3 3 3 3 3 3 3 3 3 3 3 3 3 3 3 3 3 3 3 3 3 3 3 3 3 3 3 3 3 3 3 3 3 3 3 3 3 3 3 3 3 3 3 3 3 3 3 3 3 3 3 3 3 3 3 3 3 3 3 3 3 3 3 3 3 3 3 3 3 3 3 3 3 3 3 3 3 3 3 3 3 3 3 3 3 3 3 3 3 3 3 3 3 3 3 3 3 3 3 3 3 3 3 3 3 3 3 3 3 3 3 3 3 3 3 3 3 3 3 3 3 3 3 3 3 3 3 3 3 3 3 3 3 3 3 3 3 3 3 3 3 3 3 3 3 3 3 3 3 3 3 3 3 3 3 3 3 3 3 3 3 3 3 3 3 3 3 3 3 3 3 3 3 3 3 3 3 3 3 3 3 3 3 3 3 3 3 3 3 3 3 3 3 3 3 3 3 3 3 3 3 3 3 3 3 3 3 3 3 3 3 3 3 3 3 3 3 3 3 3 3 3 3 3 3 3 3 3 3 3 3 3 3 3 3 3 3 3 3 3 3 3 3 3 3 3 3 3 3 3 3 3 3 3 3 3 3 3 3 3 3 3 3 3 3 3 3 3 3 3 3 3 3 3 3 3 3 3 3 3 3 3 3 3 3 3 3 3 3 3 3 3 3 3 3 3 3 3 3 3 3 3 3 3 3 3 3 3 3 3 3 3 3 3 3 3 3 3 3 3 3 3 3 3 3 3 3 3 3 3 3 3 3 3 3 3 3 3 3 3 3 3 3 3 3 3 3 3 3 3 3 3 3 3 3 3 3 3 3 3 3 3 3 3 3 3 3 3 3 3 3 3 3 3 3 3 3 3 3 3 3 3 3 3 3 3 3 3 3 3 3 3 3 3 3 3 3 3 3 3 3 3 3 3 3 3 3 3 3 3 3 3 3 3 3 3 3 3 3 3 3 3 3 3 3 3 3 3 3 3 3 3 3 3 3 3 3 3 3 3 3 3 3 3 3 3 3 3 3 3 3 3 3 3 3 3 3 3 3 3 3 3 3 3 3 3 3 3 3 3 3 3 3 3 3 3 3 3 3 3 3 3 3 3 3 3 3 3 3 3 3 3 3 3 3 3 3 3 3 3 3 3 3 3 3 3 3 3 3 3 3 3 3 3 3 3 3 3 3 3 3 3 3 3 3 3 3 3 3 3 3 3 3 3 3 3 3 3 3 3 3 3 3 3 3 3 3 3 3 3 3 3 3 3 3 3 3 3 3 3 3 3 3 3 3 3 3 3 3 3 3 3 3 3 3 3 3 3 3 3 3 3 3 3 3 3 3 3 3 3 3 3 3 3 3 3 3 3 3 3 3 3 3 3 3 3 3 3 3 3 3 3 3 3 3 3 3 3 3 3 3 3 3 3 3 3 3 3 3 3 3 3 3 3 3 3 3 3 3 3 3 3 3 3 3 3 3 3 3 3 3 3 3 3 3 3 3 3 3 3 3 3 3 3 3 3 3 3 3 3 3 3 3 3 3 3 3 3 3 3 3 3 3 3 3 3 3 3 3 3 3 3 3 3 3 3 3 3 3 3 3 3 3 3 3 3 3 3 3 3 3 3 3 3 3 3 3 3 3 3 3 3 3 3 3 3 3 3 3 3 3 3 3 3 3 3 3 3 3 3 3 3 3 3 3 3 3 3 3 3 3 3 3 3 3 3 3 3 3 3 3 3 3 3 3 3 3 3 3 3 3 3 3 3 3 3 3 3 3 3 3 3 3 3 3 3 3 3 3 3 3 3 3 3 3 3 3 3 3 3 3 3 3 3 3 3 3 3 3 3 3 3 3 3 3 3 3 3 3 3 3 3 3 3 3 3 3 3 3 3 3 3 3 3 3 3 3 3 3 3 3 3 3 3 3 3 3 3 3 3 3 3 3 3 3 3 3 3 3 3 3 3 3 3 3 3 3 3 3 3 3 3 3 3 3 3 3 3 3 3 3 3 3 3 3 3 3 3 3 3 3 3 3 3 3 3 3 3 3 3 3 3 3 3 3 3 3 3 3 3 3 3 3 3 3 3 3 3 3 3 3 3 3 3 3 3 3 3 3 3 3 3 3 3 3 3 3 3 3 3 3 3 3 3 3 3 3 3 3 3 3 3 3 3 3 3 3 3 3 3 3 3 3 3 3 3 3 3 3 3 3 3 3 3 3 3 3 3 3 3 3 3 3 3 3 3 3 3 3 3 3 3 3 3 3 3 3 3 3 3 3 3 3 3 3 3 3 3 3 3 3 3 3 3 3 3 3 3 3 3 3 3 3 3 3 3 3 3 3 3 3 3 3 3 3 3 3 3 3 3 3 3 3 3 3 3 3 3 3 3 3 3 3 3 3 3 3 3 3 3 3 3 3 3 3 3 3 3 3 3 3 3 3 3 3 3 3 3 3 3 3 3 3 3 3 3 3 3 3 3 3 3 3 3 3 3 3 3 3 3 3 3 3 3 3 3 3 3 3 3 3 3 3 3 3 3 3 3 3 3 3 3 3 3 3 3 3 3 3 3 3 3 3 3 3 3 3 3 3 3 3 3 3 3 3 3 3 3 3 3 3 3 3 3 3 3 3 3 3 3 3 3 3 3 3 3 3 3 3 3 3 3 </DataArray>
</Cells>
</Piece>
</UnstructuredGrid>
</VTKFile>