<?xml version="1.0"?>
<VTKFile type="UnstructuredGrid"  version="0.1"  >
<UnstructuredGrid>
<Piece  NumberOfPoints="4648" NumberOfCells="5186">
<Points>
<DataArray  type="Float64"  NumberOfComponents="3"  format="ascii">0.237822434576351 -0.2112715429267966 0.57105019085973  0.2588657901642518 -0.2137025407697239 0.5416231836556357  0.1553129760516884 -0.2277725000347522 0.5788805081124631  0.5424547606462795 -0.5777610874880028 -0.002982175894762611  0.4132532380861361 -0.5406867699033321 0.02720942573188431  0.5800751902981839 -0.6019334394593004 0.01678587456773306  0.3133374478532821 -0.499522841130645 -0.08217880371704107  0.2393881051844552 -0.4535133996476008 -0.06227013641853189  0.3166247218985527 -0.5358832808784979 -0.1340063658066889  0.253979873716853 -0.4331422689716607 -0.05555208625050308  0.09266595662331954 -0.6007705917591479 0.009268978289923846  0.001279257831821881 -0.5183333194248357 0.002858994233038203  0.1014253881257866 -0.6264624548887937 -0.005367907024452598  -0.0076874336411175 -0.5164210613798321 -0.00306481204230924  -0.6979937343163493 -0.2057733940945357 -0.01102087286232427  -0.6835352216882187 -0.2246891231872143 -0.03885507444041764  -0.7325586409296606 -0.2235655529031406 0.01131880409461162  -0.6166916525708628 -0.2654833312842998 -0.07899156622499386  -0.5712707282584941 -0.2672960775506895 -0.1226552597284993  0.2210536693402627 -0.1206330485315819 0.6085277240994348  0.2176207407303142 -0.1093031900604581 0.6134413764827013  0.2899157779927731 -0.227913477437898 0.5273243515808012  0.2779046188854203 -0.2214286545031544 0.4921665181044245  0.2902079564571116 -0.2280105657013476 0.5272137323199116  0.007491406457425479 -0.3443979161861903 -0.2698701239230184  0.009908029650965655 -0.3255872205899536 -0.26552465919186  0.001991364962611805 -0.3525820169625196 -0.2609862714665272  0.05110849209778643 -0.4021160418385243 -0.2831539562300715  0.001068063430917532 -0.3383188995354124 -0.2510171173314167  0.01121096567196669 -0.323326039248654 -0.2650013179542314  0.009672420265229298 -0.3237434416274451 -0.2671366406240192  0.2134923814186468 0.3523325388505457 0.3841583867392301  0.2240520897008499 0.3531158555095671 0.3847101332118915  0.2079229682635769 0.3478489383277178 0.3832556547778713  0.1989369932995088 0.3553834386499548 0.3772614730810935  0.2731081899586441 0.4002080663192319 0.3227197078336093  0.2446858274906615 0.3611786567312372 0.3983449660693537  0.3000979589506136 0.4005324052353051 0.2674873139430745  0.3042815782530814 0.3926770599114251 0.2737837732201998  0.299610788399599 0.4324648550485117 0.2497727862854751  0.4561409025578587 0.5039248197504202 0.4225108484291913  0.4227502261025098 0.5422059765672108 0.3959344789950408  0.4503097338253147 0.4714766794135195 0.4417381313123329  -0.02157253220887484 0.7486744560983029 -0.3426289025211173  -0.02192364866382067 0.7471208303281682 -0.3438365984226194  0.07795727939102361 0.7790309629795541 -0.2866797059930744  -0.1012356724259527 0.1095651663450261 0.07286073476829782  -0.113660918214579 0.09808488859632249 0.04914300750294024  -0.09054769115806316 0.1071661830064888 0.0739453243683019  -0.5757536332446583 -0.2726326394422013 -0.1429873753920611  -0.6063429435258713 -0.2913037027807735 -0.1612114867912811  -0.5704943174264708 -0.2710077398852653 -0.1398458568996493  -0.6453747670256199 -0.3109178055705277 -0.2026077869374363  0.2824072457466582 0.06873202022571739 0.3157180444328747  0.3095467953163327 0.08985187965928287 0.3139468718786023  0.2709111752637455 0.05504289081245083 0.3207100938021255  0.4247385870012098 -0.3728652785427115 0.3947396904452315  0.3937994256448343 -0.3808988946330567 0.4049946345166475  0.4250202826200757 -0.372771427075799 0.3941451146359771  0.2047654635064157 -0.3698542474686493 0.4232648010769244  0.2198058306389517 -0.3705862113025604 0.4221097980227815  0.1714362405983206 -0.3699739356657977 0.4218087793644574  0.2817361560947692 -0.3479004825187361 0.4271752073783118  0.3207023973320398 -0.3423531906578715 0.4592350528934435  0.2358788551619693 -0.3777279735338752 0.4062136375643436  0.2259983307864101 -0.3318385623564418 0.6077694254671968  0.1316928793278671 -0.2855101806782745 0.590250239220908  0.2679985626113869 -0.366665588087538 0.6243304565440614  -0.01337374069488154 -0.4795419060472069 0.4613065101265756  -0.04808221030139801 -0.4729906317577865 0.489300473358764  0.00756226597214249 -0.4830409628792832 0.4891885591244508  -0.01872997485534378 -0.4830536361268273 0.4503572882174073  0.1745783821335524 -0.3746736412720156 0.411084912429365  0.1671896062812745 -0.3678647885763435 0.4223059105598508  0.2873410397067412 -0.1991912018943064 0.4571502416752762  0.2870086518959161 -0.2029482202283922 0.4595819052641177  0.2504979300495622 -0.1650833280548426 0.4233518648561612  0.06882537892748063 0.5013429905402977 0.3669643486034696  0.06882819581138919 0.4826279189369455 0.3686430757274894  0.1034063664424561 0.5516288845146335 0.3763229864625602  0.7023508381356169 -0.3584897137073434 0.1050623105492081  0.7085488440001992 -0.4108783527010225 0.1121757642736395  0.6635786354480279 -0.2865179174851886 0.06932651150331753  0.4742553648430808 -0.7050660259235348 0.1487176939300569  0.4742269235702905 -0.7046388549012147 0.1490238423850713  0.5054403734682921 -0.7259983488715109 0.1171240632141954  0.5561134876442539 -0.6503088879074418 0.1403418178139637  0.5549273025446687 -0.6501229446717173 0.1409487025864613  0.5751183878057361 -0.6522627808099311 0.1284295390722349  0.3282127674993848 -0.5809094859590135 -0.1385249129214601  0.3270294618504669 -0.5815247350619525 -0.1384630330721972  0.3351191407942277 -0.5772707944091839 -0.1647007727489271  0.2379266722406395 -0.7340552728149246 -0.2038512599043594  0.2396517940894725 -0.7346042996063977 -0.2031427267608283  0.2148990921673077 -0.7147521386752571 -0.2228593386627652  -0.5971490399359075 -0.3325143345444105 0.4418390983268115  -0.5969848594543327 -0.3315614340184305 0.4435427842183777  -0.6557232259989402 -0.3756135097016712 0.4297280348255211  -0.6622571711564049 -0.3264810155728564 0.3085356857219674  -0.6018741831815029 -0.2770628448701461 0.3099385267729843  -0.601111118212021 -0.3143981426523689 0.266657656707669  -0.7163785577328461 -0.3359389507040312 0.3148451517240071  -0.5801295881767085 -0.2810958880595138 0.2855445034148715  -0.6016414433313272 -0.2739392595846678 0.310581049482392  -0.5953822143811114 -0.3991845826033877 0.1342291955540534  -0.6724098483171012 -0.3234419347574271 0.08951323557225344  -0.5952320372285387 -0.3992513998284492 0.134405187347458  -0.7022326686124957 -0.2752018307226716 0.0929766506172218  -0.7182049094846872 -0.3800150843505136 0.07510369438340103  -0.599839982376618 -0.2727555387509067 0.04959410973108873  -0.7500644287542316 -0.3398352856940452 0.2692742162476526  -0.7287106448622354 -0.3788790136886583 0.2216939186781996  -0.7559793445443627 -0.3388130110600923 0.2678711137254026  -0.7395945849685985 -0.2908303734763714 0.08583010894948222  -0.6741642996187327 -0.2426735881897203 0.07511531775119085  -0.7687834968911172 -0.2910397556512793 0.1125721203693358  -0.7338934560985861 -0.3723533162750958 0.07425065983632503  -0.6849161836827028 -0.4008188015254924 0.09299886754262569  -0.748101781823668 -0.3693799777397646 0.08750755857050176  -0.1028810733877897 -0.6798864401710418 0.5593507075976932  -0.0958504026472063 -0.6871793631033543 0.5532674911773351  -0.1239682853801941 -0.6675520106317007 0.5457425454543862  0.02415806144323075 -0.7069934056996788 0.5200558128191877  0.1457769073381636 -0.5901248476419562 -0.07674254247458148  0.1116387778406505 -0.5082713046800468 -0.1552805914043413  0.1436424163747116 -0.6318983316260065 -0.05044288125719574  0.1185773411490189 -0.4934192928634826 -0.1503763357432182  0.1133570283361943 -0.4880593593142888 -0.1483040858457725  0.1393396920093333 -0.5027419468478854 -0.2340476729280123  0.1245654351731388 -0.5262071241955111 -0.2295655055101805  0.1272073185544705 -0.4800748252128342 -0.293437969325653  0.1620290589557393 -0.6071630298477316 -0.214044259572448  -0.106970905819817 -0.1252215752499414 0.6031985487002339  -0.108090011229741 -0.1233963151919564 0.6018457962706342  -0.02826110938625161 -0.1321736518538306 0.5472955974476486  -0.1066039320106237 -0.1266656975092049 0.6286050359414803  -0.1032647092948736 -0.08263878129972499 0.5471878333291819  -0.1105722891577559 -0.1203883462104853 0.6295658922231379  -0.04734417110074883 -0.4730571078922627 0.4959082923308069  -0.1152154542105677 -0.6758060962369603 0.5409248614688726  0.01558207926538017 -0.6825693333282133 0.4726143789708759  -0.1220601288304134 -0.6708638433331688 0.5396420735429186  -0.1432923173611786 -0.2396392456953402 0.6206608308227521  -0.1435548203502297 -0.240268925660409 0.6188463598507808  -0.1415072714185839 -0.2349885709244443 0.6293708736924406  -0.2562936775225944 -0.06677098873444871 0.6579190973090613  -0.2139451513657435 -0.1244341893682766 0.6563071436424632  -0.270495564136374 -0.0538163571130118 0.6611500863407647  -0.2041645076541084 -0.1821612331122985 0.6746528110047528  0.28741084021587 -0.6337004591566385 -0.2761259320872912  0.221418280963409 -0.6865749703167363 -0.2443093210226024  0.3710449052001111 -0.6307610339653552 -0.2653488875427753  0.2593470522941362 -0.6676602300632657 -0.3464262263568866  0.2589412947256634 -0.6680201113339215 -0.3464846999197906  0.3417026917877043 -0.6621080088472334 -0.3304390481410043  0.2584834706801931 -0.6673841556431548 -0.3479450558894778  0.1297226016245331 -0.4761483513835622 -0.3010597656962918  0.1029037799096132 -0.4437797759478576 -0.2912854445105719  0.1276509594612978 -0.4802275443071418 -0.3055347548309225  0.09774132262074547 -0.4391401134237437 -0.2906686909476248  -0.5557247834232732 -0.3833299181762577 0.1203768614247401  -0.5842122513726542 -0.4016839648674185 0.1428704382987855  -0.5469263049029131 -0.3799489134568816 0.1150687624169736  -0.6067362359153816 -0.3144250157220935 0.2435359060526958  -0.6039956252749084 -0.3010575133105893 0.2277090743126069  -0.5911761288483645 -0.2752988197202468 0.2282707593279348  -0.5793728435259626 -0.2793989436023558 0.2852198211068743  -0.1682746318018292 -0.6825092458688371 0.0003747980510349358  -0.1288579207631696 -0.7141303189270874 0.006538609751240182  -0.1907793934851217 -0.6709209948943174 -0.005402009608950445  -0.6051356358111174 -0.4380452834104925 -0.1597302942873726  -0.625143277789411 -0.4438042046922193 -0.1502876674956679  -0.6066827718053569 -0.4519618216218082 -0.1948843972605593  -0.6522864371422574 -0.313951060300694 -0.2542845257017561  -0.648305081960905 -0.3092490549806978 -0.219252235699823  -0.6689357832081231 -0.3143696990662728 -0.274449351522115  -0.7004528219816162 -0.4381791397830984 -0.1227789969504444  0.374520611072632 0.0920463211768294 0.352963777301496  0.3088281371020105 0.1001229805914036 0.3148570945304889  -0.9108331853646643 -0.3401143246069597 0.009681352156876905  -0.8139982746220313 -0.3977202180114254 -0.05792356653978167  -0.9104325961027749 -0.2759695065321521 0.03849198205835459  0.4169689539571617 0.5459920744026261 0.3930663940811536  0.5755450838534187 0.5023885070438892 0.1388748396544619  0.5961045187930488 0.3974309543056032 0.1687552206496842  0.5743350740463392 0.5040013668869805 0.1373467496240144  0.3432071026890026 0.2171371471481672 0.8710527842028157  0.2942955258348558 0.1836207254100357 0.8581804131455805  0.3513676370545211 0.2140147584694855 0.8699458481651103  0.2998289730034053 -0.3464716834568485 0.6369735652036326  0.3014296442017192 -0.3459095884179285 0.6354732127138102  0.2976046426881827 -0.3530499735947688 0.6465785218016661  0.206041911658423 0.1657035683175188 0.9000047183509587  0.01346896183656496 -0.3684919959598623 -0.1524069502115317  0.01473061290042446 -0.368696688307818 -0.1509117882343347  -0.08448127530459459 -0.3945608360575688 -0.1220256569543609  -0.1420940409548021 -0.3322262418507347 -0.2104128960133652  0.009375499149612622 -0.4005177605767117 -0.2454422315629501  0.01584738363990316 -0.4150546516291497 -0.1922354677116692  0.012608577961903 -0.4148255776457822 -0.2290125778640662  0.03341789114963453 -0.4196732833942857 -0.1730457727333438  0.01192301317990469 -0.4123419375247616 -0.2332891853982514  0.1238169838619763 -0.3062182293215926 -0.2609418192651269  -0.0202281957689328 -0.250605808931116 -0.3244488675049058  0.02131723180002592 -0.2923255293467137 -0.1677905897162045  0.01756322592156524 -0.288179630456418 -0.1655010692594573  0.03083451975354244 -0.294743029017095 -0.1562334055428971  0.02408027496656494 -0.289006465976496 -0.1768948269369536  0.03641371931175272 -0.2768856703713121 -0.2361794190598903  0.02394684930434178 -0.2887394665156512 -0.1769527900169975  0.06708799270633975 0.003533003259127362 -0.08998769000787177  0.1053855068864992 0.001081516345764179 -0.08287019651988509  0.06000017119102728 -0.003334771820591532 -0.09908273328037108  0.06047366129391428 0.01944430917538588 -0.0948117260359807  -0.7056370823479199 -0.3627710847309619 -0.3329287229396295  0.2772189896791938 0.3287194496698673 0.4148097018701785  0.8514594128880949 -0.4680162881070656 -0.2078996701246497  0.845545500133301 -0.4701925848737267 -0.2018692480634517  0.3032513914743439 0.8851018188692455 -0.1274013846894134  0.2834819485233023 0.8773627445090935 -0.1237705828117157  0.2674861164088387 0.9044419539822167 -0.1307340664238966  0.2513893466583593 0.730582084967857 -0.2337146731715184  0.2250826378806518 0.710576636915583 -0.2391333478592693  0.3418366275186846 0.7613192858268023 -0.2831728603511728  -0.09009679127836892 0.09044584107870385 0.04783591420261624  -0.107848957622977 0.09128039686035608 0.04107696078875242  -0.077049709176473 0.07400213471458797 0.03814399248162009  0.009258153813021613 0.2248577277240299 -0.04549771778819219  -0.2339239067209803 -0.07417194490870477 0.01544986384773961  -0.2238796753141591 -0.06160667000712053 0.0133025652427268  -0.2686395744340118 -0.1150230009770019 -0.02799751293231188  -0.5603297019306688 -0.2324174691433717 -0.1555155130759677  -0.5595163513350528 -0.2901999897054861 -0.1331717726551094  -0.5692363582784727 -0.2673881565961386 -0.1445621867313467  -0.5417716387739024 -0.3183169262166743 -0.1005875289563023  -0.55197773552364 -0.2104747165089288 -0.1698745150769759  -0.551458905337871 -0.2448719695392992 -0.1842394872265649  -0.5511702911914916 -0.2447139546304644 -0.1846881545179624  -0.5655631068287423 -0.3977611841407846 -0.04800618457153415  -0.6557931592113122 -0.4341244343718869 -0.02123739803026739  -0.5562627908388464 -0.4122928009639712 -0.06362995973148844  -0.5398994680608979 -0.3817395740584443 0.03732785234668343  -0.5379112783232334 -0.3779990963600735 0.08484398832265473  -0.5396708598985887 -0.4175025745784823 -0.04409161634027272  -0.5522577215219977 -0.2968599420462252 -0.08352042547603236  -0.474371367054055 -0.3293098564667918 -0.08887946386159248  0.5653681073173167 -0.7120785712857439 -0.1869818475512969  0.5542662329389966 -0.709722060012126 -0.2036729624615937  0.5362917292924064 -0.7551559886075082 -0.1069947771183503  0.4482162975569622 -0.3301608007196419 -0.1994328177440499  0.3979364194726567 -0.3515677837942244 -0.1682556352613697  0.4521672460813057 -0.3308361171905357 -0.2068757688032557  0.4325847719096139 -0.3022725853409303 -0.168218372731189  0.6324893178590844 0.1398788438226464 0.08698185910857806  0.6156996644562129 0.1225754635610455 0.07649717256512252  0.6551082666285423 0.1406646263774797 0.128794408753529  0.6061305516285315 0.1161579611809038 0.07117971751747372  0.5992299129614046 0.1081055393386149 0.04664899821230838  0.6023879634067908 0.09180586905729129 0.06748942853767632  0.600374328037092 0.08640214966079288 0.07048399106428016  0.6118767009487824 0.1031899945081682 -0.02728854132783874  0.5839448894168422 0.1126951998199924 0.02236848353558291  0.6990397326545197 0.1428197757676684 -0.09262720194190338  0.7088091845317693 -0.4146565126928642 0.1198440273100059  0.3913593296033996 -0.3581536649480854 -0.1721953180149626  0.2777062384227013 -0.3096273494605651 -0.1540903462480371  0.1221055029291354 -0.0125162529206396 0.01157698734039425  0.1048156013971041 -0.02605526743944137 0.01662797680617033  0.2168970402155435 -0.02150823997864384 0.03240159312723824  0.08406239350223366 -0.02938834584516631 0.02985795215287933  0.1221440069119275 0.01285309461671343 -0.0827368682945428  0.1157621664890952 -0.01677664735426226 -0.09920727176328861  0.1313638484547404 -0.0966437670468505 0.06214492420530073  0.1308512163765767 -0.09669282732316628 0.06244396774075456  0.153041709314898 -0.1352475867531977 0.03256116743944633  -0.07335059757016682 -0.06533610290661696 -0.008140891603328315  0.007282625876793639 -0.05356809855119954 -0.07679178877020293  -0.07351348793560038 -0.06091492026068991 0.01328039892892884  0.002127484760099919 -0.2507550051632484 -0.1123735865141213  -0.04582384916256133 -0.2483935036680328 -0.00848253377185957  -0.002348566481572462 -0.2488175702415836 -0.1160918697037021  0.006990564289899678 -0.2564910009405742 -0.1161230301180882  -0.0448272007849164 -0.2751901599274755 0.02238504445633946  -0.04479300162969545 -0.2473587096472106 -0.007037531542275238  -0.1023061206936414 -0.2218277989283316 -0.0719493621813275  -0.03505211197298808 -0.04005727092874575 0.05352526782688759  -0.03342686845501584 -0.03786853963836058 0.05427549653629687  -0.02033515833984022 -0.03581843337827202 0.05100695263715221  -0.03660000938853322 -0.04206030864854224 0.05401732014996741  -0.03968862566361456 -0.04198521594779402 0.051481658536693  0.279854749574318 -0.1228339637478712 0.07106935834159404  0.2489654397891101 -0.06882513619950652 0.08239064425248116  0.2852479536579177 -0.122857643551008 0.06700146984747961  0.2982868209736688 -0.1487733706211612 0.09129409465574165  0.2589487394361073 -0.04871285777029604 0.07037941964850725  0.8691369648752478 0.09317384229782914 0.3688886805014631  0.8637428729852524 0.09710140673168124 0.3752622761527924  0.8557449234960062 0.08542424428541914 0.3749148820277025  0.9048344176925882 0.06872014934074261 0.3530690559448165  0.9121835210671102 0.1025198449056961 0.3133300624585043  -0.5743111963682191 -0.4509614336888496 0.5994980527225603  -0.5742393675116794 -0.4509639075279233 0.5994865666323657  -0.6548270813535886 -0.4017606160901601 0.546079773548571  -0.5873662165584003 -0.273253636743977 0.2250124646162446  -0.1791872475264049 -0.05173647473060436 0.7588020378795445  -0.1759798144230556 -0.07803287481236076 0.7674419276077845  -0.1782299268671615 -0.03249257005320903 0.7264054105935409  -0.0134634305015479 -0.1855729849563066 0.5173754571188633  0.1900640411899863 0.001057772077878997 0.3636446965073185  0.1916173785239179 0.03430562538195261 0.3687824556698394  0.1858941486855958 -0.01232907093043516 0.371015378787189  0.2939881887286091 -0.08324165135815037 0.3027957462493784  0.3156344802929837 -0.08032619322056059 0.2961492370472722  0.2399982622096811 -0.08934414008773153 0.3622346811953787  0.1309256225360494 -0.2823263073952607 0.590387074194157  0.5851902939254403 -0.2912326267657316 0.448169092377148  0.5439392434522177 -0.2516937318270399 0.4347275630775854  0.5966285403056746 -0.2985202182471144 0.4344855202083009  0.4635137310349105 -0.2598502195254315 0.4278697243864456  0.4600927398483532 -0.257187817459393 0.4346831797160935  0.5106679507715088 -0.2457417349213806 0.4297736732227739  0.191471274811824 -0.4491001235576281 0.03820982457570667  0.1914794223768245 -0.4489763539325199 0.03828518534517071  0.2007177719764684 -0.4407124227536487 0.03469765549126055  0.07355591178880033 -0.4022899886087736 0.002976841324068738  0.1914974202469576 -0.4507539472375234 0.04153985739866772  0.4107472741587957 -0.5399134112509062 0.01573937656605805  0.4104711032417145 -0.5401756482357956 0.0155838073415743  0.4091051460140364 -0.5351655061425417 0.01479647890390055  0.4402549259151481 -0.5482786861894211 -0.01379788800513505  0.410275543602901 -0.5355196819864233 0.0154599261519284  0.4586899454607166 -0.4000564588476693 0.3174216076306305  0.4445991742840036 -0.3800796980587904 0.3270346372101937  0.4669300692106849 -0.4689805982999451 0.289330275084544  0.3730294145820719 -0.4483859555386258 0.4484381371065622  0.400257421762984 -0.5301196390607552 0.4916983808564546  0.3552758250968314 -0.3867084496276377 0.4392183141043382  0.3672328753873854 -0.3772096994873511 0.4256073593437061  0.3709236591407418 -0.4585560716460327 0.4485941528252051  0.2833420619986449 -0.4467169540971225 0.4240088408671309  0.3991971901110672 -0.5308618449099385 0.4908472509461502  0.2814013017128727 -0.3557207655427554 0.4169799313494461  0.3458353233345342 -0.3734113388790283 0.4357091865175651  0.2289064560320868 -0.3810073574714114 0.3984061830507165  0.3349013440094101 -0.5559993787422258 0.4897497912738986  0.3239322278804553 -0.5756919836361469 0.4806809431983001  0.3456969205601817 -0.5853797247350179 0.4705604662813275  0.3122887006514644 -0.5820695712981924 0.4874472737658304  0.4038112639385081 -0.5472646677903317 0.4804284036803828  0.4044799855684605 -0.5500923932679219 0.4772239904438513  0.4074531232038734 -0.5327477895660185 0.4919607860869511  0.4004582119519073 -0.5233448784725516 0.5087245841543033  0.4141019305468179 -0.5293839166530314 0.5065982049694296  0.4913744560482025 -0.5049137114857751 0.4605865676437552  0.380342928455973 -0.5176628780986603 0.3143660689935054  0.3713285119684654 -0.5186131285408441 0.3134683831078515  0.3932286771171565 -0.5220127273078984 0.308073543123899  0.379553694172088 -0.5188237325021078 0.3178086548790328  0.2674036211724286 -0.500508312085413 0.2934381203721643  0.3943878889877787 -0.5497949346032226 0.3661778079071586  0.55835523906938 -0.5334893591651876 0.2044338805764168  0.558022829900477 -0.531063299703172 0.2055545700669593  0.4778004619528554 -0.6112998033009476 0.123336398465983  0.401388971738213 -0.5507094243750787 0.2696591907592251  0.4087976212274199 -0.542822921021452 0.2798271921709978  0.3975503678798866 -0.5514329953005203 0.2688536609272119  0.4866474690319852 -0.7154383778953104 0.2386532174152012  0.494037483671575 -0.7283340589522893 0.2546065995542831  0.44851968866217 -0.7332571466900437 0.2052224948089713  0.4253660290776585 -0.6333956908683694 0.1248709718154616  0.3845124586917744 -0.6016947838588683 0.08154127658412344  0.3655916868285121 -0.6705772789141318 0.2013457774318544  0.4344515959204836 -0.6202495998278506 0.1220094215641184  0.444530214749679 -0.7339734473272412 0.196279816469271  0.445407491233116 -0.7445421479347443 0.1883308222845759  0.4500657399616675 -0.7729493219357416 0.1880744106314312  0.4015683413523849 -0.7119793134924017 0.2097032578157554  0.3910557488506726 -0.7073873576026585 0.2123888294277319  0.3913038317449388 -0.7058911896316094 0.2121998889511847  0.4386044741947204 -0.7312506215187548 0.2035421050589569  0.1246305380550764 -0.5722617913046206 0.1168447193158157  0.1148185825264791 -0.5662708635943867 0.1240159952731903  0.1472251767697255 -0.5890528728666364 0.1433419600925313  0.0901090989586758 -0.6080112287134772 0.03197356811642479  0.02641652616150346 -0.5706255817057337 0.07561182836673991  0.09378332199706532 -0.6211352133417543 0.0287692450837613  0.2551855289333141 -0.7666195624684249 0.05276391196386798  0.2649469424010515 -0.7736386260969454 0.0463883919840634  0.2602737348410087 -0.668617951937461 0.09407697154491335  0.3136602318227995 -0.6035435800785949 0.08556665962730522  0.2463350446547358 -0.5324859475784693 0.1065036779342624  0.3101073699194994 -0.6105700460418111 0.09485418323926799  0.3824125944016854 -0.5897483934975802 0.07292979211166606  0.3546760729477632 -0.6030955319073446 0.09099345658094513  0.4057023903843226 -0.7123369806641088 0.02581146430974259  0.390321354379386 -0.5804840674077326 0.07178730445452941  0.3305732962815094 -0.6138301138767259 0.1147029883925179  0.317678871379264 -0.6128710823246311 0.0991846431756031  0.2920435513816316 -0.2868537496230416 0.449904682903405  0.2789112425821628 -0.2470510240570652 0.4658797351930068  0.3582805652986338 -0.1920387835341306 0.5397156270701614  0.2898376585128253 -0.2001084272407208 0.4567311965478774  0.3013295719667761 -0.1990846424931563 0.444607127770297  0.2740445439975576 -0.2271545786069619 0.4720662311576301  0.324900844376491 -0.3443392484726502 0.4593918563338716  0.4384016317388739 -0.295383874574621 0.4434160167216601  0.3762352046340008 -0.168249549185418 0.4387946340846275  0.4108578879078028 -0.07775589445167091 0.395050423358108  0.225181583172831 -0.131155537218825 0.4108680974777704  0.6511849278428556 0.2961314283234173 0.3628670665932159  0.6057652567415728 0.2963318455656706 0.3595781583025368  0.6556593477543728 0.2861954859745531 0.3617119519882053  -0.4280202688329717 -0.5418207131208749 -0.1488062845994949  -0.4388273306232018 -0.5446593392800584 -0.1505615104119434  -0.383522483764315 -0.5147192454806477 -0.1423684878158602  -0.4672665918147815 -0.5164100401587399 -0.1570095853258053  0.4996615782344118 -0.7931774419781948 0.1355227924928643  0.5560091930419322 -0.66763932620643 0.4232891940111027  0.5295563552256558 -0.6654622917195573 0.417737265911167  0.5211212980498269 -0.6091296328136526 0.4018669611502225  0.3290684682734978 -0.7472689421201492 -0.1790133768361666  0.3694771023053945 -0.7730649445230825 -0.1834408254290664  -0.5962313787478108 -0.3329670634269826 0.4415198979079423  -0.5111368026795882 -0.3613066234686034 0.3776248048902596  -0.6012573300645182 -0.3191138909953226 0.4739458349922007  -0.5936244445046437 -0.3070308513720505 0.4733871902293026  -0.6533892234447904 -0.3429073018113579 0.4923949074628253  -0.4833706531506721 -0.2490003580906831 0.5101654622771038  -0.447855472690134 -0.2566861291120529 0.532166910465826  -0.4858232313729003 -0.2466027732506816 0.5100732871688705  -0.4001820121549224 -0.2902414118698113 0.4884647459972548  -0.5880960692412651 -0.3968512016904399 0.1526238167783235  -0.5779460502896859 -0.4126177562092275 0.1486493176779483  -0.5511835550989587 -0.4092952648854201 0.137491502225691  -0.5874688017435905 -0.3973838391236928 0.1493481561059268  -0.5955784866852794 -0.3992721466707875 0.1341488758968971  -0.8098118514017872 -0.4642969432024595 0.2148472252786923  -0.8387471402812064 -0.4639323405488745 0.2543854691631151  -0.8480756835659911 -0.4626897963736045 0.1378383399604811  -0.7322754052602423 -0.5442324601376106 0.2135908462777256  -0.8294087820902231 -0.4237369175168594 0.07290074893629732  -0.75892671917962 -0.3381804570734535 0.2724959139838009  -0.7855896110454388 -0.282378014097158 0.1157660375816067  -0.02236141110123206 0.7470229639104843 -0.3445963549095139  -0.1229562207684657 -0.1051680254632625 0.04284119180410594  -0.1539261768569631 -0.1267678196317504 0.07488745850028296  -0.1178121796746542 -0.1031492546022267 0.04307080774098975  -0.1595048830185889 -0.2632641284056053 -0.0267275441324821  -0.15976847728704 -0.2630280217263435 -0.02611470291507285  -0.1498176438196454 -0.2622939809249676 -0.04143723572156574  -0.1054817779160079 -0.154798983903759 -0.05098202152241837  -0.09483287199566963 -0.1485775548807968 -0.03729809959578156  -0.2187899590717297 -0.1579465913790788 -0.0740673007394196  -0.09625521721161936 -0.1739674922216943 -0.05558444411520916  -0.0883729416468773 -0.1406210728818666 -0.02890519919762496  -0.1008376041047865 -0.1819478402799756 -0.06502685942822869  -0.09160438513144517 -0.1974143552395556 -0.1255609762688126  0.09883077442012927 -0.5298931613249297 -0.2776862904278564  0.09868132410403586 -0.5306184649777244 -0.2834921464232729  0.09670991954668766 -0.531612029649939 -0.2765029039097047  0.1154314994078004 -0.5580113735242777 -0.3096807285618298  0.2015474547611928 -0.6602348677909453 -0.2038593402812524  -0.07053113536276648 -0.5282521363080547 0.03236898789436443  -0.07734045722903696 -0.5234685999938031 0.03639301735764722  -0.03251120744547906 -0.5188739060805917 0.0041601253555094  0.04143319635551949 -0.4178646899439938 -0.002617723194181534  0.0723796242729048 -0.4020697405117863 0.003075104412556512  0.01606649360431416 -0.3916916506355116 -0.01695422571714431  0.07331005371200594 -0.400777640345316 0.003044257084726817  0.07331676006347937 -0.3851192447859499 -0.0008242641879330978  0.03827267741517194 -0.4354606884380838 0.0789259865283712  0.006947410515337996 -0.404681605990414 -0.02439247866099105  0.06216209565095561 -0.4278707279510005 -0.1759275435113166  0.03819444336159313 -0.3346352069155683 -0.1351759818856619  -0.1591618043609032 -0.1268175381779399 0.07407792463117352  -0.3523574565756243 -0.2663315501408937 0.0850339431142398  -0.29742831536952 -0.2642353022277486 0.1151877657266838  -0.3567715700189779 -0.2625184560022218 0.08978080703965696  -0.3429626262139657 -0.2298746341350356 0.1551977923678459  -0.273170893234483 -0.2607386159289475 0.1215899703292118  -0.234811656225682 -0.3708934130499805 0.1063613890072995  -0.1880022212077936 -0.3445194842380697 0.1230168917828767  -0.2510008220106615 -0.3870765217171377 0.09130786758278801  0.01529262777311705 -0.4509135602951622 0.4487942181275487  0.127977566150919 -0.3749552261115039 0.4550885364234731  -0.005063472009635223 -0.4686237713740031 0.4387408168750151  0.156076915228782 -0.367050223020524 0.4319874739186401  -0.09179841471472933 -0.3070401490685525 0.0305543805186199  -0.09369672053049585 -0.08068197749381525 0.5369068054150847  -0.1350423613537858 -0.09708027372195047 0.5405194502486842  -0.1801996000657945 -0.09463437006353986 0.5358218910438285  -0.1338103293059354 -0.09757356284403418 0.5353659148033357  -0.21085441042144 -0.09372015596606323 0.5233936775752122  -0.09055544781704881 -0.3122606716245578 0.5006239552862851  -0.0451551627995065 -0.303019388692141 0.5400840747092169  -0.1007357806553048 -0.3134498095236578 0.4979932051705772  -0.1390136168837272 -0.2203426220221577 0.438414292919771  -0.1985500156420998 -0.2631610381178986 0.441291382298228  -0.1248302179256501 -0.1945462057697064 0.4090142287385346  -0.02233799374605397 -0.2793371710721445 0.5304038682042819  -0.1072394084609943 -0.2918962598695261 0.6158285022400379  -0.5717938860339734 -0.4510869462845776 0.6010652655556498  -0.4971401475702983 -0.4270534900692809 0.6042376094397313  -0.5539018113100111 -0.4476282305413621 0.605553878893384  -0.4622426192373463 -0.4349045978950019 0.5812904178922847  0.02174228588951467 -0.6852653382527125 0.4745446007480011  0.02118464190697675 -0.6695100742953924 0.2949152432076116  0.006168113050878135 -0.6442530285852643 0.2975427336230453  0.03225156892892117 -0.6643107162837355 0.2860666112285328  0.1499211096021294 -0.469291409136109 0.5359049562635523  0.1051064769015392 -0.4446007369450712 0.5360632470952466  0.1705233818409625 -0.4864726694869602 0.564244137004434  0.03478326487099476 -0.5752366024997645 0.4495486101974582  0.1453360865918179 -0.5732396543019256 0.4813810030072158  -0.001889207122827568 -0.5564502923772841 0.4116689118743399  -0.2079849036541541 -0.4126136621890757 0.6750366833897057  -0.1556834025800974 -0.3864963946968742 0.6810309102445576  -0.2275327267669106 -0.446901826798639 0.6870994071277953  -0.3347150539314695 -0.08699373107294729 0.6750831653776501  -0.3387488408319744 -0.09180323168103528 0.6742208057090985  -0.2913202091415747 -0.0546039530200778 0.6616294539219976  -0.3619344738035039 -0.1458925167704989 0.6381987658869703  -0.1360349623434532 -0.6665393818278661 -0.01503045889089594  -0.1108197906729477 -0.659848583769851 -0.04825861520047522  -0.1895947916498206 -0.6668085662090742 -0.008531402424917081  -0.08549631009202564 -0.6836862289623745 -0.05968379407757768  -0.02314537143742794 -0.7830984316636109 0.2824568816534762  0.01023894314724999 -0.81726883010339 0.2589938324054095  -0.05510767222268882 -0.8141174454527651 0.3430392621521983  -0.1473129769708864 -0.6366726849092739 -0.1511899525287079  -0.1488999673799392 -0.6216305243997532 -0.1618046878231063  -0.1272980065979046 -0.655527494174327 -0.160371812307889  0.5187416832287448 -0.6085656882563861 -0.07197413202509657  0.5491114104237436 -0.6323984953835198 -0.06131947080820184  0.5079779693510059 -0.5811094909029086 -0.05240971494132025  0.1516966020997535 -0.4741847441055954 -0.315367869397385  0.1806454418095237 -0.6547956153360168 -0.3501984539930144  -0.7942280065578901 -0.2565738430799251 0.4975296504095923  -0.7841456640285137 -0.2503326109373672 0.5192373522343545  -0.8102457496599323 -0.2637491699165948 0.4884052205024456  -0.7141120454506579 -0.2811335330384866 0.5187291822986201  -0.54310547785386 -0.409071643668605 0.1337932037013796  -0.3390496471794007 -0.5021724758020355 -0.1974751908980273  -0.296047093597372 -0.5164684589525926 -0.1824694160064998  -0.1517905797143737 -0.3269982358956371 -0.187498990300214  -0.5091798854250736 -0.4139541945212515 0.1376213193830548  -0.5394288079160512 -0.377961412188655 0.09592052645071053  -0.3161080791469147 -0.2017461808797795 -0.05257843989764444  -0.3254863973719369 -0.2037405271453487 -0.0569211340920505  -0.3066308449409789 -0.1852380738654064 -0.05418866375899539  -0.8062070118173968 -0.409684760888372 -0.05221009299663888  -0.1104999758955944 -0.06397132167579009 -0.4386201234498395  -0.2966139019015207 -0.04135202796236102 -0.4650939821823216  -0.1028449542082201 -0.06104314518057465 -0.4389417562237239  -0.5107435145420556 -0.4973344986637009 -0.1255214770174778  -0.6070588288023825 -0.453760863844545 -0.2006075340730412  -0.6052861085307224 -0.4531679396655218 -0.2048658148671369  -0.4198752065887635 -0.4277285220317039 -0.2048799388710939  -0.4202244885560149 -0.4255043969851112 -0.202332440907385  -0.4207104991950497 -0.4276326030687606 -0.2083725213133576  -0.4304667559294241 -0.4302223081640808 -0.1484114439540332  -0.6645920993060993 -0.5856351229103312 0.1446998235916341  -0.6595507185902195 -0.5938525785993832 0.1369197928368875  -0.6763319671563059 -0.5907738833113915 0.1625725088585099  -0.6344360852419362 -0.5884144275364317 0.1335140757007159  -0.1088221324324903 0.6990806423961924 -0.3776190165425942  0.5265170616386461 0.5330446624777371 -0.1354485119860342  0.5569031776155209 0.5305237210881483 -0.1376533543315923  0.4855167988799898 0.5732741229132755 -0.08975538651666037  0.5577303722508167 0.3907411663169624 -0.1624986368368346  0.5624641369315575 0.4057527808057911 -0.1412857060962047  0.5696479280389229 0.3955326077002205 -0.1648108517020882  0.5814548188422398 0.4149193954746748 -0.1423846671704563  0.5268731154627615 0.3807808402393106 -0.1085049539686885  0.5428936423682369 0.1960078701608534 -0.1691313761480327  0.5498938129726008 0.1959129436003425 -0.1737940369157452  0.5244673507866618 0.178440859767627 -0.1753366528438177  0.5383255266101039 0.1790682360460306 -0.183721698079394  0.5725849848300283 0.2378839043246449 -0.1969925459985529  0.6928096785852972 0.6368642867988031 -0.1406858206008545  0.6738205829676961 0.6214959760005252 -0.1088072256847775  0.6836758031030863 0.6512658056025686 -0.1878994139021665  0.6027196393102907 0.5974792721839127 -0.08566521980578869  0.5841369952069758 0.567810815868196 -0.09375796903998598  0.6175207115835235 0.5978245598025618 -0.07712510070227421  0.6005003950985748 0.5585832615934047 -0.0834521642940429  0.4880038105580326 0.5743374995773085 -0.08846306371287828  0.6297931029269147 0.6004452456162541 -0.07674363063823983  0.5893672019579002 0.4640711625518974 -0.1416650673262695  0.354329376113971 -0.09065863811813743 0.2798473720968714  0.2112324082596675 -0.04107826188374785 0.1986488592227334  0.2195589423454781 -0.04058653204121845 0.1613554912968963  0.2039028710340453 -0.043037269192544 0.1963173287898181  0.2450956946774311 -0.04613195268840015 0.1347503661172765  0.6263933733793737 0.5237928793814061 0.05833229318971626  0.6245287086338231 0.5187847495325006 0.05003105179638223  0.5962114552402515 0.5268241038902732 0.1080233112942319  0.1874789059313307 -0.6551425674529916 -0.3532455089080163  0.2584323250745859 -0.6676634176827311 -0.3476394333203195  0.2169071444092096 -0.6871383663644806 -0.2389884660239543  0.2132431130929598 -0.6894090656621706 -0.2338519378141907  -0.6795156519438013 -0.4151891032241525 0.3453052457883428  -0.6867344714152243 -0.4078370974484652 0.3489329542994933  -0.6250226303301428 -0.4660728311971561 0.3260168971092003  -0.8387391998433699 -0.4640274987431561 0.2545006580738832  -0.8297380776850278 -0.4496379856552201 0.2731785985005805  -0.8313611089706094 -0.4374875779645082 0.03042590567804914  -0.8107637728122021 -0.4213155962196352 -0.06103886735797226  -0.7341840534581886 -0.3924871376382796 0.04892355125218721  -0.7210627039259315 -0.3984686347557573 0.05016946832296786  -0.8044294289651088 -0.4278676777997455 0.05098410698135823  -0.6898568416447292 -0.4058128930722625 -0.01392861409121564  -0.5717517753737895 -0.3068614755938435 -0.05238387806069171  -0.6488904563142447 -0.4583924468219356 -0.05354880427541418  -0.6033904837670901 -0.4604065595924292 -0.07761999868477007  -0.7011768391423239 -0.4440295753742732 -0.09073483304235277  -0.3650850895937817 -0.6138595481735817 0.03892357362281374  -0.4522127411717301 -0.6396194655880045 0.05095930575993873  -0.3132473849593019 -0.6547249421920746 0.02568333353707361  -0.4621106005776746 -0.6406923214779358 0.0716374991868742  -0.4812947884600071 -0.6263511258102886 0.07795444997226872  -0.4024572505644265 -0.5272561303017225 0.1458744162139731  -0.4003209472637502 -0.5219997232882533 0.14293794530621  -0.4046480098237953 -0.5387693613132185 0.1607650511269639  0.2629951650849069 0.3450995325110926 0.1268501216988914  0.2617258236331127 0.3333670465042213 0.1033126974314929  0.2315113759120999 0.3395006000577544 0.1302134857308638  0.2822602339764803 0.3993103499907986 0.1351385175846711  0.2621068985942102 0.3272392331106927 0.08319137373455587  0.4202133678840735 0.347241661027886 -0.01381007491360061  0.4066942802771994 0.3350790471932575 -0.02457809403052677  0.4630525983639144 0.3708423861949871 0.07918499804583234  0.4362152357012907 0.3358536193188167 -0.02789859150651485  0.6077285379873171 0.2502128676055645 0.1604630771180627  0.6086991312505008 0.2273545223160469 0.1653159098188211  0.6031266393603349 0.2558723209925181 0.1519952846389232  0.5972357258882545 0.3981599012955413 0.169181024907574  0.8592829631283948 0.1015420407828115 0.4009776412323767  0.8720159920699173 0.1464441919421403 0.3590978477697516  0.7817408315472438 0.01896469350572742 0.3532593359529885  0.77971913306653 -0.009601204175757327 0.4094008842007638  0.7765060138445902 0.02013665543419013 0.3491232032032361  0.6941754300878088 -0.1568796010434359 0.4152717945437197  0.6760696381988099 -0.1887841194150831 0.400390871688472  0.7000911017508973 -0.1437353478550853 0.4139646888362842  0.3426548866297459 -0.3517110607891235 0.5657118366492907  0.3778631477919221 0.2447620028379627 0.7947528860551706  0.1064902019948253 -0.1063421929617562 0.6506490831357105  0.1072090646805125 -0.1067231752578812 0.6463679548248115  0.09639602296449841 -0.07696165998104225 0.6528133849331836  0.1237044684464692 -0.106715853887505 0.6305131035602162  0.08125001224051151 -0.1502247341590245 0.6480918685695655  0.1291494049063824 -0.1062372329749723 0.6297633537193054  0.4219757818909331 -0.1720057340744839 0.5237513009078045  0.3817076726500738 -0.1935127077851827 0.5570592480689548  0.4525568916151155 -0.1851736371310978 0.4978741701166389  0.03644883089217981 -0.2770393299946867 -0.2376502632065695  0.04304133542065108 -0.2760360637214504 -0.2374115466685581  0.01825071711422554 -0.2557913206708048 -0.2680035521125948  0.08215389164941667 -0.2648660527212803 -0.2424463115723898  0.2791775576571737 -0.2710700485397076 -0.3290992243155245  0.2411379589506299 -0.2739735823819853 -0.3022527940460545  0.2988259973214085 -0.2473837642269596 -0.3319022618468446  -0.07754377810065834 -0.3760929579381834 -0.3514607443286525  -0.1157757793985451 -0.3922546214525693 -0.323623413188543  -0.0475651392163844 -0.3540869300412399 -0.4073269977357112  -0.1453249990449381 -0.3861739943094038 -0.3030896262898852  -0.2112877230916747 -0.3071193580801438 -0.2607125389504937  0.0240206593138574 -0.04662724334245662 -0.06950579739558352  0.05302056415185546 -0.01080088938511117 -0.1017204943544399  -0.005006911959630989 -0.09933107054752331 -0.08010038036230813  -0.0746207034393024 -0.1445396700753959 -0.03180921439699327  -0.3172999217446427 -0.2749946772669567 -0.2273330011707009  -0.331404950958481 -0.2899254870411381 -0.1712074406974108  -0.3321969321416476 -0.2778288326903635 -0.2457149528355816  -0.2717964726756318 -0.2942060360927731 -0.2579106834121789  -0.314371138858245 0.1537741589362644 0.03128382831216722  -0.3129326133854363 0.1582467727226914 0.03504980107526054  -0.3178325903850618 0.1642289124249954 0.03379516528698871  -0.3079467917396655 0.138369271534324 0.02332675181070071  -0.2946855988586208 0.2189408201750568 0.2255806537313519  -0.3488940201768825 0.2125368175737345 0.04910824016180104  -0.3339814962966433 0.2298559231846711 0.03162091825149761  -0.3632137862464297 0.2099824732760702 0.05222787825486762  -0.2685856835271871 0.3399970579135431 0.05647861096426381  0.2998701667193024 0.3255934804356809 0.413007590369097  0.3244711178236608 0.3043959200810991 0.4808475667986882  0.606577948346019 0.2237047413254618 0.1622987453337941  0.7073014208464758 0.1809960960271422 0.1896072854549143  0.5382355593448692 0.2029609739397506 0.213662785048874  0.588597695608976 0.2251927534118443 0.1321335030718184  0.1079839695394233 0.2668605896691647 0.4472513648762976  0.1576529700865981 0.3771601553980382 0.3382036236050796  0.1395446781603622 0.08208497319554317 0.309372185172578  0.3268687609175741 0.3026231385138095 0.4808953886829272  0.2979947996924094 0.2820843425181282 0.4988614853045715  0.3578576423349476 0.3024888727562991 0.487525660401827  0.2799813612309507 0.2562830386858946 0.5252450381452574  0.2231738124676779 0.3672368082370415 -0.09697636907362585  0.2311395815927363 0.3340038472005806 -0.09738057173920681  0.1949272613545488 0.400190298791517 -0.08918678142918844  0.2651725534620292 0.3759787790914228 -0.08411074953811715  0.1773098963449878 0.4810553654171191 0.1176649821889959  0.2066054461089395 0.5005144281548419 0.1271039006245298  0.1546239941479641 0.4618283591499062 0.100633957426217  0.7334460670830205 -0.4216154302434993 -0.08343596546237476  0.6821991083550977 -0.4607480749608395 -0.05101284798670368  0.7359434687359968 -0.4187645013810254 -0.08798594536611307  0.6667916870504752 -0.4546432730206557 -0.04678099642337467  0.6828703639012003 -0.4611863220057442 -0.05090141811018939  0.7286370517747036 -0.0009529839842744858 -0.003098388328970005  0.7501766392945874 0.01883003045737494 -0.06653826702991546  0.7276077159677129 -0.0004306866574593417 -0.0008489048832193216  0.5686717588545753 -0.5079185591557835 0.2046012670076346  0.5614146327853176 -0.5157208459027059 0.2080126592815728  0.6413298207641587 -0.5242924155604095 0.1377067405434185  0.2178389614356935 0.6862296937886416 -0.2271105995895467  0.2466421254420476 0.6835818021308506 -0.20356400167644  0.2111578076980681 0.6906790036026872 -0.2353237870465871  0.1798698215963623 0.6920729261503874 -0.1908869564395994  0.2048288351036505 0.5371693798148643 -0.2940586604044106  0.1774799718572238 0.5221372121817711 -0.278075248649803  0.2062527509448929 0.5393258183804258 -0.2941691198049162  0.2842537434918871 0.8640622797678568 -0.1278020879653385  0.2780339516467837 0.8305719332968827 -0.1178857875137244  0.2287045859569725 0.8687419105424055 -0.1845238225854578  0.259742391679849 0.9110863482507889 -0.1364592944051522  0.2064730481652914 0.8411693611811274 -0.2832645689735772  0.08699927681074869 0.7734723361296082 -0.2874054241624098  0.1053130492738373 0.1169339586534457 0.3004108613458261  0.1907125152950917 0.1093727451244157 0.1506724366016304  0.1718848908701641 0.0303313631965541 0.1774551932329324  0.1893915826789549 0.1106029888187007 0.1502286302649961  0.05884193526436403 0.10792094064172 0.2717302736192927  0.07062721645592031 0.05541146704785598 0.2629364057872051  0.05887524456053273 0.109178273183153 0.2721176196336271  -0.6872923464413268 -0.1483359789077509 0.2204038489306481  -0.6433610015784343 -0.1205588387316785 0.192029133018819  -0.7351217797028768 -0.1394975750434022 0.2408707729096246  -0.6288708427651502 -0.1292877967120726 0.1309982623742168  -0.7791082034383238 -0.246813095790965 0.5337967322521697  -0.1927376994619504 0.1372986670136646 -0.0009932883553479058  -0.120606945522705 0.1045554203565552 0.02960253235699862  -0.1860892935085566 0.1480786205463184 -0.008494003924420714  -0.2430923635359415 0.1310714362000081 -0.0439197958157206  -0.1005093757301808 0.07361156836365149 0.02782898856214827  -0.07696201225588076 0.07379863252969114 0.03799274971618738  -0.1006445860782082 0.07300013487943821 0.02775695963523199  -0.1168479089256605 0.1004406188167771 0.02941111417312052  -0.1120945151433519 0.1915890325104337 -0.05494736112287894  -0.4528480343601937 -0.06902016230184851 0.1203115570230841  -0.342287281703684 -0.05413356622494624 0.09826166583213047  -0.4710680162786628 -0.0651126487466423 0.1033589942693073  -0.363738342435997 -0.2612123497834035 0.09548548146088055  -0.3446293580302512 -0.2292796957947542 0.1571776891079101  -0.3572044828215287 -0.2126943658051414 -0.04047045238883243  -0.3438164272389538 -0.2124015539646154 -0.04757377200292348  -0.4094372546997305 -0.1953113496338192 -0.01190941461249844  -0.4157932836146898 -0.03573146015795672 -0.08419312236358967  -0.401273336592156 -0.04195995399946283 -0.07927808126617777  -0.420370663167595 -0.03510886115384889 -0.07599518380794221  -0.3331248057293403 -0.2081725250242801 -0.05306359937681934  -0.6885714963893754 -0.1986499667625071 0.01642721717035522  -0.6863038589304482 -0.1977727020635253 0.01068349520215436  -0.6655317581520979 -0.2155129569588286 0.05044924731482769  -0.7311598575380458 -0.2225306693717347 0.01505979547055331  -0.6305317831109221 -0.2151115878646592 0.008885809190282394  -0.6849930553729451 -0.1911155990300715 0.008861550779184331  -0.6202124104321213 -0.1292028594853558 0.132244316519089  -0.5431750794051972 -0.03041011396669455 0.05365766209538748  -0.5382243452595283 -0.02704147154995591 0.04513630939016225  -0.6033527611062395 -0.2668305671640459 0.04995655661487666  -0.5297908430915843 -0.3158600820077168 0.07293055062128215  -0.5678882928740328 -0.309563693799162 -0.05324669157991235  -0.5934307462367171 -0.1869313703982277 -0.002314796141833844  -0.6238731107449417 -0.220704279635967 0.03487364762934961  -0.5538406441711022 -0.1596301865828324 -0.01659279096261604  -0.4487057145755659 -0.1869315915210893 0.03267711622817718  -0.4902317932993862 -0.2684472014434583 0.08538687714898696  -0.4483760979090287 -0.1857610231765825 0.02618547937992369  -0.5032076722977734 -0.2806680106840445 -0.05185925421433867  -0.4534724895661726 -0.3082423220128151 -0.06183659635311502  -0.4832489766034208 -0.4115869867448045 -0.1025613704763185  -0.5068357265468851 -0.4235061085293245 -0.09523926254424706  -0.4522592749268434 -0.4219126960311295 -0.1235718373458254  -0.3693226334012217 -0.2856045377466104 -0.1417914340253485  -0.385846187738265 -0.2662019762121154 -0.05367805836449802  -0.3947748040622183 -0.3629488273343773 0.01070953015159889  0.5969474810928245 -0.6459468114516158 0.09647173492826255  0.461079343027092 -0.7428048515055329 0.02262352770850402  0.4552496941079135 -0.8603861428364543 0.0647209520713084  0.5946317852887647 -0.6613182409891565 0.09004739638842715  0.3926806500100508 -0.3595751152343823 -0.04004958372608209  0.4012953730973392 -0.3001082961454683 -0.09278701309796966  0.3898555367457888 -0.3618371605029744 -0.03719040077497866  0.6987184749861596 0.152584573597559 -0.3421851180853269  0.6876911859973461 0.1544485034614755 -0.3393339299998371  0.701780160643219 0.1517445090575694 -0.3449895979807488  0.6046480279112764 0.1593718182523826 -0.3747338418375963  0.4415659023063895 0.08295691773103646 0.1499516573577869  0.4740169134877454 0.076019264357875 0.1486029500248239  0.3957812390316788 0.1177546927996671 0.1339083967531203  0.5015417778086857 0.05885919619408859 0.1393816464894596  0.3937766618373107 0.1548270543949903 0.1076971600704398  0.391270094213356 0.1550442823232143 0.1022718849352153  0.3900379743996523 0.124845788046378 0.1299397927038584  0.5328988146075759 0.2038619515407529 0.221540882183824  0.4465561601652543 0.1733015474626891 -0.3381855241303008  0.4191009376002125 0.1598851560580755 -0.3526993752303639  0.4979298156451473 0.1738088271897588 -0.3437463793130739  0.3686541449375016 0.1704962080708698 0.07239020564179302  0.4806658972965254 0.05246166407052438 -0.04763867435419388  0.4754176309382607 0.04792326050112201 -0.06517796740694896  0.537119387073179 -0.06766958878995115 -0.2624830357002427  0.5115939565136219 -0.03228634570962868 -0.2784293280609609  0.5290919596293739 -0.08023160173095359 -0.2450872997930654  0.5348570302442155 -0.08358482052799067 -0.2718629450431247  0.4937143409005311 -0.02398759239262831 -0.2740032600482186  0.3980480664035826 -0.07564622220438284 -0.1594456654865981  0.6067664949329418 -0.4435835683410754 -0.05320733118360263  0.6114281775890714 -0.4551844631930458 0.07089534846530246  0.5676666777020636 -0.4345388335168031 0.08623429725818596  0.6259154289126091 -0.4688929722425755 0.06147228471701317  0.2538906762433565 -0.3639460149714696 -0.1586323962266294  0.2803129865481603 -0.2949154199437148 -0.1461039932177739  0.2752375008979475 -0.3819414016781164 -0.1631809412792075  0.1336408778045754 -0.3320293853106157 -0.1315068813158259  0.1395677631305062 -0.3373512630922449 -0.1311265369646689  0.1241886402124388 -0.3068195657118543 -0.2610802974214231  0.131409355803087 -0.3284701786743368 -0.1299858735412048  0.1710977726359467 -0.3638964874879611 -0.1427248312256193  0.2081591889135417 -0.3837230827055651 -0.148504751442394  0.209538516003443 -0.3825440890085429 -0.1473965428163734  0.2501773111460502 -0.3225004684871892 -0.3010294821426664  0.2137354510315499 -0.2720967283659374 -0.3074999790142095  0.1049747803505512 -0.2815062055361388 -0.1764160884246174  0.101102201218099 -0.270587906733145 -0.2374191607379437  0.1182635286023232 -0.305887421867493 -0.1427100146931123  0.1051595251048788 -0.2656943810785009 -0.2404461128322605  0.1811010126588543 -0.2799170622611895 -0.3081430874968869  0.1031247631596079 -0.2648901272922222 -0.2411132471168405  0.1783210833482589 -0.3022710653756989 -0.3080517657737704  0.1454679699879121 0.01107441536040884 -0.09441011713305805  0.1325075501110091 0.01466898703929972 -0.0862219286735228  0.2054049452793782 -0.005187227621623795 -0.09366307963488152  0.282122002752249 -0.2720081193925549 -0.1599092362334315  0.3178850660940545 -0.2571535753827922 -0.1235241983713737  0.2763577873392775 -0.2996472769552803 -0.1431940575523503  0.2783256251190066 -0.1657760657345986 -0.1373480500229055  0.3161560577148697 -0.1894578486209623 -0.1300752381782547  0.289872640229829 -0.2095298580066619 -0.168099153136862  0.2514518317419261 -0.1391430729250069 -0.1430584891169495  0.2367124712811146 -0.1575152927235136 -0.109591320422976  0.3222588451219742 -0.1977475327248153 -0.1329364162153097  0.2207071212283356 -0.1827857788133735 -0.04173401950694242  0.272038488983962 -0.2433558869143911 -0.1769759050643141  0.05334879499331281 -0.1982571514039193 0.1079843872413215  0.08417900191180741 -0.2515571909120128 0.1247382101690585  0.05100979809643175 -0.2003998992081266 0.08657073844151988  -0.0733061754567812 -0.2708050314475937 0.07627003215375797  -0.09060049794018324 -0.2860497323161725 0.07201357478236031  -0.04931218186160116 -0.262347503361422 0.05596489479743726  0.03465463848269651 -0.2760718103459853 0.05711546078113457  -0.01778850796989322 -0.2591374471814826 0.04245807438942999  0.0557133565516847 -0.3316973757654473 0.1443837771089991  0.005651720750040021 0.06363099327954556 0.02240234112528212  -0.07680624026122321 0.07380799626776442 0.03795465558020435  0.0406427800720593 0.1018963414870849 0.05302170303340198  -0.0427637250822339 0.005058841895755456 0.05120837445469771  -0.08290154737605268 0.09384547891075171 0.09082723177833567  0.005571705983504843 0.03440032086800496 0.1932571088106671  -0.03026796856132693 0.07297988659161705 0.1719550428202637  0.00563081799948692 0.03430561225160656 0.1932489643548293  0.1165081562479145 -0.04781598316505838 0.3702519928211701  0.06802125252237826 0.019148236476405 0.2745927441824813  0.1053609832293814 -0.06040472304510439 0.3485940387058886  0.1158687163145186 -0.04767754898886191 0.3748298231542178  0.1343791319380983 -0.04551668246865799 0.377540005280137  0.1828681670957661 -0.06577212298904411 0.171255835104649  0.2493068348904211 -0.06223046682243109 0.1173900745991265  0.1802094801475047 -0.07782725692788406 0.1822644113249357  0.1831549558405339 -0.0448829605117914 0.3874122914555186  0.1751423458681635 -0.03851642601732569 0.3923438039136232  0.07053445430493854 0.02575297608390173 0.2691060425250593  0.06649630376983061 0.01447951890875726 0.2716650928187417  0.2006301476635856 -0.06481809594895749 0.2205859977383808  0.2865586038674895 -0.04899137391880119 0.04958931965685884  0.249786978866068 -0.0625253850646225 0.115281558318367  0.2502387456563909 -0.06284611663230506 0.1171289335312841  0.2816716890442211 -0.05755708295356625 0.1399784924155929  0.2595856890917496 -0.04731197791333447 0.07047151236120597  0.3568110009382887 -0.08395755877828723 0.1871713069739463  0.2540284580175485 0.05448356536608096 0.08662894548536493  0.26134291884078 0.002454751697692666 0.05849267611251981  0.2313578106914839 0.08934192745459775 0.1005991777667508  0.3534300647181218 0.1142312004044219 0.08413975462565228  0.3556899874243314 0.1439767134396282 0.07217024946915575  0.3496545126638145 0.09586069746010968 0.06982683451832036  0.2396108182942653 0.3041685807494699 0.05369581264424488  0.2513584712938463 0.3098208228212372 0.05977123854942449  0.2253142906730091 0.2884228191930974 0.04457703412651236  0.2311341379353281 0.3093909725076016 -0.1111823471096954  0.3572964437302268 0.267616001372915 0.02679610023477122  0.3527612779720148 0.23190445260734 0.02340057345211772  0.4008720463730921 0.3401336496920931 -0.0231836714973892  -0.2837568608436825 0.2163437041146005 0.2277164068615766  -0.3418389703961214 -0.227080696570094 0.1588404101816678  -0.3465110098716315 -0.2299880967775467 0.1564076161685412  -0.3331890670310456 -0.204291439363186 0.1712369800866304  -0.6281844013450927 -0.1683043855442254 0.1067418342815766  -0.6549361175365673 -0.1808597480599671 0.09521967599758061  -0.6109543202188402 -0.1628575345794166 0.1153389225115537  -0.6279915963200209 -0.2226685873731078 0.03305727399302867  -0.522658439005482 -0.2811260776791811 0.09124015594439883  -0.5903076247105852 -0.2110107559225896 0.05035843373447878  -0.5990295810721804 -0.1284276847643208 0.1393295550708962  -0.4927850124774844 -0.06617407240720502 0.1114040694756547  -0.4923240245452563 -0.06653850967020029 0.1132104309136011  -0.4910710823037435 -0.06587961203616034 0.1102519827017695  -0.4920680121608199 -0.06692662682508602 0.1205851600917072  -0.4983814617542106 -0.07380914161875962 0.1261064814450275  -0.4833360451657056 -0.06237365123651635 0.1005624326344888  -0.5114937527916601 -0.2619130814311075 0.09466565320512187  -0.5110506944539149 -0.2636951237575393 0.09507613013362876  -0.7738971531515567 -0.2219612662436308 0.5512871153855268  -0.07550410388892524 -0.1317187821569619 0.6484466697240995  0.07771753353355002 -0.1510816582743514 0.6456121166740725  -0.09520548612047733 -0.1286454147181408 0.638199075026872  0.08105631015107626 -0.1553824592353845 0.6455234648341185  0.08104076333700373 -0.1991847959728942 0.6452201332537214  -0.1049226993423256 -0.2984430070462142 0.7208165305442371  -0.09599328292929905 -0.2984921690240526 0.6774454964731434  -0.1071700154785602 -0.2972796830664838 0.741634758596326  0.1440862691502841 -0.09047972451882372 0.3106056254585181  0.1324597666375579 -0.09717598855555684 0.1831633825116445  0.1379461807783941 -0.1002411173819007 0.1883390895490391  0.132871786645715 -0.09627913383570486 0.1824270080459063  -0.05858449278245348 -0.1722256739866237 0.4010548866442711  -0.02243639643661495 -0.2026050870011238 0.3892890797609919  -0.06551771785806708 -0.1721984389065415 0.3987736759608546  -0.004551759498423735 -0.2176146142502952 0.3955176495365612  0.003275930572203829 -0.1933249808593611 0.3707950207463758  0.001056573937761679 -0.2223172064239903 0.3998545321635317  0.07640607782487699 -0.08299321576338128 0.3607194772842414  0.02052674058568866 -0.1097382354728786 0.3513396172010406  0.09124661939720816 -0.06891492321741907 0.3714181020824943  0.07140827333379497 -0.007274837201713569 0.4517893928253656  0.0507064579386375 0.01398007075318769 0.4684711340395475  0.109709713774633 -0.04321206933328381 0.3943627608753467  -0.2110725938293886 -0.09388548024041644 0.5233741583071646  0.2161033702994686 -0.08013819934949043 0.3843174151088988  0.2251705342480585 -0.1094888760364263 0.3866104791700084  0.2231550981740443 -0.08298842856466025 0.3803385801182004  0.2110950257193533 -0.07240355250301141 0.3891495699594241  0.2264986075165621 -0.1100113353328317 0.3858569987693132  0.2325546650425483 -0.09003431117043389 0.375971517079399  0.2616483713671156 -0.1593388014821512 0.3174937682262454  0.2239529155129172 -0.1127338170228684 0.3914724750374243  0.401382227047143 -0.06557715337439583 0.3871265802080092  0.1857723745085423 -0.06557386668917792 0.357585560614556  0.183360918387494 -0.0475079352643947 0.3847927703602642  0.1367372129642201 -0.1838065530947158 0.2820497927622364  0.1351193159952324 -0.1604549115320818 0.2124334387245884  0.105422329110288 -0.1921622840365272 0.3009683957072843  0.1364961658323893 -0.1283679560161796 0.1967173246826442  0.1959194551801398 -0.2253723074212634 0.2294468819020244  0.1964081584491478 -0.2254257754111272 0.2293589191955469  0.09852544042725574 -0.1556193589749713 0.1912059088318795  0.08157456147513392 -0.2021572652847825 0.6522595639669765  -0.06305983074638953 -0.2651243004899048 0.8061421755076954  0.08144575794939984 -0.2024269428406817 0.6505587645911663  -0.03882200019650822 -0.1821396967842916 0.7867847514345144  -0.07891306131283549 -0.2748849441787065 0.7984111680416847  0.01354784818417071 -0.1353879437713292 0.7605991037610169  -0.002282764776270083 -0.149747473489156 0.7493725609316848  0.1161105654590396 -0.09186354620658323 0.7349938147262398  -0.1785895833959406 -0.09559649490791072 0.7738432656316484  -0.186466507182578 -0.1061400875575152 0.7785235157489637  -0.1695282451349016 -0.05902249169053483 0.6919954250160325  -0.1112959597424653 -0.1091937893801594 0.6374761693851402  -0.174961506582575 -0.03562102225217384 0.7046552508671933  -0.1171592283661455 -0.16056148823046 0.6400267761721418  -0.2118713083804895 -0.1632306446216599 0.8273772828341115  -0.203573382940255 -0.2037727015167617 0.8293645491649599  0.4353816602340962 -0.3679539269245209 0.3392249960350541  0.4331653813430502 -0.3698709351559991 0.3724312663698741  0.08007966629425045 -0.3183104037125698 0.1666502740822974  0.5010842061743075 -0.6933870203718453 0.3725210555582859  0.472139198159139 -0.6344069277970603 0.3284494556825909  0.503902944543993 -0.711491203305481 0.3499424786392915  0.5187024548242718 -0.6111060821171257 0.4019106153344946  0.5002348555414854 -0.6889411363264114 0.4555966467286717  0.403357445898108 -0.5507063678885109 0.4785385534140976  0.4460460018341135 -0.5563471181152834 0.442268594358067  0.3577408216623358 -0.5838713673648519 0.4689207618466558  0.635554162233805 -0.4010624795825825 0.5927659015666785  0.6611121117982633 -0.4231210037783605 0.5578453239114897  0.6101979218544803 -0.3867261901173436 0.5765553402334882  0.4307248482628193 -0.5496031590679431 0.5352543542705838  0.3549145497916457 -0.5210146046825249 0.5591364190664094  0.3490740168823124 -0.5219720198667434 0.5624076934363864  0.4367601252311066 -0.3656299928273761 0.373075968209011  0.5702088169903324 -0.3644259166244926 0.4075881500920511  0.491768515053633 -0.5047475932197387 0.4609627100322591  0.202816493482871 -0.2658764374296002 0.2207410827485902  0.2000893493029433 -0.2814610773503209 0.2283803114348834  0.2269276330932949 -0.2685688681013377 0.2100265660908251  0.2790846134853018 -0.1643552076700958 0.2848749822714177  0.3234117159306499 -0.1916542051047994 0.2618029179959097  0.2055583035296737 -0.2225611929191378 0.2258571289818795  0.2488196552997377 -0.2042815691936119 0.2210316612002443  0.2867055464202958 -0.4936922208756095 0.5937135972836598  0.3390463601746484 -0.5255245067958972 0.6474841575077198  0.3619199089272835 -0.5682266225003512 0.6652120492315614  0.3121254953069639 -0.5115781372293809 0.6438050732133348  0.3834442618117993 -0.5886437711924015 0.6883143790728607  0.4820225026234244 -0.488698080465891 0.2559257510324979  0.4708582653351828 -0.6339828159352998 0.3282402641935316  0.4016213226104504 -0.5621367331123688 0.4001467501743277  0.4413594494588644 -0.5102120320641301 0.2582753712997301  0.4377814072613537 -0.6202093181333993 0.3159383196889048  0.3677079679085315 -0.6818963035851102 0.2094124334182696  0.3542313075044044 -0.6668611399220261 0.1978318622227461  0.3027426558995748 -0.5514717205870572 0.2257220558925201  0.2732832037736923 -0.5186047458732514 0.2721093781952442  0.2973121946046875 -0.5722387820825008 0.2140189742769908  0.3892562964358738 -0.7862684402850574 0.1524274446844531  0.4133228222289997 -0.8033857016763767 0.1642628181415853  0.3245016636383325 -0.8278201263318066 0.08988435743045399  0.4199244772523165 -0.8263383439849195 0.1844097936469798  0.2742801847781843 -0.8045886145439987 0.1119116912881674  0.2395519299548978 -0.8303908096478363 0.141803481538319  0.2940445506704972 -0.8182782133120924 0.09745990336793801  0.3977622320779376 -0.8791027421563844 0.2369454940651546  0.1637432661892844 -0.6435870884506905 -0.07248774511581124  0.1695101614525618 -0.6393882619317849 -0.08301893070315447  0.1594586817624409 -0.6436888764117205 -0.06634434592768107  0.1756027055653357 -0.6670116095932603 -0.1511651474895565  0.2214121495520188 -0.6129844934120388 -0.1312733537837595  0.2130437039075471 -0.6797563472762156 -0.2263223841687658  0.2112405179540691 -0.6848327493000071 -0.2267304311260545  0.2380432329073266 -0.8372577316297296 0.1436205070346522  0.1940674405722934 -0.8333352290165444 0.1362472658754104  0.4261008313474783 -0.4096589881633295 0.5753098098133246  0.4806778408214517 -0.3930137251039875 0.5862592048192504  0.4942141857892269 -0.3867302014776909 0.5830789741279683  0.4985258005687343 -0.3842113453889706 0.5806504559333687  0.5224098810983187 -0.4004905123433474 0.5596080542467348  0.766017781273597 -0.3265615680470044 0.5352991949704362  0.7348078341798259 -0.3566955344894965 0.5110756531616283  0.7658489183917105 -0.32117938250676 0.5304617835939001  0.2046385485380727 0.165419111035845 0.8997840345722401  -0.07811882036600079 0.2709972445006544 0.1162884939053638  -0.08635908779598045 0.2684634047301536 0.1324112037200527  -0.03850806114177363 0.2996437020164884 0.07031886742165834  -0.08278546046483279 0.2547286750415008 0.1423975819301888  0.1288456750147501 0.3114556127512343 -0.05854676307870456  0.1734140205053126 0.4195241299072851 -0.1026533940306376  0.2175891409310551 0.4628170352529098 -0.0577248656654275  -0.1897512411244298 0.514479772238757 0.2291399850654189  -0.2760346481566653 0.512935271206771 0.3702086750867511  -0.1918052471399597 0.5138153951043314 0.2262399434164811  -0.2847267904408793 0.5266895717639229 0.4063158555939039  0.09903113789478125 0.2593007470246042 0.4987850050630065  0.08611273275199068 0.2865411398622766 0.5356448761826518  -0.5711616174674466 -0.4312981158166103 -0.2454282316724594  0.0693056885795493 -0.7276547736844649 0.407455476302942  0.06400449435949863 -0.7238762533960968 0.408450242124711  0.07235920864671613 -0.7281578635191038 0.4046609701310884  0.04854554925439609 -0.7158727738486195 0.4449799097493966  0.06843970095915919 -0.7193418589491338 0.3974013896053828  -0.1510673206862483 -0.7070042753995817 0.5104011195859739  -0.1335296827236552 -0.7394044495353419 0.4543165154350062  -0.1518320918004134 -0.7067420162259028 0.5101368814766581  -0.08460178506389869 -0.8163086059123608 0.3878107448099931  0.4453814514806437 -0.8673148568096197 0.04520639937151937  0.4143570657711931 -0.8775069359817176 0.06136197964491624  -0.7037235892925555 -0.5926755714978426 0.1741341213604793  -0.7275447792254883 -0.5817393548660563 0.1465749222974689  -0.6855739990449292 -0.592784890378746 0.1705645513407016  -0.6992573029359616 -0.5501215292791335 0.2068860055829662  -0.6472126337707291 -0.5398952118250748 0.2364331671458955  -0.7229125010272678 -0.5489436806364069 0.2123561213526401  0.6720244844995631 -0.4181293929953082 0.561954098421023  0.7141202007081686 -0.3541308368963214 0.4758895733521083  0.7333387437933424 -0.3298523187384254 0.485949166830856  0.7037889121093626 -0.3584654473876674 0.4711085288001706  0.2671900249228955 -0.8117482328092549 0.3344413371065402  0.2486327682000937 -0.820278634982709 0.3364734166197945  0.2781668920938591 -0.8041834430236656 0.3406847396040567  0.4501011907495069 -0.7654881283918376 0.3819400939619808  0.5699767301324252 -0.7311376702347103 0.3453894132547395  0.5594571923556324 -0.7413300253166036 0.2814431959547491  -0.5062681134917162 -0.357975644578253 0.361518674386055  -0.4927621094315308 -0.3495613933046922 0.3621100712840939  -0.8463407005810468 -0.2885531654832981 0.1156061454772709  -0.8834793165273997 -0.28647592828305 0.09193025130990841  -0.7486488891463947 -0.2517844913974475 0.007733203300217727  -0.7757876781891304 -0.2506822062009579 -0.007893216194280205  -0.3121273311708638 -0.6431259202215643 0.6473195872299899  -0.3257674115800968 -0.6887987359350826 0.6024197752871635  -0.3130243590447225 -0.6387913841279116 0.664811702723024  -0.292215842430896 -0.6425534866331283 0.666685151806681  -0.1083351725155457 0.6825559918749101 -0.4063194112334549  -0.1054589077916805 0.6675476928017641 -0.2709329955110079  -0.1045250718171986 0.668382422540141 -0.2729003024664352  -0.1113470153757358 0.6760843313654283 -0.2686440058181329  -0.1022782829592256 0.5944120044853091 -0.3982537076929317  -0.1286714270659284 0.6965172601977171 -0.2137588960922941  0.7478269283957089 0.5279185094817124 -0.2337173200627555  0.7190503179245993 0.5023748706530174 -0.2266054086256813  0.7511790887388011 0.5266510434366523 -0.2383556683232847  0.3093897517286076 0.5763577113292373 -0.2752592620633899  0.3482424575191471 0.5599054490465633 -0.2774751883177421  0.2832114502746267 0.6066118230256394 -0.2376737490923758  0.2678514961830474 0.5724042314457509 -0.2617811792674709  -0.09408587133457423 -0.3066978439102586 0.0348620020641657  -0.197675109079609 -0.4894602684977889 0.03659920500467894  -0.2011184779067867 -0.4889084880370829 0.04831092297474598  -0.2035766014258898 -0.4851601812105552 0.04716780111663682  -0.1799919033736233 -0.495576820178726 0.06765598686100391  0.006136871962256568 -0.4050006125873025 -0.0295127524588689  -0.1198799205811641 -0.3868456449935473 -0.1203041141364414  -0.13092852171655 -0.5137696175512971 -0.1882919011874991  -0.1292048801054765 -0.5138647859073996 -0.1874408758755654  -0.1671759214451282 -0.5206509966596987 -0.1970697085569486  -0.1623520666091422 -0.6122352683674942 -0.1663879119004856  -0.2019329833368425 -0.1191350044897705 0.08719082602069562  -0.2345465478861589 -0.1468130703141547 0.1129846965425388  -0.1850537289832672 -0.1232252910211653 0.07943467262879421  -0.1151990871177355 -0.2248186539297058 0.1154520754742378  -0.1705035718695441 -0.2525761706228104 0.1572355926835336  -0.09216546309273235 -0.1943970947919934 0.1271604961962566  -0.1776767829568571 -0.340670535475933 0.134113599207146  -0.174415400777344 -0.3420926059316821 0.1306162699738618  -0.1093180781922576 -0.3136941053697532 0.07999033924779209  -0.1168189568225985 -0.3812075185918542 0.1755540101402372  -0.2706885514986855 -0.2571857825628742 0.1263069870262221  -0.2481182783783728 -0.2231307949699171 0.03677466828502839  -0.1961938270525654 -0.2384710468069305 -0.0112876002153894  -0.09732048673920297 -0.3768724202626228 0.1662161283837248  0.2199659152072734 -0.5695124563319954 0.4079945178294231  0.1929651975463862 -0.6161471921178607 0.4307858029623181  0.2241133383792301 -0.5393201831729262 0.373924362752795  0.1950566008170332 -0.6128937353732129 0.442494626039579  -0.007445391115393898 -0.5464380288709819 0.08847722209391824  -0.02530012753768243 -0.5494351157405276 0.09743353344073501  -0.004704801943035658 -0.5402652253286989 0.09731182948334116  0.02224937313607582 -0.5741555160544854 0.07809258760309995  -0.03007206883480648 -0.5572110608624599 0.1007893539115357  0.1306549695476534 -0.09667922456226405 0.06273215671783802  0.1398372767632026 -0.08010113268410209 0.141586893463499  0.06552491950254485 -0.02199867151131407 0.04742727218372089  0.05170520120509241 -0.01715680600498559 0.04650825590573102  0.05531606264080823 -0.2132031058396607 0.07146428821685981  0.1147063426086309 -0.1845183294326395 0.02426383076559775  0.04685424323317745 -0.2147253777992801 0.06857469710932626  0.009157663905110879 -0.02358683693863824 0.0481936417180644  -0.2578263975072597 -0.4733852685849657 0.4778562643868548  -0.2595151376268975 -0.4585189683246584 0.4766634931634569  -0.2488725426830534 -0.54399136026027 0.4993613342890809  -0.3447483476776624 -0.6155024714818054 0.5584434084371254  -0.357983965433908 -0.607727341678121 0.5604292685287475  -0.342918658688838 -0.6182831728961911 0.5565617820960024  -0.398815732093187 -0.5327103424098034 0.5487125690765308  -0.4039499714077124 -0.5099896554155168 0.5425931259312008  -0.2505479017103752 -0.4130377765654665 0.4878655364855521  -0.2590791455676053 -0.4489610306562951 0.4749042762586801  -0.2501558649060285 -0.4124309808745362 0.4880022645240458  -0.02268282335133351 -0.2022883434199704 0.4522968511004312  -0.01710822473846162 -0.1895672411493588 0.4695091865224035  0.002822975605544342 -0.2237646779383137 0.4205377700954598  -0.02590703402146002 -0.2584287947345991 0.49376383697321  0.003395861203333001 -0.2646930257435093 0.4455620330362524  -0.02464885930711959 -0.2147851629541306 0.5140668821921782  -0.021692895838639 -0.2703448010046146 0.538875720619538  -0.02201336633494086 -0.2788634150629512 0.5340804746921105  0.04456266780007444 -0.3165832668667133 0.4687729813945291  0.1424253986955096 -0.2501317219936178 0.5962899077239655  0.1146731819006997 -0.246163448449175 0.6222542442475932  0.09464275010842409 -0.2277763082630888 0.6375614703514231  -0.2339119493960747 -0.09410423178049759 0.5248522798971719  -0.4148652962694224 -0.4741082380407042 0.5653168396276319  -0.4342741692526181 -0.4529340111450885 0.5754877923591923  0.03596050780980305 -0.471187985976938 0.6055049186176729  0.03368526272110255 -0.470951116997954 0.6042237089588806  0.06428006155778743 -0.4814409939630535 0.6157507604130424  -0.2574785253256844 -0.3159828631481216 0.4878431816615553  -0.2563783467163247 -0.3127214854390477 0.4872492327884463  -0.2746047726810816 -0.05474671677162313 0.6640569510542991  -0.3215068529257801 -0.0468463249865129 0.6740382288968375  -0.2146620235836168 -0.03651861885814293 0.6907031040187591  -0.2209057558569951 -0.005137696411891442 0.7839605628103304  -0.2392531311340062 0.02677768793287503 0.8212349447897724  -0.202526303267596 -0.02092048668552322 0.7516423631950968  -0.2592659248715726 0.05030314938453394 0.8384596553301095  -0.2481354863851911 0.02858494260580917 0.8269275349007816  -0.2589666917454289 0.05276707929909284 0.8388387818858483  0.06823565609320226 -0.8179570345159703 0.2652308366768574  0.09823195238387229 -0.8043289325489928 0.2368563940234882  -0.1988351813618177 -0.5931769987658717 -0.3989678661397599  -0.2090594990523344 -0.6115152273401199 -0.4130945132093916  -0.1861020098512525 -0.591527999195951 -0.3992535002359034  -0.1610446171701233 -0.6249342203405792 -0.4307407938313894  -0.2524988520980218 -0.6085761124394987 -0.4656628680508706  -0.1250373644866629 -0.6487422593871844 -0.4410739575087076  -0.07437284961797069 -0.6654560014312814 -0.4412160869496644  -0.11635155126148 -0.7306521754387646 0.02409991147638434  -0.1107938828001147 -0.7315809928476922 0.02626823804564928  -0.03409584385512999 -0.6925657962536208 -0.07397155525868408  0.4319134217922427 -0.6991982491126671 -0.3102922846480438  0.3773716519173205 -0.6502271908982372 -0.304350811882719  0.3743851300023595 -0.7965584131538809 -0.1642572613051466  0.3835725865499564 -0.7960493953644515 -0.1567341176108448  0.4695912090515935 -0.8452356800774571 -0.1248153230689145  0.4637795726377567 -0.8611570246261915 -0.1407108956378243  0.4679004506717455 -0.8399690230797257 -0.1223729442698878  0.4728252613480294 -0.8392121077975224 -0.1208457843169899  0.4536747432280535 -0.3283163465751058 -0.2095210075872058  0.6583220258823272 -0.1102852468947085 -0.2906978717268913  0.5005120877074829 -0.1141905849459429 -0.3260254887922538  0.6583658763892368 -0.1103897645135834 -0.2906554554318254  0.316872600562969 -0.5369811755584664 -0.1343917648161226  0.3595508488700939 -0.5423763197989847 -0.2095354828107515  0.3559134263513259 -0.5705009870840919 -0.2298491760745225  0.3521826330413577 -0.517696859920653 -0.197698737787804  0.3368900346550061 -0.5772472451633462 -0.167830631230935  0.3517836081114063 -0.5824518679631709 -0.228957515627221  0.366266029635274 -0.59625294224851 -0.2384472056153734  0.2818998351581628 -0.3264258263974461 -0.3224372236074127  0.3346837645256009 -0.3562720951116606 -0.31872795538013  0.2637200477121135 -0.4032433961832848 -0.2020914442463845  0.3060935805822035 -0.4693338905422016 -0.1924514896173271  -0.8099517340309783 -0.2795055257876812 0.3469624248718448  -0.7978560825349911 -0.2138306999499499 0.3635800585546991  -0.8255874050738057 -0.3002570945992599 0.369391635892073  -0.8266619027723818 -0.2259229405003814 0.4227950951940804  -0.8011727772137989 -0.2048923571845692 0.3639152153649968  -0.7687415440252856 -0.2139642187189655 0.3431994314340218  -0.8425806361541626 -0.2545510638815404 0.4404955876808337  -0.7727111257025578 -0.1987942286968611 0.342604917601793  -0.3861696992785523 -0.4356734727478071 -0.2900601786017762  -0.376274025071568 -0.421384716021023 -0.3531959270249508  -0.3440907807679202 -0.405497841058799 -0.3766222523539167  -0.1596417254610036 -0.3218256507945825 -0.1925840984437684  -0.1671018099798001 -0.3855164290736198 -0.06109082170413332  -0.1323283146669031 -0.3866544349267156 -0.09360907062103427  -0.1856157124375258 -0.3931129197128342 -0.06156634451625748  -0.1304783792726104 -0.3819457031215747 -0.09282780080669453  -0.1369629240705157 -0.3228104125532925 -0.1520575019911399  -0.383690428575772 -0.248723182573701 0.09326060766618072  -0.3654307797194111 -0.2605203942004829 0.09607637275645022  -0.3653596429554154 -0.2636090960682651 0.1840696602561738  -0.5050494980646448 -0.2668123499230375 0.09292420842339405  -0.4962043460277384 -0.2795631184186541 0.08591258197542211  -0.4090692483666956 -0.3813750738421156 0.1811989812015078  -0.5014126501633427 -0.4158560513183907 0.1411049387187073  -0.4071555808875429 -0.3847244192604827 0.1784276221376256  -0.5351205929958692 -0.3744307196417169 0.08498274021682396  -0.4218336433468552 -0.4005836785717877 0.02935081685247123  -0.4923675836222717 -0.4216855200903905 0.1368711851594542  -0.4379343595590689 -0.4682505265505161 0.1237108777540661  -0.5116494722142124 -0.3064531495374014 0.06574232528992464  -0.5297336889500714 -0.3159204948728093 0.07278251978208888  -0.3954769129218924 -0.364243749609492 0.01725799305186987  -0.4990506456398782 -0.2810915106509109 0.08696729976224159  -0.5209686603307884 -0.300618126852497 0.08428809458704034  -0.3489715916079359 -0.2160778592058517 -0.04179945017980791  -0.3615193177248316 -0.2794228187879844 -0.1491549979484273  -0.3483921775348249 -0.2972394157937229 -0.1676604982604  -0.2736851893014541 -0.3394555403113388 -0.1235092665277194  -0.270572146923228 -0.312366822236808 -0.1405847677890089  -0.2809945758126244 -0.3788699768534381 -0.1041228173152539  -0.09918501050938246 -0.1842291641235928 -0.1624711802677057  -0.1002248156412404 -0.1853803609700533 -0.1613933517355023  -0.1502957296590318 -0.1311970744255261 -0.1807990388274969  -0.09412439017190344 -0.1848802666409937 -0.1584499034766952  -0.09119473554347041 -0.1771614942799194 -0.180194135918807  -0.09256215971203549 -0.191761333559042 -0.1473100041328093  -0.06647097902700974 -0.2264727674752474 -0.1270848934083033  -0.08406987997927674 -0.221344151934082 -0.1222563731385753  -0.08632994264685077 -0.2048619374992253 -0.1325363510879345  -0.4916644277870235 -0.4291519785323655 -0.05897596690368977  -0.5394444088180755 -0.4151478192804447 -0.09441699752851818  -0.5671718037992428 -0.4474011671193474 -0.1096980396610119  -0.5239297466523792 -0.4966711631549348 -0.126291890782619  -0.5990920124364775 -0.4599508925306726 -0.08337069865778844  -0.4647477968064274 -0.4920461084501364 -0.3876948495328785  -0.451024052335097 -0.49567925839097 -0.3910481682850975  -0.5247711802534836 -0.4741216058968875 -0.412310278787606  -0.4927689760308617 -0.454583457016339 -0.3629277176373352  0.7591284075647698 -0.444466845282817 -0.2347292151729766  0.7998983565433664 -0.4616328483224745 -0.2086502931617817  0.757189433439154 -0.44271456625337 -0.2379376696381409  0.7732598804931115 -0.4389878821627408 -0.1810259638321381  0.7685434199608759 -0.4186912977765666 -0.1621915347017725  0.7827669214316529 -0.4455634819534561 -0.184998708067097  0.6692519364130679 0.3201267543988585 0.07640485405038605  0.682329726961643 0.3521924297305629 0.07859753772548997  0.6406369733990275 0.3102624591141295 0.08480436340242357  0.6995538236323957 0.3665197413814213 0.05178853690196112  0.5824756491895533 0.4149712307179876 -0.1431881432117957  0.5965709461460873 0.4525444163580298 -0.1490297829916377  0.5770394205836558 0.4036863369082956 -0.106246283543751  0.5578059880002075 0.3914929828111344 -0.09366260898063013  0.6808296359612015 0.390508810859252 -0.1332034205221224  0.6259056477890268 0.5804269704225711 -0.07070476489164033  0.6260857432966322 0.5801460632895505 -0.06973921292503044  0.8493545944842041 0.393417648286515 -0.2637462832603832  0.8492823684503729 0.393731335415033 -0.2638977116666246  0.8490386277508728 0.3931257736282181 -0.2624011566066422  0.08291923630931722 -0.4228041336680561 -0.2878995837707843  0.08628506089636562 -0.4253495510271011 -0.2898801833815666  -0.7758061882674436 -0.3213404135941971 0.2763347276408241  -0.7928019762295947 -0.296074604439896 0.3286640553285293  -0.7692984213609864 -0.2955296362672482 0.3124603156584672  -0.7876015111804204 -0.3260507011002909 0.2774444614901214  -0.8083550236530518 -0.3020038389057735 0.3486169887106994  -0.734553305120637 -0.3150462161752163 0.3221920807365043  -0.8627132828573223 -0.4291127040379951 0.0679507270827906  -0.8563269543357879 -0.4268696345676893 0.07270606865219478  -0.8739684107268237 -0.4575150543665241 0.1231645134374366  -0.8736418336353988 -0.4620057359163029 0.131179110021753  -0.4068682473243131 -0.5157468818311053 0.1386423830520384  -0.3593688293311089 -0.5233597595958123 0.09558909890063066  -0.3906796917813883 -0.5114771908945406 0.1552955256573703  -0.3081495483387954 -0.4977596678303299 0.09555256095150007  -0.3652877615280717 -0.4226887276272714 0.2065140663853747  -0.2972550102579398 -0.4870800458433486 0.08647513071274228  -0.2459694883709173 -0.4707438195836361 0.05985268419346428  -0.2752274724846954 -0.418687183584552 0.1481127341549811  -0.2586359302926666 -0.4343294464549892 0.07975334383021603  -0.2844826414336333 -0.4244320109490893 0.1615121022324094  -0.4230949501440037 -0.6237314284635375 0.1227750111516607  -0.39924913882742 -0.6144195942523721 0.1430440065486339  -0.5262079683009453 -0.6307300940572996 0.08221819946495099  -0.5741940610317435 -0.6038431698165836 0.0718429566569557  -0.2200352192245939 -0.6610849869646694 0.0187792531805971  -0.2225939669875674 -0.6568048231023256 0.01926389822660338  -0.2681853354159187 -0.6523843523149894 0.02633195915068458  -0.3039588347839009 -0.6606067509556566 0.03162290832027119  0.1859203570021965 0.2684939674267834 0.2171354953427793  0.1579837224215074 0.2733899504618331 0.2330839124860901  0.1662519552798885 0.2375883685056729 0.2183936285395865  0.1477942657677463 0.2613153927363582 0.2348781833512251  0.1427317957752007 0.2409837431827752 0.2367117180355879  0.1438958944696684 0.2733849287848735 0.2361183680425614  0.1492959774051254 0.2769732308080984 0.2364550322129756  0.1469831231908714 0.2788326958149546 0.2366544639826159  0.4886198638095781 0.5451081310469895 0.1072527247445242  0.4912933910892295 0.5425051457767923 0.1094219950449895  0.4625009831866671 0.5640018287044648 0.1091816335388374  0.2791993033539596 0.3109673844938474 0.05426169813303054  0.3455589052619544 0.3615167707864678 -0.06451230935065214  0.2544290666812128 0.3091432380100368 0.06093996507313369  0.2655711790769424 0.3742690590915118 -0.08413478102852241  0.2862791085815681 0.3754967021421451 -0.08906088769720331  0.470447228075577 0.3697128414946591 0.08266253226106407  0.4729739631139532 0.368757640253371 0.08247515374725112  0.5675349260669693 0.08985684595871783 0.6306395869404632  0.5728154853316949 0.0914624605123502 0.6287784028923854  0.5440834680246971 0.09295042327786604 0.6335334002147138  0.5798720625959992 0.01765581403155554 0.5889022373202327  0.5839190490076226 0.009879130447580445 0.5728535510896599  0.476482497588074 0.04450502466345404 0.6091879300309272  0.6104823273845852 0.06125032574693572 0.6028621351063035  0.631732126222322 0.05865070647739601 0.5691225881236289  0.06305329979858432 0.0127638213176556 0.4710591298696594  0.03072902336472168 0.0130393995178783 0.4719590905797339  0.2104238660438089 0.2778644012291914 0.6293553226472821  0.2172441660520879 0.2688183977209589 0.6428835837782604  0.119147338217544 0.3202301593003674 0.6055911542995646  0.1540918664487498 0.3030506577497245 0.594327167932035  0.2041394634463065 0.2797460176047749 0.6057627786178686  0.1204506109641043 0.3194575444939922 0.6023737429878508  0.7298988369305266 0.1643017382272896 0.1724701697601089  0.7303513623343031 0.174999888116801 0.1861666974210895  0.6994359308908504 0.1460569751450916 0.143714602383299  0.7291791761518429 0.1805188294654395 0.1929769166274976  0.7367122496591555 0.1999465117301864 0.1901021693336652  0.7311613290808846 0.1802716930759411 0.2001354268147806  0.5988529113722956 0.05430096921401836 0.128557237067872  0.5240497656363996 -0.2601177131677004 0.3706062320763857  0.5266345003371169 -0.2095781630912839 0.2973646971892176  0.536784347519319 -0.2449342737112198 0.4080670831342498  0.5718939349428759 -0.2004655604401862 0.4085312595232878  0.5630960105324487 -0.2161613301568689 0.2518842160932111  0.53498370827259 -0.2085779547080716 0.283507928999604  0.5926862738984705 -0.2484205969043725 0.2519238297248154  0.5835877278753306 -0.1906883309103818 0.2653933360925532  0.6509201504894413 -0.1835702144275989 0.2673894634670905  0.5593923764136588 -0.1942040137875689 0.280767376006203  0.6810819340000951 -0.132273994848413 0.2963800933752005  0.5188370992992929 -0.2076702522171875 0.2905244851348735  0.5217747692553927 -0.2072108423842038 0.2849008457187908  0.5032805768518767 -0.09496074844445755 0.4229271306795058  0.4466362294637812 -0.1817254565053399 0.4773179678511916  0.5078129694778172 -0.09691184826463534 0.4193398840006665  0.543855659155008 -0.2471831478066577 0.4137156760566651  0.5933540278761549 -0.2911229844873466 0.4132477724965121  0.4090734630014566 0.2580652164551145 0.767613095812414  0.4077929969334688 0.2574086793470268 0.7677022224626168  0.4901610509311131 0.266643977078483 0.7473535413706435  0.2997019599756055 0.01414904178700307 0.8093647644835875  0.3104063997787728 0.004975588363660178 0.8171672121806275  0.2636126937846872 0.005194933042373364 0.7869614974450387  0.3406889030086518 -0.003172599296619512 0.8252648807804679  0.3683623991615608 0.01474342463684304 0.8127560206363604  0.4155912331928522 0.03213786479182498 0.8415408176931928  0.2001326481273317 0.009977702724122304 0.7915847998503284  0.2190012569260061 -0.06592859235131782 0.5779845076995369  0.114018955273191 -0.08035550578972492 0.7362397281702178  0.1231556327233048 -0.09230326016882898 0.7447863827373623  0.09960177025330617 -0.01408506400117052 0.4532870904448441  0.1340720424819316 -0.0303423239866549 0.4374464240128754  0.07971761218880147 0.04795975903469503 0.467774730311526  0.2275271137370192 0.08309303008972622 0.7309596619852242  0.2846169740641888 0.09255146664170603 0.6804958664733605  0.1485615115194688 0.0233815142748779 0.750055650375254  0.4996052109090342 -0.1132522334839839 -0.3267253272600883  0.2384275055564387 -0.1346679354138346 -0.1364680550149575  -0.07291789392051926 -0.2285503561710681 -0.3276437556678441  -0.03712681137756687 -0.2393193707488264 -0.352021191903185  -0.08674938263839292 -0.2284548572124788 -0.3232693427059956  -0.08713855636652137 -0.2197022762090579 -0.3186716590586203  0.007530331554827407 -0.2509281426076461 -0.2843947911101491  -0.0918393592938038 -0.1770531794980654 -0.1807818253038643  -0.1063438756419954 -0.2048103340094465 -0.2965606929184217  -0.1053530380433032 -0.1319133681003367 -0.2296722176685235  0.1410551046082569 -0.2544128631723562 -0.3780002485395638  0.1545507173355556 -0.2383455141015936 -0.384619851036978  0.05122591593032877 -0.2212867280936415 -0.3935019616238968  0.1986806120353228 -0.2662693852363592 -0.3078602169099319  0.1841543872957971 -0.2422928536324657 -0.4363584765478845  0.1855524894436087 -0.2476022554352171 -0.4436668649974055  0.342344420250196 -0.1870566820350494 -0.4103563825014292  0.3415437322758171 -0.1902194520905404 -0.3900572515121545  0.3455677759493316 -0.1889884898183265 -0.4177323118030795  -0.549593090692798 -0.2456677387807623 -0.1854281785880736  -0.5162197146897023 -0.2825036222370563 -0.2267244476590995  -0.3399306348442863 0.3929502500170293 -0.4936736396501753  -0.2802322633994863 0.4144515897879852 -0.4611758230107711  -0.4463177727529906 0.3656899853152866 -0.4866360958629083  -0.4313782454142577 0.05945535988247289 -0.1570407568288157  -0.4381707163046471 0.06609637160001577 -0.1196082150668798  -0.4503881354594632 0.05983256255113812 -0.1664236260789603  -0.4729576103557419 0.0634475634200893 -0.5192972233834821  -0.5074513514405045 0.1425998038171579 -0.5512123504481357  -0.4545278561424779 0.07766047689328467 -0.5168794869825444  -0.466917517331694 0.05302772704782157 -0.5231713446076071  -0.2966486076437849 -0.0416935571332792 -0.4645705373209816  -0.2954391364993177 -0.0301832262227129 -0.4690619418299958  -0.3155488792669601 -0.04761722574843356 -0.4929803015041043  -0.3234474917773308 -0.05646687571837836 -0.4937567444203611  -0.3091534092002324 -0.02299455232584724 -0.4954578169732864  -0.3115607941291503 0.3036654693601057 -0.4213775287759152  -0.3309734509116088 0.294184785223042 -0.416631523582693  -0.2771334425236201 0.3196699148282672 -0.4046961243764375  -0.3824909775264394 0.1936302360457833 -0.3378664877710388  -0.4025404278087285 0.2394140779380543 -0.4086513450281898  -0.3338456767813716 0.2050066127002189 -0.3074566906760734  -0.3822969565709413 0.1931245380047447 -0.3375038824338443  -0.3657138792579386 0.1865256591208194 -0.3225493110095156  -0.3624824202987945 0.1866418951956497 -0.3202491858117616  -0.37088850539313 0.1867468207438961 -0.3264109213836146  -0.261942901561776 0.3942556384783709 -0.4359166891446349  -0.2877004134687052 0.4550145165887069 -0.3480681131546253  -0.2843326245655706 0.4592362752048774 -0.3429174617101876  -0.3019218900591948 0.4922735954280649 -0.3997597428331229  -0.2759673031749647 0.444866284444968 -0.34564570293949  0.3925580505384953 0.274319016730676 -0.5335098736259738  0.3809853277035741 0.2644643292098471 -0.5202038617725745  0.3991332528593949 0.2747643111389201 -0.5396455009148639  0.2525992186262331 0.2404014701086719 -0.5441632583376147  0.2439661887841233 0.2460126191774558 -0.5411825448160449  0.2512511342964239 0.2381407598806587 -0.543866283673144  -0.2656001769369529 0.5429120155102829 -0.27873543234855  -0.278367753305964 0.5397482873195559 -0.2877543174120697  -0.2343226466177624 0.5529414053910681 -0.1922415933334243  -0.1772232525206137 0.7355672042986265 -0.08374810325107521  -0.1568368891448352 0.717289182010844 -0.1221264994178975  -0.1799416810152257 0.7424624995930278 -0.07387496679492045  -0.1840570538110501 0.7274414863145199 -0.0737871576048203  -0.1855455394977455 0.7170768405439694 -0.07336874927848405  -0.1814742335179501 0.7394996725462681 -0.07230677316179153  -0.1659553067642258 0.6928849913850361 -0.01908432370045991  -0.1678480087287745 0.703317742895843 -0.1062557319158866  0.6160766076270511 -0.2406630677989433 -0.3450983336783685  0.617695991384038 -0.2397864145608125 -0.340634815305635  0.6416288391055305 -0.2818208013760741 -0.3556429902283589  0.8599723647744233 0.3043086659532376 -0.3327137416178847  0.830990374776695 0.2653569060371975 -0.297021492567545  0.8539589983098079 0.3139478797387097 -0.3250797942756149  -0.1285340905111787 0.1737438283157093 -0.02282080099241592  -0.1062916715729316 0.2013132495336329 -0.07541998090518856  -0.0934346561238122 0.2230740763540553 -0.07836206447503907  -0.09595647547766037 0.2187896744472737 -0.08096613396605561  -0.1996411355451551 0.1845209167989058 -0.1183985774652014  -0.2333218511400726 0.1670217848946546 -0.103402000204666  -0.1695830156454563 0.2395349559347854 -0.1372911848370443  0.006085508212828661 0.2293128277575844 -0.05076639663701898  -0.07906281360507454 0.1870944753932131 -0.09140184669807994  -0.1085468415436097 0.2624640688139248 -0.1170742927053786  -0.1720720382741072 0.0483778701067813 0.09843451138319757  -0.2095590331088694 -0.001861165906477925 0.09966109613362532  -0.1571816007834199 0.0720508354355387 0.08357014113199074  -0.2260285692985124 -0.008994529764647097 0.1021294211337566  -0.1005707242228144 -0.02464035390121323 0.02224598264862827  -0.1312974854851613 0.001849745682782795 -0.04232886949155035  -0.0802233139671101 -0.04852753071954656 0.03274782640571193  -0.189219548801221 -0.01559763421204021 -0.04638467006980336  -0.1882130528954243 -0.0006894693052362805 -0.05154438688756074  -0.2287315659385715 -0.06364802254758914 -0.06514589566601284  -0.1435368456297421 0.01957802049430177 -0.05085483076186767  -0.1345732326832616 0.01738516161608862 -0.04847498892545375  -0.1145442695339106 0.02404459911396657 -0.08910869430395625  -0.1997136711871095 0.03705935640834099 -0.08063027055436933  -0.3389246681547488 -0.05398064596080437 0.1017587604726815  -0.3268070398453101 -0.04463673754689765 0.1138858406464803  -0.3049140818347231 0.1349668724596444 0.01638079645191076  -0.2794239295900531 -0.02496147165798751 0.07736658694506102  -0.3322971604511297 -0.04960597627517749 0.1236977667022282  -0.2548927546673986 -0.02934842630183497 0.08869812836372262  -0.2406983976380933 -0.1520160304657149 0.1122706884175616  -0.2804915731639824 -0.1491290262323442 0.1393349602025704  -0.1929225583643615 -0.2817390624340385 0.1681234245094793  -0.03235570108439504 0.2972695759283273 0.3766610008225902  -0.05668929186239251 0.3032648620391153 0.3964119986026148  0.01292601552549066 0.3046333865290103 0.3466830661993872  -0.2775409787633933 0.2391241157818789 0.234602019650328  -0.2545768185233006 0.2550805520390298 0.2735864117594053  -0.2555862832517619 0.2585410722125497 0.2761022280832073  -0.207628417723902 0.2610327593609647 0.2920544877537997  -0.2246076336919724 0.2718332931005004 0.2958899250376402  -0.1229672104254799 0.2438012309463356 0.261150605890272  -0.3771765718973596 0.1279937769446006 0.04265281694875112  -0.3880927549685225 0.1205765660033069 0.03655773092053601  -0.4237548505081596 0.2380856726253783 0.166251611333602  -0.4258721997734729 0.2370123716596471 0.1694057171224097  -0.2822334549448388 -0.1834487552953715 -0.0521395525599798  -0.218620700707656 -0.1605217221049575 -0.0754506090409218  -0.1996221690358771 -0.142602628729393 -0.15777413874303  -0.2065008331671178 -0.1522633970443357 -0.1287218486856903  -0.1967515048201821 -0.1288951571045761 -0.1675991663515633  -0.2817223222210085 -0.1149374687566271 -0.02807365582344073  -0.1639094787833697 0.2572971691376674 0.3503441166104707  -0.2258754694291445 0.2738971184582456 0.2997364694331891  -0.157010958562863 0.263320982566365 0.3558334570451739  -0.4364452444282514 0.2938857418023366 0.3837720880641916  -0.3426338186283304 0.2699953511385953 0.3238864299966316  -0.4657273063531123 0.3018372819039787 0.3803076512104593  -0.2939878331977411 0.2895630655070671 0.3177202237927878  0.3455731003312886 0.4478884689375743 0.7243235953049305  0.4178316685180639 0.3503659562722025 0.7531498342939986  0.344606989319398 0.4406628903332732 0.7234084859351703  0.4468366947505644 0.3462608810523797 0.7537123894650868  0.4988692664203165 0.3753850202017413 0.7432584284896921  0.4184285955279428 0.2975838746931775 0.745087563448416  0.4988832395844158 0.3757236638688118 0.7431516901616352  0.5147112198992704 0.3425429402152028 0.7218369746055502  0.5280370972109849 0.3390522403686028 0.6980504260360753  0.4349026514135673 0.2826788633778075 0.6136502625634171  0.4529881129481081 0.2880136156573436 0.6148818427689572  0.4316521102979208 0.2751568002234009 0.607280774178653  0.5089363725288335 0.32908731097619 0.7185267783200813  0.2978614911504001 0.0817396003457653 0.6929521129080422  0.2454170803441447 0.2206652752640182 0.6623942514612048  0.3818091069671964 0.2255663657893931 0.7315812131395526  0.3115415782610075 0.4276428021782652 0.7484845831379416  0.3911605398138598 0.2514938910867134 0.7876407412440708  0.3875167478160587 0.2290978219015234 0.7456873937810853  0.4042935478648827 0.2513209814548309 0.7660441349201251  0.4190060926637025 0.2935465084430601 0.7433749286471532  0.3733819966526657 0.2019142819102952 0.701055001023232  0.4057471035221997 0.2546080979757357 0.7707167143278448  0.4190436741382349 0.2941834712337813 0.7433265143488292  0.4106317622952469 0.2661938984994904 0.7621914399161801  0.4369652124756478 0.2829337536561712 0.465224679319997  0.5134839330032597 0.3222175489901385 0.4058012677078747  0.4223212003539525 0.290075018852864 0.4765425215389093  0.5137495895149713 0.3230496166345488 0.4009861142839628  0.3495069607411204 0.1149665803085031 0.3410402922734078  0.3782086984921406 0.08989898954380207 0.353702040808609  0.5154050305693916 0.3159580910486661 0.6977123277488957  0.1316673911275046 0.1514310695622542 0.2791504882225364  0.1279534118617801 0.1777707904632329 0.2467488612068139  0.02334916417660361 0.2236044260789299 0.4365991487652864  0.02306725369852929 0.2126842658919493 0.4561067971418793  0.0505268808055063 0.2800088135319072 0.3577660365246315  0.00452336477682444 0.1089175858728075 0.3611552239453902  -0.006470166947606035 0.1023185762033007 0.3806335402940275  0.04881210532269736 0.112316228901321 0.2873881318574925  0.431229264641097 0.2749030538722146 0.6067397088106656  0.427612121572896 0.2527835774159596 0.5601730321431874  0.4051047284366452 0.2894611009802781 0.5126170527742177  0.3469231295553956 0.1853751589481136 0.670107445008534  0.3802695667487787 0.1883077157409805 0.7086781538978851  0.3062464726871613 0.1833042319489146 0.6487885976328785  0.3686116537511361 0.1593124055266655 0.6945178803813442  0.3443030856841141 0.1165502260482905 0.7017143663110024  0.505544983686169 0.08566175760844495 0.6712539851606572  0.456747295399072 0.4755657326353289 0.4776102627154869  0.467025179929886 0.4594018367269819 0.4898313788381673  -0.04550646760968036 0.2995231833210509 -0.07459107819741287  -0.04162334560609528 0.3003443353809444 -0.07477286761693609  -0.07065471500633266 0.3046169680459219 -0.1227892956080909  -0.0009733960135277185 0.1009724961607326 -0.1117643203546912  -0.05430939273705158 0.08487176979446703 -0.09342376400928319  -0.006128123298773189 0.08808549734833783 -0.1093213908336  -0.06065897746790325 0.07544719738239734 -0.1016733452981871  0.1559911844614349 0.2896200356708535 -0.0667690052486303  0.1262235848365182 0.3110339988417993 -0.05883763235235559  0.1142860713391142 0.3615795306739099 0.03902869300045737  0.2155681707140755 0.2997024053210663 0.05587224722264385  0.1138063361085109 0.361723441270343 0.03939339143551791  0.2250488182511838 0.2749910047639502 0.04185132924966688  0.2000384122126507 0.2757280420367305 -0.02786951863111693  0.2076872000383375 0.3015507621849664 0.0634001738867257  0.2037350016032874 0.2953552137133202 0.065602792719132  0.157326555990066 0.2235145981218865 0.2124515915748341  0.1896049502781458 0.286390128600478 -0.0787331602860743  0.1729756352628522 0.2779044247131158 -0.06719243298860485  -0.002565286326669927 0.2222690003391325 -0.3698936884771684  -0.02720148535213122 0.2625365292865579 -0.4034155267218014  0.008752571130012932 0.2077281865586805 -0.359889236144058  0.1018488039275667 0.5370565507696834 -0.3081894421923331  0.0686336258225753 0.498148339279083 -0.2988966692472089  0.06703978380424355 0.5483547130597942 -0.2997941882033118  0.1137216888825796 0.5470679894226919 -0.3197137209252597  0.1461353655309994 0.4800904704654946 -0.1122243467327008  0.0802043577350295 0.4076046909989466 -0.1144846010839016  0.1444321867000834 0.4845300657247032 -0.116601087083285  0.143518768847469 0.4845982939175871 -0.1169269098141278  0.09809880049828829 0.5297051157311954 -0.1151893488639011  0.2204049364511027 0.4925060745221749 0.1349504599318432  -0.1682117898738412 0.5581454476288332 0.1825199522775736  -0.1681513233958962 0.5666530456645824 0.1752081421863106  -0.1745262826636882 0.5515850955845985 0.1831832855668084  -0.04699815562459515 0.652977260604038 0.1459127426215564  -0.0829518710033347 0.6527157558002539 0.1335859134923227  -0.03917397709251376 0.6542084501816816 0.1463260271542559  0.4787824863049958 0.5268322624883306 0.1607196136110875  0.5088616123755513 0.5168293141259906 0.1169687214715987  0.4423461407869665 0.4938037808405241 0.1759244044531788  0.5577972448904183 0.5061017402852466 0.1174686871328941  0.3267321376872214 0.5124403014350073 0.2684920991564462  0.2815336314723922 0.5082524318301983 0.2697100264396662  0.3703702178644477 0.5424458787888641 0.3406060617110515  0.2739954732174927 0.5026486713105596 0.2686814720100695  0.4226965785720994 0.4646606838671852 0.1973780464194811  0.4051157525877482 0.4596741260597644 0.2128390614727819  0.3517622967514873 0.4668998625210151 0.2558005214804133  0.3359241142504286 0.4158774576813886 0.09907355413387195  0.2835885933621993 0.4011965137861812 0.1304929559054413  0.3722214597858082 0.4101985494409234 0.06322731482057561  0.2386108351338342 0.4847170032142611 0.2282094761882797  0.2426262321159048 0.485340585330029 0.2388101547303024  0.6252571068180206 0.5895739084164123 -0.0719029799353508  0.6296189903726226 0.5775688249914787 -0.07259056036914968  0.7290995042739637 0.4921895361984129 -0.1285692345776226  0.7397612979439636 0.468140789747908 -0.106317050279717  0.7470106354272879 0.01639320940235222 -0.06923699086668439  0.6988481627273296 -0.3575499573090356 -0.1758041322260361  0.7308247312873682 -0.3905100307017143 -0.1859476381113846  0.6908625961676204 -0.3524194319249435 -0.1598330795779905  0.7482363055652348 -0.3988080843517855 -0.193249882897403  0.6478097095055687 -0.2520778637725617 0.06668427926783348  0.6594099921891068 -0.2833704905350973 0.06985056659903728  0.637016669733231 -0.238383568387749 0.06724362028993765  0.6605267838344707 -0.2853541145827729 0.0666678946444846  0.8103125730962427 -0.2800333206520944 -0.2871479211060596  0.7891423845613819 -0.2659216572096926 -0.2348155675374252  0.8182070280488334 -0.2893103690068504 -0.3224145486879546  0.7814722612826276 -0.2651114214818965 -0.2327359125679512  0.7331779994257653 0.0006768851034043791 0.01208205080321275  0.7252950064733661 -0.0124465462653161 0.04714899368233244  0.5950528327364613 0.08022057949795867 0.08951038159852817  0.5912171221521912 0.07454914213400718 0.09317743221313549  0.6259950308331217 0.0194689409264715 0.1466594330356559  0.5963328711192553 -0.009822719677881177 0.1584410319110932  0.6145527349928763 -0.01351907993432718 0.1613677540524547  0.5901759013145805 -0.005903921400949301 0.1877181034707839  0.5865891357609095 0.008353703734151268 0.1492845335787804  0.5893978402772526 0.04383402406130037 0.1328422414189713  0.6271451980168727 0.01407758927113669 0.1492612855130931  0.6527468965095411 -0.01730201356909297 0.2124618981583304  0.6554078492529638 -0.01643001243074869 0.2148817698699894  0.6880972571762678 -0.1219353467834154 0.3067343176889593  0.6631184440870763 -0.4689233777895043 0.129220553958013  0.6704765099606429 -0.4847920049315044 0.1321843784606847  0.7595423313978789 -0.4687781553677035 0.3072556878750108  0.7628235946572061 -0.4808557377501003 0.3052321282253257  0.7242633816786068 -0.3979004223551577 0.2895631034405386  0.7790853475080212 -0.01012964045934677 0.4091290265415096  0.08826810408531249 0.5295509347337224 -0.1139963235841325  0.2633985680873164 0.755464046166664 -0.1225399516610767  0.2637658346173598 0.7935355879617615 -0.1227672794188479  0.2376263778612763 0.7118547646396212 -0.1049652256309123  0.2092218979774123 0.7590025137441163 -0.08553669171233447  -0.2678252706457186 0.2777535143363952 0.3119658591550996  -0.2888760202439494 0.2887083012546099 0.3201163379362216  -0.1119618887321607 0.2441543018827531 0.2562992555780343  -0.3958715529464272 0.5501456675085599 -0.447989028798349  -0.316961217951402 0.5054880202245997 -0.4117284391909973  -0.3695587442091295 0.5631239394609047 -0.4377561124405099  -0.4383804454630325 0.5416948023670596 -0.4912065947466443  -0.301953362992485 0.4924132361275641 -0.3999052209229598  -0.7360964694729967 -0.1394010914145509 0.2411843689573585  -0.7658551700417173 -0.2027876316498842 0.3124006816069397  -0.6763084735593273 -0.1512213044408188 0.2274327356269727  -0.7721042719462732 -0.1974779158955127 0.3375830753102431  -0.7513068802328914 -0.1156559219692623 0.3084224141930283  -0.7634079199823561 -0.2274667366140002 0.3343221554855378  -0.7426644759352238 -0.2420582194686606 0.3392996747338288  -0.6683377987529493 -0.151084954244605 0.2293293205762705  -0.7534537707241937 -0.09783578667691538 0.2385048105260716  -0.7471155704311235 -0.1133819192946511 0.2947375273340056  -0.7401878841170242 -0.02934022143282342 0.2139014696529572  -0.2878247054559281 0.5077850095333711 0.4259852629009226  -0.3133028571668062 0.485457133571431 0.4423970206485857  -0.2853931775373436 0.5254537703900594 0.4097382760286463  -0.3579491195106947 0.4140325991000399 -0.3415154753767433  -0.4488758664776374 0.3684441501450696 -0.466437540271007  -0.2817927639730098 0.4317409735440288 -0.3571602807064507  -0.403869528999024 0.2410958138139294 -0.4203086537319025  -0.4104194873323431 0.2448517049811494 -0.4238904247541342  -0.4394849692269974 0.3495766190318261 -0.4733648486920924  -0.3239362710703186 -0.1300663034485282 -0.05437341039345441  -0.3228820259718802 -0.1248075809034919 -0.05276927546556198  -0.4807490429509711 -0.06151505444419574 0.102114326858794  -0.4906887037617215 -0.03104550901876818 0.06677670683200811  -0.508193363991859 -0.1403220541273011 -0.008096565975984762  -0.4512719559054571 -0.1884764455901294 -0.004582403288040109  -0.5107723246001749 -0.1401385048189868 -0.0111901836728994  -0.5992104474591705 -0.1197293723641896 -0.01860514043836778  -0.4615827387768803 -0.1578383579059027 -0.1643705885274883  -0.5305261883533132 -0.2065872704302555 -0.190100209591763  -0.4279011080946343 -0.1235327685306907 -0.1893480760939665  -0.4938064301615808 -0.09074182021077783 -0.1123345925838933  -0.4839546821947591 -0.05877203050769186 -0.04477187339980969  -0.4153014443266028 -0.07644319766782534 -0.1890440248565549  -0.5461679460049085 -0.2129149753562076 -0.184094303904223  -0.5485838038321997 -0.2125704007386669 -0.1798584932343682  0.4390620216678718 -0.8215809012180973 0.009002791585322141  0.5809353350499298 -0.616432552596855 -0.1228141051538136  0.5817462831554713 -0.6154608520563272 -0.1253836197820019  0.5529153812521971 -0.4001888042789487 0.009467471046513992  0.5972340612618949 -0.4422144584754629 -0.04324045793982263  0.548947112304929 -0.3782457226103865 0.01339839284611301  0.4433928654286952 -0.5526877570219205 -0.02140400462845915  0.6057452800968806 -0.4420031483110521 -0.05372201447476055  0.4901013648666428 -0.1297089386604224 -0.08206959326942945  0.5393365539702322 -0.1626460715113235 -0.1184734786833648  0.4726138568119072 -0.09765065828371243 -0.06957771032525503  0.5449708009354099 -0.2040678832686544 -0.07729318077800255  0.5490792738630217 -0.1771190212461736 -0.1160963094124053  0.4029593737592537 -0.2996226552360072 -0.1403390074068849  0.447300800402978 -0.2912187470140853 -0.1949900726756432  0.3344614343270133 -0.2517188985645741 -0.1195219343837065  0.3267227650341669 -0.2391285838563927 -0.1246692037582404  0.3271822937740936 -0.2423120671981357 -0.1218188338773093  0.3225504961026108 -0.2033418521343615 -0.1377654605195778  0.3274353056724322 -0.2429502498376806 -0.1214138731866939  0.3315832196237684 -0.2008099401535741 -0.1470702901845004  0.7500649379759359 -0.5435557860910541 0.2252680779969273  0.7705193197230374 -0.5397023686643605 0.2351935626131591  0.7054940257356609 -0.5392814407582581 0.1476178242302811  0.793722446855056 -0.517614890222693 0.2681287404175532  0.7843920411467219 -0.4979621719408532 0.2897969668415793  0.6754794213918689 0.3035081548589446 -0.2194495407609315  0.6746721488066548 0.305536210935249 -0.2186966833943037  0.6769469638340797 0.3027201562615561 -0.2292125902096214  0.6623048332287282 0.2853839888768912 -0.2201443151525245  0.7012780759309838 0.3066793038494098 -0.1924458820377621  0.6004919578582927 0.1625785213369838 -0.3752379159072086  0.3744614415341987 -0.0912512026938772 0.2118465312504239  0.3754440700284783 -0.1262649226100075 0.2624293069048891  0.5005873464303695 -0.04278491669728196 0.285535882080237  0.4500938137282033 -0.1311906600427455 0.2917835421045392  0.5227934402238997 -0.02948543266823695 0.2830404350137455  0.5037852665378554 -0.03315610455448089 0.2911831805440869  0.5180248826044261 -0.02741978788355606 0.2874088372399832  0.4735852935221905 -0.06435212833701208 0.3274293684974732  0.4416963272879653 -0.1423528506691104 0.2816411139556307  0.3800565654569345 0.1731005753326534 -0.3462179005971622  0.4052204775793475 0.1709904101610585 -0.3556387702649568  0.3568661753482006 0.1227916549320139 -0.3298918457443231  0.3674746271159191 0.187517602625457 -0.3634242277307808  0.3092384053008256 0.218950816472622 -0.2717815592172299  0.4100172819081737 0.1612647272689132 -0.3560706988323038  0.3576776407019552 0.12077983669139 -0.3299112933755416  0.2939038579573566 0.1520287709669997 -0.3891839709498982  0.3696781518899761 0.2159793607974339 -0.4112362895528676  0.1766301653719381 0.1601070107598669 -0.3990081681303902  0.3204712222645248 0.2612618138326501 -0.2240514655770807  0.1815756945536029 0.2242591620002946 -0.2329073893658518  0.2239526548550365 0.2758607141393401 -0.1985678133972267  0.1003845595581655 0.2214681684980499 -0.2532410184079156  0.2338824414122394 0.2664205968336971 -0.1915089481198447  0.3340927415705501 0.08222955194051132 -0.2990108139222682  0.3502018987711596 0.04394828955737468 -0.2593052848516005  0.4103282632055131 0.1600941524168736 -0.3583658817604717  0.5208181850996882 0.1711940085178922 -0.1804733560069832  0.5006257348792066 0.1750344670717269 -0.3444166304498879  0.7376309505039623 0.05611862504383709 -0.09369598800260279  0.3456687643256623 -0.2313346495058597 -0.3337248690534689  0.1696881661226492 0.005221408926817578 -0.01746814724050383  0.207148511017524 -0.004762328735783619 0.002175768483534776  0.1354001931469958 -0.2012448533321625 0.01785960698334051  0.1186559913221062 -0.2254607828081991 -0.08164559230392934  0.1186546390839273 -0.2254767904206547 -0.08165373841114229  0.1927467994728835 -0.2059357612417372 -0.006957241480212352  0.1981840265146233 -0.1704826119739251 0.007160988805872515  0.1749382027687968 -0.1417649511214886 0.02558261763823622  0.221191396494285 -0.1030757393149596 -0.1206395202023235  0.16341848450685 -0.07653574105684677 -0.1256481389021892  0.1709313512051113 0.006681243448744266 0.1992568752379504  0.08409373566499467 0.03677589406245969 0.265017249514832  0.00495056730358355 0.02495326551928658 0.1944517499582289  0.4685455479898241 -0.07935170537661627 -0.04849696611275817  0.4716248554592911 -0.06562613976971038 -0.03810138443084506  0.4724771593661093 -0.07258548635691794 -0.02787871217250854  0.4593516780327062 0.06724668237226369 -0.08718050823143676  0.4157337981985891 0.00570499456137228 0.08159365001329014  0.4172758849598936 0.004874238999488212 0.08175225404646669  0.40157490620848 0.006487910126646755 0.05918239863355736  0.375597117451023 -0.09324825547579914 0.2110359160131572  0.3480409531277814 -0.06412603725610806 -0.1320025825435016  0.3000049355716531 -0.03581604392910437 0.04487183009810487  0.3037246148620985 0.06618063642025045 -0.1149674493634574  0.2633570117836501 0.006128345508220973 0.05679312804770548  0.2341122112890243 -0.05231266224396881 0.05319036476513193  0.3532549839889745 -0.0589240087727073 -0.1336342568856618  0.1731144163847468 0.1235783926969813 -0.1517089735642113  0.1556847168676758 0.1443735945066183 -0.1652177029075543  0.2045262367193679 0.1159223633911927 -0.1432972934314482  0.1514822685884074 0.1467082483789868 -0.1643857831812063  0.1749108003002098 0.1762437175865936 -0.1796015648661742  0.1998476316950157 0.2902376797860313 -0.08274062521579191  0.2226394518751626 0.2916137362384678 -0.1105160758747578  0.1942407816551204 0.2739203320849534 -0.04859368178250173  0.2230931705340814 0.2891310205052795 -0.1176567589228888  0.1884367950603506 0.2739522845750856 -0.05129680065977982  0.1493287843983118 0.1489797386251321 -0.1642267464437722  0.1493644235409011 0.1462303927056274 -0.1614416096137493  0.2697149089075894 0.2211193166074255 0.04518103391890323  0.3638633556608448 0.1773155233171582 0.07107217160113623  0.268826198844012 0.21336550987016 0.05230988645571052  0.2683302164878055 0.2117587897298788 0.05234553610467749  -0.4400202039165573 -0.06925822583001069 0.1450700199882372  -0.4746052727684024 -0.0604166912149766 0.1201584426251705  -0.4066382515047797 -0.06738597860338941 0.1748644580167401  -0.5550234521047556 -0.1189215489361845 0.1772126676850627  -0.2923280522252853 -0.05860470348239947 0.2836653305694838  -0.2925162908714063 -0.06043925356540556 0.2816109917689597  -0.2629157392182511 -0.05202915711151648 0.2821299245347806  0.4210943387464912 0.08958060307651632 0.4906803538532004  0.4215455590205268 0.1000826602615923 0.4705876708098837  0.3347751791083718 -0.008578208110380153 0.5273570117885462  0.4275778434343043 0.09257285246919669 0.4567414179676738  0.3227314818643777 -0.008320934222229869 0.5331823228773911  0.1172568833292766 0.02114919844070339 0.7339399725310584  0.1075598617556833 0.01049673456033075 0.7284663189064748  0.06740132247681119 0.06281042347317142 0.7689808057620278  0.1054321393413062 -0.04201232720196813 0.7248395039452238  0.1063713020014227 -0.04876173834125096 0.7264038253837048  0.1844784319583064 0.03204816083578232 0.7767427644799917  0.1337072853565525 -0.09632258936759139 0.7534420064110755  0.1752129177798862 0.04785593607310602 0.7940831075586373  0.1907467476893664 -0.03769077341732362 0.7902505067105261  0.01301665494805795 -0.1251598180915092 0.3495550673938808  -0.2398847773729957 -0.09981859659269668 0.5217733551555208  -0.2928605447271424 -0.1458569063913819 0.4922869853800936  -0.2052886958801348 -0.2098216721406338 0.8278533299890197  -0.2137191367461027 -0.2544442627311959 0.8156323719649151  0.2906944971394246 -0.349358534690177 0.69991204849434  0.2786134210668692 -0.3863628150965539 0.6070740402841076  0.2724894211721908 -0.413824357470804 0.5939339152991304  0.274215133633242 -0.451534217353546 0.5965458185899869  -0.1076649651931028 -0.2977020248600515 0.6127781309909867  -0.1016759255218532 -0.2820562043817325 0.6478658876383693  -0.1037527451703219 -0.3265261411737336 0.6310639613367353  -0.1053328331620754 -0.3393417653010693 0.6366030280091132  -0.09596828693347649 -0.2995591462925616 0.677457539186135  -0.09901467829084029 -0.3280385618766283 0.6958187349407079  0.08128307416282664 -0.1993092990181761 0.6441876734788576  -0.1346012003426222 -0.3757445702961598 0.6701130357702446  -0.106591752369652 -0.3058396835332391 0.7298496792019812  -0.09982608188745873 -0.3314647972843346 0.6922365052191243  -0.1076888453260721 -0.2983898703821707 0.7453680650023475  -0.08814142395068958 -0.2872241181953205 0.803858386242101  -0.0922432202099608 -0.291807801618426 0.8024124200438202  -0.2317046389534511 -0.2753875641845344 0.8847289509716018  0.6730246170245289 -0.3650950245494641 0.2169520731478224  0.6720521395884597 -0.365446506719714 0.2171905253737475  0.4746541089302908 -0.367456183677418 0.2331843003147426  0.4815110876985036 -0.4047771165484971 0.1913657096744596  0.4474372801040668 -0.3423166005499962 0.2400370575233025  0.5059505835901226 -0.4074213753255804 0.1540631844446118  0.6654888581614824 -0.3386219111401556 0.2142085952328069  0.5052792570719352 -0.5070907303142461 0.2476106712630852  0.5567321218776056 -0.5231480617037718 0.2157640723044969  0.3840138134639811 -0.5609526832210716 0.08364918706283492  0.3823775513251361 -0.5107533924047682 0.09243886458795494  0.3614242624985737 -0.4711680868245195 0.1019395650990658  0.5487761306352887 -0.4356839145029385 0.139510128742123  0.5277766861373824 -0.4383276804932816 0.1460501766380919  0.5267335226002002 -0.3356151536402385 0.00736164697167245  0.4980109532431569 -0.3184944532299367 0.01359475395322624  0.4646762431734088 -0.3130409429447267 0.02615453156174868  0.4523664697349857 -0.2907119630607062 0.07552895097634875  0.4514012375658857 -0.2879129242336114 0.07707346848122146  0.5006851512970116 -0.1912240551230981 0.2869887254432268  0.4465206873909293 -0.149591050531875 0.2804003058192697  0.4312309562624347 -0.3366277866130953 0.263945869553876  0.403876062740226 -0.3351341727906513 0.2941207882632693  0.3586063078964642 -0.3603610921485222 0.3092791372337578  0.3409961190925003 -0.3558588760404259 0.3067756519856818  0.1813081924369882 -0.3986936968261279 0.1485540507161564  0.1392255371700488 -0.3880296246094587 0.1995695339631098  0.1980047624816965 -0.3972445114273487 0.09192695411738534  0.1908782569341567 -0.4665392139580271 0.04541865661826278  0.2418837569281305 -0.5421060835348299 0.1187600307916864  0.251181928454502 -0.5682651844058858 0.128279857206578  0.384669082947463 -0.3681395223389285 -0.005039060510144071  0.3399880741117539 -0.2457246306426835 -0.1042316303124423  0.3124511776765557 -0.2772388938447967 0.06232669122090549  0.3069352791954838 -0.2473834439500417 -0.1007802606542878  0.3270838217246912 -0.2429451194699419 -0.1215008624014212  0.2144409852490521 -0.2328370938607544 -0.01803799793653417  0.1528908132317315 -0.329786100291487 -0.1230613470951476  0.1390885843233675 -0.3273325558027466 -0.124312363819564  0.2845253846922541 -0.4227967153853057 -0.05316509856939793  0.2415003299862038 -0.4243386584456211 -0.01622945394956361  0.2854310777638314 -0.4221111891378285 -0.05192291976549751  0.4778982202608655 -0.7075175775187221 0.4733919678060445  0.4586894167247465 -0.5995360157877975 0.6221353053131289  0.5664718468569306 -0.3879056436540902 0.5618509271486283  0.5858678414234628 -0.3803530354489866 0.5647775829341518  0.1861574850118547 -0.3932069582241218 0.1728481456394059  0.2354579860454518 -0.370084989692506 0.1571825186475218  0.1402598505685302 -0.3872248513404186 0.203109081273238  0.1723234186299828 -0.3030552319816042 0.2885185506039163  0.1394586702059292 -0.3310493245565398 0.3307542534823049  0.2384069456500291 -0.2777061763533283 0.208102994953311  0.128599941375403 -0.3498424372788327 0.231234403899665  0.1357595363754601 -0.3234638002486528 0.3358663309832325  0.2918341148462109 -0.3496432023629525 0.3497247978457248  0.3271124456748749 -0.3528086156902953 0.308726157011981  0.1900627091052145 -0.3801012652563505 0.3991198351544551  0.2521666341373193 -0.2019041959035145 0.2230439573419459  0.3428144341176879 -0.180541742341014 0.2582623705828539  0.2918068176528529 -0.1697577404725848 0.09149784122107119  0.2457334216978204 -0.2879692695059002 0.1979679083463877  0.1719245500069069 -0.5669105081134963 0.4808207359347758  0.1936515752486569 -0.5866324437178418 0.4648239252400286  0.2068640918431437 -0.5929633986900652 0.4499240994945961  0.1966643807189546 -0.610246668830083 0.446014077593169  0.2308501361347813 -0.7457105663702078 0.5295095207318802  0.2946430520769625 -0.7547882619209065 0.5009478865075981  0.2290209656778955 -0.7125603767822978 0.5780248985592361  0.199290201553892 -0.7315541772624411 0.5219203483885081  0.2190737505830984 -0.7788224251992795 0.5377215264717031  0.2957747036384614 -0.7547142260662887 0.5007821123679943  0.4603360789832825 -0.6306175849045349 0.31815582446801  0.3337925416009197 -0.7019011656455283 0.2122080087270766  0.2686786144499616 -0.7923568228001163 0.3294302977068855  0.2452902407001714 -0.7502567137762356 0.3182947649500996  0.2785458848660047 -0.8022935356159274 0.3403808191062505  0.3258018115494661 -0.8246922934044634 0.0837583199533153  0.3268362021485242 -0.8332250886151639 0.08972033625111987  0.3144933423212913 -0.7837730921343118 0.02522097480800201  0.2629911263880466 -0.7729727777903196 0.04315446968415625  0.2889789498712569 -0.8640534416119422 0.1056105793518936  0.2055240367026823 -0.684057440837908 0.03030794489709723  0.1944771373158299 -0.6813916052490218 0.03339104344435456  0.2363941273165839 -0.7573881431366004 0.03620157096009946  0.2061027472050805 -0.6614629725640979 -0.02556514235761029  0.206226957234784 -0.6617225999434629 -0.02562417761442063  0.1818411261408703 -0.6456891891798632 -0.04310107006729665  0.237765454307348 -0.7491571140512722 0.009630130167333655  0.143576979390087 -0.630651405968193 -0.04664469700073105  0.1098393792859704 -0.6317096472020121 -0.01468406989473538  0.1927367777993037 -0.8355076931380461 0.3735269499635192  0.7046065064289186 -0.3025439247041722 0.4754826230524059  0.6911454645174735 -0.2656767453137799 0.4465968576805427  0.6751627031881499 -0.2779097231315383 0.4355644442419087  0.8593879471074799 0.1119230771583708 0.406115414039317  0.7986818248489818 0.08774434311661961 0.4512751859981544  0.775374489468327 0.08181349751363373 0.4840346027016704  0.7648276250787395 0.08842704606508177 0.4888636294477438  0.1448481095536475 0.2028949607124897 0.8982706526652312  0.147346693673101 0.2028101787066719 0.898262398878635  0.03130250544016477 0.2188520896107366 0.8742610903310125  0.1112809580063261 0.3958126881841542 0.04733207387445204  0.1007811518545554 0.3284719159853138 0.08522187091916537  0.05622901200770389 0.2913474980469293 0.06843319270887957  0.09960536305684523 0.341133530130604 0.1045379598493409  0.04466366624747628 0.2883746591690085 0.04897862746939315  -0.04167564422264559 0.3036469002340602 0.06297251145688065  0.0004459079796244741 0.298999017594514 0.01107079730055769  0.07693971311142712 0.3682380144171974 0.1823051886659495  0.06692061925121691 0.3726001833392581 0.181489718702829  0.08437228081817368 0.3597231278081329 0.1956984292965067  0.01415979891040002 0.409732308892799 0.1760163849987629  0.01313297138635951 0.4223514785617057 0.1749193464196761  0.05943715359681 0.4549071800747791 0.04658420840893424  0.08970069653221499 0.4282343352253222 0.04041878654013616  0.03908221775363761 0.4675251233081122 0.03835407259204629  0.1053234734427921 0.3485748774450559 0.1555154952296998  0.1203486408259305 0.3274728883671228 0.204102754561356  0.03351150157057511 0.4606618843723901 0.3747590751584853  0.04123132353704721 0.4525752030517228 0.3803885326995837  0.05035797713501919 0.4689552937287543 0.3804252481283303  -0.05887441314762776 0.4054440042040092 0.4353737226496338  0.08183809230945197 0.5041072576496686 0.3137898256117714  0.1410111643004986 0.5053923654362182 0.2282774383852548  0.1732785542220565 0.4467622885745845 0.2825593465630553  0.1541660246148792 0.5230213164263841 0.2089429476244398  0.1716215372221931 0.4345514207168178 0.2858341949852441  -0.07353062640779479 0.4076144135425936 0.435786056252407  -0.07702028884924167 0.400020878271048 0.4352599205595311  -0.07384951379207483 0.2832656585757989 0.4528416173055184  -0.0809802711010751 0.2956528243638794 0.4399810023404592  -0.07123378146280453 0.2798497989683459 0.4555802883390868  0.08087823725046056 0.4386346481979939 0.7110788295689335  0.2392284898212531 0.3759029498350178 0.7646562401994587  0.07937620388989874 0.4387033538125477 0.7124444021769261  -0.312697953849588 -0.6056735094978 -0.2943319783696652  -0.315818759800635 -0.606630641940865 -0.2954069969055667  -0.3115966171823552 -0.6045802553322275 -0.2939626564351184  -0.5310352334941139 -0.466832484148983 0.2301344316806747  -0.5700231822243633 -0.4589009981094779 0.2326213296154667  -0.4457427270927892 -0.5416786118943282 0.2115326845498846  -0.5992083083549754 -0.477503114617304 0.3086717471615801  -0.4080847809837405 -0.5443571295401792 0.170743940392436  -0.5554328681560962 -0.4989935095915761 0.3439270563823811  -0.492931999222185 -0.5616611077678175 0.3615813619236138  -0.5614943834120536 -0.4973079415733151 0.3429458322804397  -0.8141544961264483 -0.4538157563981718 0.2932832643440584  -0.6967356310776718 -0.3934166357427696 0.3414420872355224  -0.8171317709254243 -0.4514282921786619 0.29011051829137  -0.6869698031042849 -0.3884680779940017 0.3826129643655164  -0.6923180822554871 -0.3899907809418366 0.345962982628749  -0.691493047716992 -0.3789423046811445 0.3712523802043937  -0.688824570504202 -0.3819125301630841 0.382765557777923  -0.6316293826473641 -0.5283862958816683 0.2726830089929545  0.4422584934295827 -0.8350877792896739 -0.06945237206930395  0.474863286064465 -0.8385315867460558 -0.1176795808778876  0.4355469755614068 -0.8370378834625075 -0.05800969439591321  0.9275817788044951 -0.1459292555057626 0.3222425424981127  0.9238290272093552 -0.1396954741172192 0.3195058456874105  0.4160515708501535 -0.6022523333588619 0.6812300974459314  0.1832273684621263 -0.6859144965801419 0.5762573193561137  0.1922103019652048 -0.6052241498825418 0.5889141087757739  -0.4250403219539109 -0.4042032417804026 0.2694430618330706  -0.4417620286810353 -0.3917060242041908 0.321154989360552  -0.4074397628047008 -0.40473375026572 0.265225523647131  -0.3179926347810313 -0.6446838708697553 0.5949537908635906  -0.2793737148026068 -0.6453030588044595 0.5744298041640636  -0.3382093439261494 -0.6240026821611964 0.559735487689878  -0.02472310179556846 0.5498871596281604 -0.3550380973769884  0.05256617231666379 0.5725430363058219 -0.3084781236462683  -0.06517522762909855 0.5161625765960673 -0.3794339633136774  0.03216890744331048 0.440124786847796 -0.3209219508261584  0.0547207403558043 0.4541845581484582 -0.2813001334370243  0.5675029279950726 0.1561658721626819 -0.3627587089698398  0.5530270706692981 0.1647344782400207 -0.3555469825898082  0.650346738595411 0.5121512967704999 -0.2554388735695694  0.688781058940652 0.3595926520417819 -0.1646287923096376  0.6509918286894362 0.5146469127493674 -0.2568433100488276  0.7111658925338934 0.4605731396096417 -0.1476028680882813  0.4342810633330966 0.5529842097426324 -0.2715711319311469  0.3776970986844056 0.5515323586939146 -0.2714362020431971  0.456515882205095 0.5585621228337758 -0.2749752170168775  -0.2569156618940946 -0.2721594955384851 0.4395363199832396  -0.2634464404766134 -0.2745618771565184 0.447753505537818  -0.2404039235676163 -0.2754907076891003 0.4357604204926097  -0.1685605618926679 -0.3569478677069745 0.2180938975962255  -0.1547813614232139 -0.3669745456706982 0.2339426741504568  -0.2416126417687535 -0.4108652447266699 0.2402008023593832  -0.3134179872197033 -0.3037774256757768 0.4650091135165222  -0.2803252822489773 -0.2300605250952787 0.4416792625253532  -0.3221338339057044 -0.3010919151534249 0.4663153029851425  -0.2502400709641787 -0.3084159729692347 0.4844188503811924  -0.3322132233744384 -0.1551621376545764 0.4587109157324351  -0.3236235076069096 -0.17042580635152 0.4514379952050146  -0.3417533808581543 -0.1524960317139399 0.4659129122800317  -0.3111224544815135 -0.1950433945443076 0.4407060178274576  -0.3083512549022005 -0.1965988096977079 0.4404443017799057  -0.3739776125433334 -0.1503804663895636 0.6354264833888985  -0.3549629591148566 -0.1447871334863257 0.4884070575959675  -0.3559572684605475 -0.1560079030723833 0.4761770693888672  -0.3786230326608978 0.004710565336582557 0.5143226621117819  -0.4134256363885497 -0.1653796315523276 0.5960564713861464  -0.08174158619653746 -0.6902329435253627 -0.09355868258731632  -0.02102112492972589 -0.6977916387579755 -0.07293545571339519  0.005608306720090168 -0.6791224785017153 -0.08043291970920907  -0.1132880986661334 -0.5136714528710442 -0.1795192448935501  -0.1054590951344299 -0.5133689917436657 -0.1812008129644249  -0.04588725782050494 -0.529349963215398 -0.1972570143367735  -0.03576347823127668 -0.5450386786962194 -0.2022995491689992  -0.02433995729145474 -0.5627001381696903 -0.2087556621506281  -0.05635839723818813 -0.5814504421779908 -0.3313923548156752  -0.02334721906954462 -0.5774158235346979 -0.3066268925404638  -0.08845196959791662 -0.5979366423729535 -0.3744797026840419  -0.01802013240856576 -0.5883560986646794 -0.2750461576157571  -0.2583838516627488 -0.1790535600625251 -0.05869915623447777  -0.2578690334488538 -0.1789192799430991 -0.0589682688560924  0.2238456999754349 -0.5378795321134618 0.3730274151632078  0.2231900990292654 -0.5360047738031262 0.371494584673181  0.2202424061637588 -0.5182190168984423 0.3541194260557764  0.2601005236837257 -0.4951089081211413 0.2906556227433941  0.2582122686662333 -0.4942532329272764 0.2912730568315096  0.2510183931529364 -0.4934609695311996 0.2997303703551519  0.2450780657624874 -0.4958789025625961 0.2894114434881216  0.2320833733272014 -0.473397157376679 0.3338678505630381  -0.05276913165077126 -0.3067766439894328 0.2516218239826399  -0.04866432473538316 -0.306305475421311 0.2488731487570083  -0.1530397687403861 -0.3637708130492953 0.2381034134130208  -0.04813069415791675 -0.3410356800453457 0.1868170166524927  -0.02176518439392723 -0.3469187077338668 0.1898011888206266  -0.014051984592387 -0.3125370611595982 0.2398764807219836  0.0398186950872181 -0.3347644854796582 0.2432841724023019  -0.1556710201977972 -0.3781834568009298 0.2446711603744972  -0.1571779252748799 -0.3844401622889778 0.2502263337813719  -0.09310682925769972 -0.3815677270904202 0.1654871415902255  -0.03912101087445294 -0.6401438341723297 0.2903929921925097  -0.01252821733425668 -0.403638753713287 0.3212155028739225  0.01509660234695104 -0.4098535690655198 0.3114237875219957  -0.05840769751176723 -0.421862154267488 0.3916637713331291  0.07844550043133208 -0.3895733002677128 0.2818703981902418  -0.07276490628915958 -0.4860325992915338 0.4494479590782109  -0.05527944429900171 -0.4274567630082389 0.3998390826717739  -0.006127329699996756 -0.5729731894731478 0.4030564505093009  -0.009208313056092987 -0.5753986893389197 0.4018218726047443  0.02301865770133363 -0.5559318193978865 0.3689063540229128  -0.04812103308982676 -0.5766880367603168 0.4016158249694265  0.03565368212518166 -0.5527582888879902 0.3213896711005477  0.07329841823512639 -0.5683395623661769 0.2856623018439952  -0.02932993247652706 -0.05244605527102342 0.05459395803251212  0.05174675381362372 -0.1994437836406709 0.08507912309757953  -0.04076533688270224 -0.2699390893228915 0.02683449753132303  -0.08313272298918954 -0.1686458417564244 0.153084399709314  -0.07717499857266964 -0.1687735767911866 0.1545530589640576  -0.03208871825628194 -0.1852942030466826 0.151460966724862  -0.02447772266699259 -0.1821993965876965 0.1497479976652017  0.03055281385384317 -0.1699589719496413 0.1809865051996712  -0.08211822853035568 -0.1524960042976308 -0.03439431282316745  -0.1201933424141139 -0.1194202013138338 0.0972409231745946  -0.1157286394181927 -0.1155978456881955 0.1071495729184503  -0.1730502341379895 -0.08802757937158262 0.1668505679271618  -0.07940537273950944 -0.04774436792941589 0.03421679622232357  -0.3039394831863124 -0.5905359961542817 0.5352087428397823  -0.2342040780051232 -0.5363000603264358 0.4721600772762157  -0.3293556225512627 -0.6129670327829889 0.5481975324659178  -0.2666901094719935 -0.5767823552589877 0.4444653986653093  -0.2247476026536236 -0.5804952667970034 0.4127547065194186  -0.3044452183430157 -0.6036576356631501 0.4879320691910613  -0.1694040127952078 -0.5364316678550856 0.4299228125247962  -0.1414037594406501 -0.5945575258672672 0.5443410345811196  -0.1491878913384165 -0.5957362323675163 0.5521438878463627  -0.1332877396913498 -0.552913490120575 0.4438700004067265  -0.1501619797421447 -0.6248835418250023 0.5717999055635535  -0.1915284225419534 -0.645098873843825 0.5819055721179125  -0.1981799560230594 -0.7120356895572788 0.5362106198870629  -0.3249882237984841 -0.6264193135478529 0.5576868365886483  -0.1689299658163972 -0.6804861409613433 0.5599296552430217  -0.1975006444416502 -0.7141314464317647 0.5327332441731022  -0.1779394447261196 -0.7228509133228247 0.5061288607066979  -0.05984565898746472 -0.1685979400820431 0.4006236873733983  -0.05436102659379136 -0.1279652078661074 0.3840088419029986  -0.001839439289750902 -0.1335251894747924 0.3542677313323777  -0.04136530114173249 -0.02213096984760876 0.4894631623732559  -0.185267706946963 -0.03131697116935477 0.4143072851618448  -0.182653862136147 -0.04556924324298582 0.3911839519509968  -0.05048991140792491 -0.0156293028727518 0.4751031893611907  -0.09613395816704486 -0.1795903196790603 0.3828222100010036  -0.1136477611354089 -0.1875980338630782 0.4034796750870295  -0.2886402071045532 -0.009457395375944012 0.3872754297332919  -0.2811116248586214 -0.007816776686331899 0.4329975641780133  -0.2412843982878429 -0.03299443566018957 0.3115010817736571  -0.2815087409536856 -0.004988186000776343 0.4371803634384101  -0.196519890066743 -0.04163587636926583 0.3859193551423787  -0.2821329686624644 -0.003139355481623585 0.4378794499983114  0.007189787883190427 -0.2358388968593343 0.4204439157433406  0.1273366269027446 -0.351668600170551 0.4593261790222068  0.1593933444315826 -0.1941068146891589 0.3827972861375966  0.1635722885360815 -0.03109463594306353 0.4252266147510959  0.178874088231178 -0.04464014497566132 0.4359841747065485  0.1790313310150563 -0.04894109481324804 0.4415031398936189  0.224877781857424 -0.06008554046430317 0.546543047691356  0.2081345640141782 -0.06614459226652906 0.392598583819542  -0.03978681838020201 -0.4476560740416726 0.5673363178348851  -0.1134900024789446 -0.3489766320165595 0.6353274200871591  -0.03810985348952406 -0.3926011602389448 0.5903207239087334  -0.1100317207381176 -0.3687232566326891 0.6256655047765258  0.002081068907456005 -0.4157117579508476 0.6050430639428409  -0.1319980496694494 -0.3698570006707398 0.6715564780435694  0.03230193842504128 -0.4699059472623985 0.6014113308674666  -0.07447580066042334 -0.4979878703112243 0.7247946094517486  -0.08630295287743089 -0.5082458751787522 0.7357026422094816  -0.03482760165088 -0.4887211004913291 0.7534248521667605  -0.1909224710066237 -0.5627620432591138 0.4121623153606397  -0.1895035553143773 -0.6118441344415221 0.4000482706205601  -0.2653348218848902 -0.592936998153539 0.4035356663664297  -0.4758902375703894 -0.5673186794383205 0.3509371915202094  -0.4546984706845204 -0.5672746543939806 0.3445240073636479  -0.4877721826915858 -0.5655653373180777 0.3613221127575313  -0.3923922939712406 -0.6298722174528701 0.3192807832450142  0.01239102587555234 -0.7809252183872055 0.1770405632077949  -0.02003232689092883 -0.7909317227945983 0.1583564431235074  0.09644444599135593 -0.7865172059730353 0.196462281049822  -0.02322855705786782 -0.7901567829672232 0.1543682006979555  -0.1037156716393233 -0.6048816085811142 -0.3792212186118764  -0.1606536201748985 -0.5932348286973063 -0.3823776392726227  -0.1084600760128665 -0.7294279650742242 0.02494405123383287  -0.008049254046283053 -0.7180750361380016 -0.04814130456670211  -0.05111360078432202 -0.789114720521657 0.1454987823196159  -0.02676239320486162 -0.7886737264809702 0.1536382462264924  -0.05419868065335934 -0.7855239573462298 0.1528200995945579  0.5797451728478058 -0.253227822801718 -0.3569071401316078  0.5526883783115546 -0.2321443560082559 -0.3753522334701426  0.6089976851775086 -0.2970993933053279 -0.367754808841217  0.5224483611036483 -0.2451957560262424 -0.3407869565784276  0.5451261734529054 -0.2361653720263728 -0.3949895413397002  0.5367815946123011 -0.3809514996330536 -0.2630239402670588  0.5408962930755706 -0.3945921079420336 -0.2589567545023302  0.5305366152631922 -0.3733952751645352 -0.2767033769135525  0.5091101560320047 -0.3418136826977736 -0.2557749040783032  0.5861135815239 -0.415514900186065 -0.2357323033308023  0.5928346972449392 -0.4127114404288664 -0.2332646186055444  0.6518703507097799 -0.4181722755669371 -0.2386573668219456  0.6533873961070171 -0.4173400005924812 -0.238590943411187  0.6666142550420436 -0.4255820443464765 -0.246726869884113  0.6107876681211967 -0.3079518618750059 -0.3803503602233905  0.5308553658010583 -0.367736865185629 -0.2852855928444778  0.6149456280256902 -0.307832557543348 -0.3796417334101084  0.5563571495107185 -0.2899782610833551 -0.4531591509445904  0.6684070558001168 -0.1250393322498904 -0.2800726938972076  0.6884867280177318 -0.1286539332249997 -0.2565033772308238  0.5248146429056607 -0.2644997062234424 -0.2786963302268783  0.5256138920044793 -0.2675216463700544 -0.2103938045936347  0.5116394417537264 -0.270379440374986 -0.2193858997827488  0.6555565357029596 -0.2367113346484244 -0.2169447498421819  0.5219806310567162 -0.2451345680746287 -0.3402716381783  0.5227855587108799 -0.2465192768727511 -0.3389584754811069  0.5162908268978339 -0.3536387413265037 -0.2776789503113373  0.5216127631331742 -0.3612236636070792 -0.2797654432744763  0.5225088596136528 -0.3064036989045746 -0.2960924196052306  0.5116839004464607 -0.3467055432674516 -0.2714657535683592  0.4274648177036177 -0.6693925611409423 -0.2852762298090865  0.4562387206600406 -0.6729691997725947 -0.2511346893158726  0.4265348055651049 -0.6679958340295534 -0.2884947555494082  0.4193032812764049 -0.6618549448008015 -0.2824003352442708  0.4340958439523532 -0.7063021580832816 -0.3094261042857568  0.426300932061517 -0.6697820551357444 -0.2930394580805964  0.4772456820436639 -0.6644695191787408 -0.2445520498742181  0.04903190935229075 -0.3255763891126022 -0.4226321134834317  0.04977640443839099 -0.3298450229100018 -0.4306650027288245  0.006668278174671348 -0.3356945947804826 -0.3974193296885339  0.002142709993217681 -0.3603788522159543 -0.4350153366192441  0.08856092399886073 -0.3457987767291423 -0.445037833210275  9.797693601131929e-05 -0.3363036746193215 -0.3932495142929118  -0.0199196855512309 -0.3201724134816085 -0.3756844039790845  -0.02831643819180434 -0.243341438019525 -0.3493814587193916  -0.0207273219673869 -0.198739483284259 -0.3702995240396593  -0.006334050157899264 -0.2217590675792862 -0.358050564128257  -0.3458761334792943 -0.4251737683048212 -0.3899611404989873  -0.3541153076810046 -0.4394221354231772 -0.4397581987775991  -0.3445970269565576 -0.4501164200517559 -0.4586255404107183  -0.3044457243018427 -0.4827508399273674 -0.503110446691108  -0.4998869416679529 -0.2789386061369649 -0.234098397925196  -0.2747226589462821 -0.3122028037465571 -0.1488752278574141  -0.2578569257664965 -0.314097994375367 -0.1814204313740466  -0.1412664590293934 -0.2676937216468005 -0.0431992578631064  -0.1444731951787416 -0.322562552214036 -0.1696964238624141  -0.174477749336976 -0.3113811974157907 -0.2190500763945025  -0.2070067619354864 -0.3186469154586464 -0.2167399282535007  -0.1049136517639525 -0.2131625798880288 -0.07347600507897048  -0.1070238802935295 -0.2030606210387667 -0.0777957048185159  -0.2095949362469807 -0.3022539087928802 -0.250502170988099  -0.0902208334436642 -0.1947130091635461 -0.1388819721422131  -0.2706603091168592 -0.385295723239817 -0.09213912529782266  -0.2715236569111846 -0.3857685140875156 -0.09250035381629415  -0.2791431448478544 -0.3865088999799139 -0.09786381344118227  -0.2856610796158407 -0.3902633732550806 -0.08484259663918291  -0.3066721019472973 -0.3668629253757809 0.05227422802061672  -0.2528574166868802 -0.3866141422801043 0.09049991919702324  -0.3241566247967693 -0.3782258732464289 0.03748493297525218  -0.1992340859999567 -0.4891137805439648 0.0392160827788797  -0.2192125824399894 -0.479057801739541 0.0539551048471357  -0.2658648858983821 -0.4493197454847713 0.07226700734342399  -0.3102576698413584 -0.4182622800049962 0.042701619987992  -0.1771066193419106 -0.269290458089529 -0.2868358984370829  -0.1409178383922267 -0.245706562812534 -0.2900013722072274  -0.2387326529615755 -0.286794684006398 -0.2858067191237192  -0.2134194916003225 -0.3014390171871006 -0.2595081784358228  -0.2407949639326457 -0.292767386265877 -0.2791796358937239  -0.1168860983869926 -0.1393362652145775 -0.3095644163538401  -0.1244882700238798 -0.1272856741639882 -0.3121727815318872  -0.7275386768140413 -0.42189028783041 -0.08469754224831984  -0.7104901379795158 -0.4295573550744133 -0.1214290254491338  -0.5290350758755197 -0.1688555350135932 -0.4976668036841087  -0.5230359037145961 -0.1587488731477603 -0.5043555297850195  -0.615843415724833 -0.2320513098396805 -0.5095098541768659  -0.793609060463105 -0.2380389974912765 -0.5317574338723887  -0.7847143654145516 -0.2329382806592623 -0.5325700488702417  -0.7339539943154111 -0.2382458556386416 -0.5164974455286385  -0.3968336609444149 -0.4709853218378417 -0.3810034936249072  -0.3885728336477502 -0.4767227280315345 -0.3614581951340649  -0.4298087004153236 -0.4988284619770662 -0.4438751513734717  -0.3406275409986164 -0.5524892047542065 -0.3047745748396747  -0.1715785131908188 0.6970448419840194 -0.4236832845638046  -0.2027570139122306 0.6624281793432956 -0.4291616307243944  -0.06596631808989648 0.5528806225843051 -0.4140510192972002  -0.0722099195624813 0.5433741178036556 -0.4138877126328301  -0.2798698679393107 0.5382099211495515 -0.2890189771890748  -0.2783966177816257 0.5386924981139444 -0.2942127295722333  -0.5926198550717198 0.4980352148027531 -0.6319597014780705  -0.550872288554514 0.5022870853021915 -0.6387930493824093  -0.5837337096767198 0.4761462364945352 -0.6039216934659497  -0.504946695306578 0.503784735878312 -0.6686465029704499  -0.5153694924495494 0.5230882955483919 -0.6417036779867489  -0.5847782364821251 0.471116413091352 -0.6005504292034768  0.8273443307275167 -0.2814428710241409 -0.3245644282881492  0.8251965309429519 -0.2758912516243754 -0.3348298268170358  0.8183721368763317 -0.2395775782593655 -0.3378507680021353  0.7791878301474311 -0.293525862842574 -0.4590334994167233  0.7299152606627969 -0.3173489348435666 -0.4267449782961268  0.7955745582120731 -0.2922674511556421 -0.4734635539511143  0.7829360683998182 -0.2950446665273646 -0.3499677391596105  0.7082485980351947 -0.2992458325890113 -0.3771548507886923  0.7222606462307202 -0.3215760188627104 -0.4041149693892867  0.7990053867207035 0.5043183348479717 -0.2392952366935654  0.8312447318476444 0.454633605752728 -0.2806792442935886  0.7976535463916887 0.5047049523757766 -0.2355130745663023  0.8334983538855715 0.4483184671076634 -0.2801435807644001  0.4810426638120366 0.3401355226779267 0.1158920572512769  0.4956365738267829 0.2985807206878445 0.1081701666919657  0.5670188603192244 0.2232597073621242 0.1193180602485779  0.4699914787298956 0.3094151753549 -0.1249249412175296  0.4642397801625566 0.3071332042530415 -0.1225215154490588  0.5000588017423289 0.3752757564946405 -0.09307247568457232  0.5076146841888345 0.3794271198141693 -0.09527974072510285  0.3166548549597077 0.2570743163606427 -0.2225476516621451  0.3399509944346167 0.268474017690184 -0.2207229231627524  0.3204515076145532 0.2800960699315759 -0.222443823024164  0.3091054320520789 0.2837136088779105 -0.2166097352287384  0.3295281907594496 0.2813019890355566 -0.2210771026736232  0.2742368422386861 0.2708807239584687 -0.2007126217456317  0.2270564641343924 0.2913037344803237 -0.1306396994888473  0.456322637400266 0.3103446992403005 -0.1284254407264528  0.2347711696917105 0.2743202547867185 -0.1596325048868953  0.5601616944253102 0.5438568934191171 -0.1782890367119673  0.4839134105677876 0.5722616350828128 -0.2383255901782336  0.6054465892363436 0.6212292554665994 -0.1848011914382635  0.5876686287945811 0.5096420892479838 -0.2261199676481712  0.5019822481885936 0.5406388789644423 -0.2962666388049429  0.6085924640762219 0.52272518509252 -0.241374701175498  0.4761381800679312 0.5723499004207527 -0.2525895914250429  0.4615458946674098 0.5612310222037762 -0.2717155571736521  0.7215442035730762 0.3861471684829237 0.04461683604907583  0.6038158720120588 0.384695201656105 0.191130813625036  0.8790405539353922 0.4705984583282333 -0.04358624796078629  0.8535701154919646 0.4616747706141615 -0.08295943426256087  0.8673568495048984 0.4511501756365146 0.02151887039133981  0.9168016830934568 0.1505145139065586 0.29127917640652  0.9199267267455463 0.1511343280949107 0.2979203397200592  0.7982046739645818 0.1938039106442365 0.2740961570584056  -0.3620362383030966 0.2912913423134145 -0.7994368288414289  -0.3598637553202037 0.2902909857617031 -0.7991812966191811  -0.4298097629997772 0.304388904448085 -0.8152602932988047  -0.8423080042269313 -0.3090272157142254 0.4025648343707058  -0.4226011796761534 -0.3986582145182984 0.02726217009977954  -0.3569958029760038 -0.3561099705530044 0.03635106026695705  -0.3657168272094534 -0.3521031700912268 0.02723830293459851  -0.3688354725207863 -0.3524411935513889 0.02542820605246394  -0.3254725023889284 -0.3916217816149911 -0.02998660399616745  -0.3798575558650589 -0.3562002329206147 0.01432159194704803  -0.1987022358308108 -0.5995258453651073 -0.2095384357131288  -0.2651752825144847 -0.4990158769774852 -0.1881147862012866  0.287334287197973 0.8890831842365265 0.01763231224317579  0.2205714874847874 0.8939124500582667 -0.02659737238734086  0.3137489616847426 0.8253587464038984 0.07339404114481736  0.1849989308010349 0.8430724735730335 -0.01710149591610505  0.186429381068535 0.7742105031695238 -0.05450438442617033  0.1740501437604491 0.783147398447013 0.01322847220926139  0.340419134180351 0.6077205759114657 -0.07436282220332188  0.2773651314892814 0.6517145368276244 -0.04289121126801747  0.353289857975385 0.6054154388760724 -0.06877189260491694  0.244552463673935 0.6814956474223405 -0.05999110960525376  0.3085793295814911 0.6494317369176379 -0.02337830073048  0.2742129909905803 0.6783664702739056 -0.1987724530846524  0.2806544994632995 0.6788128388822837 -0.1874108283297959  0.2577852614116615 0.6934547175002432 -0.1696070601628843  0.2315255444813031 0.6834521077128123 -0.05952964126551444  0.2501543728956934 0.5697572302786597 -0.2683194935118502  0.2497986864871375 0.569686716786849 -0.2686717631983025  0.2545336670088283 0.6864366103959059 -0.1996811910429513  0.3604879194533369 0.725849272676557 -0.2603118674113064  0.2380655419310526 0.6987606662063606 -0.1186760674015018  0.4158085729089158 0.6192250728824368 -0.101466579931877  0.4299355455702432 0.6254711382682473 -0.1042049193781084  0.373793688758384 0.5347006939822951 -0.05862713021375136  0.4054770703589607 0.5358924337985005 -0.07358583396686155  0.3388198179543386 0.5116005410378804 -0.07327720748148724  0.4364363077090589 0.525250250430024 -0.07159314790083814  0.4340030192699211 0.5062046691237314 -0.04377998598898827  0.4040677079781661 0.4938639968690562 -0.01386992071308193  0.4313399632649817 0.5821949055025893 0.1033221625230221  0.3836660745141394 0.6101682521762827 0.09806863401295286  0.232417084083782 0.6691908853137993 0.3004997334078753  0.2324913158780003 0.6685961649640519 0.300320642956404  0.2311183311970509 0.6724537536087651 0.2991963177447544  0.08197458077350721 0.02016346982715876 0.7387740081666221  0.05163184936955612 -0.05249179150805759 0.6570552277141015  -0.05092418172148797 0.008541879765424101 0.6520178436781945  0.05283978240238096 -0.01838373656404588 0.5537676503049463  0.07919651618872568 -0.02349171661144428 0.5659201746110394  0.007312538634838675 0.0007212412343000213 0.5056438842141742  -0.0771886288348439 0.1858644022500009 0.5723024263012753  -0.07728508823983062 0.1863488986293249 0.5676019105996521  -0.09082853416593953 0.1436238872502557 0.6014998177354332  0.08685317541319973 0.2879423499272994 0.5386417431118025  0.03613740436694059 0.2148565503767291 0.4633204300334492  0.07091648921983494 0.228048348131752 0.4691127567449618  0.02051568632581661 0.1968510671057687 0.459295810611412  -0.05809032186551417 0.2680536372592276 0.4599249591644549  0.680321178965583 0.03165582046898521 0.4863611555067666  0.6417012590541518 0.03983519028917387 0.5300399586415739  0.7704250162035673 0.02461544499360159 0.3429361563454572  0.7753305102526405 -0.01191156171192851 0.4145075344112036  0.7701464333066484 -0.01668593849599632 0.4207802414532034  0.7340089780144953 -0.02472720287735987 0.2244516125976962  0.7642542215381996 -0.1156778982645727 0.3036966856475994  0.682483856032672 -0.1190373004147235 0.3040657670042842  0.7623375997354401 -0.1189413512716437 0.3064474832820581  0.6449275217230338 -0.07811572372189921 0.329170729092477  0.5656462589060263 -0.02656050435328022 0.2301041119132671  0.6317463858918445 -0.03152441252061088 0.2885194109264643  0.5761380372040411 -0.04344073914031404 0.285198202016584  0.6581858140745803 0.02671790308903413 0.3227959873228144  0.5339708366196104 -0.03005404045698414 0.2966244932653722  0.5351096372990551 -0.0312490948017654 0.2987769497784272  0.568844202587963 -0.04272281406168479 0.2782677688543684  0.7833315874744103 0.203285721399779 0.2658780616153152  0.8029106899146946 0.193879223962201 0.2810808825330447  0.7221908283581372 0.02630343771081492 0.3623093446266165  0.6787438496344697 0.03499365681941839 0.3497796997391198  0.5475252502581767 -0.08749942944082453 0.4261383017803494  0.4537999212217564 -0.08160980953092162 0.3506331687556509  0.4501452318441885 -0.07999559724396106 0.3540998201358615  0.5878076696326875 -0.05173158588753594 0.2955769171539696  0.6373497382318278 -0.07594060541471746 0.3297798154067216  0.6501412292035824 0.03555330608361394 0.5237846582292325  0.6636657532577256 0.02911121755342255 0.4995709011254166  0.4345527865604258 0.03880744758574968 0.8542915410158569  0.476497828917986 0.01806837620135952 0.8265244353279623  0.3820036336322536 0.1463766446170374 0.6954826440186347  0.4109763784038258 0.1635354400690456 0.712507839534917  0.3677458286515463 0.1251001535182963 0.6991896723291565  0.4495728315829412 0.1459474916992695 0.7059367400389378  0.5027152564297055 0.08436275041198316 0.6698637159208801  0.4736658222330773 0.1293370986040061 0.697762075079289  0.4900232266067049 0.1182753203312072 0.6998596698122678  0.5575871173207401 0.2178207957210099 0.7419572580461642  0.3079052867940342 -0.1648573341374414 0.7702156577714088  0.3061869363769165 -0.1684469152825795 0.7716378962068635  0.3161450428607013 -0.1686082996702239 0.7615415899756852  0.1913086066035545 -0.1965417226372468 0.7815842759075328  0.4527449771526285 -0.02495804214953203 0.7558740374511056  0.362218476808192 -0.1399829365800175 0.7855856698772229  0.4499560811260787 -0.02037819929553161 0.7461543727364873  0.4660911251277668 -0.02699960480076373 0.7542259040391173  0.220630355929555 -0.06430563363440771 0.5780158130852311  0.2203199992302005 -0.06567151008827334 0.5774957509555519  0.09877058685360032 0.0115065847407107 0.605749932334689  0.1058608515134496 0.002469946385858131 0.6210047675741394  0.2486756034371746 0.07849213322310131 0.6072162058931044  0.1229885476346411 0.09466921221145073 0.5153894498253166  0.2575266734179975 0.1519253645535144 0.4025560897575115  0.2127780140987458 0.2102651714166949 0.4227397724901484  0.2754481853007454 0.1515234064322145 0.3766480698351567  0.1652859547029962 0.228192532945785 0.4235094981011159  0.1017606363186757 0.2484732655848927 0.4584703034139997  0.1170153421572505 0.2440413987666138 0.4460546037325122  0.0914123069444514 0.08502199989278036 0.8088637116799807  0.05567517273612137 0.08236527390844695 0.7903207296031287  0.1680646705252156 0.194719940170873 0.9157188951790044  0.1476058066879094 0.2028684996362427 0.8982958066397879  0.02157702643531582 -0.2549583698663916 -0.2682870796205753  -0.1184937612547294 -0.127736286938813 -0.3102056082744147  -0.1025861786732776 -0.0913496843321888 -0.3274708621783962  -0.1732714841318681 -0.01017584104312799 -0.3131807372730405  -0.1619810453381147 0.003308131999731397 -0.2844405625772479  -0.1763443963714355 -0.01096895694573456 -0.3131590391018343  -0.1976373925023115 -0.1288082890285304 -0.1683744386328932  -0.1731387716312568 -0.08680345659074891 -0.3501705028046607  -0.1838476442064609 -0.09111677077977302 -0.3662248815996441  -0.1159242429278216 -0.06484601649170499 -0.3471051716351634  -0.1820215955852257 -0.08755564213024539 -0.3493645171371426  0.2074543169176636 -0.2568569509089663 -0.4390364995449584  0.2851459671960633 -0.2736527463423993 -0.4418824107866649  0.344801145796393 -0.2458462756210867 -0.4929908764628652  0.3599437710383211 -0.2806942537827258 -0.5282560588700429  0.3407326029059398 -0.1665663282695132 -0.4122273905392645  0.3361844941216315 -0.1551246000347063 -0.4139689723880892  0.3460509530184475 -0.1875991913053817 -0.4193159906376862  -0.5410044428718616 -0.3332716535473754 -0.4351058887299467  -0.4553520967246481 -0.3132862556159948 -0.4395245869970404  -0.5579018101320637 -0.3293076976738057 -0.4704153118481317  -0.5103231395954112 0.1430105504127216 -0.5511065199046818  -0.5143894241627818 0.191351654959224 -0.5283490368239259  -0.5177957634666953 0.1392471176639711 -0.5486704479266575  -0.54037066228824 0.3369827106761196 -0.598041964196954  -0.5208195876460912 0.3540510457504379 -0.5779140167540884  -0.5439512939572162 0.3378125717143891 -0.5986406320527916  -0.4648647780667071 0.3669112341263257 -0.6202340222032433  -0.4993283455874366 0.347701430215822 -0.5493813908781185  -0.4645934910823569 0.3669954575982975 -0.6204509909664025  -0.4900634696990048 0.3459961770415078 -0.5334857652172015  -0.4135751522738996 0.06203282610636307 0.01766990155518016  -0.400100277138401 0.08872019563537574 0.01405914363233163  -0.4021923583605834 0.09940591868575244 0.02751624426100951  -0.4212897858622402 0.04799863860898824 0.01736970550285563  -0.3722973099948776 0.1066826982513071 0.006432821763537003  -0.3428269226473854 0.1111462273288222 -0.001720085612412436  -0.3920804620566205 0.1174674786945195 0.0370813423381996  -0.3542814064163873 -0.07017094621525778 -0.5004963021210239  -0.2133903727337563 -0.09127717242609401 -0.392416005431352  -0.308986662334699 -0.0228825493984836 -0.4952422807961585  -0.2890464066524732 0.02658471238365898 -0.3499163008418758  -0.2892379323314486 0.02475361687710841 -0.3489109728586812  -0.2970504702161718 0.04192027812961335 -0.3458353237564115  -0.4129669907346188 -0.08807492055103455 -0.4466717767210144  -0.4436773899191924 -0.07693218427571745 -0.4444491137256394  -0.5107320014874026 -0.1015208114894028 -0.468630170366641  -0.5554512565648075 -0.1026490695458891 -0.605786806309378  -0.5555937780478432 -0.1081147049106988 -0.6060309019723864  -0.548612509867435 -0.078619321742354 -0.5856550643140623  -0.6313979949634092 -0.1943838366757357 -0.57571360796889  -0.2326651935766632 0.3953421014869591 -0.2826573103414224  -0.2207652400168504 0.393657680347007 -0.2750601407936898  -0.2489047176571483 0.409053723990947 -0.3213584784079482  -0.1646776417119353 0.3930383458163316 -0.2574246319633184  -0.1379407169393227 0.4450549793052876 -0.1482647136218443  -0.2050841573866793 0.5607568428645801 -0.1585742173332805  -0.1338819450149634 0.4420645446836188 -0.1472124512698824  -0.2283758719132301 0.5589112544391666 -0.1815585829949171  -0.1379397998300325 0.7245914025716114 -0.1318380470360223  -0.1563981652941957 0.7145091332642663 -0.1742311109613541  -0.1590314283547028 0.7090558596600662 -0.1887689691700742  -0.1574466043988936 0.7119390612567619 -0.1859152250457156  -0.519878453030635 -0.2740635119407822 -0.5652612271838702  -0.4921564616122728 -0.2560682248053085 -0.5628244395775978  -0.5651325125808151 -0.2737165644874778 -0.5509485784421289  -0.6429892635438036 -0.1960607628317995 -0.5704240488928655  -0.6607195972458211 -0.2283833506708616 -0.5358436136987741  -0.5576982107568045 -0.1869433670798793 -0.6836535563150488  0.6505565247749636 -0.1414225448888428 -0.3673511549419307  0.6846095896736347 -0.1653856210158298 -0.387737174613033  0.6497342856525674 -0.1409587895240877 -0.3668885199523871  0.7776833635545313 -0.2042181592370592 -0.3532126436318185  0.6324506470448479 -0.1534420259058974 -0.3628937749536023  0.5912931447345147 -0.1603646132135196 -0.3813285986071674  0.5616739203807689 -0.161510307481325 -0.3992968239706092  0.5561696199860408 -0.1548130703746586 -0.4111048087713877  -0.2963070250311559 0.1290241957903774 0.01278290094317083  -0.2988541985372148 0.09257692009756174 -0.01209489781146324  -0.3706861297388912 0.107611302868917 -0.02829350652977103  -0.2388540520086566 0.1510622602361184 -0.06604988825793379  -0.243558363772544 0.08181416119525406 -0.08079974258758027  -0.244504644842566 0.0811576390858418 -0.0802621533938029  -0.3978048478673747 0.08988768601518116 -0.0828734272982096  -0.4260820382702533 0.0715656029465209 -0.0913560612898735  -0.2751256441740669 0.0648188759276186 -0.08048818749003006  -0.2806862105796072 0.04878069833386536 -0.08029404228439675  -0.1856832696458035 0.04659534172091687 -0.1284579827117343  -0.233724237109302 0.1064375676012072 -0.15032724561261  -0.2391422900968435 0.105145689389789 -0.1561112566928361  -0.2225299825768277 0.1016413935752776 -0.1635911973581987  -0.2844930639659019 -0.1170679259634653 -0.02831258438592233  -0.302651339894509 0.05217953801825834 -0.0507749191869422  -0.334308433683795 0.2034549960707933 -0.307113908457837  -0.1182954996657808 0.3356506292136083 0.4578830470305895  -0.08222649417546421 0.2993839133531608 0.4428597667446973  -0.1414146221750039 0.3345327499428277 0.5101620579518741  -0.1502540096112823 0.2666406143848489 0.3748807563895065  -0.5120283493688768 0.2778835129105429 0.3644999081952969  -0.5067500188900388 0.2773893772152805 0.3163880706157129  -0.5096364327064834 0.2793942017410597 0.3695456100044499  -0.4829824412175419 0.2938025599826443 0.38822573888266  -0.4897463644735767 0.2971341756377448 0.3922081302018159  0.2673054390300154 0.1279093779474683 0.6540236440300862  0.2681196004220812 0.1035388116658609 0.6253893477904866  0.2087404944661884 0.2804406682482221 0.6047089735994393  0.2077683244415031 0.2805075080027786 0.6053179980729138  0.2992515588300724 0.07652438220022081 0.6883957129176257  0.4067669981927552 0.1253726801840217 0.6842372691600813  0.375323963301648 -0.02955674861483016 0.6585181359037702  0.4142837740527863 -0.02240250313960653 0.5941898248006281  0.4291314711933168 0.01067637754969756 0.5872189641038449  0.3728576884844112 -0.006131605778732709 0.6146837074955654  0.46281037826129 0.04207950139954795 0.5983162209827827  0.4179747309289046 0.1630527647260621 0.2819519622476565  0.4259742346140259 0.1569649161672648 0.2847370473829025  0.3263247691493238 0.1375614746698845 0.36302504140669  0.3135853407998974 0.1391761121039666 0.362268744777641  0.5301270693126825 0.3061537982869209 0.39589179455075  0.635717652546368 0.3510085787979318 0.3342199667720301  0.6220724338911334 0.3701029997503653 0.2136562047625412  0.6723502831325716 0.3641606154502324 0.2179677209382073  0.5386107647110773 0.1256257928673782 0.4112528648795311  0.4448936990472988 0.1105880464635639 0.317791706875479  0.4046957310711988 -0.06553007959207094 0.3714748390114385  0.4162632666749501 -0.07791919416380987 0.370544701208826  0.4674190964778897 0.4535911654026267 0.4951355109356364  0.4953885994240759 0.4139107783493057 0.5934500792962266  0.499533574616336 0.4068815742939443 0.5955021477369501  0.09841338086555708 0.3444413541750297 0.1995352570528631  0.1772831987985952 0.4243607578457876 0.2858082393393649  0.1782716340068433 0.4088136469153852 0.2945290925033102  0.1389172302905878 0.3784151036454878 0.3588661220157209  0.1465408181227037 0.3251235398365885 0.275744767378196  0.1042923802975816 0.3625763075731797 0.3713482519888617  0.09407438054680423 0.3508976228344693 0.365116531764934  0.1989488693480479 0.1127832160382344 0.1188184260175564  0.1740065531767293 0.1664688878471744 0.1855395355311581  0.202171433952943 0.1754482111545462 0.1072254402623258  0.1726685119764191 0.1688561000540658 0.1883816707579519  0.2036647037733801 0.1740724485441555 0.1063712751010684  0.2155158280726199 0.1818647179024662 0.08916050011700155  -0.1132067101120032 0.2387424466403285 0.2382164402857229  -0.09015641130661153 0.246692467459306 0.1463617735907131  -0.1905958792803648 0.4080559603422922 0.0006142299206550461  -0.1272129741013139 0.4397046182809137 -0.02360451470537402  -0.2595170766020622 0.3802814653816973 0.02714149168875135  -0.006245758733696566 0.5098984635688428 -0.00988982031397536  -0.002782525709001633 0.5000619231045385 0.02067202642625943  -0.07110763017784985 0.5176639641853211 -0.03298385850318075  -0.09648469806620194 0.5030578411057598 -0.02092433931793246  -0.1150770391425828 0.4714375256015938 -0.02749802585280694  -0.08521038982657536 0.511718140486852 -0.03278142922340818  0.007885330331443341 0.0885198162061583 -0.107459301112146  0.01112381578197097 0.09912806755753638 -0.109611422670066  -0.03760526285897531 0.2932234592634023 -0.0642337112687346  0.01890395584975474 0.2888715935324296 0.01323766115842786  0.04337326626885781 0.3853890609910551 -0.1414527752927977  0.04266053210729442 0.1330698297749814 0.07445352456355619  0.1073769136587054 0.1810997186936913 0.03829551273352273  0.04255243902356135 0.1279732111840223 0.07565907788357543  0.1059578873777051 0.1878461905112657 0.03240861081612333  -0.03861112394959558 0.310929839400184 -0.1220923823871139  -0.07427316024170692 0.3022163175001428 -0.1247238469186469  -0.07586154882692867 0.3089186921558523 -0.1268198668586072  0.1516434312647131 0.5254232866745082 0.1995089538930163  0.1673059108527187 0.5258660587213076 0.1807422598154206  0.1447464609897323 0.5776945297891782 0.1225460962813767  0.2044035160425964 0.6104640507130652 0.3104476269045801  0.2023320627913141 0.6108655509419998 0.312148860833098  0.1440484991937579 0.5875006771085517 0.1165371421271411  0.7124158736951369 -0.1411310699092879 -0.256066033598362  0.5950123546646324 -0.2166823779205886 0.07660215474479783  0.5783892406117962 -0.2103858564664599 0.06716617157458556  0.1878308963916088 0.5498464279654955 -0.3130929177308598  -0.003610934804956875 0.4604645517952096 0.212781522310076  0.02199408893215189 0.4681298991077625 0.0284644500617756  0.0415483561476948 0.5530677514304194 0.05545697833789161  0.06217830286140181 0.5632505810159631 0.06890365552096477  -0.08036870764867343 0.5969323228317994 0.1410141166788509  -0.1237857303609449 0.5620498595559422 0.1585825098001271  -0.09999712624768797 0.5526009104194065 0.1879141629904961  -0.1178463766126327 0.5755555264431502 0.1442663154253374  -0.01942314446923624 0.4792735229657119 0.2205822979129592  -0.04229595359399715 0.4967125570298472 0.2159742384106786  -0.01048615677153003 0.4714499100121278 0.2207400965243514  -0.07540869645294933 0.5334089263137578 0.2059143761491421  0.03837215237823988 0.4677367698942972 0.03753551356980564  0.08375894194173435 0.5851577185085837 0.06246910486927334  -0.1074866050442287 0.5846667118433546 0.1389996815410247  -0.07834449486897545 0.2797282940052558 -0.3941721698132756  -0.03500075551449815 0.2606389212055416 -0.4088364562509639  -0.08522822210742971 0.2847106228659718 -0.4006292631149033  -0.04273207593375385 0.2938660809649893 -0.3611475294232289  -0.1346430041850641 0.5888080507686142 0.07538055293614643  -0.1134353313694093 0.5777724140648818 0.1345407294675968  -0.1231228183794399 0.6469026314016921 0.02966241425088281  -0.09397739049250101 0.6123379354305267 0.1345304991142364  -0.1745906887727146 0.5515599004497369 0.1831539611493321  -0.1843874826794806 0.5395044009615619 0.2051278962299465  -0.1952739109838634 0.5343661539362677 0.2029987676868819  -0.2288037593638302 0.5054349019183929 0.2097681569413045  -0.2339196595093264 0.5009119533786769 0.2081920725335926  -0.2338957107893676 0.4866613420733379 0.2111755227189574  -0.2866869165161172 0.3335235928655718 0.1470129199103373  -0.2981284264230334 0.3216065664446401 0.1615912613588786  -0.2897447021555809 0.3355450535884584 0.1410494681488736  -0.3016696555185988 0.3225008736927633 0.1574247808379384  -0.2706471717262973 0.3579369925650686 0.03267756638469278  -0.2733682454287086 0.3653417953651307 0.02964233171075957  -0.2697269652808101 0.3765403445565634 0.02650496324938971  -0.09133704820347255 0.7245791865431254 -0.1430802922417228  -0.01499314582397647 0.6735938331784862 -0.1255572640882462  -0.03857175773468538 0.7555658957569723 -0.1315558846499676  -0.04178025086613725 0.7600777686550561 -0.1272526753763758  -0.003911169938250303 0.7279918771608473 -0.1235611127445451  -0.04478978285154872 0.7719847196176943 -0.1224391898724682  -0.2754159743061517 0.4965287259683539 -0.3434747422581301  -0.3699773151412978 0.6072677266252318 -0.3809815691240526  -0.225720600784511 0.5369815103788312 -0.3540601970478617  -0.1776843557540897 0.5316404737399709 -0.366278120084879  -0.2330505153813019 0.6242894075567589 -0.4936977875964584  -0.4772752822488822 0.2881270468897308 0.2566301604783708  -0.4530585586657943 0.1662320526243868 0.1869172029861889  -0.4523330118575125 0.1691281204501684 0.1867362062044259  -0.5181154344675351 0.1360729250908108 0.1951562088465977  -0.437411618251251 0.2257001991143552 0.1843803673276662  -0.7131173708848568 0.001037433873311934 0.1928791944087316  -0.7090256198915266 0.003942377075856755 0.1942114331180144  -0.6899344458680557 0.04036909135705274 0.1874810174476701  -0.5019540213145547 0.32036449878477 0.4017294850382338  -0.5152289007311458 0.3433676081516669 0.4219225252511649  -0.4843630163587628 -0.05939757130993568 -0.04170408518462173  -0.5148752701748043 -0.05220172971276375 0.03114382721232956  -0.5106501324858864 -0.1199782472123286 -0.01458678062834579  -0.4889820836916008 0.01165403661751613 0.06371011621209867  -0.5377976357175983 -0.03084755539261076 0.03963068580626915  -0.52489988191913 0.01015696571439593 0.04776441189201322  -0.4344038984816354 0.0728219709631301 -0.1104815959914561  -0.3260903503431883 -0.3457779300483082 -0.162835308994702  -0.3573211936387341 -0.3378826861143859 -0.1597948058428625  -0.3126978515589466 -0.3420031995234426 -0.1653068927403384  -0.362822348750211 -0.342138012419979 -0.1601999789191864  -0.4507282308805386 -0.4201089123829804 -0.1259864526730015  -0.4315879107574338 -0.4382875161232396 -0.144752101335022  -0.2905570700936079 -0.4150988711470089 -0.1197342992252693  -0.4367811208216881 -0.437306366665528 -0.138552620841684  -0.2875659052176508 -0.4110320676060146 -0.1209538928269873  -0.3224842671946261 -0.3939415047270594 -0.03133402377700803  -0.4029985699084107 -0.1144201440772842 -0.1947291193051104  -0.5895979183600849 -0.09947926887044456 -0.01482975273987848  -0.5890617598359862 -0.03464950635833811 0.02101542526010454  -0.5110241779462699 -0.1326674964331241 -0.01009658949606319  0.4805771182477495 -0.5833752882116299 0.6186782216045207  0.6961340818724817 -0.5334486811843325 0.1469856342881004  0.6324337078841368 -0.475291334091205 -0.004425015658842554  0.6668753833911857 -0.4605213898868305 -0.03676833134000866  0.4183158503857646 -0.7233907483505547 0.03813825052169607  0.5068049736522993 -0.7478413972766839 -0.04385020636653493  0.413916000206666 -0.8404706935209243 -0.04404281962140649  0.3613561383690947 -0.1898004176683002 -0.235109840515048  0.4235480480018242 -0.2478842290561954 -0.2075160153299195  0.3894716026367883 -0.1951234303492476 -0.2772441881538857  0.3608086434027881 -0.0655097220264567 -0.1434649868082202  0.3576345023038285 -0.06675687137524709 -0.13413202427387  0.354885287152604 -0.06064186913641872 -0.133905237466188  0.8216115435200491 0.3270640528626932 -0.2955510128091817  0.8059913818200097 0.3044316189927319 -0.2592494607136804  0.8218912161009234 0.32754053198818 -0.2959386891401309  0.6708953606778678 0.2931725251693753 -0.233817574333985  0.006249219992710359 0.2914767280342384 -0.471880153812043  -0.003637210622793995 0.268246198575298 -0.490904736905545  0.008078699039498247 0.2944883078556471 -0.472374945762874  0.4103505493802994 0.06739677017328824 -0.2676484069332669  0.4761341845496937 0.1051972036659419 -0.2386209056922556  0.4442605800056212 -0.01327920063961429 -0.2837072100555526  0.4112693774294376 -0.01168215088607537 -0.277382534645076  0.4730809927518805 -0.0449794227735716 -0.3236807128927447  0.506602083053409 0.1372173708365535 -0.1796246115277673  0.3445640060924203 0.03104991713081463 -0.2598173182596124  0.5069865052316631 0.1383222880248962 -0.1796354899289196  0.360487246845072 -0.06149123269197876 -0.1470458434922054  0.3593535842946295 -0.03636443221497487 -0.204679293172366  0.3305007506565742 -0.02416920186214203 -0.1558938021373027  0.3299898662881739 -0.02131193916932694 -0.1614115972449817  0.4467479935187676 0.1321465302072948 -0.3929526835319919  0.3597852314532325 0.2466558627961202 -0.4439476759213727  0.363373134275924 0.2559527663101634 -0.4524285243129322  0.3628463754241893 0.2632492490566988 -0.4679018945137491  0.4745298784524696 0.1122931642637094 -0.4227334857200278  0.4905756986963313 0.1253302656142962 -0.4967239774053464  0.4738718887542714 0.1001734989885201 -0.429045888222678  0.4938333054315435 0.05033279843623052 -0.4368209132522594  0.4914464698716871 0.1097367375334068 -0.5138905254775472  0.3946522129523296 -0.1756638368730338 -0.2983355939746736  0.3397986886195302 -0.1595304463419127 -0.4056157215657458  0.3961524798662562 -0.1865929246783896 -0.2911801377754791  0.3643102778753562 -0.02683147492954821 -0.2281794598259119  0.3398017671644593 -0.157095522413274 -0.4095487714916532  0.3381135625418416 -0.1546351847540976 -0.4109558746304782  0.3096347009203379 0.03151087236722108 -0.3038973240773867  0.3429894330964703 0.02883911015501606 -0.2567806803283219  0.3079166195056771 0.03067979224660769 -0.3041435478037479  0.4374470284307557 -0.01679793677027807 -0.03929031609490333  0.4586229660851234 -0.09031523576026798 0.03825172245126099  0.4638894493172547 -0.09355874126448743 0.0478157451470857  0.4129857724549428 -0.01987885759487416 0.02736758347962439  0.4395761160496667 0.01952034524412404 0.1042863830203797  0.5188650922254936 0.04945104588317937 0.1463042038355749  0.5712369368242344 0.03341774233696201 0.1514221029797759  0.2069420941937568 0.1648159291154072 0.09509307294333952  0.2117083797187539 0.1705974222499293 0.08968364356502977  0.2313730532366559 0.09109009552347001 0.1031403708872742  0.2380687418199907 0.1757939220604645 0.06903484159369491  0.7841250972572354 0.2064021783598421 0.2714805549452533  0.7480151195594648 0.2057738440584299 0.2459099258600677  0.7848247610283339 0.2065241864908117 0.2726769778557024  0.7451533826141294 0.194960442878476 0.2263968178995646  0.7253367655091639 0.3185738723920342 0.2057051603774986  0.7361522962165281 0.1838582001260282 0.2119441758604794  0.7120145690113128 0.3418152242908131 0.2138226652194543  0.7505509081747002 0.212149185909298 0.1673257265949039  0.758316277833337 0.2217087403827963 0.1533254163477595  0.7833831292124619 0.2390932054938991 0.1368092798131639  -0.4829629702357325 -0.2514737880445738 0.2478187642046167  -0.4778065319864326 -0.1546323276312291 0.2304736123825374  -0.4919078881135999 -0.1971417725701443 0.2264708861917356  -0.4071555582074504 -0.1097545135441857 0.2067763762964429  -0.6202858410437463 -0.1200504527615119 0.1973564762921921  -0.5655249052094834 -0.123665796663218 0.17569275332274  -0.4996484257563548 -0.220211561362701 0.2423740884461619  -0.5511822880734348 -0.2682545688549544 0.2857872130888164  -0.5367632186822487 -0.2615764542377227 0.2829513623260304  -0.5248140924166925 -0.2527127689020031 0.2699580693071432  -0.4072453171775772 -0.186724812582269 0.5121338687203297  -0.3895166342186865 -0.04906172183985272 0.2344098096262006  -0.3936233233269899 -0.03446876349565674 0.2048194806379955  -0.3328194246982495 -0.2045643707832589 0.1714146108516157  -0.3396615881049654 -0.05562148749403174 0.1233337222005764  -0.393773541027674 -0.03444476353383469 0.2041480952289509  -0.4088586374642993 -0.09211853481455047 0.1851659137140234  -0.2157145005619142 0.117289947380059 0.5640267794750365  -0.1872055629976419 0.09454288238305256 0.5539750171501561  -0.2640971085351911 0.1028263063123511 0.5646510043767289  -0.1391744076881851 0.04982740367586502 0.5350605721419074  0.0282946481486578 -0.2035032101172234 0.3698851730481457  0.06878872584066205 -0.1713568913145867 0.1771865440542338  0.0857049348594742 -0.1610195946638165 0.1814921169418882  0.0845432746155886 -0.2188340603172682 0.3325230535388944  0.06722131470691151 0.01609816481930598 0.2673690102014988  -0.02090974384072467 -0.01765581394594828 0.3024869271589666  -0.06384054832052935 -0.01600820733073972 0.3323299164424918  -0.06601367673108723 -0.02122533200805637 0.3383892567008858  -0.08764911986553008 -0.05986517180877595 0.3488437031762432  -0.3133702380222907 0.1188592352446538 0.5396806500223138  -0.2894882784056019 0.009648772515894438 0.4492536431933704  -0.3152901726088764 0.1179963968002956 0.541240297778236  0.2452094293698317 -0.3639132502835494 0.7199480207429363  0.1701475883002031 -0.1819301651891821 0.7754660043895713  0.1226222067067197 -0.2502627354328523 0.7051160652864221  0.1074340662150324 -0.2664581033621389 0.7007596997970611  0.1065780140945378 -0.2896597075127804 0.7054922827702427  0.07730659528673919 -0.3429200721584492 0.7471714319191157  0.1712794249520151 -0.428895279870212 0.6377841590690768  0.1703425325801885 -0.4282737982518353 0.6502270409651965  0.1725644157415986 -0.430501100928566 0.6361583555328727  0.1771684749829541 -0.4862806513956739 0.566651973927188  0.1397296404897947 -0.5536521991142651 0.6080087990120352  -0.1769824585641059 -0.2686357104876709 0.7727779464838206  -0.1734610409380731 -0.1628605903716314 0.7215796416617249  -0.1751183140899446 -0.2741237669094039 0.781465588332523  -0.2085997526163993 -0.2108289645773386 0.6682160273634855  -0.1807692080787519 -0.1541709692758183 0.671941907443462  -0.1831305316751067 -0.1587466420326148 0.7053750346198395  -0.1113643071154139 -0.2981206662172754 0.7502866035404452  -0.09188720042210446 -0.2922936372014578 0.802899289555526  -0.1689468464993986 -0.2722142948163863 0.7985389099114624  -0.1752584892598147 -0.272219420655413 0.8001406550435688  -0.1693035007417236 -0.2794612514094481 0.8072340291010418  -0.1409669405603662 -0.2865999760126439 0.7651471496837401  0.5711115376868575 -0.3647036585764724 0.4088011244045182  0.5883409139872228 -0.3513318957434808 0.4097140188320957  0.601446486402717 -0.2847837717212209 0.2378589013545341  0.6564628826060684 -0.3187587783243515 0.2094650071068735  0.4159463316164917 -0.1453497570131919 0.2885684099479562  0.4150411638650529 -0.148425797349258 0.2888336470940788  0.3484533400159031 -0.1829294174859097 0.2618362407125572  0.3430171527341803 -0.1810154644521087 0.2584849175766545  0.4216028426274376 -0.09118560637338305 0.1683851684982487  0.4144588518025488 -0.09004589062715279 0.2026362960118769  0.4638849161055801 -0.09931008597204967 0.135157226099939  0.4053106265694931 -0.2309607979660681 0.1386399762615892  0.2566669298557255 -0.2962600495565332 0.1633209829178794  0.2452544410346734 -0.3679982327195103 0.1339014171175755  0.191423048099168 -0.2018082646092114 -0.001786788330156427  0.4338601892890631 -0.7834220892286743 0.3677760618270659  0.3023271513378532 -0.7493546112807379 0.5069730172675823  0.4530256589445169 -0.6994121320187408 0.4873009112217904  0.4060630750712929 -0.6888351834776798 0.5015764002011123  0.3873801486016298 -0.6892532894218814 0.4955259947965007  0.3451604089534048 -0.709282057377617 0.5054142277073247  0.5173411059645605 -0.4691701475785364 0.4984734727224743  0.5049386853938869 -0.4981166795493587 0.489478851876142  0.6306332281434425 -0.4090147558996922 0.5172959888615101  0.6414871433399918 -0.416524666556183 0.5149833672028935  0.6495503451150132 -0.3992516428352902 0.4870763355947584  0.1999797275288085 -0.6212770707269123 0.4469980867477336  0.0853605798570789 -0.6389827886524216 0.4245982125075322  0.2128771118844032 -0.7216108435116164 0.4891487628519048  0.08517436904221415 -0.7671256219550818 0.5194346856274725  0.03969470888631975 -0.6323947659583311 0.4422434174498023  0.03833546914365463 -0.6348415950435902 0.4419990055656376  0.0375197538808273 -0.7497166122995088 0.5398842731064191  0.03437625699224311 -0.716123733989616 0.4639825424378331  0.03740636639730359 -0.7495991579339937 0.5397518969908696  0.3213646828119265 -0.7893841717755911 0.0291884713210488  0.2941257088796868 -0.857240539022877 0.1009109037900412  0.3287691483127319 -0.8496260573090261 0.09064770201712608  0.1871184195452147 -0.8282969698642301 0.1397173413832732  0.1081640077083008 -0.7830039941298578 0.1972788247116382  0.1025364460125651 -0.8023350931037529 0.2356123216302448  0.2383293984953752 -0.7459353782438942 0.3139532482643618  0.2449497085216409 -0.7494493583521111 0.3179041917402291  0.1719800844628632 -0.7095739133271539 0.2944972722460535  0.1190337481252744 -0.7485669086807595 0.411943994851325  0.185900811108573 -0.8370813345821436 0.3789122705844448  0.1476285081110765 -0.6925418065889808 0.3522595574263693  0.07172675483857038 -0.7110443013717148 0.3888019497868669  0.1501838619836336 -0.6956591806835198 0.322782334449473  0.5086811573926163 0.254670980170424 0.7365553286412124  0.5159647667416615 0.3167218737286041 0.6978199909903841  0.01862465055178484 0.2269214191230424 0.8589135728833653  0.00422997578825144 0.1979256524873122 0.8571501235938754  0.001006920737656583 0.1971170965764351 0.8584259968534499  -0.01826709340253131 0.1860702819676231 0.8756842099785629  -0.08772935819628619 0.1374924802092027 0.8602233957928833  -0.2073238463802455 0.3391016577682233 0.5329690092315028  -0.2572036036989927 0.3257478984639034 0.5539838968881194  -0.1105359527713079 0.2978322758444945 0.5071956060592939  -0.2592157869281744 0.3264235079217278 0.5568311395227633  0.1191125040212338 0.6006462033883768 0.3648089589710526  0.1526301340835808 0.6170032644053201 0.3431899578039794  0.07017275671058681 0.4262716469025273 0.7124640840496517  0.01264188768058758 0.4001900230312504 0.695363822859119  -0.4867417684445469 -0.5648362797191034 0.363785908261147  -0.5452885125946341 -0.5386055363294128 0.3516920241328962  -0.4736078683597723 -0.5621727478248147 0.3698773676803156  -0.4826087800153995 -0.578489522590256 0.3918360383448382  0.3158596336552357 -0.7284018173143332 0.5021777833168173  -0.4420430155940541 -0.3917446246903106 0.3214507391300004  -0.382039258055515 -0.393548249657005 0.3066764964925264  -0.3722702443660776 -0.2838077202664646 0.4803792696309227  -0.3819001204087794 -0.391283265522382 0.2364259620808445  -0.3648586337236758 -0.4216941324710132 0.2102782616688349  -0.360912539227614 -0.3830569662098437 0.3031653980386448  -0.3797518449087446 -0.5304232907053952 0.3501721814489274  -0.3313963907333063 -0.5430988311555334 0.3182167555523215  -0.3852123519694698 -0.535097627422808 0.3564880665899351  -0.3201407114148893 -0.5353287353356492 0.3157275060499588  -0.2800781677714019 -0.5616084136151178 0.7142786195864489  -0.3301036582395552 -0.6140926967934612 0.6753611273385547  -0.2772879234594882 -0.5540877821495444 0.7106100259843292  -0.24942628967016 -0.6419642596154126 0.6751940968225669  -0.2501152601588449 -0.6423187804331267 0.6748641108315289  -0.2054181657577114 -0.6045348276661815 0.7045410333516028  -0.2426816643619113 -0.4662353129092346 0.6739169251066084  -0.1190716138160394 -0.5694216196564901 0.7380629356200256  -0.2620410401933354 -0.4740654810394931 0.6830154459070402  -0.2654711697257779 -0.49256574978192 0.6828431865905614  -0.1992536251294394 -0.6066303491990105 0.7113051781554994  -0.09763191153705277 0.5415165227200156 -0.5967905687279434  -0.07624368311963534 0.5326587364546302 -0.6062706783764482  -0.09735477241264703 0.5452554773451012 -0.6034299633877639  0.08729879047333323 0.5301498904510636 -0.1135214862563918  0.07033302153470863 0.5778973004775045 -0.08353714970123742  0.5031584316164249 0.1743026994989737 -0.3464401832235899  0.6612531161840967 0.2827714221435411 -0.2192748681336249  -0.1661590081477597 -0.3567022098910125 0.3417374948946341  -0.1647642532044281 -0.3957453698055014 0.2963292660180399  -0.2186962360124812 -0.260633953441483 0.4152654951899701  -0.2464914505615687 -0.2899024098298849 0.4697956354294218  -0.0706862732637132 -0.4247156663848501 0.3858951748208478  -0.2461877659193023 -0.3055364272277385 0.486927224976424  -0.1897454765427657 -0.3198002093835209 0.5034829532308597  -0.1012120366495149 -0.4991050447471622 0.44293712626218  -0.1133650235302136 -0.5168348367305325 0.4337874395600025  -0.115383423857558 -0.4997236073568596 0.4334419452025653  -0.01483733379956564 -0.7019604538370899 -0.06977391096504638  0.04772143467363438 -0.5933902524545747 -0.424906565043626  0.1291007453575198 -0.6556570662684298 -0.3995226987977432  0.02453653815114416 -0.6144860488091808 -0.4707148356899201  0.2003979271269146 -0.4688527067844253 0.2335013490346269  0.1637907414281471 -0.4525180457964922 0.2466608093855204  0.1342091407772461 -0.5814457486266701 0.1577390162496764  0.1461423597768103 -0.5889349294892299 0.1519331965740772  0.08541943465544551 -0.5325926655894688 0.1942481732386828  0.2333545477611118 -0.7098576396966512 0.259247473382693  0.2583109548185989 -0.7177425956131666 0.2587385217179726  0.2023798637151327 -0.7017188438726497 0.2536079125955313  0.2704195733953005 -0.724600959312297 0.2469486169587746  0.3004840379969971 -0.5731231603127062 0.1843373081096163  0.195010104052454 -0.5613278105520972 0.1460534911160138  0.1512278118079707 -0.5893676711045812 0.1457929887472093  0.2525796693104448 -0.6623761460633959 0.08819779357948331  0.1950389846183083 -0.6455918189214125 0.1104884031399339  0.08111060248430493 -0.3865853106899216 0.280188206056291  0.2352404758723197 -0.4931776189318771 0.3100887267858142  0.1241136227017382 -0.4114582837465137 0.2387547421459218  0.1062630086990255 -0.3652812168821663 0.2805879687127813  0.1093762476868705 -0.3638922024629032 0.2835828719380704  0.105546713387231 -0.3658072418873489 0.27923292656622  0.1143035819370031 -0.3090672587715375 0.3377281550405842  0.1575371548706209 -0.3603010352371858 0.3721543013913109  0.10778214951441 -0.3659042622979895 0.2778528970587369  0.2214576518638907 -0.4365894550945892 0.3699025907995406  0.2359827248323142 -0.4927694656515973 0.3119752570371703  0.05975015966057265 -0.3336398760631603 0.2474371423411932  0.004437171929906863 -0.3328391755344142 0.2124017770525068  0.1037905757684271 -0.3669445732601898 0.2795318659692966  0.09656139528186869 -0.3221464252188932 0.1986562731369488  0.07445708648407552 -0.3257864287500487 0.1428677514471963  0.1045942444092611 -0.4347626501699284 0.2351782026670144  -0.1024048370587549 -0.4162249203251658 0.1773984028630664  -0.110203720534632 -0.4327059017125418 0.205129664720026  -0.1022587043653612 -0.4162949139579577 0.1773518733778746  -0.07948481115709594 -0.523668579013951 0.05878802710475918  -0.0594993048310478 -0.5392452893499686 0.06600706551177009  -0.04876159794473429 -0.5681880493344345 0.09753994579511237  -0.03413793040786892 -0.5609995456807353 0.1012610914963324  -0.137084657133362 -0.608865464849813 0.1965215540249271  -0.184349499408121 -0.5483673147005879 0.2169334109626022  -0.1705171707095104 -0.5696028828977038 0.2141534638433872  -0.1875577156274952 -0.5492854653670229 0.2166185108077977  -0.06608542044401632 -0.6259227620184501 0.2336563358591888  -0.04562635144172789 -0.6306426287691889 0.2974095507772725  -0.07873820494294503 -0.6120710585281857 0.2315181716346095  -0.1599434514568399 -0.5024726829439863 0.4185131173488005  -0.2032314190477504 -0.50220206705893 0.3370739537557222  -0.1495489232720381 -0.4957580702255562 0.4180180051525891  -0.1274751080201902 -0.5748145373327285 0.4410826758279105  -0.2037545316669728 -0.5011917717682538 0.3331115197147509  -0.1996432534314454 -0.490023478305351 0.3077398869575874  -0.2143374752305677 -0.4996015561527473 0.3278033755233647  -0.05278252903728788 -0.5804516236619363 0.4039526643942322  -0.09940376553500802 -0.6623194694768776 0.3459678796957118  -0.1174712867385996 -0.6675542504242132 0.3486775457691637  -0.1894953769436113 -0.6467229712454791 0.3829110991879918  -0.175319398758281 -0.6363578886754206 0.4008095327733617  -0.1722697168662987 -0.6353252296895232 0.4026210393663648  -0.1919526156867757 -0.6518038198047239 0.3594504217379375  -0.1902514648193983 -0.6520415095853885 0.3738397386515625  -0.1764384364404841 -0.6577208692397676 0.289801026619721  -0.1439675461627487 -0.6077218796127407 0.1981947419375181  -0.1284927884926569 -0.6128709689619566 0.2047260598921616  -0.1668838828589093 -0.6321724525390864 0.2310584128102914  -0.369477548141482 -0.6290701693672431 0.5356857812895108  -0.3703721432104768 -0.6294392822312714 0.5344125035118887  -0.3870444806706779 -0.6199692901823777 0.5189403964518404  -0.09725426096431486 -0.139862555778164 0.3624244444941327  -0.2124929485622642 -0.2581538216338095 0.4142830895455736  -0.1906347248345038 -0.04107509749261902 0.3869676179990069  -0.1593879871115441 -0.05809563894872577 0.3762445396413876  -0.1939116517544272 -0.04424149476559734 0.3676940871662432  -0.2814087993818151 0.0009275421141136525 0.4404327703443014  -0.287089143224543 0.005502697404376242 0.4470678697947532  -0.2934276577795047 0.007714873105319733 0.4523569547201671  -0.3551190959503954 0.02486759001165705 0.5290466767149592  0.1276462336721395 -0.3519332098492612 0.4592633617390388  0.1395081467482166 -0.3598878885770505 0.4463494877632978  0.1568657116719005 -0.3670836133271121 0.4315900869990623  0.05441356575211696 -0.1885383390715656 0.3672391697339262  0.09377828516398787 -0.2995974690761732 0.353568414524563  0.003455302410711097 -0.22861725781848 0.4018073331207972  0.005085531758455011 -0.2192663836790741 0.3931489939811553  0.07469680481018375 -0.2267256403756149 0.3349843500307608  0.04938980783652233 -0.1908533984657398 0.3629700164571523  -0.01178433288620541 -0.472921180967538 0.7692038507876638  -0.3263884527410589 -0.04004999923208732 0.6712405128506823  -0.3301988386471189 0.4810845235773328 0.4969014966457435  -0.3311304722948024 0.4733111814504631 0.5023412021062817  -0.3137960061697421 0.4496252463688981 0.5643964146482466  -0.5852716262367454 0.3982045808731117 0.5545298655071742  -0.5950223454034627 0.4071550223407673 0.5649228051039932  -0.5379598637399733 0.3468678590865605 0.4573912807214084  -0.5967327131855871 0.3997835077112995 0.5710460359153793  -0.5158542176350236 0.3413264240871425 0.4364895413528669  -0.2474012939942583 -0.5510904142477214 0.1643291705246089  -0.2645399542651886 -0.6472511942135503 0.2115614917653034  -0.2330717827292181 -0.6306553468645156 0.2009269062560106  -0.2754950968137493 -0.6498358981726547 0.2111953876365623  -0.2721159172460602 -0.5164272241465566 0.1884257284025211  -0.2046388253458915 -0.6424410124015708 0.2004457945495132  -0.3341212000398488 -0.581984815800182 0.2611631533459288  -0.2965860709218495 -0.6219570026482615 0.2241896127862752  -0.3385476774585632 -0.5923256556299447 0.287142447934258  -0.3133772588745994 -0.6345032861875975 0.1790041217220904  -0.3301577443196512 -0.6315498902061059 0.1652737896948117  -0.3602477217794413 -0.6327868776603126 0.1415540290492587  -0.3918712699995105 -0.6123315024486604 0.1410535343397784  -0.388094042571815 -0.6290524299199945 0.3237202515720838  -0.4264895714766714 -0.545655933300117 0.3550510893711298  -0.4449128485046617 -0.5631066665372495 0.3573998481988616  -0.394711229571545 -0.5878487157015465 0.3679696275796501  -0.05513263173042585 -0.8126679773212444 0.3581315768761031  -0.05307598821372762 -0.813837924235691 0.3586212938366803  0.06263415008640552 -0.7760759130960679 0.001645582617439939  0.1838235816877869 -0.7842633007689865 0.05469956380438142  0.0384641938244569 -0.7105323730415662 -0.02495912967003554  0.1905438402629759 -0.778552151890779 0.05609581381085266  0.2357671555183475 -0.758378985343398 0.03662809140975137  0.03839414121815277 -0.7105534850000217 -0.02523762089044823  0.1622302279588433 -0.6612861807890558 0.06888428434593452  0.124730572156608 -0.63880769949886 0.06891164366835446  0.509289161600289 -0.8020363649523429 -0.2765785913314363  0.4341441362260027 -0.7197635062109712 -0.3108499447847257  0.4338749383400538 -0.7130374161182238 -0.3090588531886137  0.51304812535457 -0.3580351915847477 -0.2828019332302942  0.4204296554976929 -0.3733056390279239 -0.3162108976794186  0.6918359150293103 -0.2982737515650191 -0.3904494775395242  0.6896466752598686 -0.2935432821118852 -0.3840248855315833  0.225478404990842 -0.6408850877911028 -0.385800708096225  0.2385615811848386 -0.6405759050764755 -0.3763023074697347  0.2382668776367687 -0.6411714145213687 -0.3738666976408995  0.2625247109716837 -0.6572608397282327 -0.386976790719576  0.2306916145034602 -0.5923680649034443 -0.3645636702497811  0.394868304250459 -0.1883349522711746 -0.286193556205224  0.4922387177212958 -0.2405188777144788 -0.217083138696318  0.4584844910314129 -0.2543655944240104 -0.35884509864454  0.5025343917550107 -0.2593925316742886 -0.2116226072926436  0.4900824995596034 -0.2319695095923203 -0.2283742571129804  0.472854386345969 -0.3311144603780947 -0.21958071659886  0.5324635872148168 -0.2650393201074048 -0.3158156552732366  0.5314785727732372 -0.7104637844320817 -0.2239207810115391  0.5684606281190133 -0.7014262649162567 -0.1865405818378363  0.5468046027732276 -0.7112679336523544 -0.2238708732098356  -0.214119091677076 0.05330267998876542 -0.6647279671838086  -0.2308264997974447 0.05558801681878619 -0.6827397721724761  -0.2058613065471029 0.06083202866697392 -0.6631163578985251  -0.008292872956156092 -0.3567409572900943 -0.4183404763586794  -0.04213234988635105 -0.347567194978016 -0.4102388338531896  -0.0870777642572047 -0.05485375706335792 -0.4275737343424823  -0.4549280088709772 -0.2318206801189454 -0.5379876620448696  -0.465722572620699 -0.2299400872802661 -0.5549816403506218  -0.401601946440256 -0.2335773394934944 -0.5314059946876187  -0.14470592392114 -0.466347840276749 -0.6069103185322509  -0.1642807395716342 -0.4795795603024892 -0.6011174206812366  -0.1341973891289799 -0.4521610755937357 -0.6367845738202578  -0.227415136533188 -0.4764076625744866 -0.5447207410750332  -0.3064539279060962 -0.3171443559057134 -0.351540342648433  -0.3318136048765953 -0.3392197190463144 -0.3687580229508967  -0.2960220994313035 -0.3169957994525248 -0.3443820488040757  -0.3603049804595933 -0.2306268958311722 -0.570581150891264  -0.3579474183741645 -0.2335350708435154 -0.5708179307104239  -0.3521671409526895 -0.2331898878895031 -0.5713829993912807  -0.205215343267639 -0.09373379984121454 -0.3683227524354438  -0.4101410111101828 -0.311968008507454 -0.4422197840167655  -0.3914980079876773 -0.3208878981768023 -0.4154159378069769  -0.5726969938533818 -0.4312103824477047 -0.2470804719211752  -0.499689038277793 -0.2783682979700852 -0.2338743896478212  -0.4698244652402839 -0.2875734146088672 -0.2290183636183568  -0.3912964754928007 -0.3053212682342059 -0.2210860720003574  0.1435106813473739 -0.07288487763187576 -0.1136021882763958  0.03367178878754733 0.003399642529797714 -0.1275746925992135  0.01389962846801034 -0.001843617615150867 -0.143498751904276  0.04165747602867673 0.007267721829259305 -0.8416684908951895  0.03621781600575356 -0.006896036462450697 -0.8494670967241134  0.1298749713532549 0.07094359015937657 -0.8093595664107975  0.02947792181165261 -0.020722378887257 -0.8393076370690079  -0.5211606816897574 0.1385438230347791 -0.5471518253119633  -0.5727774729922622 0.1398357018478307 -0.5763862550153791  -0.7325280982649284 -0.2385003645527204 -0.5170095144807423  -0.699957992829557 -0.2647350151834529 -0.4919322517597396  -0.696899495727981 -0.2516386184122398 -0.5175972757790792  -0.7116408386326475 -0.3728623946966577 -0.3431372722717536  -0.6951169615273666 -0.3012987821090219 -0.4687017878498358  -0.6930392412892258 -0.2883280495690984 -0.4759797604130592  -0.7001222257611387 -0.3220714270806009 -0.4500591769168231  -0.5578632292033678 -0.4635496560547472 -0.4392020133340494  -0.5744903217427525 -0.461874666856419 -0.4473603201241015  -0.4352585682656864 -0.4971046641670709 -0.4479702781373712  -0.5893487751720035 -0.4498684623970092 -0.4500867618840035  -0.6075035106498299 -0.4290439294063706 -0.450745118911659  -0.5178319105259221 -0.4512633783533799 -0.301793478562927  -0.6097374640238169 -0.4213887544863874 -0.4486144514018428  -0.6082595503869573 -0.4137264543943476 -0.4555233576794218  -0.5233078806957986 -0.4374754661191597 -0.2856347367828899  -0.3443082140861268 -0.4806548359061679 -0.491693122557339  -0.4003726811796242 -0.4854749490955745 -0.4534922016336643  -0.3216879071609526 -0.4892184380154879 -0.5061409001194785  -0.3910492207672183 -0.5404054238464828 -0.4547263130860982  -0.3388871704928388 -0.5787233556032666 -0.4863370645661736  -0.4319153320050566 -0.5307513151750662 -0.4460594142810573  -0.3312738373651113 -0.5801804954647354 -0.4913306522274284  -0.406006825073657 -0.4885799684537075 -0.4494125482601659  -0.4088606132389688 -0.4909271755470786 -0.4472750057135262  -0.3307064625200904 0.6358297455520894 -0.5368098528000423  -0.4068879850970432 0.574711185029952 -0.5162371662182967  -0.3283903604125684 0.6353825552897541 -0.5409551236903158  -0.4393533292407726 0.4490579309194696 -0.6806390536381466  -0.4445325600018244 0.531840612342893 -0.4944964352845376  -0.4407429736845708 0.5415747236901131 -0.4909404148779506  -0.4467430869720579 0.5303298422771483 -0.4933078531202266  -0.5489886431205792 0.4782075394974613 -0.5212911456214651  -0.5663282766198501 0.4721266904337829 -0.5389244325377666  -0.5884998284966713 0.4315478936317971 -0.5704531100715061  0.08942970965442397 0.7744956397832 -0.2827383727851694  0.1977506868866635 0.8437816995932836 -0.2855993597656269  0.358523485147053 0.7412979695291303 -0.2719815797764783  0.395798380788273 0.7555540375136144 -0.4811054261662929  0.3508393446994711 0.7558431894546664 -0.4744189873019404  0.4269365711165383 0.758840513007054 -0.4699820183170857  0.6770665656361462 -0.1944690111964827 -0.5730208522918223  0.7128080321059727 -0.2594854226237074 -0.5140402081655864  0.6792854252724393 -0.1852507151047017 -0.580163671582305  0.5174808616365121 0.157778585947324 -0.1596603902706341  0.5065363683229149 0.1372259167054105 -0.1795082630071692  0.4999655981062806 0.1128975347955219 -0.1463657946910769  0.3567325615355189 0.08226092555454073 -0.1479480504236503  0.4699113763627748 0.07679249046212032 -0.1036967049738977  0.4381344801253263 0.06144864432236299 -0.09166327256859072  0.412540009986209 0.04261073793944448 -0.08777715851513104  0.4022961600277422 0.05643966626173763 -0.09590855520629596  0.2895056978721453 0.2068380426541537 -0.2474144189078244  0.211662274081663 0.2111637984864715 -0.2211592075109773  0.3486159041164829 0.06843199923759738 -0.1305153562705842  0.3335395492541361 0.05631975287602682 -0.1454431114965219  0.326502736970505 0.01531084593088512 -0.2030028076779655  0.3343394166784273 0.05491269243388786 -0.1375078149798113  0.3107473254721597 0.06344666655290537 -0.1189947612037262  0.4910374708016668 0.5291220011268019 -0.3066308817523342  0.4579691366039348 0.5571100244576913 -0.2754581783137726  0.6127877606069345 0.6326795186623233 -0.1802054255535658  0.4489658114660761 0.3143665157984619 -0.1310774359501738  0.4000035377920718 0.2606780267690532 -0.1871271352189184  0.4071440112398343 0.3333110258370752 -0.1480236513511129  0.7023148151212908 0.4156113916904094 -0.1404203208826524  0.6807126829197837 0.3918221574201369 -0.1370256681224451  0.7079421059023761 0.420932216646294 -0.1389711736865261  0.8016331433538419 0.3083986101332759 -0.2112737797303564  0.8045416163436288 0.3151772603185293 -0.2085932455426139  0.8117314661747848 0.2089919436433747 -0.2941326660567682  0.8271601480150764 0.2609698008917752 -0.2895197427528807  0.8123276744918835 0.2077861467481894 -0.2928932690200384  0.8260877550580128 0.2632318193538202 -0.2902661618820033  0.8264957915697466 0.2641391047842706 -0.2914241379424878  0.8246374397656647 0.2625044366199172 -0.2935422372999192  0.8110579708319268 0.1230994519971397 -0.1951857037210039  0.7374996434908524 0.219700857576662 -0.1186352510086522  0.7081575219700823 0.1850577929964666 -0.1007074070793923  0.7496864296891378 0.2270334160532786 -0.119557778418981  0.6981413654387743 0.1488850710074066 -0.09971173059603795  0.8283694264997081 0.237820929737319 -0.1439345633367555  0.7364730558311301 0.06167593988656901 -0.1084258707510331  0.8144373911979155 0.1100444217243911 -0.1932681678337933  0.8097413726863705 0.1169021615515082 -0.1959306751555822  -0.5231076571208393 0.3970146347027168 0.6726804501693801  -0.4891618218270717 0.384653526821757 0.6843274031939284  -0.5911777224017771 0.3587400844513809 0.67253725019306  -0.4500895043848003 0.3514772116977026 0.7047078605725362  -0.4573385332941947 0.3753595452849917 0.6788746286810874  -0.4492376966383156 0.3537268079776678 0.7014540150839199  -0.2835072173440102 -0.590445994103531 -0.2174092883091717  -0.2084568909603219 -0.6033877834219527 -0.2113414517820159  -0.228308033050526 -0.4971531988676388 -0.1941358317789073  -0.16729851709597 -0.520589818377832 -0.1970723084124344  -0.2284135163463334 -0.4971128492899249 -0.1941403057105826  0.179968624010893 0.7549205425306649 -0.02959936199796163  0.2349567417578297 0.6950741732163364 -0.08866116864974294  0.226360711103842 0.6879130719093484 -0.06815499356784546  0.147387688996032 0.6775014288843267 -0.1701792610715911  -0.001814968295359071 0.721890302904398 -0.1230383255751059  0.02466712759070386 0.7235647449416964 -0.06984554147844395  0.2201362723867944 0.4754999545292172 -0.05096328541357528  0.2167103393677886 0.4673864536314543 -0.05705295493355717  0.3171476436557329 0.5071964826530747 -0.08253840071087776  0.2168305986919272 0.4670727755627311 -0.05745569497734239  0.4042221962753986 0.4932040320390763 -0.004465799582257216  0.408969901895826 0.4039717948607462 0.04144274679206201  0.3604023056350607 0.6082886284369846 0.07999029595862728  0.3596493917469632 0.6104580031550456 0.07735288381741326  -0.08191996844554596 0.2382662243689168 0.736358319589558  -0.1028752307450556 0.2466234260243625 0.7381111223212019  -0.1061727546157909 0.2242151932096106 0.739432966802068  -0.07631301352230814 0.2357732967957234 0.7399910616782078  -0.05854379388297071 0.2454552436541927 0.72904211469035  0.02767918543186185 0.1153911856524684 0.778054965273683  0.03401443431903835 0.1069583385327163 0.7808254716123986  0.02510471756744091 0.1203784575950919 0.7796457514911085  -0.1287201918182903 0.1222317510839719 0.6813794780797352  -0.121142152542239 0.1257720561740853 0.6211482177951829  -0.1507981813650696 0.1300028479492927 0.6982638200263905  -0.09854060248819649 0.1367688532687276 0.607875186855897  -0.04271361436960396 0.03627948673568228 0.6934183340893662  -0.04263356226578303 0.01572063978097936 0.616481274296873  -0.120972804425847 -0.003253428252949053 0.6688113444438207  -0.1126514128507515 0.006495402115795509 0.600446846123507  -0.1288490212369542 -0.004338004369234871 0.6799622980056583  -0.1179942937952579 0.252200111095403 0.7466106064514905  0.007804447949982252 0.1855779507792734 0.486823845951371  0.02109174858646323 0.1964818781905272 0.4597524598720802  -0.04325373093336872 0.1893616726808943 0.5023868813147609  -0.1358449913512953 0.04402440328465974 0.5365512905078048  -0.1289717974899385 0.03916489383069743 0.5409961280661012  -0.0339367602984781 -0.02406807029843094 0.484613170600089  -0.03007188255736477 -0.02242129514206073 0.469006276531637  -0.0250938739814844 -0.01972003008003606 0.4639935776024263  -0.001446766248532905 0.009480359593934909 0.5200994408501191  -0.02364222686753158 0.07745296161698507 0.3845277691770564  -0.007223437823406148 0.09013888428493358 0.3843472528639967  0.5353694876310723 0.1287114114380582 0.3710519619341479  0.6628189371114257 0.2843964122784684 0.3654300005102935  0.6924018618129171 0.2717539520690071 0.3716728572149257  0.552642249581443 0.1084826289222814 0.3814075467762918  0.5380765123867364 0.1254815705236109 0.3694681792395675  0.6024969491345236 0.08856105485682242 0.3653518475134352  0.7159642094833675 0.2169978364826974 0.2984055906894106  0.6964564009464445 0.2033879417232319 0.2884896390263492  0.7286328456256401 0.2179885899146142 0.3122928625633401  0.7743691627054126 -0.1358912600403035 0.2936297046568077  0.7725180610947151 -0.1340192405979087 0.2904181937952297  0.4677303563395946 0.2183924947642206 0.2861346683430045  0.569169048827143 0.1240366169628858 0.3431208923139391  0.7111591766998828 0.1804849324484269 0.2045537454495694  0.5971388540600764 0.1055270578686034 0.2655619735889707  0.6818119107935211 0.2028339189070746 0.2892053837936713  0.5696745676674742 0.1250383678370212 0.3424579814702114  0.6728247466079426 0.03274104933681687 0.3526661913700408  0.6239455865944076 0.07731669760600106 0.3721336408155477  0.5763536055565388 -0.05916862928464892 0.3855896385550558  0.6376024767560043 -0.07712512046941809 0.3299843776282372  0.7022180840832468 -0.1426882727753847 0.4142807576189393  0.7445527496343916 -0.1040109419489481 0.3894346086800488  0.7660976060627989 -0.05383056668045978 0.4090294445434901  0.7613035848860908 -0.06666942674130218 0.4029006765593594  0.479429347925008 0.02200886963134652 0.8650467537899689  0.539705335378282 -0.2687060895648846 -0.4523912884027474  0.3104766964779684 -0.5939845640364246 -0.6143746176084217  0.2976211369021186 -0.5803008217672483 -0.6364466359808222  0.3101338411715503 -0.5946737519826286 -0.6142045439135342  0.187501675630331 -0.5057119899289234 -0.334969076325643  0.2297390741679275 -0.5897280494909412 -0.3638217793137163  0.4068461929906151 -0.4716409795342336 -0.7437418575593187  0.3720564294949239 -0.5074098279701995 -0.756566126664925  0.4007799641261164 -0.4700318755118597 -0.7410715461606572  0.4111835313136959 -0.4708057946890224 -0.7422785405335494  0.3658129792142982 -0.5096646676297976 -0.7562634811980132  0.3746091590489651 -0.2854364785007302 -0.5253259501157773  0.3400556724339417 -0.3118391506616472 -0.5228535160576289  0.1303371808155542 -0.4501891857241913 -0.8625994831156732  0.1277224742197873 -0.4803610187151819 -0.8610605759791367  0.1311700487001413 -0.4302357807511485 -0.8529848631409638  0.2594328941498041 -0.447467053060982 -0.8008169591518074  0.257681225547259 -0.4813879033531454 -0.7539584861117935  0.2543406959977103 -0.4461357539962587 -0.8064149334008591  0.2006662159189397 -0.5051056569751361 -0.7037007329078089  0.1981833710415248 -0.504851658013845 -0.7025365616903583  0.2353246108015461 -0.5154366247727891 -0.7389511096859835  0.2897388484220244 -0.5689354626819534 -0.6559388148699253  0.1793583930212006 -0.4898509230896574 -0.6906490723318863  0.008778776102699788 -0.6132019025549998 -0.4651416854351547  -0.05703600366639699 -0.6592889890616043 -0.4310697219148716  -0.01704765528110215 -0.6265078718089293 -0.452774180639747  0.05913721783368846 0.0326328209525133 -0.7030988881179296  0.02434210910979865 0.04535803623686865 -0.6982595997804784  0.1146703950748338 0.0273060613013397 -0.6614614104289982  0.1106306061391649 0.06666910934086512 -0.7167104302838766  -0.007343732547963083 0.06433153798787504 -0.6695213722560818  -0.03489220271138507 0.03806191972956291 -0.6736866383048997  0.1320712266814926 0.07440168750353904 -0.8091817602019853  0.1862691417170984 0.1008994785660822 -0.8333630074312038  0.001795663135936376 0.5229328700403248 -0.5947406761264974  0.02609845214454919 -0.2213524649769598 -0.3431266396979512  0.01373106730996523 -0.2127669980340854 -0.3688573850073891  0.04209369121113075 -0.2189164961850898 -0.3892300785052429  0.01413462033802839 -0.2112790374520297 -0.3697268966786808  -0.06343957383225106 -0.111206205460717 -0.3528721245896816  -0.1158053138995827 -0.04066108432905395 -0.3354517570297507  -0.07997759261014831 -0.05196882778190449 -0.4150183010999395  -0.1054049526869598 -0.02467513048742605 -0.3029148271397966  -0.1374084334289994 -0.001039106402828519 -0.2791887037862079  -0.2066496383179955 0.08862553536053579 -0.1728455954700465  -0.2053923352813864 0.0876806045522327 -0.1706148285519503  -0.2142514228579601 0.09601007826587339 -0.1707539041343768  -0.193552105729173 0.08557836236220996 -0.1818433234307944  -0.2088810605605676 -0.1219233088710365 -0.31640986779821  -0.2496046824356279 0.02501194016052663 -0.222821771481641  -0.2487517069649345 -0.02274202697888808 -0.2084185874664896  -0.2517036727506207 0.02572872157794438 -0.2230198661723077  -0.2470260697172462 -0.02625672794467517 -0.2047501058704838  -0.2391987500735695 -0.1397373669952626 -0.3141320961690364  -0.2460212546671807 -0.1425307641187051 -0.3094576457959565  -0.2486986542603635 -0.1423128776362957 -0.303123191039439  -0.2523005823898842 -0.1476890765012301 -0.2929876573525051  -0.3699778161113788 -0.09298662531471398 -0.2664180520969892  -0.209348193103388 -0.1115872461928823 -0.1762671590771257  -0.2111895279985511 -0.1026411977077172 -0.1765937940744012  -0.3751139083360512 -0.09975643597684015 -0.2531505496962939  -0.3892846280401745 -0.1275497839755295 -0.223985576909228  0.4745661159412132 0.07092763335798011 -0.456296988754632  0.4803794088149663 0.07488194313353054 -0.4837236114999446  0.4838451294941756 0.08388678188770185 -0.4947116427394004  0.529127543455082 0.01936728122603538 -0.4232868961110261  0.5336532391576776 0.01730890130720717 -0.4278144990165837  0.4957754995584651 0.00563082395347167 -0.4091204876525124  0.5562690179367644 -0.04645089327229032 -0.4575053071385257  0.574118247680026 -0.07767919829415292 -0.511883912236647  0.1720805246678499 -0.1487415730961212 -0.4458013926083199  0.1628250257305183 -0.1501481607708061 -0.4391377132495904  0.2845840564158969 -0.1305864673162872 -0.425697092031129  0.1987614622979709 -0.125359949851896 -0.4812852272768858  -0.3094771601785599 -0.02232664599865121 -0.495673026375312  -0.2696059867921658 -0.002037364295325979 -0.4768240290703329  -0.33615127112913 0.01308282554378444 -0.5099132889214147  -0.1243922392478802 0.06154620040683068 -0.4858632640291285  -0.2327960752188613 0.2020093965395122 -0.5477837081880657  -0.2509129552267066 0.1977468301480972 -0.5516113834829973  -0.2323761700289012 0.2022317427151731 -0.5485027176513007  -0.2884981542153672 0.1715928193106598 -0.535013991192631  -0.3258576898515439 0.06704510078723136 -0.3844770653664628  -0.3032226451597024 0.05145392185685171 -0.3467535104059782  -0.3449376049173554 0.08230525261962654 -0.3754346666431414  -0.4519689142317125 0.07957677045963395 -0.5097888576414777  -0.3954402191422072 0.0366662584972023 -0.5317573780896317  -0.3226762780249187 0.1019088649184622 -0.5434934391656754  -0.3332209573862057 0.05379456465349654 -0.5347787245197471  -0.391106232530727 0.04275754721778083 -0.535002502935517  -0.4916917003080687 -0.0250368012805573 -0.5574171302177466  -0.4738537011726405 -0.01188406522188016 -0.5424634034535618  -0.4814623486223493 -0.07661762149668952 -0.4496647124519762  -0.3554473833112833 0.08699111012695412 -0.7157564028546968  -0.3597470752900591 0.1229755168908729 -0.7299592824214168  -0.3628162017988907 0.1234358571611175 -0.7327239806199541  -0.4708836808284172 0.1410236675956373 -0.695959492902731  -0.4092644807818652 0.04136218344024777 -0.7725924891821024  -0.3854927022997022 0.008474645327164562 -0.7822424444596444  -0.4128045461608597 0.04781137575928682 -0.7743700493016022  -0.422431310778895 -0.01819413685819088 -0.5300300344371808  -0.460704242517825 -0.005823129096655048 -0.5253429941765203  -0.4193488353756638 0.05186648391272258 -0.5286439937744036  -0.2548183734221816 0.3510614298392092 -0.405892457811764  0.1956553039862302 0.6131828287584844 -0.3170652415927707  0.1949297094276123 0.6100543488566774 -0.3126098743984264  0.2344971145679566 0.6343360883122141 -0.3543495679932315  0.188078178901489 0.3222781306109346 -0.516714350727589  0.1853992956943351 0.3123850537435895 -0.5410427052640915  0.1705682693520397 0.325941722604624 -0.4987983558805361  0.1648199137032476 0.1559607375620346 -0.389237821732409  0.1577735810528554 0.1479012225610165 -0.3945926821864216  0.134705633690107 0.1518187415052278 -0.3929257473138871  0.07332386446142002 0.1585344203389801 -0.348838644555242  0.1366210903885466 0.1484179570998589 -0.3950125738791502  -0.08873138516853886 0.6207827091290996 -0.04050066985274083  -0.1822919924659491 0.6797523675782196 -0.1165034194401744  -0.07897256053426056 0.5161350658191917 -0.02809387501936904  -0.03079404560825434 0.6193123415183442 -0.07431509168721483  0.001201180326110843 0.6298632067650016 -0.0704445043699149  -0.1872086359518686 0.5826420191017544 -0.1159401764320539  -0.3999952523176762 -0.116600492827233 -0.7351929542616418  -0.4574717316478324 -0.1202346101560784 -0.6793242104771201  -0.3769012396163719 -0.0979435674808047 -0.7711978757736911  -0.5322485309878339 -0.1489849533744287 -0.6671357165627503  -0.5442870929475607 -0.1571640434198593 -0.6741147866167951  0.7215192613485395 0.1839861398455381 -0.3427817429150664  0.739607102203937 0.1865365213295656 -0.3437582227498164  -0.297655694067641 0.02876561674127885 -0.3396157369640789  -0.3384318095219232 0.1669349352627283 -0.1964135256926929  -0.3445853585203398 0.1995849874927743 -0.2588950114560151  -0.2141823177611742 0.1035672410143866 -0.1750230157982743  -0.2410526775509917 0.1645180205223835 -0.2779826955992969  -0.2154174770742337 0.09725994650231341 -0.1693412135426025  -0.3268157266792379 0.2083796339756544 -0.2930016856590597  -0.3309022509511036 0.07318654008147762 -0.3414571350567887  -0.4347478839361263 0.2230607694632742 0.1897861721111405  -0.4231020756901056 0.2387341280592752 0.1674883732155783  -0.3445577455067594 0.2577679655193105 0.1633970856552025  0.2681657978367213 0.1027133647645484 0.6264316502208549  0.2544082780405011 0.09736198303592158 0.5996071285885973  0.3261348671847485 -0.01790393653472902 0.5769707775651117  0.2432774504611931 -0.06480713011539667 0.5624535037480798  0.3246702933057434 -0.009960309902071838 0.5925739392848416  0.2563629785111295 0.003365260784577703 0.6135788854667689  0.3090584609538495 -0.01314509458477145 0.5198447377691552  0.2370806803917935 -0.06582125823997258 0.5520096811188961  0.2215585611615609 -0.06646571255303739 0.5778763062371042  0.2268379087065743 -0.06767284439111539 0.5712162040955607  0.2324017350218524 -0.05708346845370468 0.5856412369956685  0.2335734951114085 -0.06642414385320181 0.5521147927942106  0.1453932371607132 0.08534212476318818 0.5402604223433765  0.2482318354691455 0.08551561358047131 0.5982264747343135  0.1284353437920727 0.09441857363161521 0.5290858717586585  0.1411714096384112 0.1823970854348933 0.2055895107197324  0.1536528224181023 0.2396140792433301 0.2255332828145738  0.1570339632147379 0.2234789559943924 0.2125587514029344  0.1269458695492794 0.1790035772926445 0.2446668348443735  0.2875994523165899 0.1417762829031192 0.3747467906969975  0.1272719640281484 0.1854596135928877 0.2455990781231251  0.1226085592739433 0.1750273784095472 0.2462357632799914  0.1341660139929811 0.2324377699993173 0.2396539397657476  0.1330537675694631 0.2300259860887551 0.2420940830299417  0.1295691826547363 0.2385777605278583 0.2411664466581075  0.5068484825556043 0.4064026828006735 0.6023222980402505  0.5161905536043415 0.3873982655554417 0.6107731626951891  0.5278267778766257 0.3425491217633658 0.6881695023828686  0.05431391132896751 0.281291577345244 0.3586746426147559  0.08082445207538104 0.2590034262117505 0.3058072527562129  0.108905657785371 0.333158742730825 0.1987509377415206  0.1230703913264334 0.2496013206467211 0.2432902469221619  0.1487672965409974 0.3236775960307369 0.2590698215406693  0.1324042429022678 0.329819049457878 0.2175587731048099  0.1310138185242412 0.3253503221629573 0.2120699272258512  0.06334840481031315 0.113465155045741 0.2758809544509087  -0.1649856895585364 0.05734907682796065 -0.2247747007178987  0.03168619431742632 0.2068001814224966 -0.3101731668134227  0.03567112538140109 0.2061642625236958 -0.3028483462045573  -0.04811716669639277 0.181239874921157 -0.4076845237184583  -0.04948089628336867 0.1750525150854796 -0.4118576768850287  -0.05042413201227065 0.1711989041053519 -0.4156283194748469  0.006118975796229081 0.2333513905707115 -0.05046986762086424  0.008781439747969924 0.266249618860274 -0.05198397669269104  0.1249062992190969 0.16137367909766 -0.1760056741126744  0.09142506411855299 0.1722245353108873 -0.1983929367931399  0.1202305747194004 0.1239954318895349 -0.1379757144918698  -0.01552425795387239 0.3410203912008362 -0.1403714991886662  0.03113491224845699 0.3901538382759472 -0.148855933371262  0.1155781272704049 0.3210768480461834 -0.06573266723021431  0.01240620558595625 0.2699371774918723 -0.04732333288122702  0.0475678942125725 0.2771539253995866 -0.04455837998219907  0.02928841506141014 0.3893248886514323 -0.1486028535380591  0.02808931848946732 0.388515022287518 -0.1496844596061677  0.1192076717679085 0.3116048301996216 -0.05640388362323114  0.09509399422266901 0.2965212616705046 -0.04932980808837939  -0.002950927760770061 0.4338845499906938 -0.3420735441739082  -0.05054153706590403 0.464620206537003 -0.3706874607520739  -0.1081251465948077 0.263397415284815 -0.1167158796080872  -0.1067226347121613 0.3407931264768253 -0.1390247520764115  -0.108848083631009 0.3490726250890768 -0.1456970266375152  0.01159525820494504 0.2745455107447778 -0.3262103146894057  0.02055012059106082 0.2599435606391068 -0.3140144485465844  0.02123749896818107 0.264473687368965 -0.3149472438526751  0.00561070976228574 0.2829433905181803 -0.334801292270926  0.03514149345487778 0.4374671739699476 -0.2333521632973488  0.04386190288587159 0.4510959488934682 -0.2692129513818661  0.01281694301342334 0.394186500661916 -0.1841551004073624  0.04995290959781079 0.7108395641008011 0.06869856808865515  0.2231279190606713 0.756544280764554 0.2217541252516222  0.2223162352205401 0.7573341772481634 0.2320883402549386  0.2569462624005173 0.7523551239188915 0.1862556890453846  0.2262851468096687 0.711449491834242 0.2802186519455757  0.6633066007911863 -0.3419338668629031 -0.1214731518340914  0.6310045655861644 -0.2935773091515267 -0.1139772952549087  0.637287445781866 -0.2280984847701818 -0.1932387391676606  0.6354976104776913 -0.2281372242034982 -0.1899992959106729  0.673693588300309 -0.2394635142396598 -0.2304511517579019  0.7688284699434603 -0.2647410223928665 -0.2330947501418621  0.6694662680879198 -0.2328780255241128 -0.2290358875360177  0.4604420422690703 -0.1028118418733989 0.05399986053385839  0.5571385707745711 -0.2096797223842434 0.06003233596267454  0.5079597485672472 -0.1951041030968864 0.06730926468545823  -0.3100242722154401 0.9190982733457457 -0.05891924419901795  -0.2784756737402481 0.8987710658085333 -0.0617747526214166  -0.2733945162041309 0.8917408430541854 -0.0704683028771593  -0.2727055990821788 0.886096020608201 -0.07202970315952704  -0.285101575465462 0.6218015853543921 -0.5115040698256756  -0.120226861987505 0.774572096001488 -0.1052875501923236  -0.1479356078013146 0.7910665360281055 -0.07469527158805073  -0.1543150336717583 0.785232748295148 -0.07249225033842614  -0.6533623826321227 0.07160607179627834 0.2053190945114202  -0.6087154083869346 0.1026984138410636 0.1870564787117371  -0.6709718275841732 0.06535315317788327 0.1926289383175634  -0.5323766030974907 0.123734747948516 0.1855650988970024  -0.5284263541395124 0.1235464758659256 0.1866696935859054  -0.1829433785709332 0.6722929895500639 -0.1322059137562122  -0.1878730529940111 0.5814016080387652 -0.15054072048482  -0.1856652539302603 0.6251452515902913 -0.1511923634682781  -0.1878236768647827 0.582794381437215 -0.1517648250977023  -0.2103737976911361 0.5620081009391712 -0.1681472916168637  -0.4573947546934854 0.3587076477921821 -0.5145362035485442  -0.4784910066736404 0.3471559237437112 -0.530364983692086  -0.4524143370018869 0.3713359868609571 -0.5001614894863966  -0.510395282034196 0.3645197223122106 -0.5168778501414009  -0.5073899414761242 0.3673685900931501 -0.5133301598536365  -0.5689117590858216 0.3906983349930183 -0.5635988353433456  -0.4535357827361703 0.3724263181983242 -0.4991717133031748  -0.5431675842279695 -0.0243893806388807 0.042685352814978  -0.5435285676393269 -0.0252097288907057 0.04088571018652544  -0.5565230311178727 -0.02218871074575735 0.03835969157861442  -0.5980591826117576 -0.1061532092085931 -0.397889165709241  -0.5735523281344178 -0.04746493626541844 -0.3752950302141866  -0.6016566568136973 -0.1090537547999803 -0.3961827555750747  -0.4651143134608681 0.06957781275038161 -0.1752512438780847  -0.4616820101653037 0.04737246594873749 -0.2153910839358743  0.5361856160670352 -0.7400870887983577 -0.08425851221984333  0.327918097788436 -0.7868737627519174 0.02789626619459719  0.3908558103292343 -0.8282344012995048 -0.03079581274523986  0.3565701738837999 -0.8714921671215193 0.09834432770925727  0.3564448962996178 -0.8719532027535973 0.09832439455296639  0.2554881291361887 0.01005177078521961 -0.2514282381691926  0.2338735346944454 0.01168321020957046 -0.2832429580557604  0.3018527359798547 0.02960006312934889 -0.3049467421759536  0.1499977960698212 -0.1662970377288923 -0.4324489584253437  0.1163990899222904 -0.161215371394497 -0.4336739952794119  0.1127959167237582 -0.08642621236269854 -0.4631782633930105  0.3100261639357583 -0.1491528096759379 -0.4953264651712274  0.3555207294279162 -0.1416694921795855 -0.4112287112691552  0.2614864186605929 -0.1217753728059314 -0.4562815900377121  0.3701126669974518 -0.1301684522992493 -0.4134883465213508  0.1365606487816309 0.1481492057790409 -0.3950305181396536  0.4417314389439664 -0.0002920593700820595 -0.04168424607615014  0.4299837085492626 0.008365107787680189 -0.00377863669654117  0.3686734480830758 -0.02693764664586908 -0.1032115557557441  0.3666224395112891 -0.02107852267119597 -0.1075926978472937  0.3819013718591724 0.05691388450799588 0.06535129358914685  0.4093684522837077 -0.001584481831895822 0.04812438083124536  0.292492387596844 -0.03083816663319265 0.05252020270130135  0.2547504075579425 0.2140762179952064 -0.01379228429633478  0.2613490201463127 0.2331754512198743 0.04909080153570407  0.2127977420090903 0.265127048668563 0.05074140412933797  0.2652506970542035 0.2159596255136028 0.05588213943800503  0.2007024823442247 0.2573675319707175 0.05118787826434544  0.1584021736941841 0.237616960586739 0.02165583603443721  0.730057129998815 0.3458786415411377 0.2032409540064476  0.7413368733307864 0.3700857750334006 0.1833826608394651  0.6454611507404729 0.3439410087587077 0.3384535147954245  0.75254228029212 0.3614252272822859 0.1525215505925479  0.7589767865117845 0.3601438923820729 0.1484661296493109  -0.5031158144732981 -0.2304624679435947 0.2551936504279588  -0.4878133418845964 -0.2502650943735439 0.2527994599580304  -0.5654750378491756 -0.251835852658985 0.184074755894019  -0.4440749551292168 -0.1890854923966439 0.5747030549737059  -0.1717049378968857 -0.09605418611911405 0.1812242206656975  -0.1681450706947082 -0.1024370886989791 0.1981466015574229  -0.08568611147282248 -0.07618648281041179 0.3649649227810303  -0.08444469005335714 -0.1220779679817585 0.361820427323427  -0.265139708331335 -0.0554438301295495 0.2788863242394926  -0.1842954779312151 -0.09936401724414914 0.201928022153855  -0.2483141763030307 -0.04245099016740093 0.2578098002476095  -0.3199074878038395 0.1289230178284957 0.5390240059447424  -0.3388515408367738 0.1319350084572116 0.5420006829237337  0.1766646110269928 -0.349027378354085 0.7460408011584901  0.113685160874038 -0.448477326740267 0.7275831826179864  0.1677791170797244 -0.3379227622827213 0.7484013229397544  0.1411456950021003 -0.3380972954934772 0.7344581598162316  0.02065228059922318 -0.4138821550700074 0.7508541028487048  0.01692179243343372 -0.3529957139106998 0.8169515988436215  0.06165204338707814 -0.4724211153024612 0.7356644675188975  0.02930314742213348 -0.4561688583339745 0.7442374054868849  0.006179419429820726 -0.4125087326384134 0.7713842448145437  0.249516935489258 -0.4432362447003195 0.5884258087088488  0.2635967183551653 -0.4977239558799935 0.5839600784255101  -0.09107235072889666 -0.2940560805137715 0.8033026717674666  -0.1361261417291126 -0.2944596080916326 0.816655271836061  -0.07102354068100182 -0.3120064093980202 0.8152452101371864  0.6050858479648437 -0.3823255861882855 0.4242511086232516  0.6390833413583514 -0.3903323304870129 0.4873845073871843  0.2973628445258019 -0.4292747016372979 0.11746777667607  0.3019948176333676 -0.4202273260950155 0.1253500071728755  0.2762806404877517 -0.3892085077827017 0.1147945620901921  0.3406288013137015 -0.4300597891492394 0.1274927452142042  0.4134882217847129 -0.5257659633379115 0.04198601718466424  0.3785215039509364 -0.3449479362550811 0.09424938900628682  0.3464734362799493 -0.3334394358628144 0.09122152249418336  0.3449193710195743 -0.3368857544673671 0.07201658750298288  0.4137123977307875 -0.5291480675586283 0.03447935298154619  0.3319820761528818 -0.4487702526209846 -0.05566300548692245  0.2343046890660735 -0.4339928776025224 0.02690369144625758  0.02146862301068497 -0.3830860322377312 -0.01740612792301126  0.1358839471949659 -0.3294751143604959 -0.1264752140359747  0.004178976775363594 -0.3434129573321414 -0.002532488271574714  0.1285754419738265 -0.3103463664746185 -0.1343564072760933  0.1064456272279795 -0.2227899706036585 -0.0934983051115067  0.09311359598510899 -0.2866134145421871 -0.1548165852647182  0.0947907139880186 -0.2864703079727228 -0.1547396631364025  0.1481601549021617 -0.2132985925693373 0.009085252695013327  0.1830738293200751 -0.1438014991439625 0.02202480879940234  0.2930629081589844 -0.2510089468879273 0.08520468714538745  0.2365126721152493 -0.2538626949957191 0.209507959931827  0.3135187852869912 -0.2745930696891791 0.07797741368308596  0.2301600444306584 -0.2553653137398066 0.2105599066009895  0.2618551104558458 -0.2990672806941221 0.151783511850809  0.2927345524984625 -0.3067432678351777 0.1224134903914336  0.3123663432255094 -0.7994928678578823 0.3801857932170213  0.3696273269442441 -0.7745960783466478 0.3698513925393033  0.2800372161609519 -0.80242748961041 0.3431288988291988  0.3710358170434467 -0.8781440442751138 0.2599442986121298  0.2802835331130652 -0.8278813611446069 0.3385876541021588  0.3931627417677783 -0.8825056449231826 0.2408618443946862  0.2380249738833516 -0.7586288988278945 0.03747787776961949  -0.1887774656240867 0.3506030813430172 0.8154283487753753  -0.2087782177903127 0.3587300379067533 0.8087568342756107  -0.2033314474950423 0.112349630348023 0.845425165682115  -0.2008689459165253 0.1134669652962604 0.8446799862789889  -0.2445694943801174 0.1103038997908146 0.8638111349514519  -0.1465658384519555 0.09919473493574778 0.8631608315266847  -0.1937681831880513 0.1149917115148684 0.8344444353421695  -0.1756148779903212 0.1094201340478649 0.8509502461941199  -0.2458976342086189 0.108781367206581 0.8621194272660289  -0.07279826831226285 0.2807080318178377 0.4550306433021495  -0.09080294719968807 0.1560275375344825 0.5242302025681275  -0.1163850450670925 0.0818795492177868 0.5471918376220307  -0.06304106495391282 0.2751201793676723 0.4627620738221851  0.02269872672486614 0.3031287886447053 0.5197961171765008  -0.6811798544186188 -0.3202313027502622 0.5157183163747291  -0.6880000248513509 -0.3554186782513675 0.5570698690631002  -0.6751179937054075 -0.3219214283708942 0.5077842310711072  -0.7160567293064484 -0.333735038411735 0.49670784591407  -0.6817774723504237 -0.3159241005606492 0.5172274320586191  -0.702935163286091 -0.3691146412579438 0.3912318112281591  -0.6978405932397523 -0.3744644969955984 0.386833470366182  -0.7637298654317621 -0.3674958435051797 0.4281248412196291  -0.6755011980047633 -0.3177960286963218 0.5089912887127561  -0.579808753817974 -0.5676622275260533 0.3117122426514344  -0.6272208637866522 -0.5257297856374319 0.2717322716681707  -0.599383954390676 -0.4741051606489283 0.3122887031153486  -0.3973547672774738 -0.6058340504515981 0.4824890891798633  -0.4363444412323907 -0.6069540686327238 0.4147597658409361  -0.4779483591246519 -0.5763415173810714 0.3918282968922795  -0.3427561675535379 -0.3671737841577665 0.3011405038653612  -0.3340251108287081 -0.3705396320143999 0.3246337149636129  -0.2125409369637523 -0.4228329625034447 0.2645331170730489  -0.2493477101439681 -0.4142809295133409 0.2338950193745949  -0.1803926362588011 -0.4165218461055964 0.2720674183698094  -0.2755812368901625 -0.522986441054845 0.319073887619762  -0.1919977003785737 -0.4804218476333258 0.2935854805557999  -0.3926784063626363 -0.5213158278741674 0.1675899789698734  -0.2942567573428956 -0.5259568034807369 0.1957808651880886  -0.3370927111054879 -0.4145277969979094 0.2257817069706604  -0.2970217849121318 -0.4093774636535551 0.2274514359314324  -0.1491860692609141 -0.4102907922765326 0.3492673918814687  -0.1549645393446757 -0.3840445547336172 0.2481226919397918  -0.1919544811870495 -0.4669000317381449 0.2826710059575059  -0.1489568154988471 -0.4943578157001229 0.4184371582634268  -0.1557887835067808 -0.5028719344834787 0.2479603017433741  -0.07304243956372354 -0.4555096131728527 0.1995473029838753  -0.1922192079289771 -0.4809668334908037 0.2828108851094787  0.1293711500276691 -0.6712275603000286 -0.09298726615155666  0.111036991852926 -0.669768860809644 -0.08845509081427747  0.1867183634162458 -0.6635432703171565 -0.1796897101801331  0.2131533633490421 -0.7089433333664502 -0.2180760131334292  0.2149102854549325 -0.7105075369052014 -0.2262428768287341  0.1018226167038141 -0.6905531621135342 -0.2783982963803822  0.1942690985028453 -0.6640921452166229 -0.1974714836751515  0.09507398453542716 -0.6838229594024264 -0.3011971167683101  0.08769552653172372 -0.6737048133281845 -0.3000529338114015  0.08015196357520116 -0.6622552289699166 -0.2884445248743135  0.08055543456272524 -0.561763663231488 0.2780889909864281  0.09077785318536977 -0.5791451090533284 0.2266413256690222  0.1280818935003523 -0.6065901188386107 0.1899702010448918  0.1223716556870822 -0.7050838189038859 0.3161979608928704  0.1457135211421182 -0.7124258092912299 0.2977765646347135  0.129110631357725 -0.6072273335753557 0.1894612060417049  0.1847063717366673 -0.7147778986609409 0.2777815122734747  0.2019021069612532 -0.7017856173604637 0.2538184815170331  0.149977066196093 -0.589246248548192 0.1515352088540282  0.09215126010680096 -0.4355175369173043 0.2420219329872648  0.09711889749627287 -0.4750104048621901 0.2340337773503514  -0.006225238556285297 -0.4301329360067514 0.2047986734780868  0.07283353647542491 -0.5146061478384695 0.2314971406450533  0.08084546338267631 -0.5323381520199552 0.2014938264238458  -0.03949273980231581 -0.5148342474348273 0.1887398134628689  -0.007128631058108889 -0.4300278418530011 0.2040091831654275  -0.02242449694319176 -0.5399868047227407 0.1120135813676742  -0.04535830040262501 -0.496700034217027 0.1872350891506018  -0.02397943548146282 -0.5361567628451364 0.1144847766832025  -0.03740820896414724 -0.3786651480752878 0.1767146910191719  -0.07232093508803542 -0.3884006274819053 0.1329432510059643  -0.02118828794805346 -0.3938259507701333 0.105709783606045  0.03652232223837898 -0.4360059759162776 0.07681541037291488  -0.07279704357347654 -0.4558572536792072 0.1995826903989097  -0.1289481617061242 -0.6673220441575237 0.1556348214288745  -0.1769939336312266 -0.6452417227045437 0.1682040458775202  -0.1358891900092052 -0.6082350849986553 0.1987203098423082  -0.1830162813539387 -0.6473060517124706 0.1707442540668088  -0.1433075364624594 -0.6083450011355359 0.1964924575064685  -0.1638745823323769 -0.6142011524202967 0.2071688737920181  -0.512698237271307 0.2068199124247191 0.6479226329102575  -0.5792224649994806 0.2273263044170303 0.6352236980014269  -0.5240189285754384 0.1956274857474468 0.647431756792832  -0.4819076030498103 0.2183059246730936 0.6369942943978856  -0.3101734023188792 -0.5972482241438233 0.4168284490312082  -0.3926683339467048 -0.5932876130859093 0.3746137550210862  -0.3635702177542717 -0.5896506581550267 0.3989779845603524  -0.3260123664040817 -0.6063070068924706 0.41864579727125  0.378014490161843 -0.6330117948502307 -0.2624603249859288  0.3784943103478543 -0.6111613717762947 -0.2429813247434057  0.3766321889991689 -0.606945647623369 -0.2405863347634012  0.3821359376450036 -0.2855432639517824 -0.5275247584494067  0.3845851928613028 -0.2835953445148878 -0.5256747596546284  0.7161001848115126 -0.4274506739468852 -0.2384792768866038  0.7560984441055093 -0.4400157346409094 -0.2368972051347409  -0.09623129054081631 -0.4670194564929412 -0.6394629142875347  -0.114037462716763 -0.4529177768814299 -0.6495627401351146  -0.08672672318015671 -0.469154185103544 -0.6344167571756564  -0.104422898204944 -0.4612498481489445 -0.6692040544436966  -0.1063079012259241 -0.4597021004176857 -0.6683534480898922  -0.005869427121391532 -0.4645535089628221 -0.7385589719278209  -0.2452459107156477 -0.0585454478435066 -0.8028717178934297  -0.2886265667141474 -0.06392253374212988 -0.7711865325022421  -0.1770053859834743 -0.07083211182635997 -0.8478558549926521  -0.2860058246594118 -0.04737979182726874 -0.7394246761510576  -0.2885327973316905 -0.04281518179648758 -0.73440417987396  -0.1979853442437888 -0.05691452042237049 -0.7371035462332083  -0.2893727070877683 -0.04322611627834538 -0.7343469696019631  -0.3607800177870933 -0.01391577344811194 -0.7796573299247425  -0.1542864486796238 -0.102047912226902 -0.7235716960946446  -0.6661721320830344 -0.3611373562182602 -0.4656549141298654  -0.5667249430268823 -0.3064092373825696 -0.4746699147605586  -0.6035272996923824 -0.2617189913168019 -0.4831609230030613  -0.6173266730845263 -0.2341280767334317 -0.5103257132785108  -0.6900333882984953 -0.3001082607110441 -0.476997613596524  -0.6909985056365405 -0.2883976095650512 -0.47913953751143  -0.6810084535575255 -0.3389529608003604 -0.4698370277713646  -0.6669612149660477 -0.2314843577018975 -0.5235889627550158  -0.6888433094145319 -0.2458776812677928 -0.5158347640974087  -0.3490637031526222 -0.3542667001028753 -0.3974870033252527  0.007608696948080149 0.0002860206350906586 -0.1474366366499208  0.006535959800214342 1.911067460452776e-05 -0.1547558970584479  0.003069322104709421 0.0009116188258258481 -0.1771330954003285  -0.6643472870816383 0.2059091873088671 -0.5910337484459617  -0.6670934987325041 0.2147457969098214 -0.6028352942999986  -0.6624663046563549 0.2257958846115118 -0.6259448016066445  -0.5217908242294188 0.1616034103935625 -0.6420679133228961  -0.5258434116682604 0.1596814601846402 -0.6412094291709119  -0.5207102326434004 0.1619159700455527 -0.6446257359197485  -0.5408380180529264 0.1575635921516729 -0.6388607275601764  -0.630238606181476 0.2116692707560693 -0.6359189241368752  -0.2633968987424476 -0.6175942753860416 -0.4648925673649118  0.3531036323289154 0.7548073034358134 -0.3030136203358961  0.446377629248895 0.7730297279034293 -0.4081963082018881  0.4456343669723728 0.7645209696681886 -0.3995257361677289  0.4512601429715435 0.7680741061011594 -0.4311718870825303  0.3515107419716924 0.7564550890600517 -0.3030519313747757  0.3416331009618287 0.6903595274673008 -0.3649679225244869  0.3955345270529641 0.6899845846660673 -0.4282403564793095  0.3294333246659457 0.6806551339134487 -0.3833046046459656  0.4523659102239332 0.7485156929030262 -0.4260796337449485  0.4528850823452834 0.7539766374014946 -0.4318666367975423  0.3675768721860241 0.6751062048979831 -0.4457059310316833  0.855043006035099 0.4290575818979154 -0.2762938676207566  0.8400810388034817 0.3187124865859057 -0.3076869774320891  0.6754563487820827 -0.1927500586264845 -0.5768713487349835  0.6466362636182568 -0.2043714430371244 -0.566404982436655  0.6809913535204253 -0.1801435616645967 -0.5821944294238848  0.6822885687964533 -0.1809542387883968 -0.583163213477113  0.6498044293451404 -0.1633946468443041 -0.5802329589506279  0.7075549147812874 -0.1994096388703606 -0.6227753875337168  0.4146550257366315 0.2770937956864714 -0.6159174040258633  0.4202740874833118 0.2779082546909394 -0.6020806180747766  0.4137570245942159 0.2762219987057286 -0.6244650106616487  0.4901689987779533 0.1108756204337644 -0.518117261860621  0.4807401134169284 0.1004542527002897 -0.5237339998259424  0.5750774728768548 -0.08208166997386837 -0.5149143367460478  0.2235399352993198 -0.01909573754860337 -0.6722498477383169  0.2258043674958368 -0.01854410309304781 -0.6753167859387477  0.2091795955578191 0.001746092063736535 -0.6597943366439587  0.4192173645894784 0.2790338675570356 -0.6016977920116902  0.7377820709493372 0.4377614477439598 -0.1009651868146224  0.7125350271552802 0.4621862758859105 -0.1504952626862187  0.757878339979256 0.5211625657166816 -0.2022526413729527  0.8049381877831253 0.3160151016405915 -0.2085459030361241  0.815325373856677 0.4339071602839352 -0.06425632375705315  0.8162862111724366 0.4253011978402403 -0.06941058598622557  0.8749190455864162 0.4157267096253224 -0.1243393246350824  0.8135828948892893 0.430871880154645 -0.0642954628571296  0.8073484088334695 0.301014699832394 -0.2047252295566855  0.8284788350634945 0.2378889101477063 -0.1440224237630673  0.865598361559657 0.3641023630669232 -0.187225264721724  0.88403842917652 0.3815641924203384 -0.1769118297420949  0.7989613685079868 0.2331663446707019 -0.3028208861895713  0.7905814289004233 0.2242553167904344 -0.3064599394196868  0.8782249343811817 0.4252807502177633 -0.1223540712453208  0.8896624406918212 0.4128827717601303 -0.1590839059335269  0.8906515968689839 0.391768484441067 -0.1814849153785225  0.8093690080895981 0.1160570067954537 -0.1959639525187233  -0.2035185243716616 0.2439091615815905 -0.547515454729681  -0.1537166209345176 0.280243530632495 -0.5808974149397638  -0.1344340724024732 0.239437478619016 -0.5603373870873002  -0.1975867398383664 0.2791042792820289 -0.5703272485640711  -0.1321749351347229 0.2322426130793538 -0.5564554974540238  -0.1266163852626042 0.2260791542194172 -0.5576733829492614  -0.05034572586498332 0.3502885762395929 -0.5104304259219525  -0.8386345696991098 -0.2690258330505229 0.4629687541912527  -0.8395515263708171 -0.3225658756205993 0.415732559152795  -0.2535395672279676 -0.5019833516082913 -0.1978556030701463  -0.298847229288162 -0.3131421305420878 -0.1719331499660053  -0.2837057646569834 -0.3166118065467572 -0.1627405237620432  -0.2136077863435917 -0.3007564867605757 -0.250219831530089  -0.2421151776287072 -0.2920907338166149 -0.2762181679527203  -0.2096173702282213 -0.3022307558252176 -0.2505331163175415  -0.260779825742472 -0.3080035267408742 -0.3053305725595319  -0.5914416826683103 0.2992322045252562 0.6943858694105136  -0.5832863715562487 0.3878127906223593 0.6088910687034746  -0.5817831968342683 0.3901320814684656 0.5978517945766457  0.06938661421490025 0.6944918348558299 -0.1855871641752994  -0.005287132220168078 0.6374247364738441 -0.1217012190734114  -0.005768934977735701 0.6554161916323877 -0.1375241576359437  0.01481890462339346 0.6439469910401581 -0.04976404783171533  0.03286207283845316 0.6841818969253298 -0.03324983228066093  0.04234678835943163 0.7234899384607364 -0.04201921866889617  0.2270281815279726 0.6386293195044813 -0.02593786663420202  0.2104826321641887 0.6767934117514089 -0.07371515876214495  0.09150146199916488 0.7420955684229265 -0.03351868118073259  0.1911980512759113 0.5918862796345729 -0.02021454069835023  0.195613698987927 0.6005672056366156 0.07097933408852578  0.05459088872356712 0.7310890779577965 -0.03826893529000082  0.1882877468762594 0.5913978887003289 -0.02254144147576984  0.03855607021623919 0.7224919663146223 -0.04096325982267629  0.1939032797584942 0.5983439501077995 0.07150782189426103  0.1778195553733593 0.5973680176931513 0.08435312574640563  0.05458711016257482 0.7181103460135393 0.0692785346564951  0.2548092895727657 0.7546442043043242 0.1799512293756688  0.3088969556296943 0.8007116446878774 0.1266593299995309  0.3114354211136627 0.8007923260234612 0.1247484874010471  0.2555781692942759 0.7568832678756129 0.175951391919126  0.3124855541812978 0.8018064142687149 0.1211513315041538  0.2965639045339994 0.8087098736651583 0.1119314327184205  0.3108768477175599 0.8212884463851317 0.09660858058847716  0.3468850859536352 0.6383843936444573 -0.01427485655891063  -0.1031745583028956 0.02618281942006861 0.7080518286388842  -0.1028441344415323 0.03448213053500193 0.7115968994987003  -0.1203378790424313 0.01476973644825969 0.6981414477786835  -0.03129649430866235 0.06134347310017654 0.7008376048255665  -0.1200844479678381 0.04170043359309966 0.7093982225084989  4.584124247009741e-05 0.07908889071920779 0.7149209742272737  0.02722391103428701 0.1104514077276256 0.7773588174261843  0.008337488011948807 0.1038636661874424 0.7817799145725789  0.04152546930444385 0.1007863323962345 0.7821877282473327  0.0485191322921321 0.0926215126714295 0.7923618709597584  0.04697327655876528 0.0935795547165937 0.7932314856478277  -0.1236202806596129 0.08979062555271083 0.8584146116462806  -0.06944853172898925 0.06422851450601741 0.8107735394297854  -0.1460991469241804 0.09902502923988367 0.8632981425753958  -0.1398553621033184 0.1132094094046305 0.8645182383289391  -0.1182065111792396 0.2182268220420902 0.7409151824487602  -0.003009466715370668 0.2334113615749642 0.7488655915633277  -0.1292779745937358 0.06404811789283844 0.5455353922062683  -0.1216526118626785 0.012600704393607 0.5648824122257046  -0.07137533281862971 -0.001250179024946202 0.5266717442859777  0.001197014829365503 0.01363067723525659 0.5474312168197915  0.08537719797519666 0.2888757025700968 0.5369733118810864  -0.01210445550831429 0.2255334924977531 0.6910776942477829  -0.004898428741922877 0.2245906911987163 0.6915810729684213  -0.02781463700562327 0.2451911434159124 0.7127700537052563  0.1164825966816979 0.3036487293159729 0.5889469025714921  0.02566537881917452 0.2369818313133682 0.6590577150446105  0.03086889202441028 0.2921256370809577 0.7206688298075007  0.004873231373871148 0.2646100882904014 0.7299545149242774  0.004768846788816561 0.2646428043196827 0.7299423833281903  5.778118712898572e-05 0.2256330009421338 0.6883519977046746  -0.3982367257157832 0.455894466484889 0.629394506654318  -0.4178187333515464 0.4513656372995032 0.6417963783854601  -0.4181836204185358 0.4509795710433709 0.6418927695614567  -0.4473158033669219 0.4023087977837509 0.6416193181461698  -0.4574234084194112 0.3755641657291753 0.677605890609928  -0.4304524396064715 0.3417655152771678 0.6442022127095567  -0.4478093092823513 0.3492455675673371 0.674196626773267  -0.327789203765819 0.3183806012058671 0.6005468036154877  -0.3921603649594725 0.3565041016205266 0.7783644747542797  -0.379068465322878 0.3543281013624499 0.7779666705101842  0.8110796002622798 0.1810689145452437 0.3016466623413233  0.3686529555461826 -0.4904120151624362 -0.7450030713106814  0.2464528360746664 -0.4895960714526674 -0.7504890067377218  0.2627697960932989 -0.4676053256744641 -0.7455101340425981  0.2422436651947039 -0.4874407537992931 -0.7439779736559561  0.2391864986073299 -0.5173118924223823 -0.7449065446674864  0.1954800201843739 -0.4561961153599555 -0.6952581607383308  0.3516300236142925 -0.5345231237855531 -0.7505386976845052  0.2897344280542096 -0.5671106579419345 -0.6595917026691352  0.0008276898943288969 -0.4837470624598835 -0.6207041231260498  0.009699896473317468 -0.4803461475023331 -0.6185521979475167  -0.007541804763383278 -0.3490834956001607 -0.6011937238359883  -0.02484151194714083 -0.3337990864025295 -0.6111075854902145  0.04950292403890307 -0.3879070518890442 -0.5968396202131359  0.3084780101031688 -0.5955607290331447 -0.612410156346934  0.05026124375775748 0.1590283313722018 -0.5403467957344701  -0.09470675765048761 0.1043428498822881 -0.4441134949088837  -0.09281492801184214 0.2149937512907733 -0.5897122216911974  0.2467008124901131 -0.02391685939701482 -0.6775799639746622  0.1976415731085916 0.09562769097786289 -0.8436963509128269  0.04018363686719224 0.5388434436468972 -0.5468248978530387  0.1215991611929572 0.2691216413613338 -0.7661655130869457  0.0252619260640379 0.2932135989934488 -0.7505350059719744  0.1558312411254085 0.2559934137134251 -0.7351530607504849  0.02515343833669409 0.293230601287357 -0.7504363190443618  0.1632464729505582 0.2486454118710709 -0.7409332511506413  0.1978486573965352 0.2479105207713883 -0.7466341618072916  0.004581103067428042 0.275988832843497 -0.7421685744664253  0.4005291912149638 -0.4658315288736143 -0.7339400842499541  0.333269414472199 -0.3863371976148419 -0.6728922045901558  0.3298644359258311 -0.3841587910595179 -0.6730660976315004  0.419272455148347 -0.473506128481332 -0.7397087425711486  0.4548039174155309 -0.4572368625071404 -0.7448373305600975  -0.1107094134915666 0.08831380151388285 -0.4438185834125265  -0.03852248684415119 0.1209683651407499 -0.4382978997693986  -0.1135225988437714 0.08636654328145543 -0.4456682426548229  -0.1273990266410314 0.08639543546514923 -0.4758346814455687  -0.2442381435311174 -0.05126703342604641 -0.1783784813158539  -0.5692183478539663 -0.01864099672531838 -0.2786339103946772  -0.5211141574135546 0.002814169580492664 -0.2643451638943028  -0.5760400955642793 -0.01703420269437972 -0.2824857141014223  -0.6009928910232175 -0.01745313434134407 -0.3164511641140563  -0.5923129152565386 -0.01600105319416883 -0.3005121856377513  -0.3722276371636775 -0.09424374793161981 -0.2628651030337734  -0.3812011729349367 -0.09291446612586679 -0.2401382291878386  -0.4021659909594406 -0.08904148697735764 -0.1958306838050696  -0.4131140342888023 -0.08518009065747165 -0.1937541799311022  -0.07792346590553396 -0.06798856051487123 -0.437589018106021  -0.08069224597456531 -0.07341091386255234 -0.443891512870401  -0.06435860550413663 -0.06510266210810671 -0.4176840896524573  -0.05030437329821982 -0.06435034348574076 -0.4182177988910352  -0.05955908146803446 -0.0720483201538345 -0.4143328895833843  0.09474149113488364 0.01227004075958046 -0.5428751564419619  0.1109359969490463 -0.05205703349707946 -0.5227995034003059  0.09550740868625891 0.05911120372801239 -0.5757121853135853  0.1125269684154546 -0.0622411850956677 -0.5008717860293572  0.1499145435188403 0.01085171651885412 -0.621954841321579  0.1124232481416143 -0.06257081836985137 -0.4971708307130799  0.1171836488030614 -0.06407640177552078 -0.4936705910210615  0.0269035568841183 -0.2062253918318502 -0.3817766734421157  0.09729856836225101 -0.1743969095423048 -0.4127147493670181  0.08938727263841867 -0.1715299611744051 -0.4089816540619788  0.1012363088731873 -0.1105373970981905 -0.453369048676338  0.09509743199862877 -0.1121258507077772 -0.4482063851484402  0.1085937398756461 -0.08769484858541367 -0.4625781289701169  -0.01250669806601981 0.3904827787073993 -0.5117666163858323  -0.09834744430007564 0.2878791661721236 -0.3980466257226192  -0.01741229301643145 0.4247423843454362 -0.494596369899803  -0.01038081945413018 0.4116766557883608 -0.4987326321746033  -0.05683672791595148 0.4656321225990315 -0.464826114945908  0.2234508493937205 0.585203860860497 -0.4726193718997981  0.2024821924144135 0.5477548458851497 -0.4997409947187793  0.2606382539600317 0.6274680561116436 -0.4425229404159758  0.006058230139264806 0.2964191164389568 -0.4702797666550458  -0.006211094874149697 0.3489168585844491 -0.4900042192562387  0.1439749518427913 0.3751670474794374 -0.4681590071344939  0.0754180106955793 0.455470037031329 -0.4837718349496403  -0.006688449589706991 0.4226447681436639 -0.494003431306397  -0.01269749407504246 0.3919715305300579 -0.5123891895650338  0.007352539813452685 0.4389561254314402 -0.4748746976590485  0.03059318667412419 0.4549450675134923 -0.4790412969824922  -0.05065847335510353 0.471988119526591 -0.4572000293585982  0.2869111949102542 0.07169930439233768 0.6553797685200561  0.3813890296102009 -0.03167650781724414 0.641928403852879  -0.03217740754019138 -0.02374419220247945 -0.1946292695672536  -0.1054777870673304 -0.02337211830254364 -0.2203945023582661  -0.103598183798866 -0.03231656708005896 -0.2374603380567326  -0.1535957601298274 0.02793685636857084 -0.2614988777020532  0.07788831691940219 0.1972978175827586 -0.2315783215524623  0.03823109025353066 0.2112199783221259 -0.2963739179829714  0.05058545207215687 0.1215956838746109 -0.1333151493722038  0.04558766627259225 0.03900518567756105 -0.1083354203045969  0.02199341125685771 0.06999836589412431 -0.116267419350305  0.04576749442115513 0.1174397650233141 -0.1317996480920145  -0.0070410996176377 0.3719069105371505 -0.161669011455175  0.060974482629683 0.2065117459180861 -0.2882869536567617  0.02984233243334831 0.2659717165290736 -0.3127138164398935  0.07710787401318278 0.2171899207860984 -0.286082155237752  0.007221254048240547 0.3841313829022265 -0.1617377825712085  0.09332279965522965 0.2236678257064937 -0.2725269864465314  -0.006321753119322107 0.2900050629695038 -0.3550651312114295  -0.133410595662304 0.3621423780883435 -0.1627504100136887  -0.1522035303829787 0.3809848359354746 -0.2446932354443984  -0.1286676658782967 0.4348462485402478 -0.1374153643717712  -0.1320147147073323 0.4349356036918763 -0.1402348226970437  -0.07311805440055165 0.3637900371756965 -0.2286087677260101  -0.004409568470996765 0.3776382794710743 -0.1797823303806026  -0.09234096822810094 0.379031362992764 -0.2552953170906426  -0.002949105694337296 0.3771455147881543 -0.1757201755262451  0.06725568667623026 0.7718162710726449 0.03940965236730111  0.1747125723369592 0.7692401273201854 0.003748417687406636  -0.2310712325784906 0.8330576302188484 -0.08230097181079761  -0.1771684503019418 0.7501923902804997 -0.07170718785443991  -0.1791892407049644 0.7435374486106328 -0.07342512784784587  -0.2466100141277002 0.8494894267262663 -0.0863637369794137  0.5940518869066291 -0.28699818978994 -0.1110114709496506  0.5558694553512634 -0.2635046241520848 -0.06650727148424421  0.5568808824129263 -0.2376600966868953 -0.1568243285508799  0.5558466210338956 -0.236946941253034 -0.1558774046771913  0.5460229051399664 -0.2516302844633592 -0.07461751343255615  0.5448899415393895 -0.2288201891410766 -0.07092027903328969  0.5037292435656472 -0.1887926758291638 0.06123044832918233  0.4702213329659259 -0.09491911529534866 0.1257970888929904  0.4083313418253253 -0.2838489869841518 0.1043849007149204  0.3956832814846511 -0.2702262786153644 0.1026624064325781  0.1902342065762989 0.5843392629509304 -0.5484011047936849  0.190287900313749 0.5843643908167353 -0.5484126392015568  0.1899431335077992 0.5843506877529661 -0.5487707094482629  0.234407636335259 0.7063350415578009 -0.5156737775160242  0.3508039745472815 0.7550845636305391 -0.4743887219829545  0.2346384274016692 0.7060674856301867 -0.5149922610465542  -0.2729337517539779 0.4883240829288487 -0.6785448182741326  -0.2576067706958201 0.4987459168237331 -0.6661883475259405  -0.2835376426240994 0.4564634927676448 -0.6720048698165004  -0.2086840360709497 0.5109637478338956 -0.6806217369538836  -0.6735291600647209 0.06544411972331748 0.1934609056939661  0.504828377013863 -0.7407215716974361 -0.06287596693588277  0.5060405765497109 -0.7458697345973733 -0.06598201361086353  0.6739784138116417 -0.7242605850149763 0.05118673447244089  0.2024882621219384 0.02059889391462961 -0.2844463916773665  0.2192998043905088 0.06236649806610819 -0.314195272083297  0.1627788036717104 0.08798243864229224 -0.3766248751655278  -0.006438335702514487 -0.1541178819469259 -0.4133983458014299  0.03649168764783144 -0.06185262952419157 -0.4418268678198545  -0.003008907860729715 -0.0379783711845225 -0.4164767634570197  -0.0470552448503652 -0.1036369976742845 -0.4118548578527593  -0.01044201545122436 -0.183966507735557 -0.3936068091656856  -0.02072784120792117 -0.1883055586014279 -0.3835594915517769  0.2034401283353914 -0.1316515012330268 -0.4921228309569423  0.2323472151373954 -0.1676889381067078 -0.5535926214412206  0.1984645774871579 -0.1250023204593402 -0.4814106173313685  0.1248627075103584 -0.06810897443007999 -0.4857460166663985  0.3024279807471829 -0.1807381034854679 -0.5586853704293694  0.3029066689102155 -0.1843346495477696 -0.5724554937485341  0.2410567155385852 -0.173497320231583 -0.5706208540081409  0.4860595070246779 -0.1659528203878654 -0.4630286608120552  0.5460024684333808 -0.1629072179899069 -0.4348186349903461  0.253346484780214 0.2386177601855509 -0.5507975941994522  0.2866878111187016 0.1599584062277757 -0.612623434621172  0.2930196093066486 0.1493226407726652 -0.6219621809819813  0.1387325894727732 0.2033526729857013 0.01633151597363492  0.1183613831922495 0.1863245895915754 0.02189087091431715  0.02057704247629036 0.2816979375304853 0.03269489474754889  0.04283319056415523 0.3009609333047331 0.01632263389064651  0.8675202632888138 0.4505300510880609 0.02256556981016853  0.8397919277233059 0.3874714568894996 0.03895540730490623  0.8362355128936547 0.3829708989377957 0.04649821104263176  0.8191778793379769 0.369204789533671 0.01815517217317088  0.8353470491059704 0.3820510105690497 0.04669575008533437  0.8190214006814358 0.3690256029290446 0.01833165731311548  0.7979029730399831 0.3675407076452866 0.01255422337316881  0.8341372053782318 0.3808790475626069 0.04629913230451112  0.7402694769707443 0.4670753440241274 -0.1071967752593239  0.8364555738031872 0.3216474068154075 0.053230210857289  0.8232963017863769 0.2694312569947905 0.07929984291435248  0.8330656981340908 0.3815241768021223 0.04759723020864313  0.7971132707868253 0.24348615145673 0.1180437359800216  -0.3529862042800856 0.05566839980467737 0.5449856878761521  -0.3782244408802661 0.006704720292171068 0.5134080209069674  -0.4305659765579087 0.03088149686941118 0.5104924504418923  -0.3642368237317701 0.03358031471893924 0.6923935056745769  -0.3795116501395272 0.2046882529588201 0.5721535160998199  -0.3830779827605232 0.2078997437863952 0.5775817218827574  -0.3332331048513449 0.0632920811039 0.5892839398889184  -0.3643984672384846 0.06460506047293488 0.6602112142162994  -0.4135581889492534 0.2103359091841945 0.5916608950600583  0.2240782412972316 -0.485598163737168 0.5707571564470748  0.201950646468827 -0.4810047600041225 0.5702774691027135  0.155289646990076 -0.5792262329172345 0.5912594153239075  0.1620226122692134 -0.5887161890438757 0.5943061569350512  0.1416163504337532 -0.5577303054386876 0.6060416792449886  0.1911777567161557 -0.6052148537027427 0.5895048470857228  -0.06411170499319538 -0.3084632365151098 0.8201350060183054  -0.001326912744182902 -0.4084546061837717 0.7716291983922161  0.01619300186706892 -0.3517530188468715 0.8175723041420033  -0.2375658730626197 -0.2820335817366968 0.9197357194443347  -0.2514236698072426 -0.2843565241520949 0.9057027241189864  -0.2391351075925835 -0.2808393426174883 0.9173774264129007  0.33753512604387 -0.3133831193895369 0.0993677025137422  0.3138486367635608 -0.2747170498944083 0.07787966094061158  0.1955052845811024 -0.4403149846503419 0.04175712683614899  0.1950094766093617 -0.4408022097454206 0.04029612748160584  -0.2877585202036231 0.0479337770134214 0.8255588292945037  -0.3015603876851509 0.08392856704507136 0.8351814189749177  -0.218977457654021 0.1028504570427295 0.8387242341813457  -0.1978526365524905 0.1060274770261004 0.8017973482387261  -0.24583578526437 0.1083982246928414 0.8614863168247289  -0.3638681923951946 0.3635125652596828 0.775786457915326  -0.271477748603831 0.3330375566559956 0.5566506728417335  -0.2575517238131619 0.2843438665873358 0.5686928222582684  -0.2735316360878254 0.3381364453082791 0.5596616383588496  -0.009074391509596449 0.2514420086949472 0.7253467136649383  -0.1430519929794214 0.4055846175806249 0.7700299627355249  -0.1713126167019025 0.4119175064720552 0.7921050343763509  -0.7725355189491339 -0.3643359275703731 0.4286193659282374  -0.1791692260167987 -0.6004401717510263 0.6998829261379194  0.07278872813545445 -0.6588459658032533 -0.05728399561580255  0.0895855693347921 -0.6577054275075023 -0.07136039340087885  0.03895613988839293 -0.6557034668906018 -0.08312682716175629  -0.006053460553248388 -0.6204160476451351 -0.2783456128445823  -0.7201029406377967 -0.2226171462109907 0.5710822652117415  -0.5158547953637805 0.1539215232074833 0.6155820918896061  -0.5177815321854892 0.1502468320855426 0.6121691465517798  -0.5119777198836555 0.1492192200207573 0.5976311330219379  -0.1820053644176121 0.3920856144378662 0.8080530402063557  -0.188486310862091 0.3830682794384478 0.8104925515124993  -0.2377734586100824 0.3518094278095779 0.8146787506744432  -0.2474962011033422 0.348486688558069 0.8110170151745717  0.4575086462639003 -0.2547816176322206 -0.3605144908206587  0.4379715564367996 -0.2500042931395852 -0.3645076663199281  0.358468920931417 -0.2161991701768082 -0.3485026200442279  0.3805617111351197 -0.2345619961262444 -0.3730888501141062  0.3687915776501562 -0.3966137842781599 -0.3350077312386972  0.3350705260050024 -0.3567444704684313 -0.3182728316943775  0.345464926507433 -0.3692174847158377 -0.3155691907162586  0.3601459273191425 -0.3867349570986472 -0.3160089297356409  0.4151833416342802 -0.2915906416294361 -0.5287854914033392  0.449554713352656 -0.2777021873634987 -0.5208080367175411  0.5082695838983872 -0.2525795916849438 -0.3718027356136457  0.5396563786264652 -0.2685875266855883 -0.452307193313798  0.4872575838406162 -0.1661180502565296 -0.463726964983266  0.4949182518270602 -0.1671562078004752 -0.4629900672681759  0.4935345870914776 -0.1669716848870197 -0.4639705668462934  0.4612614467739236 -0.2548592740168859 -0.362562859419932  -0.267877014347823 -0.3117180996031366 -0.3098921409533386  -0.03431410296173561 -0.3353316718185261 -0.6159026501135006  -0.293056005317621 -0.4901757723800799 -0.5116923543552134  -0.3042537155140731 -0.4833544580190073 -0.503806829767208  -0.3249368173492165 -0.06754644488613581 -0.7893874241009962  -0.3744825286715718 -0.09172635606931898 -0.7783296524847432  -0.3707948209015161 -0.08745324269143166 -0.7807514974822363  -0.6751393091837731 -0.2105094857133922 -0.5072864086310145  -0.6485797057486568 -0.1188807838485341 -0.4182999543184748  -0.6190916556312251 -0.2332393718953807 -0.5114920686806625  -0.1360576792321286 -0.1151839522901019 -0.6823321682668599  -0.1307521697414077 -0.1138219627932627 -0.6795916249543229  -0.08775074802677207 -0.1314730053421184 -0.6755985347293664  -0.09554994989238662 -0.1281084532101486 -0.6740664062682199  -0.02942335257900968 -0.1599089557982056 -0.6636531383057626  -0.1075458585330359 -0.1157934481293725 -0.6756397461159421  -0.1193605346899371 -0.1088281339893581 -0.6774039285252744  -0.5055988323772058 0.1605454453453947 -0.6494456260053182  -0.4838394319593433 0.1432490781954313 -0.6801822143617062  -0.4679567867552731 0.1240272928638137 -0.7128622466056445  -0.4492451900148062 0.09781039192275211 -0.7415397194963477  -0.5904230446847127 0.4401172618860439 -0.5741503874323162  -0.5567241099063051 0.3807339497084731 -0.5695854110441735  -0.6309056988295646 0.3395641578272177 -0.6045657228032915  -0.6202788329458383 0.3944427032410986 -0.5651983922043982  -0.6238940865658138 0.3938162507763198 -0.5659352252734536  -0.6369397523154823 0.3580570704902253 -0.5920907903171164  -0.635740540858404 0.3307060419970843 -0.6257489904052481  -0.044400889559332 0.03346601227378536 -0.6666906100603305  -0.07088493412182348 0.02857169665787555 -0.6544891996565991  -0.1642284934613756 0.05290920967861668 -0.649800132522247  -0.2006680525215368 0.05652606510559544 -0.6646822091736181  -0.6676859751083458 0.2464137931483288 -0.6244230138980857  -0.6502350218970578 0.2933640436755688 -0.6301028319801985  -0.2964561121076165 -0.490738536579732 -0.5082731761961887  0.6134701000129431 -0.2501406833570001 -0.5670409435161886  0.6184096669708545 -0.2351781155534403 -0.5197757586513578  0.6041953130329959 -0.2497304289082216 -0.5722307710959409  0.6039150576045256 -0.2541525528755072 -0.5141003572587038  0.5470242401322806 -0.1745203183187523 -0.4335909633699892  0.5754876539578432 -0.2559697750014409 -0.4895940210566944  0.6315649076631451 -0.1192961934659425 -0.5647633212506755  0.6331639738056354 -0.156108321000106 -0.5920296713624119  0.5126666850714269 -0.1192508376658971 -0.5030904458473466  0.5056130656249451 -0.1445884744229649 -0.4827620197811747  0.5166556518377673 -0.1089040137308509 -0.528378229247781  0.5217747728662468 -0.1655843714226876 -0.4498331546480679  0.5881072244636918 -0.08320168670420146 -0.5243430942614468  0.6100007633039095 -0.08656764855348735 -0.5617372023962871  0.5404939592800951 -0.02682280886542852 -0.6197867525011242  0.4895451423815652 -0.01259843417621795 -0.6290177158542496  0.5441855642902249 -0.0421083974121126 -0.6003573205173875  -0.2863863472307265 0.2438298627660072 -0.8214787554489436  -0.2732935190699641 0.242638452518345 -0.8215274691061942  -0.2865690823483782 0.2436674909249924 -0.8212340920438475  -0.2450859870994874 0.2498776134538367 -0.8236724950685679  -0.3348106822181864 -0.06265206338244365 -0.7769549654110721  -0.4242111546117137 0.368695634716743 -0.5976235169369157  -0.3340474569918152 0.4204861776180341 -0.6650743859669772  -0.3935054321042153 0.3919311302800476 -0.6004360656450676  -0.365886207130823 0.4517816423960193 -0.6738230402820286  -0.3175409267517469 0.4225713601871336 -0.6662962465340044  -0.4006774369741924 0.380498984913358 -0.5942592906077659  -0.4392616307392362 0.4509250662394614 -0.6845109000538518  -0.3670729750949543 0.4518544960784383 -0.6731311831078683  -0.3100621165286941 0.4304051618403871 -0.6690160829964465  -0.3042599258844967 0.4143903376783011 -0.6720534456365155  -0.2854918094061332 0.4016703474509175 -0.6775883568481192  -0.2304836381868715 0.3420167752509485 -0.6436029702886482  -0.3128504570263106 0.2849834577778916 -0.8082215717502914  -0.1905472889720306 0.2410547657050279 -0.7563620065836418  -0.1408000579059329 0.2740742473603782 -0.743456449872239  -0.1359026265310674 0.271874725431862 -0.7429768331834594  -0.09002917146533697 0.2611220628629758 -0.7058661868720921  0.3314962962918085 -0.3093312445751559 -0.5324710878068808  0.09568470715318539 -0.3732134878625966 -0.4584247022273572  0.1484581794524224 -0.3002251657755634 -0.5478749112558481  0.1255065544576282 -0.4017831937792598 -0.5114304229580713  0.1500960370654403 -0.4173741991720943 -0.5110448658989116  0.1490182045516718 -0.4290517146761493 -0.51361389772947  0.2326564865983239 -0.3749131727240627 -0.6668936566189307  0.2478551154784035 -0.3773879485502757 -0.653604863677778  0.177038354886438 -0.3474441122243687 -0.6756257519386742  0.2632449101103296 -0.381879242986408 -0.6506475190892685  0.2483663134074747 -0.3792402690521656 -0.65364718971221  0.2801251736462722 -0.3759039159207931 -0.646504056537381  0.2418108450165638 -0.3693477517027918 -0.643600552883666  0.02895190136266185 -0.4709550343030368 -0.7219531283216198  0.0281600482404129 -0.4720135768661588 -0.721674273897339  0.1247104506752531 -0.4898745030301623 -0.8346253527670625  0.3090615939300739 -0.5989985036927331 -0.6074609515758591  0.312252624802377 -0.6685812708307374 -0.4494996566121029  0.3103315998781181 -0.6657603555467921 -0.4438941693604082  0.2895098423415516 -0.6501425818743385 -0.4031563163983692  0.2870521566421986 0.08079583816127861 -0.8326010820551838  0.06472687335761466 0.5746858249108375 -0.5506478463275956  0.04688137250447778 0.4579999824864118 -0.4725275623962821  0.1626980951776728 0.5002014753046619 -0.4771880973413226  0.07178559782308451 0.5786011158379729 -0.5537571416058719  0.1700310055466762 0.5175516034131737 -0.466020636154337  0.199388317243244 0.5316063561779443 -0.4854089565920662  0.07289194958560301 0.5788505544001575 -0.5534521021077198  0.186149485303375 0.5857403226706476 -0.5515781029947993  0.20243749986876 0.5477482118874196 -0.4996726816920297  0.07212334986210543 0.1231761768946505 -0.5319624967078007  0.09111676911672759 0.0806728141490089 -0.5493681558041579  0.05154955769540823 0.1349745707716907 -0.5379120187312092  0.08934706273813797 0.07125733110172038 -0.5574353263500467  -0.01583403539267106 0.1042978837392373 -0.627985800172678  -0.02392708361235243 0.1164416022299951 -0.6134657169635928  0.02591479860347302 0.08528948687430046 -0.607512778665634  -0.027663177958641 0.1480937222448479 -0.6187360621886298  0.0922644803317266 0.05976139690009835 -0.5784165441360586  0.0965674308078787 0.05878959173708075 -0.577032143975429  0.1281360415705445 0.03878811258452199 -0.6092820092599652  -0.3705639246494092 0.1864036945869462 -0.325794047469777  -0.3655262256512523 0.1766004895350864 -0.3219380459799514  0.3209097495499892 -0.08535013495712172 -0.7376690214271509  0.3211852490649747 -0.008006791452684694 -0.7006308669138225  0.3263486092037177 -0.09328516676966592 -0.7377564921661665  -0.0735860888990843 -0.1137574135074128 -0.5348285515999976  -0.06000094311243347 -0.1380398936563054 -0.5566291096741824  -0.05796906846415529 -0.139373557532171 -0.5589529825795937  -0.02344949948330762 -0.1719388260466793 -0.6695426671498437  0.3105450267613641 -0.1766048520143827 -0.5851398368725788  0.2574792551931473 -0.1588616001281607 -0.595167515655841  0.2992974069124612 -0.16960028401555 -0.5917215257266256  0.3405366809085167 -0.1950885797019787 -0.6359934908488446  0.3424311931027111 -0.1963357453390268 -0.6111261155030862  0.3427753493660111 -0.1957257899509111 -0.6393354398619411  0.3420924905975334 -0.1961268842892623 -0.6105942053498765  0.1643092577431081 -0.3385491380304158 -0.5572065761630066  0.1995208571717237 -0.3514029760448593 -0.5473361055524738  0.1538027948812866 -0.3302227600786789 -0.558250421684739  0.2357257331796228 -0.3339316401697782 -0.5241953250313949  0.1722518669973633 -0.3425303111890262 -0.6743923677561139  0.1712956538846917 -0.337102220105868 -0.6744514917924982  0.1722173167783765 -0.3426129515063089 -0.6746572068835485  0.1512974876085571 -0.3281478015358186 -0.5630636567355368  0.06398182763228299 -0.385322077574933 -0.592890800017615  0.1702084717934348 -0.332753414981192 -0.6725555347438785  0.09529617755619681 -0.2771757924573617 -0.7106047299222786  -0.2817557524558501 0.4349983484178064 -0.3561294055545461  -0.2508006344484023 0.3924361261832697 -0.4480454425711581  -0.2548114547782288 0.3510583595906377 -0.4058982448237154  -0.0648990784788427 0.5207853747199597 -0.4488034185833433  -0.151727459756875 0.432837271743781 -0.4680650410441169  -0.1115245137279709 0.4063167151988323 -0.4101905878963708  -0.151734759489257 0.4328312936796839 -0.4680682247285147  -0.0984302688144128 0.4139974360697616 -0.4141548629966639  -0.05079260141759578 0.4642995616544411 -0.3702781339749653  -0.1026641387530469 0.5016048358096522 -0.3337824266894465  -0.1421009281957681 0.5338187286255158 -0.3540434557064794  0.3192231051248791 0.6901614112126492 -0.3844035064266282  0.2357020591912825 0.6503414698342744 -0.3592003805667265  0.2610061292143712 0.6354873871791962 -0.4441548886819122  -0.704872988358083 -0.3246597363687054 -0.4305495631562007  -0.6899114578037726 -0.3746911797486283 -0.3668322727265557  0.393063488964344 0.008545790097750972 -0.596518000818606  0.3928333999379311 0.009448774583411722 -0.5953637059446133  0.4486523299605857 -0.03617068934720685 -0.5754661527070983  0.4597481709783585 -0.03814000309641465 -0.6589595722075055  0.4171944122276978 -0.01223653571292858 -0.6716588719581543  -0.0008190887433913441 0.3779923118782158 -0.1623762805538892  0.009295836793408341 0.3867698069583094 -0.1793932300298928  -0.002152016199064688 0.377925381965493 -0.1785513222199313  -0.1619469381978925 0.3781282128734147 -0.2510515082490737  -0.1321008868078284 0.3720966022469521 -0.2448259775718942  0.2741491630456206 0.7091793431430932 -0.5115618929704244  0.2648010018647121 0.7040100056974804 -0.5021108257148706  0.3568360678632414 0.6485855621677739 -0.4538911113404669  0.3589540988743493 0.6530838836158636 -0.4497004367480369  0.2968929087559061 0.6593139168220787 -0.4515870537006186  -0.4603245775338362 -0.2213032684207617 0.5784387849274498  -0.5306614227923147 -0.1867263621786571 0.5898440090442476  -0.4488831399515974 -0.2464398653172536 0.5391934889942732  -0.5477874173346773 -0.1850149386647475 0.5797676780772623  -0.5333624382582025 -0.2313998207002889 0.5021321032715514  -0.03173739440416103 0.1336921167587754 -0.4328306182622715  0.02021141329805221 0.1449592802254809 -0.3873900725716064  0.07431156748549544 0.1546116489950166 -0.3503980424092762  0.1495918355299501 0.1188731400492848 -0.3965661823513377  0.1498709487420357 0.1112098731023251 -0.39463166547969  0.1924818820693878 0.02872760491234991 -0.2882820312268847  0.1609276518438697 0.02768667271536343 -0.3045295856436191  0.09686591513750135 -0.08821471438033239 -0.4530781787781472  0.1115002370479867 -0.06330706790776676 -0.4963890120856245  0.0936696064328736 -0.03872090623406031 -0.3219123221529864  0.103430990150058 -0.02940614786645789 -0.3068111268325244  0.2612055384920906 0.01989517528048064 -0.5576140183145805  0.2652848288490124 0.01658769460331626 -0.557042456816607  0.2079784503968254 0.02979958567487316 -0.6173712683719449  0.3403008662763324 -0.01957543323486995 -0.5609244551904266  0.1522361922217655 0.001037583243492624 -0.6375733373122325  0.2307020769818295 0.01875073682343054 -0.6923239669057122  0.1438909328381389 -0.0696468257329504 -0.6573226703582956  0.2407554473767446 0.03195056697004274 -0.7001586393799276  0.2581813005029389 0.05142608500029183 -0.7122839047218401  0.1629771416933499 0.07841607015463511 -0.7531351181554781  0.1353020599719992 0.08076006890560103 -0.7462114894360568  0.2325688954231284 0.1079749352994975 -0.7560816332105839  -0.4565127044096883 0.03676914444912374 0.5350738525198051  -0.4517588895803161 0.02334674189289777 0.5167627081821426  -0.4557139931813941 0.02403924829710841 0.5202804303130638  -0.4706583350370467 0.2036430479491571 0.6208006406051448  -0.3986625702655343 0.127067330900151 0.6614152785551788  -0.4738639965619216 0.226128771868438 0.6302760430388054  -0.4576821706595855 0.219458191260922 0.6108109074924708  -0.3646857773397307 0.1486800228718003 0.8608267162127496  -0.3286688379048507 0.1242676333285539 0.8572455290939528  -0.358381797745186 0.1808009695586231 0.8247129820434236  -0.1695235998311692 0.129436106318748 0.7554026443776221  -0.1887401049104151 0.1094480641660239 0.7956370258166441  -0.1639697723505291 0.1476504490260804 0.7172499440030934  -0.1593136088108666 0.09511797313862194 0.7649373825839565  -0.1350194084365016 -0.0135760730474451 0.6900990945783709  -0.134700553657878 -0.0112175608015435 0.6990800897171338  -0.1937314394969507 -0.03012831335272684 0.740369681174457  -0.2736322084864279 0.2685567545928215 0.5754870788734046  -0.3037310954452778 0.2415595724059741 0.6146382843968604  -0.3209408336468306 0.2329519297822419 0.7077396126126885  -0.3260988245089803 0.2376986882828249 0.7237497188433045  -0.8278266347748665 -0.33402767311589 0.4143746595261386  -0.762984719966924 -0.3648014834742626 0.4352281485190718  -0.1342925215072593 -0.3550006967920747 -0.6184224153667591  -0.1699473918355243 -0.3018839899516305 -0.6019388425809138  -0.17054377000117 -0.3010503847346024 -0.6018057683366761  -0.1362196372064837 -0.07955613415576598 -0.8197382811449698  -0.1605104574841529 -0.07137733475522517 -0.8355535959221593  -0.07144065696715357 -0.06356728216571239 -0.8115966785864208  -0.4646053105420556 0.2992481980106336 -0.787997549492875  -0.4899037059074984 0.2993666527401141 -0.7608371548131235  -0.4553978220144764 0.3013581621422816 -0.7974009183252522  -0.5049610231271228 0.3047466924214672 -0.7434834556719965  -0.6114638652915569 0.3223829717367007 -0.642337158027491  -0.5827520427794952 0.3182414021788847 -0.681901908243707  0.5651867281173266 -0.2501758893869489 -0.5655237608238876  0.5839723152328471 -0.09244353280542734 -0.5937733747106981  0.5840099107301892 -0.0923450222358638 -0.5936563034295905  0.5395322766761549 -0.2687434738100521 -0.4524331158047659  0.4546978254152366 -0.2821498416647495 -0.5179917736455196  0.53393720561261 -0.2569685714185656 -0.5726906738794744  0.5852455276554609 -0.08343768907797902 -0.5935922302196511  0.5866325600826823 -0.08746696296749379 -0.5870576195846824  0.5832298083393571 -0.07012742460479443 -0.6122763104168863  0.5597130319661774 -0.08305834751530258 -0.5371589380874409  0.4863022266108576 -0.02712207306443542 -0.6092994880269655  0.202927225814844 0.2464368591649933 -0.7464470120279479  0.232851916431617 0.2445035743853876 -0.7354211580489787  0.4354711058778454 0.2656089935661252 -0.6885589857660527  0.3021067928204517 0.06842667550888765 -0.8191955481719432  0.2686531585278871 0.059963202435576 -0.7271036178919144  0.3022741207507392 0.07169816015063044 -0.8221477987009544  0.4767670903505217 0.1658071274000836 -0.8217088624383209  0.4424639391616176 0.1247009678584206 -0.8422136521079179  0.501893876363906 0.1982820631062173 -0.8304751739971888  0.420944396572853 0.109790274484377 -0.8477180093413309  0.3837673550618826 0.2274530353081574 -0.7193127622231743  0.2725122326191801 0.259786638544572 -0.7187332926316219  0.3954245674104922 0.2193473508284591 -0.7182760148162318  0.257421630350899 0.250350494793554 -0.7154394245414931  0.3964327837469757 0.2176390903836011 -0.719851785127272  0.4140645835645036 0.2249263522868701 -0.7260740350879871  0.2335815371798248 0.1102588983671689 -0.7677924630025392  0.291346173655415 0.08293868179562661 -0.8221627851237394  0.5716397186085324 -0.05140753255339151 -0.6256606889404198  0.5978771437456268 0.001815161353225292 -0.6602379855944378  0.5480241298966034 0.0120003667047671 -0.7832569875182491  0.5341457230518954 0.06541956439096024 -0.6535479468426908  0.5114005990702977 0.07714648121205182 -0.6867264343447591  0.5105023497968425 0.05650970795476161 -0.6380390571701995  0.5123355451387847 0.08063860547225755 -0.6873424371172929  0.442726315747676 0.09491824658703293 -0.6798690554477153  0.5205744119566659 0.03673621360512991 -0.7889946024441082  -0.2253383590002743 0.33587940501584 -0.6411398813712927  -0.2057449403202086 0.286220371896991 -0.5896708052272334  0.1604590278864047 -0.4649703346749176 -0.6565838198863276  0.1672216029578599 -0.4683589193361728 -0.6697876618321756  0.1494457789487026 -0.4319822344497091 -0.5206482062753203  0.1756248803764507 -0.4889354387195026 -0.6854521100259932  0.1276601564723364 -0.4986321868522308 -0.6824042299128809  0.1904411931175198 -0.4713375693794974 -0.6912464203289462  0.1908023228209391 -0.4603913329152487 -0.6840413874107881  0.179340119124091 -0.4705109980853039 -0.6771179722643326  0.1762375304940082 -0.3467668118894053 -0.6751409092779369  0.1003044417683678 -0.4917853731051526 -0.6722587867451596  0.09132913813277338 -0.481784439492269 -0.6636628725999814  0.08690781316472924 -0.3874644966276466 -0.6573836280311732  0.06101644601343728 -0.3906871266666971 -0.60833681277505  0.01546307882660096 -0.01874434492399264 -0.8452451817899334  -0.01578200134002946 -0.0286678502764796 -0.8236550728749945  0.2151342930555249 -0.2979321694967607 -0.8097439012713573  0.2177163029081386 -0.2222822577556817 -0.8189526835188241  0.2281225428908797 -0.311738043261953 -0.8073144752480961  0.2247951570463564 -0.2180430653187989 -0.8032204126900545  0.1831425137447304 -0.1716110782527189 -0.7040164140282268  -0.2348511184794699 0.3469106023514804 -0.3971528710902384  -0.1270759031104592 0.2851723925337635 -0.3930228423006159  -0.1042703547101703 0.287581512674726 -0.3928139038684603  -0.02346609052000602 0.2670143077874902 -0.7408759706729993  -0.07387533627877246 0.2709584358011629 -0.7162880658545058  -0.01397438394274876 0.2685704772752482 -0.7429560116264894  -0.0879775293850461 0.1865224661605949 -0.6047917135489316  0.3411531814497875 -0.1484761480056332 -0.7476779411017617  0.3837638926488301 -0.1318539727430926 -0.7682470367060086  0.3968506786207361 -0.1262559764450164 -0.7791449088369948  0.3466262715477799 -0.2009590301826177 -0.6661457504891529  0.3783464975220215 -0.1421494315557708 -0.7602080610157638  0.3532739698571538 -0.2008977549522143 -0.6868653845939924  0.3993459761769167 -0.1281816080885847 -0.7798994097929777  0.3526980275075533 -0.2056157102729973 -0.6742137272078925  0.4700420850138075 0.1908056569968601 -0.8033625680177153  0.4367164031155645 0.2091054559917862 -0.7838821269463968  0.4123314748080827 0.2360855384905369 -0.7186445236299148  -0.185011339853221 0.5055801151231825 -0.6687190508202526  -0.1385232906364889 0.5203294243415848 -0.636332837410994  -0.5920914521264661 -0.2865985516307801 0.4777611782028712  -0.6609494872534416 -0.2355869348620949 0.6106337382250495  -0.6858795262833743 -0.2194999551408131 0.6094446816291307  -0.6906215102576692 -0.2132632601738337 0.6082864211334487  0.1050723070788264 -0.02870127821320621 -0.3065032107462582  0.15749880032958 0.02180917401003819 -0.3071924410677039  -0.3865195312147753 0.1267603010504161 0.6567928280456009  -0.3523203234600918 0.05541506381880111 0.6664759357428003  -0.3425630928019452 0.06579293213755556 0.6747007865579553  -0.3387592287029976 0.0456920093369831 0.7727057232240833  -0.3283250495245013 0.08248632233702377 0.8082541908508338  -0.331526065428314 0.06852360428916711 0.8041362872648068  -0.3264421651632281 0.08322213738604639 0.8104377998352512  -0.3363351597833924 0.05047879352765829 0.7905088187270811  -0.3086373619901746 0.08939842065015156 0.8402019033564347  -0.3109147454220749 0.1114667546441924 0.8640153475083346  -0.2513575195511312 0.1048151858932732 0.8648099725461909  -0.3493204428294106 0.2762734260460886 0.766567563377309  -0.3490359748613351 0.2763118772751049 0.7665289524257954  -0.1753530485015224 -0.2978549494558618 -0.6099047642041133  -0.2697729305371101 -0.3032787077990065 -0.5636051707693502  -0.3287306071188684 -0.250265224794599 -0.5921728919299027  -0.03079399554969158 -0.1597276924739251 -0.6604525863733903  -0.01476566936309176 -0.1862040174619104 -0.6777105492976458  -0.04142303292916816 -0.1370471922540149 -0.5725018454855985  -0.04024832271991151 -0.1414538363579635 -0.6105969020521413  0.085172667511665 -0.2925933242873816 -0.7315931110676011  0.08447554881341118 -0.2796017070953937 -0.7233256743470499  0.08559917614930648 -0.2924180854459583 -0.7360538154074685  -0.01181683853702096 -0.1907283124257873 -0.6757077087238708  0.02557456025966841 -0.2248279210468453 -0.6645734483764474  -0.4299146487629639 0.3044320390990116 -0.8151923508380172  -0.5367688866202335 0.3104104901812029 -0.6945746752501594  -0.5251514742704264 0.3068435680438977 -0.70294775470982  -0.5437315565829258 0.3110446765312438 -0.6923470399364274  -0.5087827621171424 0.3012443154706731 -0.7257780414730017  -0.5148719538046518 0.2976542628402018 -0.7215539683265945  0.4013315624953377 0.1181305434636464 -0.6657722207164208  0.3994958386093627 0.1181539385328094 -0.6640510739382993  0.3681709942204172 -0.03634773565112399 -0.7460869612283638  0.3513970213194673 -0.03117667819240627 -0.7242100165342287  0.4014363722688652 -0.03756417515846687 -0.7489323497320672  0.4013513796643476 -0.02007680103379204 -0.6705042719025958  0.3867327032840681 -0.01725842157983189 -0.6590104652497141  0.3827751516828886 -0.01227977236611137 -0.6515256675071079  0.3942334685923483 0.1001386754003185 -0.6394170788015661  0.3307697410263897 0.1134189242807848 -0.614538602022724  0.3919227141207505 0.1083291348492819 -0.6338523283376469  0.4007572676000206 0.0932485667308135 -0.831832641446606  0.4152906121051276 0.09242666214675889 -0.8461819604385709  0.2997660859216095 0.07615239792041915 -0.8191701210498425  0.3017189655822735 0.07087046575838568 -0.8243730743577031  0.2957210715711238 0.07048081683688036 -0.8348127834158706  0.4713051446353118 0.03805088101519656 -0.8111864046960995  0.4558146711756361 -0.1553004958750214 -0.8426737198798993  0.4386436788618036 -0.1422855270763197 -0.8232526720604243  0.5481853032331829 0.020559406143001 -0.8032355403507745  0.5459157411931248 0.02267983675082987 -0.805364441709306  0.5492574430573022 0.01936063520478244 -0.8024765920058285  0.544580264153637 0.02379667287613946 -0.803962973515981  0.5209702184968956 0.03713436936299953 -0.7906473202257699  0.5502502752213458 0.01163919354606305 -0.786573460476804  0.4654260680430397 0.02958527965044705 -0.7752069574227973  0.4224965299785285 -0.02718443224360768 -0.7416725021372479  0.405517722023566 -0.03691089523928108 -0.7456819469113389  0.06761192030019618 -0.4700660318896925 -0.6617694112253704  0.04993962812196386 -0.3875059124426762 -0.5957422856267337  0.06861263918933416 -0.4704208431314957 -0.661651648063605  0.2586837817944458 -0.335614166853296 -0.8240242788082877  0.2484150023715636 -0.3864553582466482 -0.8509094891898097  0.2456034957447939 -0.4445320256762254 -0.8438951323850193  0.1191521257205648 -0.3197615353547935 -0.7991672131547696  0.1167274530001701 -0.3311379525754716 -0.805168503837696  0.1191142504576002 -0.3192601575668619 -0.7996190160395349  0.2094269341909942 -0.4729139433338224 -0.8426930977767456  0.1259178095969172 -0.4189600626097649 -0.8547175447377285  0.1206198035740174 -0.4023816933942064 -0.8449528155332738  0.02935735698312671 -0.2354837058272382 -0.6625910266640663  0.1883624619839341 -0.1546119508480601 -0.6896708447936083  0.1617585522251804 -0.08299697824545377 -0.6816150436893484  0.1601064896035708 -0.0763183664705971 -0.6658908278858885  0.1145833249015629 -0.318903684393404 -0.7927478511143707  0.4253468937993494 -0.1372513968291146 -0.794497131339454  0.4141956679758045 -0.1344293256385167 -0.789035839047509  0.4005940355023541 -0.1283492212173898 -0.779887909951866  -0.4104452821184423 0.08415927032786231 -0.7631498584243659  -0.4168529820553543 0.08589810130357153 -0.758953631922432  -0.3089159569881276 0.9509589496710783 -0.006929470296419291  -0.3888221098703932 -0.6834961091746397 0.6176167465500471  -0.6033080482012904 0.4097982389944809 0.684021061293124  -0.3779859575821115 0.2117474515993992 0.9011601647941915  -0.8647598646473383 -0.4943902970310322 0.08699782006857903  -0.7164395951337745 0.3194005300730521 -0.620078719126537  -0.843118210457886 -0.2485167356777535 0.4766457020496099  -0.8196087780453395 -0.2511546016322972 -0.5147454002028066  -0.5826368174927482 0.5535532173098644 -0.5949060299810551  -0.2446094497145283 -0.336481907088692 0.9092558239089329  -0.9520559446490959 -0.2929409469064783 0.08703499229535905  -0.844528597384038 -0.3287952219885155 0.4224513702168244  0.860675936834171 0.5003313716401826 -0.09330305625902935  0.3201597441165217 0.9448822409087384 -0.06704699145020653  0.4494621481960638 0.7721796104388572 -0.4489125043496498  0.9153984410080537 0.05143887001954647 0.3989984296349262  0.5241913518519096 0.3465139276475548 0.7777863039356843  0.8826588596838693 -0.3258063234885099 -0.338472431663898  0.860204322402201 0.4357591945429742 -0.2645041740536973  0.8218159803228433 0.5292408200031182 -0.2105294728260893  0.587804079441405 -0.7571487571684472 -0.28462630537306  0.5005537013271166 -0.8579937634829048 -0.1144233538757057  0.7579883864967545 0.6456529480632978 -0.09157448658452406  0.5402404488763884 0.3588602482972811 0.761025354104482  0.4671673209852931 -0.4914606556749925 -0.7348612985638383  0.9341318675981386 -0.141420709245952 0.3274108228724051  0.5117360510965326 -0.004627613435096892 0.8590138585622599  0.4550052310885176 -0.8757536284128837 -0.1607041754396988  0.7847666336784541 -0.5748086319220803 0.231379293224034  0.7421805285606482 -0.1378621024532768 -0.6557149637857893  0.454134441935219 -0.8862572826914688 0.09005524706823735  0.3934305688615986 -0.874110094494065 0.2845064853194311  0.2283806909308345 -0.7951889200692354 0.5615308107388925  0.5564160111319747 -0.7521753200035509 0.3527513579471213  0.4852926546660062 -0.8320595382479912 -0.2682684739915599  0.8064108862033573 -0.2837392450375726 0.518645865150995  0.9401929243899678 0.2048367452648997 0.2718072528765982  0.6109311900665946 -0.6520247255253384 0.4488060252574843  0.9124538295417397 0.3829915995857019 -0.1433368536050626  0.5003084581857726 -0.1699643643258837 -0.8488837208517273  0.9054809159784292 0.2679789758417466 -0.3287728536629407  0.2676225973490813 0.9603447142487339 0.07691674201790401  0.2488359283413107 -0.4604996611461209 -0.8519511446384856  0.6949099771730564 -0.7164585461295148 0.05989395047351847  0.8738529422701464 -0.4295539012370435 -0.2272982428833196  0.5126890240860287 -0.6245589823976201 0.5889618426419193  0.5763637567547123 0.1757762166701322 0.7979395663536992  0.9155699737902341 0.4004677817603839 -0.03401747882585502  0.5052001785739054 0.2351436138497482 -0.8302290469711203  0.819483776680635 -0.2629528431981966 -0.5090207775830253  0.537268407743608 0.04785329828080247 -0.8419339225166644  0.7032297679894279 -0.1678469742219516 -0.690720852919666  </DataArray>
</Points>
<Cells>
<DataArray  type="UInt32"  Name="connectivity"  format="ascii">0 1  0 2  3 4  3 5  6 7  6 8  7 9  10 11  10 12  11 13  14 15  14 16  15 17  17 18  1 19  19 20  1 21  1 22  21 23  24 25  24 26  24 27  25 28  25 29  25 30  31 32  31 33  31 34  32 35  32 36  37 38  37 39  35 38  40 41  40 42  43 44  43 45  46 47  46 48  49 50  49 51  50 52  53 54  53 55  56 57  56 58  59 60  59 61  60 62  62 63  60 64  65 66  65 67  68 69  68 70  68 71  61 72  61 73  74 75  74 76  77 78  77 79  80 81  80 82  83 84  83 85  86 87  86 88  89 90  89 91  92 93  92 94  95 96  95 97  98 99  98 100  98 101  99 102  99 103  104 105  104 106  105 107  105 108  105 109  110 111  110 112  107 113  107 114  113 115  108 116  108 117  116 118  119 120  119 121  120 122  123 124  123 125  124 126  126 127  128 129  128 130  129 131  132 133  132 134  132 135  133 136  133 137  69 138  139 140  139 141  142 143  142 144  145 146  145 147  146 148  149 150  149 151  152 153  152 154  152 155  130 156  156 157  156 158  157 159  160 161  160 162  163 164  100 163  164 165  102 166  167 168  167 169  170 171  170 172  173 174  173 175  52 174  171 176  54 177  54 178  179 180  179 181  41 182  183 184  183 185  186 187  186 188  189 190  189 191  187 192  193 194  193 195  28 196  26 197  198 199  198 200  199 201  29 202  30 203  204 205  204 206  207 208  207 209  210 211  210 212  210 213  175 214  36 215  216 217  218 219  218 220  221 222  221 223  224 225  224 226  224 227  228 229  228 230  18 51  18 231  51 232  51 233  232 234  231 235  233 236  236 237  238 239  238 240  241 242  241 243  234 244  234 245  246 247  246 248  249 250  249 251  249 252  253 254  253 255  254 256  256 257  257 258  258 259  257 260  257 261  260 262  81 263  250 264  264 265  266 267  266 268  267 269  211 270  211 271  272 273  272 274  275 276  275 277  278 279  278 280  278 281  279 282  279 283  279 284  285 286  285 287  285 288  285 289  290 291  290 292  290 293  291 294  295 296  295 297  295 298  295 299  300 301  300 302  165 303  304 305  304 306  134 307  55 308  308 309  308 310  311 312  311 313  66 314  315 316  315 317  318 319  318 320  321 322  321 323  322 324  322 325  4 326  326 327  327 328  326 329  326 330  331 332  331 333  334 335  334 336  57 337  338 339  338 340  64 341  341 342  64 339  64 343  344 345  340 344  345 346  345 347  340 348  335 340  348 349  335 350  335 351  350 352  350 353  354 355  354 356  355 357  355 358  357 359  87 360  360 361  87 362  363 364  363 365  366 367  366 368  369 370  369 371  369 372  84 373  373 374  374 375  373 376  376 377  376 378  376 379  380 381  380 382  383 384  383 385  386 387  386 388  389 390  389 391  370 392  370 393  370 394  392 395  393 396  393 397  398 399  63 398  23 400  401 402  75 401  399 403  63 404  319 405  402 406  22 403  22 75  75 403  406 407  76 408  409 410  409 411  412 413  412 414  413 415  375 416  417 418  417 419  93 420  420 421  96 422  422 423  96 424  96 425  424 426  425 427  427 428  427 429  428 430  111 431  161 432  432 433  431 434  117 435  106 435  106 161  161 434  436 437  436 438  436 439  118 440  112 441  115 442  44 443  444 445  444 446  447 448  447 449  450 451  450 452  451 453  451 454  453 455  455 456  457 458  457 459  458 460  131 461  462 463  462 464  465 466  465 467  466 468  324 468  468 469  324 466  466 470  467 471  127 472  194 473  200 472  445 474  475 476  475 477  476 478  476 479  480 481  480 482  483 484  483 485  484 486  282 487  136 488  489 490  489 491  490 492  493 494  493 495  496 497  496 498  494 499  143 500  301 501  502 503  502 504  501 503  140 505  506 507  506 508  509 510  509 511  70 510  512 513  512 514  515 516  515 517  518 519  518 520  519 521  522 523  522 524  523 525  526 527  526 528  529 530  529 531  532 533  532 534  158 535  460 536  537 538  537 539  537 540  433 541  414 542  542 543  196 544  541 545  242 546  547 548  547 549  180 550  551 552  551 553  415 554  172 555  555 556  557 558  557 559  558 560  561 562  561 563  562 564  443 565  566 567  566 568  569 570  569 571  570 572  570 573  574 575  574 576  575 577  575 578  579 580  579 581  582 583  582 584  583 585  583 586  584 587  567 588  312 589  590 591  590 592  591 593  594 595  594 596  536 597  150 153  153 598  150 599  599 600  601 602  601 603  437 604  604 605  550 606  550 607  608 609  608 610  609 611  239 611  611 612  613 614  613 615  616 617  616 618  617 619  619 620  621 622  621 623  624 625  624 626  624 627  625 628  629 630  629 631  629 632  633 634  633 635  184 636  296 637  296 638  297 639  297 640  639 641  642 643  642 644  190 645  188 646  647 648  647 649  648 650  648 651  650 652  653 654  653 655  400 654  208 656  208 657  656 658  657 659  660 661  660 662  663 664  663 665  664 666  666 667  276 668  668 669  276 670  670 671  672 673  672 674  672 675  676 677  676 678  676 679  677 680  678 681  681 682  681 683  682 684  215 685  685 686  634 687  634 688  687 689  687 690  33 691  34 692  309 693  686 694  694 695  694 696  695 697  698 699  698 700  698 701  702 703  702 704  705 706  705 707  706 708  706 709  710 711  710 712  713 714  713 715  716 717  716 718  716 719  720 721  720 722  219 723  723 724  725 726  725 727  220 726  45 728  693 729  730 731  730 732  733 734  733 735  736 737  736 738  737 739  538 740  741 742  741 743  741 744  47 742  225 745  745 746  745 747  225 748  748 749  750 751  750 752  477 753  478 754  755 756  755 757  758 759  758 760  548 761  762 763  762 764  762 765  763 766  763 767  739 768  768 769  769 770  109 771  109 772  612 773  244 773  766 774  774 775  774 776  777 778  777 779  244 780  780 781  782 783  782 784  245 781  245 785  781 786  781 787  88 788  85 789  416 790  5 788  788 791  792 793  792 794  795 796  795 797  796 798  799 800  799 801  800 802  803 804  803 805  689 806  807 808  807 809  804 810  261 811  811 812  813 814  813 815  813 816  814 817  815 818  708 819  820 821  820 822  265 823  265 824  823 825  826 827  826 828  826 829  827 830  830 831  831 832  661 833  661 834  835 836  835 837  836 838  838 839  838 840  202 828  202 841  842 843  842 844  824 845  824 846  824 847  848 849  848 850  848 851  848 852  849 853  849 854  845 855  850 855  856 857  856 858  859 860  859 861  862 863  862 864  865 866  865 867  746 866  226 746  746 868  48 869  870 871  870 872  869 871  286 868  873 874  873 875  873 876  873 877  878 879  878 880  310 881  310 882  874 883  874 884  592 885  292 886  879 887  593 879  887 888  888 889  887 890  889 891  892 893  892 894  801 805  895 896  895 897  898 899  898 900  699 901  630 902  902 903  630 904  680 905  754 906  754 907  906 908  909 910  909 911  771 912  114 771  771 913  764 910  775 912  764 912  775 914  915 916  911 915  917 918  916 917  917 919  917 920  918 921  914 922  922 923  740 924  925 926  925 927  926 928  651 928  928 929  930 931  930 932  875 933  934 935  934 936  937 938  937 939  938 940  938 941  940 942  943 944  943 945  946 947  946 948  492 949  950 951  950 952  950 953  951 954  954 955  954 956  951 957  955 958  313 952  885 959  959 960  933 935  961 962  961 963  880 935  935 964  962 965  965 966  962 964  962 967  968 969  968 970  969 971  969 972  973 974  973 975  971 974  305 976  976 977  978 979  978 980  137 979  135 137  927 979  135 981  977 982  982 983  332 984  984 985  857 986  418 987  987 988  987 989  418 990  418 991  349 992  349 993  992 994  995 996  995 997  352 998  351 999  999 1000  58 1001  58 985  1001 1002  353 1003  1004 1005  1004 1006  956 1007  1007 1008  966 1009  1009 1010  1000 1011  1012 1013  1012 1014  1013 1015  333 1016  988 990  988 1017  419 990  990 993  993 1018  356 364  364 1019  364 1020  359 1018  371 1021  371 1022  365 1023  1023 1024  1023 1025  1026 1027  1026 1028  1027 1029  1030 1031  1030 1032  1029 1033  1034 1035  1034 1036  1034 1037  1035 1038  90 1038  461 1039  1039 1040  1031 1041  1031 1042  342 404  404 405  336 342  337 342  645 1043  1043 1044  1044 1045  1045 1046  1046 1047  1048 1049  1048 1050  192 1051  1052 1053  1052 1054  1053 1055  700 1056  700 1057  700 1058  1059 1060  1059 1061  1060 1062  691 1063  1063 1064  556 1065  1066 1067  1066 1068  1067 1069  1067 1070  1071 1072  1071 1073  1072 1074  790 1075  790 1076  1077 1078  1077 1079  1080 1081  1080 1082  1049 1083  1084 1085  1084 1086  996 1083  1087 1088  1087 1089  989 1090  989 1091  367 1092  423 1093  1093 1094  442 1095  1095 1096  16 765  16 1097  1097 1098  181 1096  181 1098  1099 1100  1099 1101  1099 1102  565 1103  1104 1105  1104 1106  1105 1107  1106 1108  1109 1110  1109 1111  1112 1113  1112 1114  1112 1115  487 1116  463 1117  1118 1119  1118 1120  13 464  471 1121  195 1121  195 1122  1123 1124  1123 1125  530 1126  1127 1128  1127 1129  1130 1131  1130 1132  481 1133  479 481  1133 1134  1134 1135  1134 1136  479 1137  479 1138  448 1139  860 1135  1116 1135  1135 1140  1141 1142  1141 1143  1142 1144  381 384  384 1145  1145 1146  1145 1147  384 1148  1148 1149  273 1150  1150 1151  269 1152  1152 1153  1154 1155  1154 1156  1153 1157  287 1157  1158 1159  1158 1160  1161 1162  1161 1163  1162 1164  1164 1165  1166 1167  1166 1168  1159 1167  1169 1170  1169 1171  307 1170  499 1172  1172 1173  307 1174  1174 1175  499 1176  499 1177  2 1178  1178 1179  314 1179  1179 1180  949 1181  1165 1182  1182 1183  504 1183  1184 1185  1184 1186  1168 1187  1187 1188  520 1189  520 1190  147 1189  147 1191  1192 1193  1192 1194  1195 1196  1195 1197  1193 1196  527 1198  1198 1199  1200 1201  1200 1202  1201 1203  1201 1204  1203 1205  1205 1206  168 1207  1207 1208  525 1209  154 1210  154 1211  421 1212  1212 1213  1214 1215  1214 1216  1214 1217  251 1218  816 1219  816 1220  1219 1221  8 1222  91 1222  1223 1224  1223 1225  91 1226  1226 1227  1224 1227  1227 1228  833 1229  1229 1230  1231 1232  825 1231  1225 1232  1233 1234  1233 1235  1234 1236  1234 1237  1234 1238  1236 1239  1237 1240  1241 1242  559 1241  1242 1243  544 1244  1245 1246  1245 1247  1122 1248  1122 1249  1246 1248  778 1250  1250 1251  907 1252  778 1253  753 1251  1251 1254  1255 1256  1255 1257  546 1258  1258 1259  545 1256  545 1260  1260 1261  1262 1263  1262 1264  1254 1265  772 1263  772 1266  162 546  756 1267  786 1267  756 761  785 1268  1268 1269  673 1269  1270 1271  1270 1272  1273 1274  1273 1275  1276 1277  1276 1278  280 1279  205 1279  1279 1280  1279 1281  205 280  205 209  243 1282  240 1283  783 1283  783 1282  1284 1285  1284 1286  554 1285  614 1286  1287 1288  1287 1289  1287 1290  1291 1292  1291 1293  1294 1295  1294 1296  1297 1298  1297 1299  1298 1300  572 1301  588 1302  1303 1304  1303 1305  585 1306  595 1307  1308 1309  1308 1310  27 1311  159 1312  1311 1312  197 201  441 1313  1314 1315  1314 1316  1314 1317  1315 1318  101 1318  1313 1316  606 1319  440 610  440 1320  1319 1320  1320 1321  438 1078  1321 1322  438 1322  622 1323  622 1324  622 1325  1261 1323  1324 1326  1257 1327  1326 1328  1328 1329  1330 1331  1330 1332  620 1333  1333 1334  620 1335  1335 1336  564 1336  169 524  169 1337  1337 1338  1338 1339  1339 1340  618 1340  626 1341  1341 1342  1341 1343  1344 1345  1344 1346  1342 1347  1347 1348  1349 1350  1349 1351  904 1352  904 1353  628 1352  1352 1354  701 1355  1355 1356  899 1354  631 1357  1357 1358  1359 1360  1359 1361  1362 1363  1362 1364  1360 1365  1365 1366  947 1367  947 1368  1369 1370  1369 1371  1372 1373  1372 1374  1375 1376  1375 1377  688 1378  1376 1378  1378 1379  1378 1380  255 1377  255 1381  1382 1383  1382 1384  643 1385  1386 1387  1386 1388  1389 1390  1389 1391  1390 1392  1387 1391  1383 1393  1387 1394  1395 1396  1395 1397  1385 1398  1384 1398  1398 1399  320 1384  655 1396  316 320  1400 1401  1400 1402  1403 1404  1403 1405  1404 1406  1406 1407  1407 1408  1405 1409  20 652  652 1410  975 1411  975 1412  1367 1413  1413 1414  1367 1415  1416 1417  1416 1418  1220 1419  851 1420  203 1421  1421 1422  1421 1423  1421 1424  203 1425  1277 1426  1426 1427  1426 1428  839 841  839 1429  1429 1430  1429 1431  839 1432  1430 1433  834 1432  1433 1434  1435 1436  1435 1437  237 1438  1438 1439  1440 1441  1440 1442  1443 1444  1443 1445  1446 1447  1446 1448  1446 1449  552 1450  552 1451  1452 1453  1452 1454  1455 1456  1455 1457  1458 1459  1458 1460  1458 1461  1462 1463  1462 1464  1441 1465  1466 1467  1466 1468  1467 1469  1470 1471  1470 1472  1473 1474  1473 1475  1476 1477  1476 1478  1479 1480  1479 1481  1482 1483  1482 1484  1483 1485  1483 1486  1487 1488  1487 1489  1490 1491  1490 1492  743 1493  749 1493  749 1494  749 1495  1494 1496  1497 1498  1497 1499  1495 1500  1496 1501  1496 1502  1503 1504  1503 1505  1504 1506  747 1505  229 1507  1507 1508  1507 1509  1510 1511  1510 1512  1511 1513  1508 1514  1513 1514  1514 1515  1513 1516  751 1517  1517 1518  679 1519  1518 1520  1518 1521  1520 1522  1506 1522  1128 1523  1523 1524  1131 1525  1137 1525  1526 1527  1526 1528  905 1529  1529 1530  1530 1531  1532 1533  1532 1534  683 1535  1535 1536  683 1537  1537 1538  230 1512  549 1539  452 1540  1541 1542  1541 1543  230 1544  1545 1546  1545 1547  1548 1549  1548 1550  1549 1551  1552 1553  1552 1554  1553 1555  1555 1556  1555 1557  1556 1558  1556 1559  1558 1560  1561 1562  1561 1563  1559 1564  1417 1565  1370 1566  1566 1567  1554 1568  646 1569  1567 1570  1570 1571  1567 1572  1567 1573  1569 1574  1557 1575  1557 1576  1572 1575  1401 1571  1401 1574  1401 1576  1577 1578  1577 1579  1578 1580  177 1581  177 1582  1562 1583  729 1584  1584 1585  1586 1587  1586 1588  1589 1590  1589 1591  1563 1592  1592 1593  1593 1594  1573 1595  1573 1596  1595 1597  1596 1598  1598 1599  1361 1600  42 1601  1601 1602  696 1579  696 1594  1603 1604  1603 1605  1501 1606  1607 1608  1607 1609  1056 1610  1056 1611  1612 1613  1612 1614  900 1613  900 1615  900 1616  1613 1617  1617 1618  1618 1619  1610 1620  1610 1621  1622 1623  1622 1624  721 1625  1625 1626  1625 1627  1625 1628  1057 1629  1057 1630  1629 1631  1631 1632  1632 1633  703 1634  1635 1636  1635 1637  1638 1639  1638 1640  1641 1642  1641 1643  596 1644  185 1644  1642 1644  1350 1642  1645 1646  1645 1647  1646 1648  1643 1649  1649 1650  1650 1651  39 1651  1652 1653  1652 1654  1634 1655  1655 1656  627 1653  1648 1656  580 587  587 1657  1306 1657  1306 1307  1306 1658  1658 1659  1659 1660  711 1661  1662 1663  1662 1664  1663 1665  1295 1665  707 1295  1666 1667  1666 1668  1667 1669  82 1669  1670 1671  1670 1672  1671 1673  712 1674  1674 1675  259 1676  1676 1677  1675 1678  1679 1680  1679 1681  1679 1682  1381 1683  1678 1684  1680 1684  1680 1685  1685 1686  1392 1687  263 1688  1688 1689  1690 1691  1690 1692  640 1693  1633 1694  1695 1696  1695 1697  724 1696  1696 1698  1533 1546  1531 1533  1546 1699  1699 1700  1551 1700  1534 1701  1702 1703  1702 1704  1702 1705  1468 1706  738 1707  1707 1708  738 1709  1708 1710  1240 1710  1710 1711  1238 1712  1712 1713  1709 1714  103 1713  1715 1716  1715 1717  1711 1716  1718 1719  1718 1720  1721 1722  1721 1723  1459 1724  1724 1725  1456 1726  757 1727  1727 1728  752 1729  921 1729  1729 1730  1731 1732  1731 1733  757 779  757 1732  767 1734  1735 1736  1735 1737  1738 1739  1738 1740  1736 1741  1741 1742  235 1742  1075 1743  533 1744  1744 1745  1746 1747  1746 1748  329 1749  534 1749  1747 1750  819 1750  1751 1752  1751 1753  1751 1754  1752 1755  252 1756  252 1757  793 1756  1756 1758  1759 1760  1759 1761  1760 1762  853 1761  1761 1763  1764 1765  1764 1766  1765 1767  1691 1768  1769 1770  1769 1771  1769 1772  1769 1773  798 1774  589 1775  589 1776  1777 1778  1777 1779  1780 1781  1780 1782  1778 1783  1784 1785  1784 1786  1784 1787  1784 1788  1785 1789  1786 1790  1787 1791  1787 1792  1791 1793  1788 1794  1795 1796  1795 1797  1796 1798  1790 1799  1799 1800  808 1789  1789 1801  577 1802  809 1803  1661 1804  662 1436  662 1805  843 1806  1806 1807  270 843  1155 1808  852 1809  1809 1810  854 1811  854 1812  274 1813  1420 1814  1814 1815  936 1151  731 1816  1816 1817  872 1818  734 883  883 1817  1753 1819  1819 1820  1819 1821  812 1822  1823 1824  1823 1825  891 1775  1775 1826  294 886  886 1827  886 1828  844 1829  268 1807  890 893  268 893  893 1830  294 890  294 1831  1827 1832  268 1831  1833 1834  1833 1835  1834 1836  1834 1837  1838 1839  1838 1840  1620 1841  1621 1842  1836 1843  1836 1844  903 1845  810 1846  1846 1847  896 1848  1849 1850  1849 1851  919 1850  920 1852  1853 1854  1853 1855  1856 1857  1856 1858  1857 1859  1858 1860  1418 1861  1861 1862  1861 1863  1864 1865  1418 1864  1411 1865  1418 1866  1412 1867  1409 1866  1866 1868  1409 1869  944 1870  1181 1871  1871 1872  983 1873  1873 1874  191 1875  67 1876  1876 1877  1877 1878  1175 1176  500 1175  500 1879  500 1880  1879 1881  1881 1882  931 1880  931 1883  931 970  1883 1884  1180 1885  929 1885  929 970  516 1886  1884 1887  1884 1888  1887 1889  972 1890  1890 1891  1874 1892  1692 1893  1893 1894  1895 1896  1895 1897  1896 1898  1894 1899  1016 1900  1019 1900  1900 1901  714 1901  361 1901  362 372  395 1902  1902 1903  1903 1904  821 1905  1905 1906  1898 1906  1748 1907  1907 1908  1908 1909  1909 1910  1910 1911  1393 1912  1394 1912  1912 1913  1897 1914  1914 1915  1915 1916  1916 1917  1918 1919  1918 1920  390 1921  325 1921  390 1922  1922 1923  794 1924  1762 1925  1925 1926  1927 1928  1927 1929  1758 1762  1762 1928  846 1758  847 1930  1930 1931  9 832  9 1932  9 1933  1932 1934  991 1935  998 1936  346 994  1047 1937  1937 1938  1939 1940  1939 1941  1005 1942  1942 1943  1005 1944  1005 1945  1943 1946  343 1947  1947 1948  343 1949  1008 1950  1008 1951  1010 1950  293 1952  1944 1953  513 1954  1954 1955  347 1956  1955 1956  1956 1957  1958 1959  1958 1960  1958 1961  1958 1962  1959 1963  1017 1964  1020 1964  377 1965  378 1021  1966 1967  1966 1968  1028 1032  1028 1969  1028 1970  387 1032  387 1971  387 1972  1041 1973  1974 1975  1974 1976  1977 1978  1977 1979  1978 1980  1979 1981  125 1036  125 1981  1981 1982  1088 1983  997 1938  1050 1085  1085 1984  1984 1985  1985 1986  637 1987  1987 1988  1988 1989  1989 1990  1991 1992  1991 1993  1614 1994  1995 1996  1995 1997  1996 1998  1054 1999  1999 2000  2001 2002  2001 2003  2002 2004  2004 2005  704 2006  2006 2007  2006 2008  1997 2009  2009 2010  1994 2007  2011 2012  2011 2013  2012 2014  78 2015  2015 2016  78 2013  2016 2017  2016 2018  2017 2019  2014 2020  2020 2021  2022 2023  2022 2024  2025 2026  2025 2027  1568 2026  2028 2029  2028 2030  2031 2032  2031 2033  2032 2034  2033 2035  2036 2037  2036 2038  2039 2040  2039 2041  602 2042  2040 2043  2043 2044  2044 2045  563 1079  1081 2046  1213 1216  1216 1217  2047 2048  2047 2049  1217 2048  2050 2051  1015 2052  1960 2053  2053 2054  2055 2056  2055 2057  1100 2058  2058 2059  2058 2060  2061 2062  2061 2063  1626 2064  1626 2065  1627 2062  1774 2066  2066 2067  1110 2068  571 1770  1770 2069  2068 2070  1301 1302  1302 2071  2072 2073  2072 2074  1113 2073  2075 2076  2075 2077  2078 2079  2078 2080  2076 2081  2076 2082  1188 2081  2081 2083  1188 2084  1872 2085  2085 2086  2085 2087  2086 2088  2088 2089  521 2090  2087 2091  2087 2092  2091 2093  2090 2094  531 2095  1209 2095  1209 2096  1209 2097  1124 2098  2098 2099  2099 2100  2100 2101  2101 2102  2103 2104  2103 2105  2104 2106  474 1129  1138 1139  1539 2107  2107 2108  1143 2109  2109 2110  2110 2111  1024 2112  2113 2114  2112 2113  2113 2115  358 2114  2114 2116  358 2112  2117 2118  2117 2119  1140 2120  2120 2121  2118 2122  2122 2123  2079 2119  2079 2124  1136 2079  2124 2125  1136 1140  1140 2126  507 2127  2128 2129  2128 2130  2129 2131  71 485  71 514  71 2132  485 2133  514 2134  2134 2135  2134 2136  2135 2137  2136 2138  2138 2139  2140 2141  288 2140  863 1156  858 2141  863 2142  283 2142  861 863  1132 2143  2143 2144  2144 2145  2145 2146  2146 2147  288 289  671 2148  454 2148  2149 2150  446 2149  2150 2151  446 454  446 1509  277 1509  1509 2152  289 2152  1160 2153  1160 2154  2153 2155  2156 2157  2156 2158  2154 2159  2160 2161  2160 2162  2161 2163  2059 2164  2059 2165  2059 2166  2163 2164  2164 2167  2165 2168  121 141  121 2167  1073 2169  2168 2169  2170 2171  939 2170  2171 2172  488 491  488 2173  2174 2175  2174 2176  939 2177  939 2178  2179 2180  2179 2181  2180 2182  2180 2183  2182 2184  1173 2185  1177 2186  408 957  953 957  957 2187  1414 2188  2189 2190  2188 2189  2190 2191  953 2192  881 2192  882 2188  876 948  876 945  876 877  881 960  881 882  877 882  138 2193  1882 2194  1882 2195  1882 1888  2194 2196  2193 2196  2195 2197  1888 2198  1886 2198  2197 2199  2200 2201  2200 2202  1185 2199  623 2035  2157 2203  2157 2204  2157 2205  2206 2207  2206 2208  2207 2209  2210 2211  2210 2212  2211 2213  2105 2214  2214 2215  1202 2215  1208 2216  2216 2217  2218 2219  2218 2220  2213 2219  2221 2222  2221 2223  2222 2224  2222 2225  2226 2227  2226 2228  2226 2229  2227 2230  2230 2231  2231 2232  2232 2233  2233 2234  2223 2235  2223 2236  2235 2237  2235 2238  1221 2239  2239 2240  1488 2241  2242 2243  2242 2244  2224 2245  2224 2246  2247 2248  2247 2249  2247 2250  2251 2252  2251 2253  2251 2254  1210 2255  1210 2256  2252 2257  2258 2259  2258 2260  2259 2261  2259 2262  2260 2263  2263 2264  2264 2265  1422 2265  1422 2266  2265 2267  1243 2268  2268 2269  2269 2270  2270 2271  1439 2272  1271 2273  2273 2274  449 2275  284 2275  1249 2276  1244 2276  1244 2277  1244 2278  284 2279  284 1280  2279 2280  1540 2280  456 2280  1540 2108  1542 2108  1274 1278  2277 2281  1278 1281  1278 2282  456 2282  2283 2284  1247 2283  2284 2285  2284 2286  2287 2288  2287 2289  482 2288  1119 2290  1119 2291  1329 2292  2292 2293  1331 2291  1117 2290  1329 2291  2294 2295  2294 2296  2294 2297  1423 2295  2296 2298  1424 1427  1424 2299  2299 2300  607 2301  615 2301  2301 2302  176 2302  2303 2304  2303 2305  2306 2307  2307 2308  1288 2309  2309 2310  1288 2311  2029 2312  2310 2312  1103 2313  2313 2314  1107 2315  2315 2316  1477 2317  2317 2318  2319 2320  2319 2321  2320 2322  2320 2323  2321 2324  2325 2326  1672 2325  2326 2327  2328 2329  2328 2330  1672 2331  2331 2332  2329 2333  217 1292  1292 1296  1111 2334  2334 2335  2334 2336  2335 2337  1358 2338  2338 2339  635 1299  690 2340  573 2341  2341 2342  632 2343  2343 2344  573 2344  573 1304  1794 2345  1794 2346  2347 2348  2347 2349  2348 2350  901 2351  1839 1841  2342 2352  1841 2351  2351 2353  2354 2355  2354 2356  2357 2358  2357 2359  2355 2360  2360 2361  1300 2362  636 2363  2364 2365  2364 2366  2367 2368  2367 2369  299 2368  2370 2371  2370 2372  1235 1317  1235 2373  605 2041  439 1082  1259 2374  1264 2374  2289 2293  2289 2375  2375 2376  2376 2377  2376 2378  787 2379  1264 2377  2377 2379  1126 2380  543 2381  2382 2383  2382 2384  2383 2385  2385 2386  2385 2387  2388 2389  2388 2390  2389 2391  2389 2392  1114 2393  2393 2394  2394 2395  2391 2396  1115 2397  2397 2398  2393 2399  2393 2400  2395 2401  717 2399  2390 2402  2402 2403  2404 2405  2404 2406  2405 2407  568 2403  2407 2408  568 2407  2408 2409  568 586  1351 2410  2410 2411  2412 2413  2412 2414  1862 2415  649 2416  2416 2417  2418 2419  2418 2420  2421 2422  2421 2423  1064 2424  1587 2425  2425 2426  1587 2427  1587 2428  1990 2429  1366 2430  641 2431  1693 2432  2432 2433  1686 2434  2434 2435  1687 2436  1687 2437  2436 2438  1681 2439  2440 2441  2440 2442  2441 2443  2443 2444  1779 1781  1779 2439  1779 2445  2441 2445  2369 2446  2369 2447  2431 2448  2448 2449  1397 2450  1782 2451  2451 2452  1782 2444  2444 2453  2453 2454  1363 2430  2430 2455  2455 2456  1408 2457  2457 2458  2459 2460  2459 2461  2460 2462  1600 2463  2462 2464  2464 2465  2465 2466  1867 1869  2467 2468  2467 2469  2468 2470  2471 2472  2471 2473  2471 2474  2469 2472  1410 2475  1410 2476  2419 2477  2477 2478  2478 2479  1415 2480  2481 2482  2481 2483  2482 2484  2426 2485  2485 2486  2484 2486  1868 2487  2487 2488  1051 2489  2489 2490  1992 2490  659 840  659 2491  1275 1428  1428 2492  1275 1543  2300 2492  2492 2493  2494 2495  2494 2496  1543 2497  2300 2498  2498 2499  2498 2500  2498 2501  1434 2502  2502 2503  2503 2504  2504 2505  2506 2507  2506 2508  2509 2510  2509 2511  1447 2512  2512 2513  2512 2514  2513 2515  2515 2516  2515 2517  2516 2518  2516 2519  2518 2520  2519 2521  2522 2523  2522 2524  2522 2525  2523 2526  2526 2527  1536 2528  2524 2528  1450 1453  1453 2529  1450 2530  1451 2531  2532 2533  2532 2534  2529 2535  2535 2536  2304 2537  2538 2539  2538 2540  2539 2541  2542 2543  2542 2544  2543 2545  2546 2547  2546 2548  1478 2549  1480 2550  1480 2551  1108 2552  2552 2553  2554 2555  2554 2556  2541 2557  2557 2558  2541 2559  2560 2561  2560 2562  2561 2563  2562 2564  2564 2565  2565 2566  2566 2567  1519 2568  1519 2527  744 2568  2568 2569  2527 2570  744 2571  744 2572  2569 2573  2570 2574  2574 2575  1498 2571  2573 2576  2576 2577  1516 2578  2572 2573  2572 2579  2579 2580  2579 2581  1544 2582  1728 2582  2577 2583  759 2583  1460 2584  2021 2585  2585 2586  2585 2587  1547 2588  2023 2588  2023 2586  1527 2023  2589 2590  2589 2591  1550 2592  2592 2593  1597 2594  2594 2595  697 2596  2596 2597  1373 2597  1565 1599  1565 2598  1599 2461  2461 2599  2473 2600  2601 2602  2601 2603  2602 2604  2463 2599  1364 2604  1581 2605  2605 2606  1581 2607  178 1581  2607 2608  1580 2609  410 2609  410 2610  2363 2611  2611 2612  1859 2613  1582 2614  958 2615  2615 2616  407 2616  2452 2616  1602 2617  2617 2618  2618 2619  2003 2620  2019 2621  2621 2622  692 2622  692 2623  692 2624  2623 2625  2625 2626  732 2627  2628 2629  2628 2630  2629 2631  2631 2632  1701 2633  2633 2634  1055 2634  2635 2636  2635 2637  2638 2639  2638 2640  2641 2642  2641 2643  2636 2642  1608 2644  1606 2645  2000 2646  1604 2646  2000 2647  1630 2648  2649 2650  2649 2651  2650 2652  867 2651  1605 2653  1605 2654  1605 2655  2018 2656  2656 2657  2657 2658  2413 2659  2659 2660  2658 2661  182 1647  2327 2563  2563 2662  2240 2662  1668 2663  2663 2664  1628 2665  2005 2666  2639 2667  2668 2669  2668 2670  2671 2672  2671 2673  2674 2675  2674 2676  2675 2677  2667 2678  2669 2679  2008 2678  2672 2677  2666 2676  2670 2680  2681 2682  2681 2683  2681 2684  1623 2682  1636 2673  2685 2686  2685 2687  2673 2686  2673 2680  2680 2688  1485 2687  1639 2688  1637 2689  1637 2690  2689 2691  1061 2690  2691 2692  2692 2693  2693 2694  2694 2695  2695 2696  684 2697  2697 2698  684 2699  2699 2700  2700 2701  2637 2701  2550 2702  2702 2703  2551 2553  2704 2705  2704 2706  2705 2707  1703 1706  1706 2708  1704 2709  2318 2709  2708 2710  2710 2711  2314 2712  2590 2713  2714 2715  2714 2716  2715 2717  1717 2718  2718 2719  2719 2720  2593 2721  2591 2721  2721 2722  1739 2723  760 1739  2723 2724  2723 2725  2525 2726  2724 2727  1730 2726  2726 2728  2575 2729  770 2727  1444 2729  2730 2731  2730 2732  2731 2733  2733 2734  560 2734  2735 2736  2735 2737  784 2734  2736 2738  2285 2738  1272 2378  2378 2739  784 2737  2286 2739  1737 2740  1734 2741  2741 2742  776 1733  1733 2743  2725 2743  1936 2052  1936 2744  1766 2745  715 2745  1689 2745  822 2746  2746 2747  709 2747  789 1743  789 2748  789 2749  2049 2750  394 2748  1763 2751  1763 2752  2751 2753  818 2754  2754 2755  2755 2756  1767 1768  2757 2758  2757 2759  1771 2758  1771 2760  2761 2762  2761 2763  2764 2765  1800 2764  817 2766  2766 2767  2766 2768  2765 2769  1800 2770  2769 2771  2756 2772  2772 2773  1832 2756  1832 2774  2774 2775  1801 2776  1792 2777  2777 2778  2778 2779  1471 2779  2776 2780  2780 2781  2776 2782  2782 2783  2781 2784  2785 2786  2785 2787  2767 2770  2767 2788  2786 2789  2789 2790  2770 2791  2770 2792  2791 2793  1820 2794  1821 2795  2795 2796  2795 2797  1824 2798  802 2798  802 2799  2799 2800  1677 1683  1683 2800  1682 2800  1682 1683  2627 2801  2801 2802  894 2803  2803 2804  2446 2805  2805 2806  2805 2807  2446 2808  2806 2809  2808 2810  2809 2811  1379 2812  2812 2813  2813 2814  1252 2815  2816 2817  2816 2818  1714 2819  2819 2820  2817 2821  166 2822  2822 2823  2823 2824  1852 2820  2092 2825  1854 2826  2826 2827  1524 2828  1851 2829  1851 2830  1851 2831  908 2828  1521 2829  2827 2830  2818 2831  2832 2833  2832 2834  2833 2835  1870 2172  941 2836  2147 2837  2837 2838  967 2838  963 2839  884 2840  884 2841  1818 2840  2841 2842  2842 2843  2843 2844  2834 2845  2845 2846  2845 2847  1875 2848  2470 2849  2849 2850  2850 2851  2851 2852  2852 2853  2854 2855  2854 2856  511 2857  1186 2858  2859 2860  2859 2861  144 2862  148 2862  144 981  981 2863  2863 2864  2860 2864  932 1889  1889 2865  1891 2866  2867 2868  2861 2867  2868 2869  2865 2870  2861 2870  1002 2871  2871 2872  1388 2873  1899 2874  2873 2874  1783 1913  1783 2875  1913 2876  2875 2876  1776 2875  2876 2877  1776 1826  2877 2878  2879 2880  2879 2881  1826 2880  1951 2878  2878 2882  1917 1948  1953 2883  1940 2884  1811 1929  1811 2885  1090 2886  1963 2887  1935 2888  2888 2889  2889 2890  2890 2891  2892 2893  2892 2894  1003 2893  2894 2895  2895 2896  1144 2897  1144 1957  1144 2898  2897 2899  1961 2899  1961 2900  2898 2901  2901 2902  2900 2903  505 2902  505 2904  122 2905  2903 2905  1069 2904  1971 2906  1973 2907  2907 2908  1042 2909  2909 2910  2212 2910  2910 2911  1199 2911  2912 2913  2912 2914  1967 2913  2915 2916  1068 2915  2917 2918  2917 2919  1983 2916  1070 2918  2466 2920  1402 2920  1564 2921  1583 2921  1993 2922  2922 2923  2923 2924  2924 2925  2925 2926  2587 2927  2927 2928  2587 2929  2928 2930  79 2931  2931 2932  2660 2932  2027 2933  2933 2934  2037 2935  2037 2208  2037 2936  2935 2937  2935 2938  2887 2939  2891 2939  2056 2940  2056 2941  1094 2940  430 2942  2083 2942  2057 2943  2943 2944  2941 2945  2946 2947  2946 2948  2947 2949  2950 2951  2950 2952  2953 2954  2953 2955  1101 2951  1102 2954  517 2956  2201 2957  2956 2958  2958 2959  2952 2959  2955 2960  2961 2962  2961 2963  1694 2964  2964 2965  1772 2760  2067 2966  1772 2967  578 2967  1803 2966  2077 2968  2968 2969  2077 2970  497 2971  2130 2133  2130 2972  2971 2973  495 2974  2973 2974  2132 2975  2084 2973  2975 2976  2975 2977  2096 2978  2979 2980  2979 2981  2115 2982  2982 2983  2984 2985  2984 2986  2987 2988  2987 2989  2988 2990  1965 2990  396 1022  1022 1025  396 2991  396 397  1025 2991  1923 2991  1923 2992  2992 2993  391 1923  388 2994  2994 2995  391 397  2131 2996  2983 2997  2983 2998  2999 3000  2999 3001  2999 3002  3000 3003  3000 3004  1949 3003  72 1949  1949 3005  2111 3006  2997 3006  2116 3005  2123 3007  3001 3007  2123 3008  3001 3004  3001 3009  1945 3010  986 3010  1945 3004  2998 3004  2996 3009  1941 1945  986 3011  1941 2998  2998 3012  1919 1941  864 3011  2121 3008  3013 3014  3013 3015  1120 3016  3016 3017  1146 3017  3018 3019  3018 3020  3021 3022  3021 3023  1149 3019  2127 3024  2127 3025  3024 3026  2159 3027  3027 3028  3027 3029  2159 2162  2159 2203  2162 2976  2162 3030  2203 3028  3028 3031  3031 3032  3028 3033  3030 3034  2137 3034  3025 3035  3035 3036  2204 3037  2204 3038  3036 3039  3040 3041  3040 3042  3037 3041  3038 3039  3022 3043  3026 3044  3042 3045  1163 2155  2155 2158  2060 2166  1163 2060  1163 3046  3046 3047  3047 3048  2177 2178  2177 3049  498 2178  498 3050  2970 3050  2175 3051  2175 3052  2183 3051  2183 3053  2082 2089  2184 3054  3054 3055  2846 3055  3055 3056  3056 3057  2186 3058  3058 3059  2185 2186  486 3059  486 3060  73 3060  1946 3002  2187 3061  3002 3062  3062 3063  942 1171  2185 3063  942 3063  942 3064  2836 3064  2836 3065  2836 3066  2839 3065  3061 3066  2202 3067  1190 3068  1719 3069  3069 3070  3070 3071  3072 3073  3072 3074  3073 3075  3074 3076  2722 3076  3023 3077  3078 3079  3078 3080  3077 3081  3079 3082  3083 3084  3083 3085  3080 3086  3080 3084  3086 3087  3087 3088  3088 3089  2209 3090  1334 3089  2948 3091  3091 3092  2937 3092  3092 3093  1074 3094  3094 3095  528 3095  3096 3097  3096 3098  3097 3099  3099 3100  3098 3101  1975 1982  1975 3102  12 385  385 3103  12 1982  3104 3105  2255 3106  3105 3106  2228 2248  2236 2248  2248 3107  3107 3108  2237 3109  2333 3109  3109 3110  2332 3110  1489 3110  2980 3111  3111 3112  155 598  155 3113  155 3114  597 598  3112 3113  3113 3115  2753 3116  2752 3117  2245 2246  2245 3118  2787 3116  1757 3119  3117 3120  3117 3119  2241 3120  1218 3121  2243 3119  2241 2243  2241 3122  2229 3121  2246 3122  2246 2249  2229 2250  2257 3123  247 3124  1745 3124  247 3125  3123 3125  3126 3127  3126 3128  2261 3129  3129 3130  665 3130  553 3131  3132 3133  3132 3134  2555 3133  3135 3136  3135 3137  3136 3138  3139 3140  3139 3141  3134 3142  3142 3143  3143 3144  2499 3145  2530 3145  2510 3146  3146 3147  1065 3148  2272 3149  3149 3150  3150 3151  674 3151  1815 3152  271 3152  212 669  212 3153  3153 3154  3155 3156  3155 3157  3156 3158  2514 3159  3159 3160  2308 3161  2308 3162  3161 3163  214 3164  3165 3166  3165 3167  1289 3168  3168 3169  3168 3170  3169 3171  3171 3172  1290 3173  3172 3174  3174 3175  3148 3176  3173 3176  3177 3178  3177 3179  3180 3181  3180 3182  3181 3183  3178 3184  2311 3182  3184 3185  2311 3185  2311 3170  3186 3187  3186 3188  2322 3189  2323 3190  3190 3191  3190 3192  1705 3187  1705 3191  3192 3193  3193 3194  3194 3195  728 3196  3196 3197  727 3197  222 718  2400 3198  3199 3200  3199 3201  3202 3203  3202 3204  2330 3203  2339 2340  576 3205  1802 2771  2771 3206  3205 3207  3206 3208  3207 3209  1822 3210  3209 3210  3210 3211  3210 3212  2345 3213  3213 3214  2345 2350  1837 3214  1798 2350  2350 2353  3208 3215  1835 3216  3216 3217  3216 3218  1829 3219  2358 3220  3220 3221  2074 2361  2074 3221  2070 2359  581 3222  2356 3222  2352 3223  2352 3224  2349 3225  3223 3225  2346 3224  2069 3226  3226 3227  3226 3228  1773 3229  3229 3230  1305 3227  3231 3232  3231 3233  3232 3234  3234 3235  1491 3235  3235 3236  3233 3237  3238 3239  3238 3240  3239 3241  3240 3242  1804 3243  3243 3244  262 3241  3237 3245  3246 3247  3246 3248  3247 3249  3247 3250  3249 3251  2030 3252  3252 3253  2380 3253  3254 3255  3254 3256  1125 3255  1698 2386  2386 3257  1697 3258  2401 3258  3258 3259  719 3260  2706 3261  2706 3262  3263 3264  3263 3265  1058 3266  3264 3266  2406 3265  1353 1356  2409 3267  3267 3268  1654 3268  2411 3269  3269 3270  3271 3272  3271 3273  3271 3274  3271 3275  3276 3277  3276 3278  3279 3280  3279 3281  3280 3282  2417 3283  2417 3284  3285 3286  3285 3287  3272 3288  3289 3290  3289 3291  2427 3290  2835 3292  3292 3293  2173 3294  2176 3295  3294 3295  2420 3294  3295 3296  1368 2420  2420 3297  3296 3298  1368 3296  3298 3299  1590 3299  2613 3300  411 3301  3301 3302  3303 3304  3303 3305  3306 3307  3306 3308  2435 2437  2051 3309  2437 3310  3309 3310  806 3311  2606 3311  3300 3304  2614 3300  3304 3312  1380 2810  1380 3313  3313 3314  3307 3315  3315 3316  3314 3316  3312 3316  2442 3317  3305 3318  3317 3318  2449 3317  2450 3319  2454 3320  2454 3319  2438 3320  644 3321  3321 3322  2433 3323  3323 3324  3322 3324  2429 2456  2458 2474  2458 3325  2238 3326  3327 3328  3327 3329  535 3330  3330 3331  3115 3331  3332 3333  3332 3334  3332 3335  3333 3336  2505 3337  2505 3338  3339 3340  3339 3341  3342 3343  3342 3344  3345 3346  3345 3347  3328 3348  3346 3349  2981 3350  1206 3351  3351 3352  3350 3352  3353 3354  3353 3355  3353 3356  3354 3357  3357 3358  3157 3359  3359 3360  2962 3361  658 2491  658 1425  2491 3362  2267 3363  3362 3363  3363 3364  3363 3365  2493 3366  2500 3367  2500 3368  3367 3369  2495 3370  3371 3372  3371 3373  3371 3374  2578 3372  2496 2533  2501 3375  3376 3377  3376 3378  3377 3379  3375 3380  3380 3381  3381 3382  3382 3383  3382 3384  2497 3385  3385 3386  3383 3387  3387 3388  2740 3388  3389 3390  2783 3389  3390 3391  2783 3392  3392 3393  2783 3394  3393 3395  3395 3396  3397 3398  3397 3399  3397 3400  1454 2531  2531 3401  2531 3402  3401 3403  3402 3404  3405 3406  3405 3407  3406 3408  3409 3410  3409 3411  1448 3412  3403 3413  3414 3415  3408 3414  3415 3416  2540 3417  3417 3418  2537 3419  3127 3420  3420 3421  3421 3422  3422 3423  3424 3425  3424 3426  3427 3428  3413 3427  1449 3429  3418 3428  3413 3429  3413 3416  1457 3430  3431 3432  3431 3433  2665 3432  722 2398  3434 3435  3434 3436  1793 3437  1474 3435  3437 3438  3439 3440  3439 3441  1486 3442  1486 3443  3442 3444  2640 3445  3445 3446  2640 3444  2643 3444  2643 3447  3448 3449  3448 3450  3449 3451  3451 3452  2559 3452  797 3453  3453 3454  3378 3455  2580 3456  3456 3457  2534 3455  3373 3458  3458 3459  3373 3460  3459 3461  2581 3460  2534 3410  3410 3462  1463 3457  2584 3461  2713 3463  3464 3465  1538 3464  2717 3463  2698 3465  2696 2698  1538 2717  2595 3466  2479 3466  2595 3467  3468 3469  3468 3470  2475 3471  1860 3472  3469 3473  2476 3474  3474 3475  3474 3476  3472 3473  3475 3477  3473 3477  2191 3477  3478 3479  3478 3480  3467 3479  2480 3480  2630 3481  1343 3482  3482 3483  1345 3482  1619 3483  3481 3484  2483 3485  1585 3484  3484 3486  3484 3487  2608 3485  1345 3488  3488 3489  3488 3490  2619 3491  3491 3492  3492 3493  1560 3493  1528 1588  2626 3494  1588 3494  3494 3495  2620 3496  2010 3496  1346 1348  1346 2010  1346 3497  2624 3498  3498 3499  2010 3500  3499 3500  3486 3489  3495 3497  3486 3487  3490 3497  3487 3501  735 3501  1591 3501  1515 1609  3374 3502  1624 3503  3503 3504  1624 3440  1624 3505  3505 3506  3506 3507  1500 3508  3508 3509  1843 3510  3510 3511  1844 3512  227 1500  2653 3513  2648 3514  2648 3515  3509 3516  3516 3517  3514 3518  3518 3519  1611 3515  1611 3520  3520 3521  2064 3522  3522 3523  2654 3524  2654 2655  1502 3524  1499 1502  2655 3525  3525 3526  3527 3528  3527 3529  3527 3530  3531 3532  3531 3533  2065 3532  1640 3534  3535 3536  3535 3537  3536 3538  2414 3538  1664 3539  3539 3540  2244 3541  3541 3542  3543 3544  3543 3545  1673 3544  2244 3545  2796 3546  2664 3547  3547 3548  3549 3550  3550 3551  3551 3552  2712 3553  3188 3553  2707 3554  3554 3555  3555 3556  3557 3558  3557 3559  3558 3560  2716 3561  3560 3561  3443 3562  3447 3563  3562 3564  3564 3565  2549 3566  3563 3565  3565 3566  2547 3563  3567 3568  3567 3569  1725 1726  2521 3568  3570 3571  3570 3572  3571 3573  3569 3573  1442 3569  1442 1726  1442 1722  2728 3574  3574 3575  3575 3576  2742 3576  3577 3578  3577 3579  1445 3580  3580 3581  248 3582  1969 2906  2906 3583  3583 3584  2750 3584  1970 3585  2908 3586  1076 3585  3585 3586  3217 3587  3587 3588  2792 3217  2793 3589  2775 3217  2773 2788  3398 3590  3590 3591  3398 3592  2507 2790  2507 3399  2507 3593  2790 3594  3399 3595  3594 3596  3438 3441  3441 3597  2794 3598  3598 3599  3600 3601  1828 3600  3599 3602  3211 3601  2797 3603  1825 3603  897 3602  1825 3604  1830 3604  3212 3215  1825 3602  3215 3218  3218 3219  1840 3605  1845 3605  1615 3606  1615 3607  1616 1840  1840 1842  1848 2804  1847 1848  3606 3608  1845 1847  3607 3609  3609 3610  2802 2804  2632 3608  1847 3608  2811 3611  3611 3612  2612 2811  2811 3613  2610 3613  3612 3614  3614 3615  2824 3616  2815 3617  3616 3617  2821 3616  303 3618  913 3618  913 923  923 1253  1265 1266  2094 3619  2151 3620  3620 3621  2844 3622  3622 3623  3049 3052  3049 3623  2181 3053  1855 2181  1855 3624  3621 3625  3625 3626  3624 3626  2847 3627  3627 3628  2848 3629  2855 3630  3629 3631  3631 3632  2853 3632  2853 3633  2853 3634  3630 3635  3633 3636  3633 3637  3635 3636  2856 3638  1878 3638  1011 1878  1011 1014  1011 3639  2866 3640  2866 3641  3640 3642  2872 3643  3643 3644  2896 3644  317 1986  317 1399  1086 2896  3645 3646  1904 3645  3646 3647  1904 3648  1904 3649  3648 3650  3650 3651  1924 3652  330 3653  3649 3653  328 3654  328 3655  1934 3654  469 3656  469 3657  3656 3658  281 3658  1931 3657  829 3657  1931 3659  473 829  829 837  1810 3660  206 3661  281 3660  837 3659  837 3662  3661 3662  1808 3663  2885 3663  1812 3664  1952 3665  1952 3666  3665 3667  3666 3668  1006 3668  2883 3669  3669 3670  1813 3664  3671 3672  3671 3673  2886 3672  3674 3675  3674 3676  1089 3675  1089 1968  1089 3673  1968 3673  368 379  1033 3676  1972 3677  1976 1980  3100 3677  1976 3677  3288 3678  3678 3679  3680 3681  3680 3682  3680 3683  3681 3684  3681 3685  3682 3686  2929 3687  2024 3687  2422 3291  3291 3688  3688 3689  2024 2428  2024 3690  3690 3691  3692 3693  3692 3694  3692 3695  3692 3696  3697 3698  3697 3699  2045 3698  2042 2045  97 2045  302 3693  426 3694  3694 3700  2936 3701  2034 2038  3701 3702  2034 3703  603 3703  2046 3702  3048 3704  3704 3705  3705 3706  2938 3706  2945 3707  3707 3708  2080 3709  2080 3710  3708 3709  3709 3711  2949 3712  3032 3713  3033 3712  1325 3714  3714 3715  1327 2944  1327 1332  2944 3716  3716 3717  3081 3715  3710 3717  2972 3718  2969 3718  2972 2977  2125 2969  2125 3711  2125 3719  2969 3711  3711 3720  3014 3719  3029 3721  2977 3721  3014 3722  3014 3723  3713 3720  3713 3724  3722 3724  1037 3725  3725 3726  1037 3727  1040 3728  94 3728  600 1040  600 3729  600 3730  1040 3731  3727 3731  94 3729  3730 3732  3732 3733  3733 3734  2139 3735  3735 3736  3736 3737  508 3738  3738 3739  2914 2919  3737 3740  2914 3739  2914 3741  3741 3742  2985 3743  2985 3740  2993 3743  382 2993  2993 2995  3102 3103  2989 3742  3012 3744  3012 3745  3744 3746  2986 3745  3747 3748  3747 3749  2986 3748  3746 3750  1147 3751  3749 3752  3751 3753  2126 3754  3750 3754  2126 3755  3755 3756  2126 3015  3756 3757  3752 3753  3752 3758  470 3757  3723 3758  2220 3759  3759 3760  3044 3761  3760 3762  3020 3763  3043 3761  3043 3763  3043 3764  3045 3764  3082 3764  3082 3762  3765 3766  3765 3767  3765 3768  3085 3090  2205 3769  3093 3770  3770 3771  3769 3772  3771 3772  1211 2256  2253 2256  2253 2254  2254 3773  2254 3774  1228 3775  3774 3775  151 3773  3337 3776  3776 3777  3778 3779  2234 3778  1293 3779  3780 3781  3780 3782  3783 3784  3783 3785  3786 3787  3786 3788  3789 3790  3789 3791  3790 3792  3792 3793  3791 3794  3175 3795  2511 3796  3796 3797  2556 3798  3799 3800  3799 3801  2558 3802  3163 3803  3137 3781  3781 3784  3147 3804  3140 3804  3805 3806  3154 3805  3806 3807  3160 3808  3808 3809  3809 3810  3811 3812  3811 3813  3812 3814  3814 3815  1204 3816  3183 3816  3198 3817  3818 3819  3818 3820  3817 3819  223 3821  3817 3821  3822 3823  3822 3824  3823 3825  3825 3826  3823 3827  1309 3828  2337 3828  2759 3829  1492 3829  3204 3830  3830 3831  3832 3833  3204 3832  3832 3834  3204 3833  3833 3835  3836 3837  3836 3838  2784 3839  3391 3840  3396 3841  3842 3843  3842 3844  1472 3845  3837 3845  3228 3846  2071 3847  3847 3848  2336 3848  1310 3849  2365 3850  3851 3852  3851 3853  3230 3854  3854 3855  3849 3856  3856 3857  3230 3849  3236 3858  3454 3859  3858 3859  3852 3860  3860 3861  3857 3862  3861 3862  3242 3855  3245 3863  3244 3863  3407 3864  3865 3866  3865 3867  3864 3868  3866 3868  3868 3869  3866 3870  1239 3871  2373 3872  3256 3873  2381 3873  2732 3874  3874 3875  2274 3875  2274 2278  2274 3876  675 3877  3876 3878  2298 3877  2297 2298  2298 3879  667 2281  2297 3878  2281 3878  3248 3880  3248 3881  3766 3880  3881 3882  3075 3882  3260 3883  3261 3883  2965 3884  2703 3885  3884 3885  3446 3886  3886 3887  3262 3888  2396 3259  2396 3889  3259 3890  3257 3891  3888 3890  3889 3892  3889 3893  3891 3894  3892 3895  2679 3895  3888 3894  3888 3896  3893 3897  3897 3898  3534 3899  3887 3896  3537 3900  3901 3902  3901 3903  3902 3904  3900 3903  3904 3905  3905 3906  2384 3906  3270 3907  2392 3907  3908 3909  3283 3908  3908 3910  3909 3911  3909 3912  3911 3913  3277 3914  3914 3915  2415 3913  1863 3916  2488 3917  3277 3916  3277 3918  3917 3918  3919 3920  3919 3921  2926 3922  3915 3920  3684 3923  3278 3924  3685 3922  3273 3923  3274 3924  3683 3921  2423 3282  3689 3925  3293 3925  3293 3926  3293 3927  3286 3926  3297 3927  3284 3928  3297 3928  3691 3929  2424 3929  3930 3931  3930 3932  2424 3933  2424 3934  3935 3936  1371 3935  3936 3937  1374 3933  3934 3938  1371 1374  3931 3938  3071 3939  3939 3940  3940 3941  3941 3942  3942 3943  3944 3945  3944 3946  3251 3947  3947 3948  3250 3943  3943 3945  3302 3308  2807 3308  2447 3949  638 3949  3334 3950  3343 3951  3343 3952  3951 3953  3951 3954  3953 3955  3950 3952  3347 3954  3336 3956  3956 3957  3782 3958  3958 3959  3960 3961  3960 3962  3329 3963  2762 3964  3507 3965  3869 3966  3843 3967  3360 3968  3361 3969  3970 3971  3970 3972  3971 3973  3972 3974  3974 3975  3973 3976  3977 3978  3335 3977  3978 3979  3335 3980  3980 3981  3965 3982  3965 3983  3982 3984  3984 3985  3404 3985  3386 3986  3379 3986  3987 3988  3987 3989  3578 3990  2536 3419  3990 3991  3384 3992  3992 3993  3993 3994  3994 3995  1740 3995  3581 3988  3131 3996  3996 3997  3368 3998  3998 3999  3998 4000  3131 3368  4001 4002  4001 4003  4002 4004  4002 4005  4004 4006  4004 4007  1431 3364  3364 4008  3591 4009  4009 4010  4011 4012  4011 4013  3870 4014  2683 4015  4016 4017  4016 4018  4019 4020  4019 4021  2763 4022  4022 4023  3436 4024  4024 4025  4017 4023  4017 4026  4017 4027  4026 4028  4028 4029  4028 4030  4014 4027  2598 4031  3471 4031  3470 3476  2603 3470  2603 4032  2600 4032  3807 4033  4033 4034  3369 3370  4034 4035  3370 4035  3370 4036  3502 4036  3511 4037  3504 4038  3512 4039  213 4040  4040 4041  2644 4041  4039 4042  2645 4042  2644 2645  3513 4043  3528 4038  4038 4044  4037 4044  3529 4045  4045 4046  3519 4047  1797 4048  4046 4048  4044 4046  2684 4049  3530 4049  3526 4050  4050 4051  3526 4052  4052 4053  2548 4053  4054 4055  4054 4056  4043 4057  2661 3898  3899 4058  2387 4059  4058 4059  3556 4060  1481 1484  4061 4062  4060 4061  3552 4063  1481 4062  4060 4063  3540 4064  4064 4065  3542 4066  4066 4067  4065 4068  1755 4067  4068 4069  1754 4069  3548 4070  3546 4070  3546 4071  2881 4071  1911 4072  4072 4073  2882 4073  4074 4075  4074 4076  4075 4077  3200 4078  4077 4079  4080 4081  4080 4082  4081 4083  3559 4084  2720 4084  3989 3991  1091 1092  2749 4085  4085 4086  3582 4086  791 4087  3588 3589  3588 4088  3589 4089  4089 4090  4010 4012  4012 4091  3999 4000  3999 4092  3999 4093  3366 4000  4000 4094  4008 4010  3365 4008  4008 4095  2266 4096  3400 3595  3400 4097  4097 4098  3400 4099  4099 4100  3593 4101  4101 4102  4098 4103  3596 4104  1419 2567  2567 4105  2768 3394  4106 4107  1475 4106  4107 4108  3610 4109  2652 4110  1998 4111  2647 4111  2647 4112  3521 4112  3517 3521  2366 4113  4113 4114  4114 4115  4114 4116  4115 4117  4116 4118  4118 4119  4118 4120  3853 4116  3850 3853  3850 4121  3846 3853  2362 4119  1660 4121  4120 4122  4122 4123  3615 4124  4120 4124  4117 4120  4117 4124  4123 4125  2814 4125  3057 4126  2093 4127  4127 4128  3068 4129  3628 4130  4130 4131  4126 4132  4132 4133  4131 4134  3639 4135  4135 4136  2857 4136  4137 4138  4137 4139  4138 4140  2858 4139  2054 4140  3642 4141  3642 4142  4141 4143  3637 4142  3067 4142  3634 4143  1892 2869  3641 4144  1892 4145  4144 4146  4145 4146  3670 4147  3667 3670  3651 3652  3647 3651  3651 4147  2884 3647  4147 4148  1926 4148  3667 4148  1920 4149  323 1933  4149 4150  323 4150  323 3655  1197 4151  4151 4152  4153 4154  4153 4155  3948 4156  2930 4157  2930 4158  3946 4159  4157 4159  3275 3932  3275 4160  3937 4160  2934 4161  4161 4162  3699 4163  2960 4164  2957 4164  2217 3101  4165 4166  4165 4167  2217 2978  3726 4166  2097 4167  3734 4168  459 2102  2106 4168  924 4169  3767 4170  4170 4171  4171 4172  4162 4173  4173 4174  3679 4174  3679 4175  4175 4176  4156 4176  3118 4177  4177 4178  1805 4179  4179 4180  3108 4181  1230 4182  4182 4183  4183 4184  4181 4184  3777 4185  4185 4186  2225 4187  2225 4188  4104 4189  2508 4104  4104 4190  4189 4191  4187 4192  4178 4192  1437 2508  1437 4180  4178 4180  3141 4193  3879 4193  3961 4194  3138 4195  2271 4196  3787 4197  3450 4198  4198 4199  3803 4200  4200 4201  3802 3803  3802 4202  3797 3798  2305 4202  3798 4202  3166 3800  3162 3166  3579 4201  3794 4203  4203 4204  4205 4206  4205 4207  4206 4208  4204 4209  3813 4210  4210 4211  3423 4211  4211 4212  4212 4213  2324 4214  2324 4215  3195 4214  2517 4216  2517 4215  3195 4217  3195 3572  4217 4218  4216 4219  4216 4220  4218 4219  3358 4221  4222 4223  4221 4222  4223 4224  3128 4224  3810 3815  3810 4225  4225 4226  3179 4196  4196 4227  4195 4227  3820 3826  3201 3820  3831 4228  3831 4229  4228 4230  4229 4231  4229 4232  4231 4233  3834 4234  3834 4235  4105 4232  4236 4237  4236 4238  4105 4239  3841 4240  4234 4241  4240 4241  4242 4243  4242 4244  4245 4246  4245 4247  4246 4248  4197 4249  4199 4249  3425 3793  2520 4250  4251 4252  4251 4253  4251 4254  4252 4255  4250 4255  3189 4256  4256 4257  4253 4257  4254 4258  4082 4258  4254 4259  4259 4260  4260 4261  4247 4262  2371 4262  4248 4263  4263 4264  4264 4265  4265 4266  3338 4267  2262 4268  2262 4269  4268 4270  4270 4271  4271 4272  3348 3957  4273 4274  4273 4275  4276 4277  4276 4278  4274 4277  4274 4279  3979 4278  4280 4281  4280 4282  3785 4281  3340 4282  3963 4283  4283 4284  4284 4285  3114 4286  4285 4286  3968 4287  3969 4288  4025 4289  4025 4290  4288 4291  4029 4289  4290 4292  4292 4293  4291 4294  4294 4295  4076 4295  4293 4296  4020 4296  4297 4298  4297 4299  4298 4300  3964 4299  4003 4300  4301 4302  4301 4303  4302 4304  4303 4305  4003 4305  4305 4306  4003 4306  4306 4307  4308 4309  1464 4308  3411 3412  3462 4309  1461 1464  3967 4310  3967 4311  4310 4312  4208 4209  3997 4313  4313 4314  4314 4315  4095 4096  4091 4095  4091 4094  4207 4316  4102 4317  4103 4318  4318 4319  4319 4320  4320 4321  4320 4322  4317 4323  4321 4323  4324 4325  4324 4326  4325 4327  4267 4327  4279 4325  4328 4329  4328 4330  4269 4326  4326 4331  4331 4332  4329 4333  4333 4334  1469 2544  1469 4335  1465 4336  1723 4335  3430 4337  4030 4338  2316 4338  4018 4030  4339 4340  4339 4341  4340 4342  4342 4343  2063 4344  2711 4345  4344 4345  3523 4343  3824 4346  4346 4347  4021 4348  3433 4347  3795 3801  3167 4349  4349 4350  3164 4350  4351 4352  4351 4353  4243 4354  4354 4355  1062 1720  4047 4356  4057 4356  3533 4357  4357 4358  4057 4358  4055 4057  4051 4359  2545 4359  4051 4360  4056 4360  4078 4361  4361 4362  4363 4364  4363 4365  3827 4364  3619 4366  4366 4367  4366 4368  4367 4369  2825 4368  429 4368  429 4370  3983 4371  4371 4372  4372 4373  3597 4373  3597 4374  4374 4375  4088 4376  4376 4377  4092 4378  4013 4378  4092 4379  3592 4013  4013 4379  4006 4379  4093 4380  4380 4381  4007 4100  4090 4375  4382 4383  4382 4384  4383 4385  4352 4385  4005 4384  3844 4386  3844 4387  4005 4386  3355 4386  4386 4388  4005 4307  4387 4389  4389 4390  4391 4392  4391 4393  3356 4392  4109 4110  4172 4394  4128 4395  4394 4396  4395 4396  3768 4397  4397 4398  3768 4399  4399 4400  4134 4400  4401 4402  4401 4403  4404 4405  4404 4406  4405 4407  3912 4407  4154 4405  3281 4406  3287 4408  3910 4409  4408 4409  306 4409  980 4408  306 980  306 4410  980 1191  1194 4410  4158 4411  4411 4412  4412 4413  4413 4414  4163 4415  3872 4415  4163 4416  3871 3872  539 3871  3695 4416  4194 4417  4417 4418  4418 4419  4420 4421  4420 4422  3788 4421  4423 4424  4423 4425  4424 4426  4220 4226  4226 4427  4427 4428  4230 4429  4235 4430  4430 4431  4190 4239  3326 4233  4191 4237  3326 4188  3326 4432  4432 4433  4186 4433  4433 4434  4429 4434  4431 4435  4435 4436  4244 4435  4435 4437  4436 4438  4244 4439  4238 4438  4353 4439  3975 4440  4440 4441  3838 4442  4443 4444  4443 4445  4446 4447  4446 4448  4447 4449  4450 4451  4450 4452  4441 4453  4451 4453  4452 4454  4454 4455  4393 4456  4456 4457  4437 4458  4458 4459  4459 4460  4461 4462  4461 4463  4462 4464  4464 4465  4462 4466  3840 4463  3839 3840  4261 4467  4467 4468  3867 4468  4469 4470  4469 4471  3349 4472  4472 4473  4474 4475  3955 4474  4475 4476  4470 4476  4275 4477  4330 4477  4473 4478  4478 4479  4330 4480  4480 4481  3158 4482  4482 4483  4422 4483  4484 4485  4484 4486  4485 4487  4487 4488  4489 4490  4337 4489  4490 4491  4015 4491  4336 4341  4348 4365  4079 4362  4492 4493  4492 4494  4266 4493  3976 4494  3966 4495  4304 4495  4312 4496  4496 4497  4497 4498  4322 4499  4500 4501  4500 4502  4499 4503  4501 4503  4448 4504  4504 4505  4455 4505  4455 4506  4442 4506  4083 4507  4507 4508  2963 4508  4370 4509  3700 4509  3696 3700  4369 4510  540 3696  4510 4511  4511 4512  4169 4512  4381 4513  4513 4514  4377 4514  4398 4515  4133 4515  4133 4516  4516 4517  4129 4516  4517 4518  4519 4520  4519 4521  4518 4522  4520 4522  4402 4521  4152 4523  4523 4524  4402 4524  4524 4525  3686 4525  3686 4155  4403 4526  4526 4527  4414 4527  4419 4528  4528 4529  4529 4530  3144 4530  4316 4531  4316 4532  4315 4533  4531 4534  4533 4534  4535 4536  4535 4537  4532 4538  4538 4539  2372 4540  4425 4540  4541 4542  4541 4543  4426 4544  4542 4545  4544 4545  4428 4543  4465 4546  4546 4547  4548 4549  4548 4550  4355 4551  4551 4552  4311 4549  4311 4553  4552 4553  4547 4554  4108 4555  4554 4556  4555 4556  4390 4444  4445 4557  4557 4558  4445 4559  4445 4560  4457 4559  4560 4561  4287 4561  4449 4558  4558 4562  4563 4564  4565 4566  4565 4567  4566 4568  4568 4569  4567 4570  4460 4570  4466 4569  4562 4569  4466 4571  4571 4572  4572 4573  4550 4573  3959 4574  4332 4575  3962 4575  4574 4576  3962 4481  4272 4471  4479 4576  4486 4577  4577 4578  4578 4579  4580 4581  4580 4582  3344 4579  4579 4583  3341 4583  3341 4584  4584 4585  4581 4585  4334 4536  4536 4586  4539 4586  4488 4587  4587 4588  4388 4589  4588 4589  4537 4590  4582 4590  4564 4591  4498 4502  4591 4592  4592 4593  4502 4593  3426 4594  4594 4595  4213 4595  3549 4596  1100 4597  3248 4598  4401 4599  1321 4600  4226 4601  3871 4602  2306 4603  2319 4604  4145 4605  181 4606  3872 4607  2365 4608  218 4609  3820 4610  298 4611  1556 4612  2325 4613  3828 4614  2336 4615  3125 4616  2048 4617  579 4618  1556 4619  3981 4620  2050 4621  3325 4622  1215 4623  1765 4624  3835 4625  790 4626  3674 4627  1962 4628  1091 4629  3104 4630  1050 4631  2367 4632  417 4633  3861 4634  4563 4635  1490 4636  2382 4637  4579 4638  4087 4639  216 4640  2744 4641  2466 4642  2364 4643  4448 4644  2330 4645  4566 4646  3835 4647  </DataArray>
<DataArray  type="UInt32"  Name="offsets"  format="ascii">2 4 6 8 10 12 14 16 18 20 22 24 26 28 30 32 34 36 38 40 42 44 46 48 50 52 54 56 58 60 62 64 66 68 70 72 74 76 78 80 82 84 86 88 90 92 94 96 98 100 102 104 106 108 110 112 114 116 118 120 122 124 126 128 130 132 134 136 138 140 142 144 146 148 150 152 154 156 158 160 162 164 166 168 170 172 174 176 178 180 182 184 186 188 190 192 194 196 198 200 202 204 206 208 210 212 214 216 218 220 222 224 226 228 230 232 234 236 238 240 242 244 246 248 250 252 254 256 258 260 262 264 266 268 270 272 274 276 278 280 282 284 286 288 290 292 294 296 298 300 302 304 306 308 310 312 314 316 318 320 322 324 326 328 330 332 334 336 338 340 342 344 346 348 350 352 354 356 358 360 362 364 366 368 370 372 374 376 378 380 382 384 386 388 390 392 394 396 398 400 402 404 406 408 410 412 414 416 418 420 422 424 426 428 430 432 434 436 438 440 442 444 446 448 450 452 454 456 458 460 462 464 466 468 470 472 474 476 478 480 482 484 486 488 490 492 494 496 498 500 502 504 506 508 510 512 514 516 518 520 522 524 526 528 530 532 534 536 538 540 542 544 546 548 550 552 554 556 558 560 562 564 566 568 570 572 574 576 578 580 582 584 586 588 590 592 594 596 598 600 602 604 606 608 610 612 614 616 618 620 622 624 626 628 630 632 634 636 638 640 642 644 646 648 650 652 654 656 658 660 662 664 666 668 670 672 674 676 678 680 682 684 686 688 690 692 694 696 698 700 702 704 706 708 710 712 714 716 718 720 722 724 726 728 730 732 734 736 738 740 742 744 746 748 750 752 754 756 758 760 762 764 766 768 770 772 774 776 778 780 782 784 786 788 790 792 794 796 798 800 802 804 806 808 810 812 814 816 818 820 822 824 826 828 830 832 834 836 838 840 842 844 846 848 850 852 854 856 858 860 862 864 866 868 870 872 874 876 878 880 882 884 886 888 890 892 894 896 898 900 902 904 906 908 910 912 914 916 918 920 922 924 926 928 930 932 934 936 938 940 942 944 946 948 950 952 954 956 958 960 962 964 966 968 970 972 974 976 978 980 982 984 986 988 990 992 994 996 998 1000 1002 1004 1006 1008 1010 1012 1014 1016 1018 1020 1022 1024 1026 1028 1030 1032 1034 1036 1038 1040 1042 1044 1046 1048 1050 1052 1054 1056 1058 1060 1062 1064 1066 1068 1070 1072 1074 1076 1078 1080 1082 1084 1086 1088 1090 1092 1094 1096 1098 1100 1102 1104 1106 1108 1110 1112 1114 1116 1118 1120 1122 1124 1126 1128 1130 1132 1134 1136 1138 1140 1142 1144 1146 1148 1150 1152 1154 1156 1158 1160 1162 1164 1166 1168 1170 1172 1174 1176 1178 1180 1182 1184 1186 1188 1190 1192 1194 1196 1198 1200 1202 1204 1206 1208 1210 1212 1214 1216 1218 1220 1222 1224 1226 1228 1230 1232 1234 1236 1238 1240 1242 1244 1246 1248 1250 1252 1254 1256 1258 1260 1262 1264 1266 1268 1270 1272 1274 1276 1278 1280 1282 1284 1286 1288 1290 1292 1294 1296 1298 1300 1302 1304 1306 1308 1310 1312 1314 1316 1318 1320 1322 1324 1326 1328 1330 1332 1334 1336 1338 1340 1342 1344 1346 1348 1350 1352 1354 1356 1358 1360 1362 1364 1366 1368 1370 1372 1374 1376 1378 1380 1382 1384 1386 1388 1390 1392 1394 1396 1398 1400 1402 1404 1406 1408 1410 1412 1414 1416 1418 1420 1422 1424 1426 1428 1430 1432 1434 1436 1438 1440 1442 1444 1446 1448 1450 1452 1454 1456 1458 1460 1462 1464 1466 1468 1470 1472 1474 1476 1478 1480 1482 1484 1486 1488 1490 1492 1494 1496 1498 1500 1502 1504 1506 1508 1510 1512 1514 1516 1518 1520 1522 1524 1526 1528 1530 1532 1534 1536 1538 1540 1542 1544 1546 1548 1550 1552 1554 1556 1558 1560 1562 1564 1566 1568 1570 1572 1574 1576 1578 1580 1582 1584 1586 1588 1590 1592 1594 1596 1598 1600 1602 1604 1606 1608 1610 1612 1614 1616 1618 1620 1622 1624 1626 1628 1630 1632 1634 1636 1638 1640 1642 1644 1646 1648 1650 1652 1654 1656 1658 1660 1662 1664 1666 1668 1670 1672 1674 1676 1678 1680 1682 1684 1686 1688 1690 1692 1694 1696 1698 1700 1702 1704 1706 1708 1710 1712 1714 1716 1718 1720 1722 1724 1726 1728 1730 1732 1734 1736 1738 1740 1742 1744 1746 1748 1750 1752 1754 1756 1758 1760 1762 1764 1766 1768 1770 1772 1774 1776 1778 1780 1782 1784 1786 1788 1790 1792 1794 1796 1798 1800 1802 1804 1806 1808 1810 1812 1814 1816 1818 1820 1822 1824 1826 1828 1830 1832 1834 1836 1838 1840 1842 1844 1846 1848 1850 1852 1854 1856 1858 1860 1862 1864 1866 1868 1870 1872 1874 1876 1878 1880 1882 1884 1886 1888 1890 1892 1894 1896 1898 1900 1902 1904 1906 1908 1910 1912 1914 1916 1918 1920 1922 1924 1926 1928 1930 1932 1934 1936 1938 1940 1942 1944 1946 1948 1950 1952 1954 1956 1958 1960 1962 1964 1966 1968 1970 1972 1974 1976 1978 1980 1982 1984 1986 1988 1990 1992 1994 1996 1998 2000 2002 2004 2006 2008 2010 2012 2014 2016 2018 2020 2022 2024 2026 2028 2030 2032 2034 2036 2038 2040 2042 2044 2046 2048 2050 2052 2054 2056 2058 2060 2062 2064 2066 2068 2070 2072 2074 2076 2078 2080 2082 2084 2086 2088 2090 2092 2094 2096 2098 2100 2102 2104 2106 2108 2110 2112 2114 2116 2118 2120 2122 2124 2126 2128 2130 2132 2134 2136 2138 2140 2142 2144 2146 2148 2150 2152 2154 2156 2158 2160 2162 2164 2166 2168 2170 2172 2174 2176 2178 2180 2182 2184 2186 2188 2190 2192 2194 2196 2198 2200 2202 2204 2206 2208 2210 2212 2214 2216 2218 2220 2222 2224 2226 2228 2230 2232 2234 2236 2238 2240 2242 2244 2246 2248 2250 2252 2254 2256 2258 2260 2262 2264 2266 2268 2270 2272 2274 2276 2278 2280 2282 2284 2286 2288 2290 2292 2294 2296 2298 2300 2302 2304 2306 2308 2310 2312 2314 2316 2318 2320 2322 2324 2326 2328 2330 2332 2334 2336 2338 2340 2342 2344 2346 2348 2350 2352 2354 2356 2358 2360 2362 2364 2366 2368 2370 2372 2374 2376 2378 2380 2382 2384 2386 2388 2390 2392 2394 2396 2398 2400 2402 2404 2406 2408 2410 2412 2414 2416 2418 2420 2422 2424 2426 2428 2430 2432 2434 2436 2438 2440 2442 2444 2446 2448 2450 2452 2454 2456 2458 2460 2462 2464 2466 2468 2470 2472 2474 2476 2478 2480 2482 2484 2486 2488 2490 2492 2494 2496 2498 2500 2502 2504 2506 2508 2510 2512 2514 2516 2518 2520 2522 2524 2526 2528 2530 2532 2534 2536 2538 2540 2542 2544 2546 2548 2550 2552 2554 2556 2558 2560 2562 2564 2566 2568 2570 2572 2574 2576 2578 2580 2582 2584 2586 2588 2590 2592 2594 2596 2598 2600 2602 2604 2606 2608 2610 2612 2614 2616 2618 2620 2622 2624 2626 2628 2630 2632 2634 2636 2638 2640 2642 2644 2646 2648 2650 2652 2654 2656 2658 2660 2662 2664 2666 2668 2670 2672 2674 2676 2678 2680 2682 2684 2686 2688 2690 2692 2694 2696 2698 2700 2702 2704 2706 2708 2710 2712 2714 2716 2718 2720 2722 2724 2726 2728 2730 2732 2734 2736 2738 2740 2742 2744 2746 2748 2750 2752 2754 2756 2758 2760 2762 2764 2766 2768 2770 2772 2774 2776 2778 2780 2782 2784 2786 2788 2790 2792 2794 2796 2798 2800 2802 2804 2806 2808 2810 2812 2814 2816 2818 2820 2822 2824 2826 2828 2830 2832 2834 2836 2838 2840 2842 2844 2846 2848 2850 2852 2854 2856 2858 2860 2862 2864 2866 2868 2870 2872 2874 2876 2878 2880 2882 2884 2886 2888 2890 2892 2894 2896 2898 2900 2902 2904 2906 2908 2910 2912 2914 2916 2918 2920 2922 2924 2926 2928 2930 2932 2934 2936 2938 2940 2942 2944 2946 2948 2950 2952 2954 2956 2958 2960 2962 2964 2966 2968 2970 2972 2974 2976 2978 2980 2982 2984 2986 2988 2990 2992 2994 2996 2998 3000 3002 3004 3006 3008 3010 3012 3014 3016 3018 3020 3022 3024 3026 3028 3030 3032 3034 3036 3038 3040 3042 3044 3046 3048 3050 3052 3054 3056 3058 3060 3062 3064 3066 3068 3070 3072 3074 3076 3078 3080 3082 3084 3086 3088 3090 3092 3094 3096 3098 3100 3102 3104 3106 3108 3110 3112 3114 3116 3118 3120 3122 3124 3126 3128 3130 3132 3134 3136 3138 3140 3142 3144 3146 3148 3150 3152 3154 3156 3158 3160 3162 3164 3166 3168 3170 3172 3174 3176 3178 3180 3182 3184 3186 3188 3190 3192 3194 3196 3198 3200 3202 3204 3206 3208 3210 3212 3214 3216 3218 3220 3222 3224 3226 3228 3230 3232 3234 3236 3238 3240 3242 3244 3246 3248 3250 3252 3254 3256 3258 3260 3262 3264 3266 3268 3270 3272 3274 3276 3278 3280 3282 3284 3286 3288 3290 3292 3294 3296 3298 3300 3302 3304 3306 3308 3310 3312 3314 3316 3318 3320 3322 3324 3326 3328 3330 3332 3334 3336 3338 3340 3342 3344 3346 3348 3350 3352 3354 3356 3358 3360 3362 3364 3366 3368 3370 3372 3374 3376 3378 3380 3382 3384 3386 3388 3390 3392 3394 3396 3398 3400 3402 3404 3406 3408 3410 3412 3414 3416 3418 3420 3422 3424 3426 3428 3430 3432 3434 3436 3438 3440 3442 3444 3446 3448 3450 3452 3454 3456 3458 3460 3462 3464 3466 3468 3470 3472 3474 3476 3478 3480 3482 3484 3486 3488 3490 3492 3494 3496 3498 3500 3502 3504 3506 3508 3510 3512 3514 3516 3518 3520 3522 3524 3526 3528 3530 3532 3534 3536 3538 3540 3542 3544 3546 3548 3550 3552 3554 3556 3558 3560 3562 3564 3566 3568 3570 3572 3574 3576 3578 3580 3582 3584 3586 3588 3590 3592 3594 3596 3598 3600 3602 3604 3606 3608 3610 3612 3614 3616 3618 3620 3622 3624 3626 3628 3630 3632 3634 3636 3638 3640 3642 3644 3646 3648 3650 3652 3654 3656 3658 3660 3662 3664 3666 3668 3670 3672 3674 3676 3678 3680 3682 3684 3686 3688 3690 3692 3694 3696 3698 3700 3702 3704 3706 3708 3710 3712 3714 3716 3718 3720 3722 3724 3726 3728 3730 3732 3734 3736 3738 3740 3742 3744 3746 3748 3750 3752 3754 3756 3758 3760 3762 3764 3766 3768 3770 3772 3774 3776 3778 3780 3782 3784 3786 3788 3790 3792 3794 3796 3798 3800 3802 3804 3806 3808 3810 3812 3814 3816 3818 3820 3822 3824 3826 3828 3830 3832 3834 3836 3838 3840 3842 3844 3846 3848 3850 3852 3854 3856 3858 3860 3862 3864 3866 3868 3870 3872 3874 3876 3878 3880 3882 3884 3886 3888 3890 3892 3894 3896 3898 3900 3902 3904 3906 3908 3910 3912 3914 3916 3918 3920 3922 3924 3926 3928 3930 3932 3934 3936 3938 3940 3942 3944 3946 3948 3950 3952 3954 3956 3958 3960 3962 3964 3966 3968 3970 3972 3974 3976 3978 3980 3982 3984 3986 3988 3990 3992 3994 3996 3998 4000 4002 4004 4006 4008 4010 4012 4014 4016 4018 4020 4022 4024 4026 4028 4030 4032 4034 4036 4038 4040 4042 4044 4046 4048 4050 4052 4054 4056 4058 4060 4062 4064 4066 4068 4070 4072 4074 4076 4078 4080 4082 4084 4086 4088 4090 4092 4094 4096 4098 4100 4102 4104 4106 4108 4110 4112 4114 4116 4118 4120 4122 4124 4126 4128 4130 4132 4134 4136 4138 4140 4142 4144 4146 4148 4150 4152 4154 4156 4158 4160 4162 4164 4166 4168 4170 4172 4174 4176 4178 4180 4182 4184 4186 4188 4190 4192 4194 4196 4198 4200 4202 4204 4206 4208 4210 4212 4214 4216 4218 4220 4222 4224 4226 4228 4230 4232 4234 4236 4238 4240 4242 4244 4246 4248 4250 4252 4254 4256 4258 4260 4262 4264 4266 4268 4270 4272 4274 4276 4278 4280 4282 4284 4286 4288 4290 4292 4294 4296 4298 4300 4302 4304 4306 4308 4310 4312 4314 4316 4318 4320 4322 4324 4326 4328 4330 4332 4334 4336 4338 4340 4342 4344 4346 4348 4350 4352 4354 4356 4358 4360 4362 4364 4366 4368 4370 4372 4374 4376 4378 4380 4382 4384 4386 4388 4390 4392 4394 4396 4398 4400 4402 4404 4406 4408 4410 4412 4414 4416 4418 4420 4422 4424 4426 4428 4430 4432 4434 4436 4438 4440 4442 4444 4446 4448 4450 4452 4454 4456 4458 4460 4462 4464 4466 4468 4470 4472 4474 4476 4478 4480 4482 4484 4486 4488 4490 4492 4494 4496 4498 4500 4502 4504 4506 4508 4510 4512 4514 4516 4518 4520 4522 4524 4526 4528 4530 4532 4534 4536 4538 4540 4542 4544 4546 4548 4550 4552 4554 4556 4558 4560 4562 4564 4566 4568 4570 4572 4574 4576 4578 4580 4582 4584 4586 4588 4590 4592 4594 4596 4598 4600 4602 4604 4606 4608 4610 4612 4614 4616 4618 4620 4622 4624 4626 4628 4630 4632 4634 4636 4638 4640 4642 4644 4646 4648 4650 4652 4654 4656 4658 4660 4662 4664 4666 4668 4670 4672 4674 4676 4678 4680 4682 4684 4686 4688 4690 4692 4694 4696 4698 4700 4702 4704 4706 4708 4710 4712 4714 4716 4718 4720 4722 4724 4726 4728 4730 4732 4734 4736 4738 4740 4742 4744 4746 4748 4750 4752 4754 4756 4758 4760 4762 4764 4766 4768 4770 4772 4774 4776 4778 4780 4782 4784 4786 4788 4790 4792 4794 4796 4798 4800 4802 4804 4806 4808 4810 4812 4814 4816 4818 4820 4822 4824 4826 4828 4830 4832 4834 4836 4838 4840 4842 4844 4846 4848 4850 4852 4854 4856 4858 4860 4862 4864 4866 4868 4870 4872 4874 4876 4878 4880 4882 4884 4886 4888 4890 4892 4894 4896 4898 4900 4902 4904 4906 4908 4910 4912 4914 4916 4918 4920 4922 4924 4926 4928 4930 4932 4934 4936 4938 4940 4942 4944 4946 4948 4950 4952 4954 4956 4958 4960 4962 4964 4966 4968 4970 4972 4974 4976 4978 4980 4982 4984 4986 4988 4990 4992 4994 4996 4998 5000 5002 5004 5006 5008 5010 5012 5014 5016 5018 5020 5022 5024 5026 5028 5030 5032 5034 5036 5038 5040 5042 5044 5046 5048 5050 5052 5054 5056 5058 5060 5062 5064 5066 5068 5070 5072 5074 5076 5078 5080 5082 5084 5086 5088 5090 5092 5094 5096 5098 5100 5102 5104 5106 5108 5110 5112 5114 5116 5118 5120 5122 5124 5126 5128 5130 5132 5134 5136 5138 5140 5142 5144 5146 5148 5150 5152 5154 5156 5158 5160 5162 5164 5166 5168 5170 5172 5174 5176 5178 5180 5182 5184 5186 5188 5190 5192 5194 5196 5198 5200 5202 5204 5206 5208 5210 5212 5214 5216 5218 5220 5222 5224 5226 5228 5230 5232 5234 5236 5238 5240 5242 5244 5246 5248 5250 5252 5254 5256 5258 5260 5262 5264 5266 5268 5270 5272 5274 5276 5278 5280 5282 5284 5286 5288 5290 5292 5294 5296 5298 5300 5302 5304 5306 5308 5310 5312 5314 5316 5318 5320 5322 5324 5326 5328 5330 5332 5334 5336 5338 5340 5342 5344 5346 5348 5350 5352 5354 5356 5358 5360 5362 5364 5366 5368 5370 5372 5374 5376 5378 5380 5382 5384 5386 5388 5390 5392 5394 5396 5398 5400 5402 5404 5406 5408 5410 5412 5414 5416 5418 5420 5422 5424 5426 5428 5430 5432 5434 5436 5438 5440 5442 5444 5446 5448 5450 5452 5454 5456 5458 5460 5462 5464 5466 5468 5470 5472 5474 5476 5478 5480 5482 5484 5486 5488 5490 5492 5494 5496 5498 5500 5502 5504 5506 5508 5510 5512 5514 5516 5518 5520 5522 5524 5526 5528 5530 5532 5534 5536 5538 5540 5542 5544 5546 5548 5550 5552 5554 5556 5558 5560 5562 5564 5566 5568 5570 5572 5574 5576 5578 5580 5582 5584 5586 5588 5590 5592 5594 5596 5598 5600 5602 5604 5606 5608 5610 5612 5614 5616 5618 5620 5622 5624 5626 5628 5630 5632 5634 5636 5638 5640 5642 5644 5646 5648 5650 5652 5654 5656 5658 5660 5662 5664 5666 5668 5670 5672 5674 5676 5678 5680 5682 5684 5686 5688 5690 5692 5694 5696 5698 5700 5702 5704 5706 5708 5710 5712 5714 5716 5718 5720 5722 5724 5726 5728 5730 5732 5734 5736 5738 5740 5742 5744 5746 5748 5750 5752 5754 5756 5758 5760 5762 5764 5766 5768 5770 5772 5774 5776 5778 5780 5782 5784 5786 5788 5790 5792 5794 5796 5798 5800 5802 5804 5806 5808 5810 5812 5814 5816 5818 5820 5822 5824 5826 5828 5830 5832 5834 5836 5838 5840 5842 5844 5846 5848 5850 5852 5854 5856 5858 5860 5862 5864 5866 5868 5870 5872 5874 5876 5878 5880 5882 5884 5886 5888 5890 5892 5894 5896 5898 5900 5902 5904 5906 5908 5910 5912 5914 5916 5918 5920 5922 5924 5926 5928 5930 5932 5934 5936 5938 5940 5942 5944 5946 5948 5950 5952 5954 5956 5958 5960 5962 5964 5966 5968 5970 5972 5974 5976 5978 5980 5982 5984 5986 5988 5990 5992 5994 5996 5998 6000 6002 6004 6006 6008 6010 6012 6014 6016 6018 6020 6022 6024 6026 6028 6030 6032 6034 6036 6038 6040 6042 6044 6046 6048 6050 6052 6054 6056 6058 6060 6062 6064 6066 6068 6070 6072 6074 6076 6078 6080 6082 6084 6086 6088 6090 6092 6094 6096 6098 6100 6102 6104 6106 6108 6110 6112 6114 6116 6118 6120 6122 6124 6126 6128 6130 6132 6134 6136 6138 6140 6142 6144 6146 6148 6150 6152 6154 6156 6158 6160 6162 6164 6166 6168 6170 6172 6174 6176 6178 6180 6182 6184 6186 6188 6190 6192 6194 6196 6198 6200 6202 6204 6206 6208 6210 6212 6214 6216 6218 6220 6222 6224 6226 6228 6230 6232 6234 6236 6238 6240 6242 6244 6246 6248 6250 6252 6254 6256 6258 6260 6262 6264 6266 6268 6270 6272 6274 6276 6278 6280 6282 6284 6286 6288 6290 6292 6294 6296 6298 6300 6302 6304 6306 6308 6310 6312 6314 6316 6318 6320 6322 6324 6326 6328 6330 6332 6334 6336 6338 6340 6342 6344 6346 6348 6350 6352 6354 6356 6358 6360 6362 6364 6366 6368 6370 6372 6374 6376 6378 6380 6382 6384 6386 6388 6390 6392 6394 6396 6398 6400 6402 6404 6406 6408 6410 6412 6414 6416 6418 6420 6422 6424 6426 6428 6430 6432 6434 6436 6438 6440 6442 6444 6446 6448 6450 6452 6454 6456 6458 6460 6462 6464 6466 6468 6470 6472 6474 6476 6478 6480 6482 6484 6486 6488 6490 6492 6494 6496 6498 6500 6502 6504 6506 6508 6510 6512 6514 6516 6518 6520 6522 6524 6526 6528 6530 6532 6534 6536 6538 6540 6542 6544 6546 6548 6550 6552 6554 6556 6558 6560 6562 6564 6566 6568 6570 6572 6574 6576 6578 6580 6582 6584 6586 6588 6590 6592 6594 6596 6598 6600 6602 6604 6606 6608 6610 6612 6614 6616 6618 6620 6622 6624 6626 6628 6630 6632 6634 6636 6638 6640 6642 6644 6646 6648 6650 6652 6654 6656 6658 6660 6662 6664 6666 6668 6670 6672 6674 6676 6678 6680 6682 6684 6686 6688 6690 6692 6694 6696 6698 6700 6702 6704 6706 6708 6710 6712 6714 6716 6718 6720 6722 6724 6726 6728 6730 6732 6734 6736 6738 6740 6742 6744 6746 6748 6750 6752 6754 6756 6758 6760 6762 6764 6766 6768 6770 6772 6774 6776 6778 6780 6782 6784 6786 6788 6790 6792 6794 6796 6798 6800 6802 6804 6806 6808 6810 6812 6814 6816 6818 6820 6822 6824 6826 6828 6830 6832 6834 6836 6838 6840 6842 6844 6846 6848 6850 6852 6854 6856 6858 6860 6862 6864 6866 6868 6870 6872 6874 6876 6878 6880 6882 6884 6886 6888 6890 6892 6894 6896 6898 6900 6902 6904 6906 6908 6910 6912 6914 6916 6918 6920 6922 6924 6926 6928 6930 6932 6934 6936 6938 6940 6942 6944 6946 6948 6950 6952 6954 6956 6958 6960 6962 6964 6966 6968 6970 6972 6974 6976 6978 6980 6982 6984 6986 6988 6990 6992 6994 6996 6998 7000 7002 7004 7006 7008 7010 7012 7014 7016 7018 7020 7022 7024 7026 7028 7030 7032 7034 7036 7038 7040 7042 7044 7046 7048 7050 7052 7054 7056 7058 7060 7062 7064 7066 7068 7070 7072 7074 7076 7078 7080 7082 7084 7086 7088 7090 7092 7094 7096 7098 7100 7102 7104 7106 7108 7110 7112 7114 7116 7118 7120 7122 7124 7126 7128 7130 7132 7134 7136 7138 7140 7142 7144 7146 7148 7150 7152 7154 7156 7158 7160 7162 7164 7166 7168 7170 7172 7174 7176 7178 7180 7182 7184 7186 7188 7190 7192 7194 7196 7198 7200 7202 7204 7206 7208 7210 7212 7214 7216 7218 7220 7222 7224 7226 7228 7230 7232 7234 7236 7238 7240 7242 7244 7246 7248 7250 7252 7254 7256 7258 7260 7262 7264 7266 7268 7270 7272 7274 7276 7278 7280 7282 7284 7286 7288 7290 7292 7294 7296 7298 7300 7302 7304 7306 7308 7310 7312 7314 7316 7318 7320 7322 7324 7326 7328 7330 7332 7334 7336 7338 7340 7342 7344 7346 7348 7350 7352 7354 7356 7358 7360 7362 7364 7366 7368 7370 7372 7374 7376 7378 7380 7382 7384 7386 7388 7390 7392 7394 7396 7398 7400 7402 7404 7406 7408 7410 7412 7414 7416 7418 7420 7422 7424 7426 7428 7430 7432 7434 7436 7438 7440 7442 7444 7446 7448 7450 7452 7454 7456 7458 7460 7462 7464 7466 7468 7470 7472 7474 7476 7478 7480 7482 7484 7486 7488 7490 7492 7494 7496 7498 7500 7502 7504 7506 7508 7510 7512 7514 7516 7518 7520 7522 7524 7526 7528 7530 7532 7534 7536 7538 7540 7542 7544 7546 7548 7550 7552 7554 7556 7558 7560 7562 7564 7566 7568 7570 7572 7574 7576 7578 7580 7582 7584 7586 7588 7590 7592 7594 7596 7598 7600 7602 7604 7606 7608 7610 7612 7614 7616 7618 7620 7622 7624 7626 7628 7630 7632 7634 7636 7638 7640 7642 7644 7646 7648 7650 7652 7654 7656 7658 7660 7662 7664 7666 7668 7670 7672 7674 7676 7678 7680 7682 7684 7686 7688 7690 7692 7694 7696 7698 7700 7702 7704 7706 7708 7710 7712 7714 7716 7718 7720 7722 7724 7726 7728 7730 7732 7734 7736 7738 7740 7742 7744 7746 7748 7750 7752 7754 7756 7758 7760 7762 7764 7766 7768 7770 7772 7774 7776 7778 7780 7782 7784 7786 7788 7790 7792 7794 7796 7798 7800 7802 7804 7806 7808 7810 7812 7814 7816 7818 7820 7822 7824 7826 7828 7830 7832 7834 7836 7838 7840 7842 7844 7846 7848 7850 7852 7854 7856 7858 7860 7862 7864 7866 7868 7870 7872 7874 7876 7878 7880 7882 7884 7886 7888 7890 7892 7894 7896 7898 7900 7902 7904 7906 7908 7910 7912 7914 7916 7918 7920 7922 7924 7926 7928 7930 7932 7934 7936 7938 7940 7942 7944 7946 7948 7950 7952 7954 7956 7958 7960 7962 7964 7966 7968 7970 7972 7974 7976 7978 7980 7982 7984 7986 7988 7990 7992 7994 7996 7998 8000 8002 8004 8006 8008 8010 8012 8014 8016 8018 8020 8022 8024 8026 8028 8030 8032 8034 8036 8038 8040 8042 8044 8046 8048 8050 8052 8054 8056 8058 8060 8062 8064 8066 8068 8070 8072 8074 8076 8078 8080 8082 8084 8086 8088 8090 8092 8094 8096 8098 8100 8102 8104 8106 8108 8110 8112 8114 8116 8118 8120 8122 8124 8126 8128 8130 8132 8134 8136 8138 8140 8142 8144 8146 8148 8150 8152 8154 8156 8158 8160 8162 8164 8166 8168 8170 8172 8174 8176 8178 8180 8182 8184 8186 8188 8190 8192 8194 8196 8198 8200 8202 8204 8206 8208 8210 8212 8214 8216 8218 8220 8222 8224 8226 8228 8230 8232 8234 8236 8238 8240 8242 8244 8246 8248 8250 8252 8254 8256 8258 8260 8262 8264 8266 8268 8270 8272 8274 8276 8278 8280 8282 8284 8286 8288 8290 8292 8294 8296 8298 8300 8302 8304 8306 8308 8310 8312 8314 8316 8318 8320 8322 8324 8326 8328 8330 8332 8334 8336 8338 8340 8342 8344 8346 8348 8350 8352 8354 8356 8358 8360 8362 8364 8366 8368 8370 8372 8374 8376 8378 8380 8382 8384 8386 8388 8390 8392 8394 8396 8398 8400 8402 8404 8406 8408 8410 8412 8414 8416 8418 8420 8422 8424 8426 8428 8430 8432 8434 8436 8438 8440 8442 8444 8446 8448 8450 8452 8454 8456 8458 8460 8462 8464 8466 8468 8470 8472 8474 8476 8478 8480 8482 8484 8486 8488 8490 8492 8494 8496 8498 8500 8502 8504 8506 8508 8510 8512 8514 8516 8518 8520 8522 8524 8526 8528 8530 8532 8534 8536 8538 8540 8542 8544 8546 8548 8550 8552 8554 8556 8558 8560 8562 8564 8566 8568 8570 8572 8574 8576 8578 8580 8582 8584 8586 8588 8590 8592 8594 8596 8598 8600 8602 8604 8606 8608 8610 8612 8614 8616 8618 8620 8622 8624 8626 8628 8630 8632 8634 8636 8638 8640 8642 8644 8646 8648 8650 8652 8654 8656 8658 8660 8662 8664 8666 8668 8670 8672 8674 8676 8678 8680 8682 8684 8686 8688 8690 8692 8694 8696 8698 8700 8702 8704 8706 8708 8710 8712 8714 8716 8718 8720 8722 8724 8726 8728 8730 8732 8734 8736 8738 8740 8742 8744 8746 8748 8750 8752 8754 8756 8758 8760 8762 8764 8766 8768 8770 8772 8774 8776 8778 8780 8782 8784 8786 8788 8790 8792 8794 8796 8798 8800 8802 8804 8806 8808 8810 8812 8814 8816 8818 8820 8822 8824 8826 8828 8830 8832 8834 8836 8838 8840 8842 8844 8846 8848 8850 8852 8854 8856 8858 8860 8862 8864 8866 8868 8870 8872 8874 8876 8878 8880 8882 8884 8886 8888 8890 8892 8894 8896 8898 8900 8902 8904 8906 8908 8910 8912 8914 8916 8918 8920 8922 8924 8926 8928 8930 8932 8934 8936 8938 8940 8942 8944 8946 8948 8950 8952 8954 8956 8958 8960 8962 8964 8966 8968 8970 8972 8974 8976 8978 8980 8982 8984 8986 8988 8990 8992 8994 8996 8998 9000 9002 9004 9006 9008 9010 9012 9014 9016 9018 9020 9022 9024 9026 9028 9030 9032 9034 9036 9038 9040 9042 9044 9046 9048 9050 9052 9054 9056 9058 9060 9062 9064 9066 9068 9070 9072 9074 9076 9078 9080 9082 9084 9086 9088 9090 9092 9094 9096 9098 9100 9102 9104 9106 9108 9110 9112 9114 9116 9118 9120 9122 9124 9126 9128 9130 9132 9134 9136 9138 9140 9142 9144 9146 9148 9150 9152 9154 9156 9158 9160 9162 9164 9166 9168 9170 9172 9174 9176 9178 9180 9182 9184 9186 9188 9190 9192 9194 9196 9198 9200 9202 9204 9206 9208 9210 9212 9214 9216 9218 9220 9222 9224 9226 9228 9230 9232 9234 9236 9238 9240 9242 9244 9246 9248 9250 9252 9254 9256 9258 9260 9262 9264 9266 9268 9270 9272 9274 9276 9278 9280 9282 9284 9286 9288 9290 9292 9294 9296 9298 9300 9302 9304 9306 9308 9310 9312 9314 9316 9318 9320 9322 9324 9326 9328 9330 9332 9334 9336 9338 9340 9342 9344 9346 9348 9350 9352 9354 9356 9358 9360 9362 9364 9366 9368 9370 9372 9374 9376 9378 9380 9382 9384 9386 9388 9390 9392 9394 9396 9398 9400 9402 9404 9406 9408 9410 9412 9414 9416 9418 9420 9422 9424 9426 9428 9430 9432 9434 9436 9438 9440 9442 9444 9446 9448 9450 9452 9454 9456 9458 9460 9462 9464 9466 9468 9470 9472 9474 9476 9478 9480 9482 9484 9486 9488 9490 9492 9494 9496 9498 9500 9502 9504 9506 9508 9510 9512 9514 9516 9518 9520 9522 9524 9526 9528 9530 9532 9534 9536 9538 9540 9542 9544 9546 9548 9550 9552 9554 9556 9558 9560 9562 9564 9566 9568 9570 9572 9574 9576 9578 9580 9582 9584 9586 9588 9590 9592 9594 9596 9598 9600 9602 9604 9606 9608 9610 9612 9614 9616 9618 9620 9622 9624 9626 9628 9630 9632 9634 9636 9638 9640 9642 9644 9646 9648 9650 9652 9654 9656 9658 9660 9662 9664 9666 9668 9670 9672 9674 9676 9678 9680 9682 9684 9686 9688 9690 9692 9694 9696 9698 9700 9702 9704 9706 9708 9710 9712 9714 9716 9718 9720 9722 9724 9726 9728 9730 9732 9734 9736 9738 9740 9742 9744 9746 9748 9750 9752 9754 9756 9758 9760 9762 9764 9766 9768 9770 9772 9774 9776 9778 9780 9782 9784 9786 9788 9790 9792 9794 9796 9798 9800 9802 9804 9806 9808 9810 9812 9814 9816 9818 9820 9822 9824 9826 9828 9830 9832 9834 9836 9838 9840 9842 9844 9846 9848 9850 9852 9854 9856 9858 9860 9862 9864 9866 9868 9870 9872 9874 9876 9878 9880 9882 9884 9886 9888 9890 9892 9894 9896 9898 9900 9902 9904 9906 9908 9910 9912 9914 9916 9918 9920 9922 9924 9926 9928 9930 9932 9934 9936 9938 9940 9942 9944 9946 9948 9950 9952 9954 9956 9958 9960 9962 9964 9966 9968 9970 9972 9974 9976 9978 9980 9982 9984 9986 9988 9990 9992 9994 9996 9998 10000 10002 10004 10006 10008 10010 10012 10014 10016 10018 10020 10022 10024 10026 10028 10030 10032 10034 10036 10038 10040 10042 10044 10046 10048 10050 10052 10054 10056 10058 10060 10062 10064 10066 10068 10070 10072 10074 10076 10078 10080 10082 10084 10086 10088 10090 10092 10094 10096 10098 10100 10102 10104 10106 10108 10110 10112 10114 10116 10118 10120 10122 10124 10126 10128 10130 10132 10134 10136 10138 10140 10142 10144 10146 10148 10150 10152 10154 10156 10158 10160 10162 10164 10166 10168 10170 10172 10174 10176 10178 10180 10182 10184 10186 10188 10190 10192 10194 10196 10198 10200 10202 10204 10206 10208 10210 10212 10214 10216 10218 10220 10222 10224 10226 10228 10230 10232 10234 10236 10238 10240 10242 10244 10246 10248 10250 10252 10254 10256 10258 10260 10262 10264 10266 10268 10270 10272 10274 10276 10278 10280 10282 10284 10286 10288 10290 10292 10294 10296 10298 10300 10302 10304 10306 10308 10310 10312 10314 10316 10318 10320 10322 10324 10326 10328 10330 10332 10334 10336 10338 10340 10342 10344 10346 10348 10350 10352 10354 10356 10358 10360 10362 10364 10366 10368 10370 10372 </DataArray>
<DataArray  type="UInt8"  Name="types"  format="ascii">3 3 3 3 3 3 3 3 3 3 3 3 3 3 3 3 3 3 3 3 3 3 3 3 3 3 3 3 3 3 3 3 3 3 3 3 3 3 3 3 3 3 3 3 3 3 3 3 3 3 3 3 3 3 3 3 3 3 3 3 3 3 3 3 3 3 3 3 3 3 3 3 3 3 3 3 3 3 3 3 3 3 3 3 3 3 3 3 3 3 3 3 3 3 3 3 3 3 3 3 3 3 3 3 3 3 3 3 3 3 3 3 3 3 3 3 3 3 3 3 3 3 3 3 3 3 3 3 3 3 3 3 3 3 3 3 3 3 3 3 3 3 3 3 3 3 3 3 3 3 3 3 3 3 3 3 3 3 3 3 3 3 3 3 3 3 3 3 3 3 3 3 3 3 3 3 3 3 3 3 3 3 3 3 3 3 3 3 3 3 3 3 3 3 3 3 3 3 3 3 3 3 3 3 3 3 3 3 3 3 3 3 3 3 3 3 3 3 3 3 3 3 3 3 3 3 3 3 3 3 3 3 3 3 3 3 3 3 3 3 3 3 3 3 3 3 3 3 3 3 3 3 3 3 3 3 3 3 3 3 3 3 3 3 3 3 3 3 3 3 3 3 3 3 3 3 3 3 3 3 3 3 3 3 3 3 3 3 3 3 3 3 3 3 3 3 3 3 3 3 3 3 3 3 3 3 3 3 3 3 3 3 3 3 3 3 3 3 3 3 3 3 3 3 3 3 3 3 3 3 3 3 3 3 3 3 3 3 3 3 3 3 3 3 3 3 3 3 3 3 3 3 3 3 3 3 3 3 3 3 3 3 3 3 3 3 3 3 3 3 3 3 3 3 3 3 3 3 3 3 3 3 3 3 3 3 3 3 3 3 3 3 3 3 3 3 3 3 3 3 3 3 3 3 3 3 3 3 3 3 3 3 3 3 3 3 3 3 3 3 3 3 3 3 3 3 3 3 3 3 3 3 3 3 3 3 3 3 3 3 3 3 3 3 3 3 3 3 3 3 3 3 3 3 3 3 3 3 3 3 3 3 3 3 3 3 3 3 3 3 3 3 3 3 3 3 3 3 3 3 3 3 3 3 3 3 3 3 3 3 3 3 3 3 3 3 3 3 3 3 3 3 3 3 3 3 3 3 3 3 3 3 3 3 3 3 3 3 3 3 3 3 3 3 3 3 3 3 3 3 3 3 3 3 3 3 3 3 3 3 3 3 3 3 3 3 3 3 3 3 3 3 3 3 3 3 3 3 3 3 3 3 3 3 3 3 3 3 3 3 3 3 3 3 3 3 3 3 3 3 3 3 3 3 3 3 3 3 3 3 3 3 3 3 3 3 3 3 3 3 3 3 3 3 3 3 3 3 3 3 3 3 3 3 3 3 3 3 3 3 3 3 3 3 3 3 3 3 3 3 3 3 3 3 3 3 3 3 3 3 3 3 3 3 3 3 3 3 3 3 3 3 3 3 3 3 3 3 3 3 3 3 3 3 3 3 3 3 3 3 3 3 3 3 3 3 3 3 3 3 3 3 3 3 3 3 3 3 3 3 3 3 3 3 3 3 3 3 3 3 3 3 3 3 3 3 3 3 3 3 3 3 3 3 3 3 3 3 3 3 3 3 3 3 3 3 3 3 3 3 3 3 3 3 3 3 3 3 3 3 3 3 3 3 3 3 3 3 3 3 3 3 3 3 3 3 3 3 3 3 3 3 3 3 3 3 3 3 3 3 3 3 3 3 3 3 3 3 3 3 3 3 3 3 3 3 3 3 3 3 3 3 3 3 3 3 3 3 3 3 3 3 3 3 3 3 3 3 3 3 3 3 3 3 3 3 3 3 3 3 3 3 3 3 3 3 3 3 3 3 3 3 3 3 3 3 3 3 3 3 3 3 3 3 3 3 3 3 3 3 3 3 3 3 3 3 3 3 3 3 3 3 3 3 3 3 3 3 3 3 3 3 3 3 3 3 3 3 3 3 3 3 3 3 3 3 3 3 3 3 3 3 3 3 3 3 3 3 3 3 3 3 3 3 3 3 3 3 3 3 3 3 3 3 3 3 3 3 3 3 3 3 3 3 3 3 3 3 3 3 3 3 3 3 3 3 3 3 3 3 3 3 3 3 3 3 3 3 3 3 3 3 3 3 3 3 3 3 3 3 3 3 3 3 3 3 3 3 3 3 3 3 3 3 3 3 3 3 3 3 3 3 3 3 3 3 3 3 3 3 3 3 3 3 3 3 3 3 3 3 3 3 3 3 3 3 3 3 3 3 3 3 3 3 3 3 3 3 3 3 3 3 3 3 3 3 3 3 3 3 3 3 3 3 3 3 3 3 3 3 3 3 3 3 3 3 3 3 3 3 3 3 3 3 3 3 3 3 3 3 3 3 3 3 3 3 3 3 3 3 3 3 3 3 3 3 3 3 3 3 3 3 3 3 3 3 3 3 3 3 3 3 3 3 3 3 3 3 3 3 3 3 3 3 3 3 3 3 3 3 3 3 3 3 3 3 3 3 3 3 3 3 3 3 3 3 3 3 3 3 3 3 3 3 3 3 3 3 3 3 3 3 3 3 3 3 3 3 3 3 3 3 3 3 3 3 3 3 3 3 3 3 3 3 3 3 3 3 3 3 3 3 3 3 3 3 3 3 3 3 3 3 3 3 3 3 3 3 3 3 3 3 3 3 3 3 3 3 3 3 3 3 3 3 3 3 3 3 3 3 3 3 3 3 3 3 3 3 3 3 3 3 3 3 3 3 3 3 3 3 3 3 3 3 3 3 3 3 3 3 3 3 3 3 3 3 3 3 3 3 3 3 3 3 3 3 3 3 3 3 3 3 3 3 3 3 3 3 3 3 3 3 3 3 3 3 3 3 3 3 3 3 3 3 3 3 3 3 3 3 3 3 3 3 3 3 3 3 3 3 3 3 3 3 3 3 3 3 3 3 3 3 3 3 3 3 3 3 3 3 3 3 3 3 3 3 3 3 3 3 3 3 3 3 3 3 3 3 3 3 3 3 3 3 3 3 3 3 3 3 3 3 3 3 3 3 3 3 3 3 3 3 3 3 3 3 3 3 3 3 3 3 3 3 3 3 3 3 3 3 3 3 3 3 3 3 3 3 3 3 3 3 3 3 3 3 3 3 3 3 3 3 3 3 3 3 3 3 3 3 3 3 3 3 3 3 3 3 3 3 3 3 3 3 3 3 3 3 3 3 3 3 3 3 3 3 3 3 3 3 3 3 3 3 3 3 3 3 3 3 3 3 3 3 3 3 3 3 3 3 3 3 3 3 3 3 3 3 3 3 3 3 3 3 3 3 3 3 3 3 3 3 3 3 3 3 3 3 3 3 3 3 3 3 3 3 3 3 3 3 3 3 3 3 3 3 3 3 3 3 3 3 3 3 3 3 3 3 3 3 3 3 3 3 3 3 3 3 3 3 3 3 3 3 3 3 3 3 3 3 3 3 3 3 3 3 3 3 3 3 3 3 3 3 3 3 3 3 3 3 3 3 3 3 3 3 3 3 3 3 3 3 3 3 3 3 3 3 3 3 3 3 3 3 3 3 3 3 3 3 3 3 3 3 3 3 3 3 3 3 3 3 3 3 3 3 3 3 3 3 3 3 3 3 3 3 3 3 3 3 3 3 3 3 3 3 3 3 3 3 3 3 3 3 3 3 3 3 3 3 3 3 3 3 3 3 3 3 3 3 3 3 3 3 3 3 3 3 3 3 3 3 3 3 3 3 3 3 3 3 3 3 3 3 3 3 3 3 3 3 3 3 3 3 3 3 3 3 3 3 3 3 3 3 3 3 3 3 3 3 3 3 3 3 3 3 3 3 3 3 3 3 3 3 3 3 3 3 3 3 3 3 3 3 3 3 3 3 3 3 3 3 3 3 3 3 3 3 3 3 3 3 3 3 3 3 3 3 3 3 3 3 3 3 3 3 3 3 3 3 3 3 3 3 3 3 3 3 3 3 3 3 3 3 3 3 3 3 3 3 3 3 3 3 3 3 3 3 3 3 3 3 3 3 3 3 3 3 3 3 3 3 3 3 3 3 3 3 3 3 3 3 3 3 3 3 3 3 3 3 3 3 3 3 3 3 3 3 3 3 3 3 3 3 3 3 3 3 3 3 3 3 3 3 3 3 3 3 3 3 3 3 3 3 3 3 3 3 3 3 3 3 3 3 3 3 3 3 3 3 3 3 3 3 3 3 3 3 3 3 3 3 3 3 3 3 3 3 3 3 3 3 3 3 3 3 3 3 3 3 3 3 3 3 3 3 3 3 3 3 3 3 3 3 3 3 3 3 3 3 3 3 3 3 3 3 3 3 3 3 3 3 3 3 3 3 3 3 3 3 3 3 3 3 3 3 3 3 3 3 3 3 3 3 3 3 3 3 3 3 3 3 3 3 3 3 3 3 3 3 3 3 3 3 3 3 3 3 3 3 3 3 3 3 3 3 3 3 3 3 3 3 3 3 3 3 3 3 3 3 3 3 3 3 3 3 3 3 3 3 3 3 3 3 3 3 3 3 3 3 3 3 3 3 3 3 3 3 3 3 3 3 3 3 3 3 3 3 3 3 3 3 3 3 3 3 3 3 3 3 3 3 3 3 3 3 3 3 3 3 3 3 3 3 3 3 3 3 3 3 3 3 3 3 3 3 3 3 3 3 3 3 3 3 3 3 3 3 3 3 3 3 3 3 3 3 3 3 3 3 3 3 3 3 3 3 3 3 3 3 3 3 3 3 3 3 3 3 3 3 3 3 3 3 3 3 3 3 3 3 3 3 3 3 3 3 3 3 3 3 3 3 3 3 3 3 3 3 3 3 3 3 3 3 3 3 3 3 3 3 3 3 3 3 3 3 3 3 3 3 3 3 3 3 3 3 3 3 3 3 3 3 3 3 3 3 3 3 3 3 3 3 3 3 3 3 3 3 3 3 3 3 3 3 3 3 3 3 3 3 3 3 3 3 3 3 3 3 3 3 3 3 3 3 3 3 3 3 3 3 3 3 3 3 3 3 3 3 3 3 3 3 3 3 3 3 3 3 3 3 3 3 3 3 3 3 3 3 3 3 3 3 3 3 3 3 3 3 3 3 3 3 3 3 3 3 3 3 3 3 3 3 3 3 3 3 3 3 3 3 3 3 3 3 3 3 3 3 3 3 3 3 3 3 3 3 3 3 3 3 3 3 3 3 3 3 3 3 3 3 3 3 3 3 3 3 3 3 3 3 3 3 3 3 3 3 3 3 3 3 3 3 3 3 3 3 3 3 3 3 3 3 3 3 3 3 3 3 3 3 3 3 3 3 3 3 3 3 3 3 3 3 3 3 3 3 3 3 3 3 3 3 3 3 3 3 3 3 3 3 3 3 3 3 3 3 3 3 3 3 3 3 3 3 3 3 3 3 3 3 3 3 3 3 3 3 3 3 3 3 3 3 3 3 3 3 3 3 3 3 3 3 3 3 3 3 3 3 3 3 3 3 3 3 3 3 3 3 3 3 3 3 3 3 3 3 3 3 3 3 3 3 3 3 3 3 3 3 3 3 3 3 3 3 3 3 3 3 3 3 3 3 3 3 3 3 3 3 3 3 3 3 3 3 3 3 3 3 3 3 3 3 3 3 3 3 3 3 3 3 3 3 3 3 3 3 3 3 3 3 3 3 3 3 3 3 3 3 3 3 3 3 3 3 3 3 3 3 3 3 3 3 3 3 3 3 3 3 3 3 3 3 3 3 3 3 3 3 3 3 3 3 3 3 3 3 3 3 3 3 3 3 3 3 3 3 3 3 3 3 3 3 3 3 3 3 3 3 3 3 3 3 3 3 3 3 3 3 3 3 3 3 3 3 3 3 3 3 3 3 3 3 3 3 3 3 3 3 3 3 3 3 3 3 3 3 3 3 3 3 3 3 3 3 3 3 3 3 3 3 3 3 3 3 3 3 3 3 3 3 3 3 3 3 3 3 3 3 3 3 3 3 3 3 3 3 3 3 3 3 3 3 3 3 3 3 3 3 3 3 3 3 3 3 3 3 3 3 3 3 3 3 3 3 3 3 3 3 3 3 3 3 3 3 3 3 3 3 3 3 3 3 3 3 3 3 3 3 3 3 3 3 3 3 3 3 3 3 3 3 3 3 3 3 3 3 3 3 3 3 3 3 3 3 3 3 3 3 3 3 3 3 3 3 3 3 3 3 3 3 3 3 3 3 3 3 3 3 3 3 3 3 3 3 3 3 3 3 3 3 3 3 3 3 3 3 3 3 3 3 3 3 3 3 3 3 3 3 3 3 3 3 3 3 3 3 3 3 3 3 3 3 3 3 3 3 3 3 3 3 3 3 3 3 3 3 3 3 3 3 3 3 3 3 3 3 3 3 3 3 3 3 3 3 3 3 3 3 3 3 3 3 3 3 3 3 3 3 3 3 3 3 3 3 3 3 3 3 3 3 3 3 3 3 3 3 3 3 3 3 3 3 3 3 3 3 3 3 3 3 3 3 3 3 3 3 3 3 3 3 3 3 3 3 3 3 3 3 3 3 3 3 3 3 3 3 3 3 3 3 3 3 3 3 3 3 3 3 3 3 3 3 3 3 3 3 3 3 3 3 3 3 3 3 3 3 3 3 3 3 3 3 3 3 3 3 3 3 3 3 3 3 3 3 3 3 3 3 3 3 3 3 3 3 3 3 3 3 3 3 3 3 3 3 3 3 3 3 3 3 3 3 3 3 3 3 3 3 3 3 3 3 3 3 3 3 3 3 3 3 3 3 3 3 3 3 3 3 3 3 3 3 3 3 3 3 3 3 3 3 3 3 3 3 3 3 3 3 3 3 3 3 3 3 3 3 3 3 3 3 3 3 3 3 3 3 3 3 3 3 3 3 3 3 3 3 3 3 3 3 3 3 3 3 3 3 3 3 3 3 3 3 3 3 3 3 3 3 3 3 3 3 3 3 3 3 3 3 3 3 3 3 3 3 3 3 3 3 3 3 3 3 3 3 3 3 3 3 3 3 3 3 3 3 3 3 3 3 3 3 3 3 3 3 3 3 3 3 3 3 3 3 3 3 3 3 3 3 3 3 3 3 3 3 3 3 3 3 3 3 3 3 3 3 3 3 3 3 3 3 3 3 3 3 3 3 3 3 3 3 3 3 3 3 3 3 3 3 3 3 3 3 3 3 3 3 3 3 3 3 3 3 3 3 3 3 3 3 3 3 3 3 3 3 3 3 3 3 3 3 3 3 3 3 3 3 3 3 3 3 3 3 3 3 3 3 3 3 3 3 3 3 3 3 3 3 3 3 3 3 3 3 3 3 3 3 3 3 3 3 3 3 3 3 3 3 3 3 3 3 3 3 3 3 3 3 3 3 3 3 3 3 3 3 3 3 3 3 3 3 3 3 3 3 3 3 3 3 3 3 3 3 3 3 3 3 3 3 3 3 3 3 3 3 3 3 3 3 3 3 3 3 3 3 3 3 3 3 3 3 3 3 3 3 3 3 3 3 3 3 3 3 3 3 3 3 3 3 3 3 3 3 3 3 3 3 3 3 3 3 3 3 3 3 3 3 3 3 3 3 3 3 3 3 3 3 3 3 3 3 3 3 3 3 3 3 3 3 3 3 3 3 3 3 3 3 3 3 3 3 3 3 3 3 3 3 3 3 3 3 3 3 3 3 3 3 3 3 3 3 3 3 3 3 3 3 3 3 3 3 3 3 3 3 3 3 3 3 3 3 3 3 3 3 3 3 3 3 3 3 3 3 3 3 3 3 3 3 3 3 3 3 3 3 3 3 3 3 3 3 3 3 3 3 3 3 3 3 3 3 3 3 3 3 3 3 3 3 3 3 3 3 3 3 3 3 3 3 3 3 3 3 3 3 3 3 3 3 3 3 3 3 3 3 3 3 3 3 3 3 3 3 3 3 3 3 3 3 3 3 3 3 3 3 3 3 3 3 3 3 3 3 3 3 3 3 3 3 3 3 3 3 3 3 3 3 3 3 3 3 3 3 3 3 3 3 3 3 3 3 3 3 3 3 3 3 3 3 3 3 3 3 3 3 3 3 3 3 3 3 3 3 3 3 3 3 3 3 3 3 3 3 3 3 3 3 3 3 3 3 3 3 3 3 3 3 3 3 3 3 3 3 3 3 3 3 3 3 3 3 3 3 3 3 3 3 3 3 3 3 3 3 3 3 3 3 3 3 3 3 3 3 3 3 3 3 3 3 3 3 3 3 3 3 3 3 3 3 3 3 3 3 3 3 3 3 3 3 3 3 3 3 3 3 3 3 3 3 3 3 3 3 3 3 3 3 3 3 3 3 3 3 3 3 3 3 3 3 3 3 3 3 3 3 3 3 3 3 3 3 3 3 3 3 3 3 3 3 3 3 3 3 3 3 3 3 3 3 3 3 3 3 3 3 3 3 3 3 3 3 3 3 3 3 3 3 3 3 3 3 3 3 3 3 3 3 3 3 3 3 3 3 3 3 3 3 3 3 3 3 3 3 3 3 3 3 3 3 3 3 3 3 3 3 3 3 3 3 3 3 3 3 3 3 3 3 3 3 3 3 3 3 3 3 3 3 3 3 3 3 3 3 3 3 3 3 3 3 3 3 3 3 3 3 3 3 3 3 3 3 3 3 3 3 3 3 3 3 3 3 3 3 3 3 3 3 3 3 3 3 3 3 3 3 3 3 3 3 3 3 3 3 3 3 3 3 3 3 3 3 3 3 3 3 3 3 3 3 3 3 3 3 3 3 3 3 3 3 3 3 3 3 3 3 3 3 3 3 3 3 3 3 3 3 3 3 3 3 3 3 3 3 3 3 3 3 3 3 3 3 3 3 3 3 3 3 3 3 3 3 3 3 3 3 3 3 3 3 3 3 3 3 3 3 3 3 3 3 3 3 3 3 3 3 3 3 3 3 3 3 3 3 3 3 3 3 3 3 3 3 3 3 3 3 3 3 3 3 3 3 3 3 3 3 3 3 3 3 3 3 3 3 3 3 3 3 3 3 3 3 3 3 3 3 3 3 3 3 3 3 3 3 3 3 3 3 3 3 3 3 3 3 3 3 3 3 3 3 3 3 3 3 3 3 3 3 3 3 3 3 3 3 3 3 3 3 3 3 3 3 3 3 3 3 3 3 3 3 3 3 3 3 3 3 3 3 3 3 3 3 3 3 3 3 3 3 3 3 3 3 3 3 3 3 3 3 3 3 3 3 3 3 3 3 3 3 3 3 3 3 3 3 3 3 3 3 3 3 3 3 3 3 3 3 3 3 3 3 3 3 3 3 3 3 3 3 3 3 3 3 3 3 3 3 3 3 3 3 3 3 3 3 3 3 3 3 3 3 3 3 3 3 3 3 3 3 3 3 3 3 3 3 3 3 3 3 3 3 3 3 3 3 3 3 3 3 3 3 3 3 3 3 3 3 3 3 3 3 3 3 3 3 3 3 3 3 3 3 3 3 3 3 3 3 3 3 3 3 3 3 3 3 3 3 3 3 3 3 3 3 3 3 3 3 3 3 3 3 3 3 3 3 3 3 3 3 3 3 3 3 3 3 3 3 3 3 3 3 3 3 3 3 3 3 3 3 3 3 3 3 3 3 3 3 3 3 3 3 3 3 3 3 3 3 3 3 3 3 3 3 3 3 3 3 3 3 3 3 3 3 3 3 3 3 3 3 3 3 3 3 3 3 3 3 3 3 3 3 3 3 3 3 3 3 3 3 3 3 3 3 3 3 3 3 3 3 3 3 3 3 3 3 3 3 3 3 3 3 3 3 3 3 3 3 3 3 3 3 3 3 3 3 3 3 3 3 3 3 3 3 3 3 3 3 3 3 3 3 3 3 3 3 3 3 3 3 3 3 3 3 3 3 3 3 3 3 3 3 3 3 3 3 3 3 3 3 3 3 3 3 3 3 3 3 3 3 3 3 3 3 3 3 3 3 3 3 3 3 3 3 3 3 3 3 3 3 3 3 3 3 3 3 3 3 3 3 3 3 3 3 3 3 3 3 3 3 3 3 3 3 3 3 3 3 3 3 3 3 3 3 3 3 3 3 3 3 3 3 3 3 3 3 3 3 3 3 3 3 3 3 3 3 3 3 3 3 3 3 3 3 3 3 3 3 3 3 3 3 3 3 3 3 3 3 3 3 3 3 3 3 3 3 3 3 3 3 3 3 3 3 3 3 3 3 3 3 3 3 3 3 3 3 3 3 3 3 3 3 3 3 3 3 3 3 3 3 3 3 3 3 3 3 3 3 3 3 3 3 3 3 3 3 3 3 3 3 3 3 3 3 3 3 3 3 3 3 3 3 3 3 3 3 3 3 3 3 3 3 3 3 3 3 3 3 3 3 3 3 3 3 3 3 3 3 3 3 3 3 3 3 3 3 3 3 3 3 3 3 3 3 3 3 3 3 3 3 3 3 3 3 3 3 3 3 3 3 3 3 3 3 3 3 3 3 3 3 3 3 3 3 3 3 3 3 3 3 3 3 3 3 3 3 3 3 3 3 3 3 3 3 3 3 3 3 3 3 3 3 3 3 3 3 3 3 3 3 3 3 3 3 3 3 3 3 3 3 3 3 3 3 3 3 3 3 3 3 3 3 3 3 3 3 3 3 3 3 3 3 3 3 3 3 3 3 3 3 3 3 3 3 3 3 3 3 3 3 3 3 3 3 3 3 3 3 3 3 3 3 3 3 3 3 3 3 3 3 3 3 3 3 3 3 3 3 3 3 3 3 3 3 3 3 3 3 3 3 3 3 3 3 3 3 3 3 3 3 3 3 3 3 3 3 3 3 3 3 3 3 3 3 3 3 3 3 3 3 3 3 3 3 3 3 3 3 3 3 3 3 3 3 3 3 3 3 3 3 3 3 3 3 3 3 3 3 3 3 3 3 3 3 3 3 3 3 3 3 3 3 3 3 3 3 3 3 3 3 3 3 3 3 3 3 3 3 3 3 3 3 3 3 3 3 3 3 3 3 3 3 3 3 3 3 3 3 3 3 3 3 3 3 3 3 3 3 3 3 3 3 3 3 3 3 3 3 3 3 3 3 3 3 3 3 3 3 3 3 3 3 3 3 3 3 3 3 3 3 3 3 3 3 3 3 3 3 3 3 3 3 3 3 3 3 3 3 3 3 3 3 3 3 3 3 3 3 3 3 3 3 3 3 3 3 3 3 3 3 3 3 3 3 3 3 3 3 3 3 3 3 3 3 3 3 3 3 3 3 3 3 3 3 3 3 3 3 3 3 3 3 3 3 3 3 3 3 3 3 3 3 3 3 3 3 3 3 3 3 3 3 3 3 3 3 3 3 3 3 3 3 3 3 3 3 3 3 3 3 3 3 3 3 3 3 3 3 3 3 3 3 3 3 3 3 3 3 3 3 3 3 3 3 3 3 3 3 3 3 3 3 3 3 3 3 3 3 3 3 3 3 3 3 3 3 3 3 3 3 3 3 3 3 3 3 3 3 3 3 3 3 3 3 3 3 3 3 3 3 3 3 3 3 3 3 3 3 3 3 3 3 3 3 3 3 3 3 3 3 3 3 3 3 3 3 3 3 3 3 3 3 3 3 3 3 3 3 3 3 3 3 3 3 3 3 3 3 3 3 3 3 3 3 3 3 3 3 3 3 3 3 3 3 3 3 3 3 3 3 </DataArray>
</Cells>
</Piece>
</UnstructuredGrid>
</VTKFile>