<?xml version="1.0"?>
<VTKFile type="UnstructuredGrid"  version="0.1"  >
<UnstructuredGrid>
<Piece  NumberOfPoints="5384" NumberOfCells="6165">
<Points>
<DataArray  type="Float64"  NumberOfComponents="3"  format="ascii">0.5424547606462795 -0.5777610874880028 -0.002982175894762611  0.4132532380861361 -0.5406867699033321 0.02720942573188431  0.5800751902981839 -0.6019334394593004 0.01678587456773306  0.5172571408483233 -0.5703957455851507 -0.02705828272165909  0.3133374478532821 -0.499522841130645 -0.08217880371704107  0.2393881051844552 -0.4535133996476008 -0.06227013641853189  0.3228301151607005 -0.4536997025158589 -0.06603366909135644  0.341390125043857 -0.5954427390214218 -0.06508642785183502  0.3166247218985527 -0.5358832808784979 -0.1340063658066889  0.1706879237163942 -0.5033367515418061 -0.01470117239294923  0.253979873716853 -0.4331422689716607 -0.05555208625050308  0.1817550727682498 -0.4617812236551717 -0.1345541909135288  0.1616194537662568 -0.4773588005203375 -0.1286033858374745  0.2081591889135417 -0.3837230827055651 -0.148504751442394  0.1901778346261247 -0.4695591501493349 -0.1182954670478926  0.162505930937448 -0.4857380976733369 -0.1169756584380049  0.3148192514587025 -0.5351352106327463 -0.1340773712481505  0.1504651126130907 -0.5136906702728768 -0.02047822643631492  0.09266595662331954 -0.6007705917591479 0.009268978289923846  0.1466179191510696 -0.5188898915133562 -0.02226619735140634  0.001279257831821881 -0.5183333194248357 0.002858994233038203  0.0901090989586758 -0.6080112287134772 0.03197356811642479  0.1014253881257866 -0.6264624548887937 -0.005367907024452598  0.1761573491802237 -0.4820958320941007 0.01119697840633482  0.191471274811824 -0.4491001235576281 0.03820982457570667  0.1467698948000579 -0.5151994956925773 -0.02329104569328257  0.1496914920310607 -0.4958988482045579 -0.1041243613239959  -0.0076874336411175 -0.5164210613798321 -0.00306481204230924  -0.429029992279372 -0.4598459877397059 0.5781872572248372  -0.3278866730399673 -0.4406378208331228 0.6447163032005506  -0.4342741692526181 -0.4529340111450885 0.5754877923591923  -0.3805357573401511 -0.3865701636743193 0.616161457631486  -0.4520363503758373 -0.3848398764615129 0.5705824379814268  -0.297179418170332 -0.3680473016679905 0.6115681207150727  -0.3470106076119495 -0.361197602953291 0.7525415616646569  -0.3562928552884335 -0.3923909514416022 0.761865958711039  -0.3355411755882156 -0.3607556491001233 0.7460803909723946  0.2210536693402627 -0.1206330485315819 0.6085277240994348  0.2588657901642518 -0.2137025407697239 0.5416231836556357  0.2176207407303142 -0.1093031900604581 0.6134413764827013  0.2779046188854203 -0.2214286545031544 0.4921665181044245  0.007491406457425479 -0.3443979161861903 -0.2698701239230184  0.009908029650965655 -0.3255872205899536 -0.26552465919186  0.001991364962611805 -0.3525820169625196 -0.2609862714665272  0.05110849209778643 -0.4021160418385243 -0.2831539562300715  0.001068063430917532 -0.3383188995354124 -0.2510171173314167  0.01121096567196669 -0.323326039248654 -0.2650013179542314  0.009672420265229298 -0.3237434416274451 -0.2671366406240192  0.3151148980142441 0.3395676691659905 0.2439130969348229  0.312284975746026 0.3434787666706642 0.2376776859413012  0.4084576828789403 0.2660187054196321 0.2980154126568397  0.3141687605694885 0.3469460417533603 0.225236137429798  0.2134923814186468 0.3523325388505457 0.3841583867392301  0.2240520897008499 0.3531158555095671 0.3847101332118915  0.2079229682635769 0.3478489383277178 0.3832556547778713  0.1989369932995088 0.3553834386499548 0.3772614730810935  0.2731081899586441 0.4002080663192319 0.3227197078336093  0.2446858274906615 0.3611786567312372 0.3983449660693537  0.3000979589506136 0.4005324052353051 0.2674873139430745  0.3042815782530814 0.3926770599114251 0.2737837732201998  0.299610788399599 0.4324648550485117 0.2497727862854751  0.3797897692584969 0.3514584352770069 0.3323725083644361  0.4156777539723361 0.2948786608311407 0.3302200623718225  0.4561409025578587 0.5039248197504202 0.4225108484291913  0.4227502261025098 0.5422059765672108 0.3959344789950408  0.4503097338253147 0.4714766794135195 0.4417381313123329  -0.02157253220887484 0.7486744560983029 -0.3426289025211173  -0.02192364866382067 0.7471208303281682 -0.3438365984226194  -0.02293803870297441 0.7498663917924953 -0.3443915279379183  0.07795727939102361 0.7790309629795541 -0.2866797059930744  -0.1012356724259527 0.1095651663450261 0.07286073476829782  -0.113660918214579 0.09808488859632249 0.04914300750294024  -0.09054769115806316 0.1071661830064888 0.0739453243683019  -0.4580217655066854 -0.3791604114935003 0.5741720855880234  0.2824072457466582 0.06873202022571739 0.3157180444328747  0.3095467953163327 0.08985187965928287 0.3139468718786023  0.2709111752637455 0.05504289081245083 0.3207100938021255  0.2780181101222605 0.05948118732827321 0.312692596703723  0.2877379274506545 0.09540386454842778 0.3171655769727579  0.4247385870012098 -0.3728652785427115 0.3947396904452315  0.3937994256448343 -0.3808988946330567 0.4049946345166475  0.4250202826200757 -0.372771427075799 0.3941451146359771  0.2047654635064157 -0.3698542474686493 0.4232648010769244  0.2198058306389517 -0.3705862113025604 0.4221097980227815  0.1714362405983206 -0.3699739356657977 0.4218087793644574  0.2817361560947692 -0.3479004825187361 0.4271752073783118  0.3207023973320398 -0.3423531906578715 0.4592350528934435  0.2259983307864101 -0.3318385623564418 0.6077694254671968  0.1316928793278671 -0.2855101806782745 0.590250239220908  0.2679985626113869 -0.366665588087538 0.6243304565440614  -0.01337374069488154 -0.4795419060472069 0.4613065101265756  -0.04808221030139801 -0.4729906317577865 0.489300473358764  0.00756226597214249 -0.4830409628792832 0.4891885591244508  -0.01872997485534378 -0.4830536361268273 0.4503572882174073  0.1745783821335524 -0.3746736412720156 0.411084912429365  0.1671896062812745 -0.3678647885763435 0.4223059105598508  0.2873410397067412 -0.1991912018943064 0.4571502416752762  0.2898376585128253 -0.2001084272407208 0.4567311965478774  0.2870086518959161 -0.2029482202283922 0.4595819052641177  0.2504979300495622 -0.1650833280548426 0.4233518648561612  0.06882537892748063 0.5013429905402977 0.3669643486034696  0.06882819581138919 0.4826279189369455 0.3686430757274894  0.1034063664424561 0.5516288845146335 0.3763229864625602  0.7023508381356169 -0.3584897137073434 0.1050623105492081  0.7085488440001992 -0.4108783527010225 0.1121757642736395  0.6635786354480279 -0.2865179174851886 0.06932651150331753  0.4742553648430808 -0.7050660259235348 0.1487176939300569  0.4742269235702905 -0.7046388549012147 0.1490238423850713  0.445407491233116 -0.7445421479347443 0.1883308222845759  0.5054403734682921 -0.7259983488715109 0.1171240632141954  0.5561134876442539 -0.6503088879074418 0.1403418178139637  0.5549273025446687 -0.6501229446717173 0.1409487025864613  0.5548819993351761 -0.6503414080478509 0.1410055696190674  0.5761280062422011 -0.6507199615960113 0.1316198321022489  0.5751183878057361 -0.6522627808099311 0.1284295390722349  0.2750289649039992 -0.751886131414107 -0.3381772902258626  0.3207486089300829 -0.7723419339177637 -0.3278655288326511  0.258244606867942 -0.7137626299577068 -0.3438312106190792  0.2444620254494108 -0.7698831030032414 -0.3054796608860838  0.3282127674993848 -0.5809094859590135 -0.1385249129214601  0.3285653372517596 -0.5814690231579608 -0.1369257842910778  0.3270294618504669 -0.5815247350619525 -0.1384630330721972  0.3351191407942277 -0.5772707944091839 -0.1647007727489271  0.2379266722406395 -0.7340552728149246 -0.2038512599043594  0.2396517940894725 -0.7346042996063977 -0.2031427267608283  0.2148990921673077 -0.7147521386752571 -0.2228593386627652  -0.5971490399359075 -0.3325143345444105 0.4418390983268115  -0.5969848594543327 -0.3315614340184305 0.4435427842183777  -0.6557232259989402 -0.3756135097016712 0.4297280348255211  -0.6018741831815029 -0.2770628448701461 0.3099385267729843  -0.5801295881767085 -0.2810958880595138 0.2855445034148715  -0.6016414433313272 -0.2739392595846678 0.310581049482392  -0.6724098483171012 -0.3234419347574271 0.08951323557225344  -0.7182049094846872 -0.3800150843505136 0.07510369438340103  -0.599839982376618 -0.2727555387509067 0.04959410973108873  -0.7338934560985861 -0.3723533162750958 0.07425065983632503  -0.6849161836827028 -0.4008188015254924 0.09299886754262569  -0.748101781823668 -0.3693799777397646 0.08750755857050176  -0.1028810733877897 -0.6798864401710418 0.5593507075976932  -0.0958504026472063 -0.6871793631033543 0.5532674911773351  -0.1239682853801941 -0.6675520106317007 0.5457425454543862  0.02415806144323075 -0.7069934056996788 0.5200558128191877  0.1479005607656713 -0.4935120681494664 -0.1075747202136783  0.1457769073381636 -0.5901248476419562 -0.07674254247458148  0.1116387778406505 -0.5082713046800468 -0.1552805914043413  0.1436424163747116 -0.6318983316260065 -0.05044288125719574  0.1569621114457917 -0.4784683083462918 -0.1274929473273227  0.1185773411490189 -0.4934192928634826 -0.1503763357432182  0.1245397368645104 -0.4903596830975746 -0.1427544638893566  0.1133570283361943 -0.4880593593142888 -0.1483040858457725  0.1245654351731388 -0.5262071241955111 -0.2295655055101805  0.02655454548618963 -0.5706825821566728 -0.1737001490187194  0.2451298782885515 -0.6239659044761272 -0.2107736991972868  0.2436686947416317 -0.6255303389396258 -0.2104751809548002  0.283790665062611 -0.6038131590455817 -0.2405727141603467  0.1393396920093333 -0.5027419468478854 -0.2340476729280123  0.1272073185544705 -0.4800748252128342 -0.293437969325653  0.1100796408047094 -0.5394027882546033 -0.2399268447051753  0.1620290589557393 -0.6071630298477316 -0.214044259572448  -0.106970905819817 -0.1252215752499414 0.6031985487002339  -0.108090011229741 -0.1233963151919564 0.6018457962706342  -0.02826110938625161 -0.1321736518538306 0.5472955974476486  -0.1105722891577559 -0.1203883462104853 0.6295658922231379  -0.05156426225586185 -0.4740950497503619 0.4861613303423344  -0.1152154542105677 -0.6758060962369603 0.5409248614688726  0.01558207926538017 -0.6825693333282133 0.4726143789708759  -0.1220601288304134 -0.6708638433331688 0.5396420735429186  -0.2756054987463016 -0.3058685341916117 0.6655116844503511  -0.2965295420376367 -0.3353683421032527 0.6861903104184266  -0.2714397446030219 -0.3055989198184195 0.6481168687157879  -0.2730311178785376 -0.3176900936881863 0.6263549302381104  -0.2251761833894277 -0.2515915074247512 0.5917956344899815  -0.1432923173611786 -0.2396392456953402 0.6206608308227521  -0.2234486955008195 -0.2520879009504419 0.5902249719456536  -0.2285055688427752 -0.2526780990511999 0.5914298618343728  -0.1435548203502297 -0.240268925660409 0.6188463598507808  -0.1415072714185839 -0.2349885709244443 0.6293708736924406  -0.1440509338898356 -0.1146432445443062 0.5580723825464425  -0.1350423613537858 -0.09708027372195047 0.5405194502486842  -0.1496108457471057 -0.1318968473057971 0.5628068255696772  -0.2562936775225944 -0.06677098873444871 0.6579190973090613  -0.1755620053641483 -0.1074373499664605 0.6599747637086298  -0.2139451513657435 -0.1244341893682766 0.6563071436424632  -0.270495564136374 -0.0538163571130118 0.6611500863407647  -0.1741366649100252 -0.1076236827885355 0.6603403186131851  -0.2041645076541084 -0.1821612331122985 0.6746528110047528  -0.2562309250657407 -0.7691722772223719 -0.06827741930754097  -0.2650429049001322 -0.7512576372753623 -0.1635250734868608  -0.2754903620554776 -0.7811882391947848 -0.05753934266910438  -0.2559312960136467 -0.7653916689459548 -0.06682655520897274  0.28741084021587 -0.6337004591566385 -0.2761259320872912  0.2593470522941362 -0.6676602300632657 -0.3464262263568866  0.221418280963409 -0.6865749703167363 -0.2443093210226024  0.2925983140268654 -0.6029263792086016 -0.2511811169052649  0.3710449052001111 -0.6307610339653552 -0.2653488875427753  0.3417026917877043 -0.6621080088472334 -0.3304390481410043  0.2584834706801931 -0.6673841556431548 -0.3479450558894778  0.1297226016245331 -0.4761483513835622 -0.3010597656962918  0.09883077442012927 -0.5298931613249297 -0.2776862904278564  0.1029037799096132 -0.4437797759478576 -0.2912854445105719  0.1276509594612978 -0.4802275443071418 -0.3055347548309225  0.1558655488650476 -0.4667929178542095 -0.3075844858576414  0.09774132262074547 -0.4391401134237437 -0.2906686909476248  -0.5793728435259626 -0.2793989436023558 0.2852198211068743  -0.1360996434929016 -0.673897275370735 -0.009673221772545523  -0.1682746318018292 -0.6825092458688371 0.0003747980510349358  -0.05821648791213435 -0.5617391761240687 0.0857951304603288  -0.1288579207631696 -0.7141303189270874 0.006538609751240182  -0.1907793934851217 -0.6709209948943174 -0.005402009608950445  -0.6051356358111174 -0.4380452834104925 -0.1597302942873726  -0.625143277789411 -0.4438042046922193 -0.1502876674956679  -0.6066827718053569 -0.4519618216218082 -0.1948843972605593  -0.7004528219816162 -0.4381791397830984 -0.1227789969504444  0.374520611072632 0.0920463211768294 0.352963777301496  0.3088281371020105 0.1001229805914036 0.3148570945304889  0.3960412220598751 0.4780281660081556 -0.1513963859664325  0.3591308016884777 0.4586573775604422 -0.1596932094336995  0.397601422651446 0.4793842314463986 -0.1517948281821074  0.4169689539571617 0.5459920744026261 0.3930663940811536  0.3432071026890026 0.2171371471481672 0.8710527842028157  0.2942955258348558 0.1836207254100357 0.8581804131455805  0.3513676370545211 0.2140147584694855 0.8699458481651103  0.279965742924941 -0.3972923498406419 0.5883047499183245  0.3380684683398658 -0.3640616886606121 0.5535286555456831  0.2724894211721908 -0.413824357470804 0.5939339152991304  0.2998289730034053 -0.3464716834568485 0.6369735652036326  0.3005801727928235 -0.3406015074455684 0.6372826083917811  0.2912632711279816 -0.3569348634037851 0.6335613057962629  0.2981952430238214 -0.3024029833251752 0.6916454712568308  0.206041911658423 0.1657035683175188 0.9000047183509587  0.01346896183656496 -0.3684919959598623 -0.1524069502115317  0.01473061290042446 -0.368696688307818 -0.1509117882343347  -0.08448127530459459 -0.3945608360575688 -0.1220256569543609  -0.1420940409548021 -0.3322262418507347 -0.2104128960133652  0.009375499149612622 -0.4005177605767117 -0.2454422315629501  -0.0455948375880082 -0.4775202497197605 -0.2113720713018753  -0.02357773198354602 -0.460395938643523 -0.2088709919709915  -0.05724525312871748 -0.510969043850287 -0.2060090008467847  0.01584738363990316 -0.4150546516291497 -0.1922354677116692  0.012608577961903 -0.4148255776457822 -0.2290125778640662  0.03341789114963453 -0.4196732833942857 -0.1730457727333438  0.01192301317990469 -0.4123419375247616 -0.2332891853982514  0.03644883089217981 -0.2770393299946867 -0.2376502632065695  0.1238169838619763 -0.3062182293215926 -0.2609418192651269  -0.003539197209894582 -0.330546368056416 -0.3219231217868042  -0.0202281957689328 -0.250605808931116 -0.3244488675049058  -0.0199196855512309 -0.3201724134816085 -0.3756844039790845  0.02408027496656494 -0.289006465976496 -0.1768948269369536  0.03641371931175272 -0.2768856703713121 -0.2361794190598903  0.02394684930434178 -0.2887394665156512 -0.1769527900169975  0.06708799270633975 0.003533003259127362 -0.08998769000787177  0.1053855068864992 0.001081516345764179 -0.08287019651988509  0.06000017119102728 -0.003334771820591532 -0.09908273328037108  0.06047366129391428 0.01944430917538588 -0.0948117260359807  0.6498181554033885 -0.1408832626157039 -0.3668424740747094  0.6522287139369023 -0.12830394872552 -0.3199688577765291  0.6505565247749636 -0.1414225448888428 -0.3673511549419307  0.299259447823908 0.3364009828919627 0.1707496244310414  0.2686779078176934 0.3395515851785425 0.1347986516851095  0.3055365961421451 0.342757340512418 0.1763394682616717  0.2617258236331127 0.3333670465042213 0.1033126974314929  0.2772189896791938 0.3287194496698673 0.4148097018701785  0.8514594128880949 -0.4680162881070656 -0.2078996701246497  0.845545500133301 -0.4701925848737267 -0.2018692480634517  0.7175327018479164 -0.1963584453625869 0.4296344032603692  0.7181468223828873 -0.1982500648885761 0.4307690959253563  0.7022180840832468 -0.1426882727753847 0.4142807576189393  0.3032513914743439 0.8851018188692455 -0.1274013846894134  0.2834819485233023 0.8773627445090935 -0.1237705828117157  0.2674861164088387 0.9044419539822167 -0.1307340664238966  -0.09009679127836892 0.09044584107870385 0.04783591420261624  -0.107848957622977 0.09128039686035608 0.04107696078875242  -0.077049709176473 0.07400213471458797 0.03814399248162009  -0.5655631068287423 -0.3977611841407846 -0.04800618457153415  -0.6557931592113122 -0.4341244343718869 -0.02123739803026739  -0.5562627908388464 -0.4122928009639712 -0.06362995973148844  -0.5417716387739024 -0.3183169262166743 -0.1005875289563023  -0.5522577215219977 -0.2968599420462252 -0.08352042547603236  -0.474371367054055 -0.3293098564667918 -0.08887946386159248  -0.5190268797714931 -0.3794405374710882 0.701441707166522  -0.5151446820153575 -0.3841002380451893 0.6674557523850353  -0.4940787125010366 -0.3797380304544403 0.7601050448430252  0.5653681073173167 -0.7120785712857439 -0.1869818475512969  0.5542662329389966 -0.709722060012126 -0.2036729624615937  0.5362917292924064 -0.7551559886075082 -0.1069947771183503  0.5255654615574381 -0.274459857142506 -0.2119286305540711  0.5830028134821217 -0.3844619570288229 -0.2422598077914072  0.5256138920044793 -0.2675216463700544 -0.2103938045936347  0.5108515762363409 -0.2795850810308791 -0.2218558134154197  0.6324893178590844 0.1398788438226464 0.08698185910857806  0.6551082666285423 0.1406646263774797 0.128794408753529  0.5932976814773708 0.182400052614488 0.07835156552792874  0.6592569703084065 -0.1080092852387681 -0.2893713824232957  0.5976428159664297 -0.0366630212416918 -0.2455751214484281  0.6583220258823272 -0.1102852468947085 -0.2906978717268913  0.7088091845317693 -0.4146565126928642 0.1198440273100059  0.2845253846922541 -0.4227967153853057 -0.05316509856939793  0.1221440069119275 0.01285309461671343 -0.0827368682945428  0.1157621664890952 -0.01677664735426226 -0.09920727176328861  0.1313638484547404 -0.0966437670468505 0.06214492420530073  0.2174676011569092 -0.07838513955644003 0.06565438900873384  0.1308512163765767 -0.09669282732316628 0.06244396774075456  0.153041709314898 -0.1352475867531977 0.03256116743944633  0.2489654397891101 -0.06882513619950652 0.08239064425248116  -0.07335059757016682 -0.06533610290661696 -0.008140891603328315  0.007282625876793639 -0.05356809855119954 -0.07679178877020293  -0.07351348793560038 -0.06091492026068991 0.01328039892892884  0.002127484760099919 -0.2507550051632484 -0.1123735865141213  0.07560408562045402 -0.1968261000617152 -0.07656758284608056  -0.002348566481572462 -0.2488175702415836 -0.1160918697037021  0.006990564289899678 -0.2564910009405742 -0.1161230301180882  0.07840081855450634 -0.1933336103662507 -0.0703259356553125  -0.03505211197298808 -0.04005727092874575 0.05352526782688759  -0.03342686845501584 -0.03786853963836058 0.05427549653629687  -0.03660000938853322 -0.04206030864854224 0.05401732014996741  0.279854749574318 -0.1228339637478712 0.07106935834159404  0.2852479536579177 -0.122857643551008 0.06700146984747961  0.2982868209736688 -0.1487733706211612 0.09129409465574165  0.2589487394361073 -0.04871285777029604 0.07037941964850725  0.8691369648752478 0.09317384229782914 0.3688886805014631  0.8637428729852524 0.09710140673168124 0.3752622761527924  0.8557449234960062 0.08542424428541914 0.3749148820277025  0.9048344176925882 0.06872014934074261 0.3530690559448165  0.9121835210671102 0.1025198449056961 0.3133300624585043  -0.4636784571811667 -0.3429463575746555 0.618836155363701  -0.5055375076885201 -0.3877472331251112 0.6570337844794532  -0.4579286543726122 -0.3785607083264276 0.5736808665167863  -0.4849244892499625 -0.4152099189386824 0.5919403952236295  -0.5094720396158782 -0.4166108740833182 0.6375848852068602  -0.5095005542132229 -0.4332976362020297 0.6220446807527192  -0.5338960271675176 -0.3584649236633788 0.6899976828744376  -0.385607766457804 -0.4093740054219005 0.7502896281716178  -0.4971401475702983 -0.4270534900692809 0.6042376094397313  -0.5990516874847455 -0.3454432528377098 0.697505629870568  -0.6051601082078165 -0.3348557870913949 0.7021292898775472  -0.5743111963682191 -0.4509614336888496 0.5994980527225603  -0.5742393675116794 -0.4509639075279233 0.5994865666323657  -0.6119739017327409 -0.4681490391833319 0.5850110216400669  -0.5984243276806074 -0.3188348170569154 0.7086209563287904  -0.0134634305015479 -0.1855729849563066 0.5173754571188633  -0.03472764812350546 -0.1935967151932333 0.183168711939247  -0.03647894038839689 -0.2337814926421468 0.2257223289485418  -0.03208871825628194 -0.1852942030466826 0.151460966724862  -0.1094614900997276 -0.2538655042245901 0.2917491751734557  -0.1133084219127486 -0.2426860121738987 0.327748934477815  -0.1033625997751853 -0.2555370676233977 0.2896883118753027  -0.1550590481074292 -0.2731499086040496 0.3344657901235829  0.1900640411899863 0.001057772077878997 0.3636446965073185  0.1916173785239179 0.03430562538195261 0.3687824556698394  0.1858941486855958 -0.01232907093043516 0.371015378787189  0.2000099946012658 -0.0005928442710984687 0.243868730819277  0.1309256225360494 -0.2823263073952607 0.590387074194157  0.4635137310349105 -0.2598502195254315 0.4278697243864456  0.4600927398483532 -0.257187817459393 0.4346831797160935  0.5106679507715088 -0.2457417349213806 0.4297736732227739  0.1914794223768245 -0.4489763539325199 0.03828518534517071  0.07355591178880033 -0.4022899886087736 0.002976841324068738  0.1914974202469576 -0.4507539472375234 0.04153985739866772  0.1950094766093617 -0.4408022097454206 0.04029612748160584  0.4107472741587957 -0.5399134112509062 0.01573937656605805  0.4115082969974788 -0.5480263547331564 0.04435552872744566  0.4104711032417145 -0.5401756482357956 0.0155838073415743  0.3822589388478563 -0.5824631941358027 -0.0199710478560606  0.4091051460140364 -0.5351655061425417 0.01479647890390055  0.4402549259151481 -0.5482786861894211 -0.01379788800513505  0.410275543602901 -0.5355196819864233 0.0154599261519284  0.4586899454607166 -0.4000564588476693 0.3174216076306305  0.4445991742840036 -0.3800796980587904 0.3270346372101937  0.505586333526988 -0.4775226824147662 0.3542177295108997  0.3730294145820719 -0.4483859555386258 0.4484381371065622  0.400257421762984 -0.5301196390607552 0.4916983808564546  0.3552758250968314 -0.3867084496276377 0.4392183141043382  0.3672328753873854 -0.3772096994873511 0.4256073593437061  0.2814013017128727 -0.3557207655427554 0.4169799313494461  0.2358788551619693 -0.3777279735338752 0.4062136375643436  0.3458353233345342 -0.3734113388790283 0.4357091865175651  0.2289064560320868 -0.3810073574714114 0.3984061830507165  0.3930709394239837 -0.4672617194303444 0.2992898688294036  0.380342928455973 -0.5176628780986603 0.3143660689935054  0.3288868492441163 -0.4189736608852753 0.2745574735429377  0.3349013440094101 -0.5559993787422258 0.4897497912738986  0.3239322278804553 -0.5756919836361469 0.4806809431983001  0.3991971901110672 -0.5308618449099385 0.4908472509461502  0.3194580366588938 -0.5535692662812705 0.5110127940869742  0.3456969205601817 -0.5853797247350179 0.4705604662813275  0.3122887006514644 -0.5820695712981924 0.4874472737658304  0.4038112639385081 -0.5472646677903317 0.4804284036803828  0.4044799855684605 -0.5500923932679219 0.4772239904438513  0.4074531232038734 -0.5327477895660185 0.4919607860869511  0.4004582119519073 -0.5233448784725516 0.5087245841543033  0.4141019305468179 -0.5293839166530314 0.5065982049694296  0.4913744560482025 -0.5049137114857751 0.4605865676437552  0.3713285119684654 -0.5186131285408441 0.3134683831078515  0.3932286771171565 -0.5220127273078984 0.308073543123899  0.2674036211724286 -0.500508312085413 0.2934381203721643  0.4778004619528554 -0.6112998033009476 0.123336398465983  0.5379397500597578 -0.6741442879984442 0.2014791201027357  0.5896373685353752 -0.7064223509490279 0.2475723447004475  0.4866474690319852 -0.7154383778953104 0.2386532174152012  0.494037483671575 -0.7283340589522893 0.2546065995542831  0.44851968866217 -0.7332571466900437 0.2052224948089713  0.4253660290776585 -0.6333956908683694 0.1248709718154616  0.3845124586917744 -0.6016947838588683 0.08154127658412344  0.3655916868285121 -0.6705772789141318 0.2013457774318544  0.4344515959204836 -0.6202495998278506 0.1220094215641184  0.444530214749679 -0.7339734473272412 0.196279816469271  0.4500657399616675 -0.7729493219357416 0.1880744106314312  0.3892562964358738 -0.7862684402850574 0.1524274446844531  0.4015683413523849 -0.7119793134924017 0.2097032578157554  0.3910557488506726 -0.7073873576026585 0.2123888294277319  0.3913038317449388 -0.7058911896316094 0.2121998889511847  0.4386044741947204 -0.7312506215187548 0.2035421050589569  0.4447790125762449 -0.7342154037581731 0.1981967343266953  0.02641652616150346 -0.5706255817057337 0.07561182836673991  0.09378332199706532 -0.6211352133417543 0.0287692450837613  0.2551855289333141 -0.7666195624684249 0.05276391196386798  0.2649469424010515 -0.7736386260969454 0.0463883919840634  0.2602737348410087 -0.668617951937461 0.09407697154491335  0.3807754092048397 -0.5778560208804951 0.02910872973479638  0.3824125944016854 -0.5897483934975802 0.07292979211166606  0.3136602318227995 -0.6035435800785949 0.08556665962730522  0.2463350446547358 -0.5324859475784693 0.1065036779342624  0.3101073699194994 -0.6105700460418111 0.09485418323926799  0.3546760729477632 -0.6030955319073446 0.09099345658094513  0.4057023903843226 -0.7123369806641088 0.02581146430974259  0.317678871379264 -0.6128710823246311 0.0991846431756031  0.3845014280324653 -0.5935084820689513 -0.03542198335210091  0.3426470773617395 -0.5963539869604171 -0.06387231931626922  0.1107254196097873 -0.8800435468936469 0.3451062403048331  0.07815294884482306 -0.8817188652573823 0.3737333037996924  0.1253008014001482 -0.8855633066027264 0.3506088706533064  0.2920435513816316 -0.2868537496230416 0.449904682903405  0.2789112425821628 -0.2470510240570652 0.4658797351930068  0.3550401448147458 -0.1667439667197639 0.4714392151523458  0.2740445439975576 -0.2271545786069619 0.4720662311576301  0.324900844376491 -0.3443392484726502 0.4593918563338716  0.4384016317388739 -0.295383874574621 0.4434160167216601  0.2093763058431206 -0.2435109454238477 0.4640598316666001  0.225181583172831 -0.131155537218825 0.4108680974777704  0.20270479533143 -0.1968299753387536 0.4306697984344645  0.6511849278428556 0.2961314283234173 0.3628670665932159  0.6057652567415728 0.2963318455656706 0.3595781583025368  0.6556593477543728 0.2861954859745531 0.3617119519882053  0.4512885903398544 -0.777709437474681 0.1920902343675764  0.5560091930419322 -0.66763932620643 0.4232891940111027  0.5295563552256558 -0.6654622917195573 0.417737265911167  0.5211212980498269 -0.6091296328136526 0.4018669611502225  0.3290684682734978 -0.7472689421201492 -0.1790133768361666  0.3694771023053945 -0.7730649445230825 -0.1834408254290664  0.2283537913380705 -0.8437828547073269 -0.2334387462340683  0.2575013477077127 -0.8469757021607676 -0.2445439183743551  0.1952079704394954 -0.8508865098027036 -0.2228139267837002  0.3479116794814415 -0.8646647576259485 -0.2396204203711954  0.4249712646049755 -0.7297650806193094 -0.3098030351726342  0.3647938920193069 -0.8250616567685792 -0.2766647427120835  -0.5936244445046437 -0.3070308513720505 0.4733871902293026  -0.4833706531506721 -0.2490003580906831 0.5101654622771038  -0.447855472690134 -0.2566861291120529 0.532166910465826  -0.447803771847541 -0.3814006977450978 0.563326500923417  -0.4858232313729003 -0.2466027732506816 0.5100732871688705  -0.4485851587164361 -0.247085116304067 0.5389340934771569  -0.4001820121549224 -0.2902414118698113 0.4884647459972548  -0.4243743954975712 -0.3905398634003968 0.5265877783794644  -0.4071571992494594 -0.3550102100094403 0.5122993921939946  -0.5779460502896859 -0.4126177562092275 0.1486493176779483  -0.5842122513726542 -0.4016839648674185 0.1428704382987855  -0.5511835550989587 -0.4092952648854201 0.137491502225691  -0.5955784866852794 -0.3992721466707875 0.1341488758968971  -0.5952320372285387 -0.3992513998284492 0.134405187347458  -0.8098118514017872 -0.4642969432024595 0.2148472252786923  -0.8387471402812064 -0.4639323405488745 0.2543854691631151  -0.8480756835659911 -0.4626897963736045 0.1378383399604811  -0.7322754052602423 -0.5442324601376106 0.2135908462777256  -0.8294087820902231 -0.4237369175168594 0.07290074893629732  -0.3716898609537849 -0.4015682902870316 0.7471712562383576  -0.3459998253940726 -0.3952466933253493 0.7564994539402248  -0.3604495046422257 -0.3945009665447876 0.7702011695598456  -0.02236141110123206 0.7470229639104843 -0.3445963549095139  0.02691120691437739 0.7251562431411342 -0.3421288067836654  -0.1054817779160079 -0.154798983903759 -0.05098202152241837  -0.09483287199566963 -0.1485775548807968 -0.03729809959578156  -0.1008376041047865 -0.1819478402799756 -0.06502685942822869  -0.1162014729546459 -0.04070747920319607 -0.0621139995123217  -0.2187899590717297 -0.1579465913790788 -0.0740673007394196  -0.0883729416468773 -0.1406210728818666 -0.02890519919762496  -0.1070238802935295 -0.2030606210387667 -0.0777957048185159  0.09868132410403586 -0.5306184649777244 -0.2834921464232729  0.09670991954668766 -0.531612029649939 -0.2765029039097047  0.1040705447501722 -0.5222438373290631 -0.3003084223558811  0.2015474547611928 -0.6602348677909453 -0.2038593402812524  -0.07053113536276648 -0.5282521363080547 0.03236898789436443  -0.07734045722903696 -0.5234685999938031 0.03639301735764722  -0.03251120744547906 -0.5188739060805917 0.0041601253555094  0.09973670419948796 -0.4761889807870243 -0.0256656303628276  0.02501429051974632 -0.4576600469769806 -0.01768360648236963  0.0211170528981505 -0.4569005029605266 -0.02021885031390681  0.07331005371200594 -0.400777640345316 0.003044257084726817  0.0723796242729048 -0.4020697405117863 0.003075104412556512  0.09243265451261959 -0.3723617054449766 0.01235657429049493  0.07331676006347937 -0.3851192447859499 -0.0008242641879330978  0.03827267741517194 -0.4354606884380838 0.0789259865283712  0.06216209565095561 -0.4278707279510005 -0.1759275435113166  0.03819444336159313 -0.3346352069155683 -0.1351759818856619  -0.1110410540767517 -0.5118123335985344 -0.1782933932306964  -0.1102486669614835 -0.5116135491530328 -0.1687619691782437  -0.1054590951344299 -0.5133689917436657 -0.1812008129644249  -0.3523574565756243 -0.2663315501408937 0.0850339431142398  -0.29742831536952 -0.2642353022277486 0.1151877657266838  -0.3567715700189779 -0.2625184560022218 0.08978080703965696  -0.3429626262139657 -0.2298746341350356 0.1551977923678459  -0.273170893234483 -0.2607386159289475 0.1215899703292118  0.2220891778709439 -0.5321679644006978 0.3705600414455515  0.2238456999754349 -0.5378795321134618 0.3730274151632078  0.2147689380468854 -0.5149327199355058 0.3662761626307849  -0.2045993184725495 -0.496322646142237 0.05677391701603807  -0.2075141448278456 -0.5045173545327633 0.06173606830793245  -0.1981247324660079 -0.5047115308125445 0.071386388360168  -0.2011184779067867 -0.4889084880370829 0.04831092297474598  0.01529262777311705 -0.4509135602951622 0.4487942181275487  0.127977566150919 -0.3749552261115039 0.4550885364234731  -0.005063472009635223 -0.4686237713740031 0.4387408168750151  0.156076915228782 -0.367050223020524 0.4319874739186401  -0.0448272007849164 -0.2751901599274755 0.02238504445633946  -0.09179841471472933 -0.3070401490685525 0.0305543805186199  -0.04076533688270224 -0.2699390893228915 0.02683449753132303  -0.1801996000657945 -0.09463437006353986 0.5358218910438285  -0.1338103293059354 -0.09757356284403418 0.5353659148033357  -0.21085441042144 -0.09372015596606323 0.5233936775752122  -0.1390136168837272 -0.2203426220221577 0.438414292919771  -0.1985500156420998 -0.2631610381178986 0.441291382298228  -0.1248302179256501 -0.1945462057697064 0.4090142287385346  -0.1072394084609943 -0.2918962598695261 0.6158285022400379  -0.5564226282601162 -0.4632251830837303 0.4423738663505697  -0.5704487586315871 -0.4357149458515963 0.576920251412549  -0.5544672884892275 -0.4618304890179862 0.4413975251976617  -0.5717938860339734 -0.4510869462845776 0.6010652655556498  -0.5539018113100111 -0.4476282305413621 0.605553878893384  -0.4622426192373463 -0.4349045978950019 0.5812904178922847  0.02174228588951467 -0.6852653382527125 0.4745446007480011  -0.05278252903728788 -0.5804516236619363 0.4039526643942322  0.02118464190697675 -0.6695100742953924 0.2949152432076116  0.006168113050878135 -0.6442530285852643 0.2975427336230453  0.03225156892892117 -0.6643107162837355 0.2860666112285328  0.0644717008665024 -0.7179646864882017 0.3448842861626296  -0.02314537143742794 -0.7830984316636109 0.2824568816534762  0.06655620568491888 -0.71714423236255 0.3547429063593278  -0.325753843046019 -0.3363251783105075 0.6906785906704522  -0.2831384290920117 -0.3521290632199099 0.7225829232679082  -0.25544248526292 -0.3332164693586241 0.7232479272982316  -0.2780947514049181 -0.4200350696912759 0.7323391839749679  -0.3063148558660589 -0.4462699117905815 0.6471515683372449  -0.3020678033445502 -0.4493779188494219 0.645215697762572  0.1499211096021294 -0.469291409136109 0.5359049562635523  0.1051064769015392 -0.4446007369450712 0.5360632470952466  0.1705233818409625 -0.4864726694869602 0.564244137004434  0.03478326487099476 -0.5752366024997645 0.4495486101974582  0.1453360865918179 -0.5732396543019256 0.4813810030072158  -0.001889207122827568 -0.5564502923772841 0.4116689118743399  -0.2715660272894213 -0.2968969858706566 0.6336064314815886  -0.2668276731699966 -0.2880462399335839 0.6179701210002252  -0.264088228413352 -0.2775580948224732 0.6053661485349296  -0.2079849036541541 -0.4126136621890757 0.6750366833897057  -0.1556834025800974 -0.3864963946968742 0.6810309102445576  -0.2275327267669106 -0.446901826798639 0.6870994071277953  -0.2319970120783476 -0.3457089008519559 0.7025408176902672  -0.2361236977539555 -0.3412927724986864 0.7064435361953203  -0.1507489305507797 -0.3702445100037544 0.6868840239078922  -0.2540531234180708 -0.3315625908159379 0.7222994371902195  -0.1700263712233094 -0.3286292438011097 0.7256875458444597  -0.2776388377164666 -0.42074562879628 0.7312902224849599  -0.2585126853558399 -0.452800820880834 0.7118537142357976  -0.278387931276976 -0.05469769247844599 0.6461708617223357  -0.2794344633421315 -0.0513847418374544 0.6513046984978426  -0.2736047252107904 -0.05457257589895257 0.6162580980332135  -0.2914155543229994 -0.1122179559317005 0.5940625187930437  -0.2872050960143036 -0.10608329943807 0.5818056729282255  -0.2996190447739154 -0.1232789581857115 0.5908051682727018  -0.3347150539314695 -0.08699373107294729 0.6750831653776501  -0.2913202091415747 -0.0546039530200778 0.6616294539219976  -0.3385845415942335 -0.08521210165184952 0.676753059800864  -0.272030562067539 -0.5381812365617402 0.1014511165963443  -0.1883035102257365 -0.5191558964803517 0.1246233773785985  -0.2926982543429383 -0.5925288412952014 0.1059255007507001  -0.1360349623434532 -0.6665393818278661 -0.01503045889089594  -0.1108197906729477 -0.659848583769851 -0.04825861520047522  -0.1895947916498206 -0.6668085662090742 -0.008531402424917081  -0.08549631009202564 -0.6836862289623745 -0.05968379407757768  0.01023894314724999 -0.81726883010339 0.2589938324054095  -0.03188665230787702 -0.7724387691723671 0.2721587350862379  -0.05510767222268882 -0.8141174454527651 0.3430392621521983  -0.2317355979922293 -0.772093842035534 -0.175703583857129  -0.2326860520815226 -0.7730364830162196 -0.178217274255593  -0.1292376837447325 -0.7699009404045343 -0.1936704524154056  -0.1473129769708864 -0.6366726849092739 -0.1511899525287079  -0.1272980065979046 -0.655527494174327 -0.160371812307889  -0.1799726205789528 -0.6372292871992404 -0.145423221064961  -0.2619008644822045 -0.7057384311525919 -0.1507029989594127  -0.2768656132364216 -0.7537857577137812 -0.1776738571570388  0.3910776987090626 -0.6274610391095183 -0.05826050178975574  0.3821178593715098 -0.5197216869208232 -0.2213980956749245  0.3595508488700939 -0.5423763197989847 -0.2095354828107515  0.3871081097184096 -0.5211235430808746 -0.2298439930863156  0.5187416832287448 -0.6085656882563861 -0.07197413202509657  0.4621024432083367 -0.6453780886827841 -0.08390525307332121  0.5491114104237436 -0.6323984953835198 -0.06131947080820184  0.5079779693510059 -0.5811094909029086 -0.05240971494132025  0.1516966020997535 -0.4741847441055954 -0.315367869397385  0.06578603828698248 -0.5213847651630575 -0.3370680093718833  -0.54310547785386 -0.409071643668605 0.1337932037013796  -0.3994792469117107 -0.37743028492614 0.2193896244135419  -0.4034397045046264 -0.3310918926087706 0.2087863196287746  -0.3819001204087794 -0.391283265522382 0.2364259620808445  -0.1517905797143737 -0.3269982358956371 -0.187498990300214  -0.5091798854250736 -0.4139541945212515 0.1376213193830548  -0.3161080791469147 -0.2017461808797795 -0.05257843989764444  -0.3254863973719369 -0.2037405271453487 -0.0569211340920505  -0.3066308449409789 -0.1852380738654064 -0.05418866375899539  -0.1104999758955944 -0.06397132167579009 -0.4386201234498395  -0.2966139019015207 -0.04135202796236102 -0.4650939821823216  -0.1028449542082201 -0.06104314518057465 -0.4389417562237239  -0.6070588288023825 -0.453760863844545 -0.2006075340730412  -0.6052861085307224 -0.4531679396655218 -0.2048658148671369  -0.6645920993060993 -0.5856351229103312 0.1446998235916341  -0.6595507185902195 -0.5938525785993832 0.1369197928368875  -0.6763319671563059 -0.5907738833113915 0.1625725088585099  -0.6344360852419362 -0.5884144275364317 0.1335140757007159  -0.1325353436089859 0.8806414929052794 -0.3605110978785515  -0.1088221324324903 0.6990806423961924 -0.3776190165425942  0.5577303722508167 0.3907411663169624 -0.1624986368368346  0.5624641369315575 0.4057527808057911 -0.1412857060962047  0.5696479280389229 0.3955326077002205 -0.1648108517020882  0.5814548188422398 0.4149193954746748 -0.1423846671704563  0.5268731154627615 0.3807808402393106 -0.1085049539686885  0.5428936423682369 0.1960078701608534 -0.1691313761480327  0.5498938129726008 0.1959129436003425 -0.1737940369157452  0.5244673507866618 0.178440859767627 -0.1753366528438177  0.5383255266101039 0.1790682360460306 -0.183721698079394  0.5725849848300283 0.2378839043246449 -0.1969925459985529  0.6928096785852972 0.6368642867988031 -0.1406858206008545  0.6738205829676961 0.6214959760005252 -0.1088072256847775  0.6836758031030863 0.6512658056025686 -0.1878994139021665  0.5841369952069758 0.567810815868196 -0.09375796903998598  0.6005003950985748 0.5585832615934047 -0.0834521642940429  0.4880038105580326 0.5743374995773085 -0.08846306371287828  0.6175207115835235 0.5978245598025618 -0.07712510070227421  0.541596977361691 0.6585255094083939 -0.05605794137479032  0.6297931029269147 0.6004452456162541 -0.07674363063823983  0.6263933733793737 0.5237928793814061 0.05833229318971626  0.6245287086338231 0.5187847495325006 0.05003105179638223  0.5962114552402515 0.5268241038902732 0.1080233112942319  0.7633804049557785 0.00763181450574453 0.03003886575973803  0.7384338358766451 0.0001209909641879947 0.01406692004823176  0.7743055799785873 0.01139398811663276 0.0342874320707731  0.1806454418095237 -0.6547956153360168 -0.3501984539930144  0.2169071444092096 -0.6871383663644806 -0.2389884660239543  0.144439337648986 -0.659592444410994 -0.3515924453781618  0.1874789059313307 -0.6551425674529916 -0.3532455089080163  0.2589412947256634 -0.6680201113339215 -0.3464846999197906  0.2584323250745859 -0.6676634176827311 -0.3476394333203195  0.2132431130929598 -0.6894090656621706 -0.2338519378141907  0.2276758484558919 -0.8022895372630626 -0.2593691644239502  0.2129577845417675 -0.8147026487403285 -0.2470444093879003  0.2245448825001963 -0.8072840094326247 -0.257634454634153  0.1768438376609265 -0.8375775964001531 -0.2268016942108936  -0.8387391998433699 -0.4640274987431561 0.2545006580738832  -0.8297380776850278 -0.4496379856552201 0.2731785985005805  -0.8062070118173968 -0.409684760888372 -0.05221009299663888  -0.8313611089706094 -0.4374875779645082 0.03042590567804914  -0.8107637728122021 -0.4213155962196352 -0.06103886735797226  -0.7341840534581886 -0.3924871376382796 0.04892355125218721  -0.7210627039259315 -0.3984686347557573 0.05016946832296786  -0.8044294289651088 -0.4278676777997455 0.05098410698135823  -0.6898568416447292 -0.4058128930722625 -0.01392861409121564  -0.5717517753737895 -0.3068614755938435 -0.05238387806069171  -0.3650850895937817 -0.6138595481735817 0.03892357362281374  -0.4522127411717301 -0.6396194655880045 0.05095930575993873  -0.3603104878094616 -0.6061451405435452 0.1039294802440024  -0.3672101969292286 -0.6062967909433218 0.007126941594866529  -0.3132473849593019 -0.6547249421920746 0.02568333353707361  -0.4621106005776746 -0.6406923214779358 0.0716374991868742  -0.349970610291267 -0.6136179712373768 0.1052028099696722  -0.3918712699995105 -0.6123315024486604 0.1410535343397784  -0.4812947884600071 -0.6263511258102886 0.07795444997226872  -0.1984657636720071 -0.4926384123723188 0.03182691728103178  -0.1812174994895229 -0.5199778586442304 0.0002712387323517071  -0.2307437612686835 -0.6285372989999263 0.03847415079407421  -0.198548499082661 -0.4913724118910502 0.03357089281743036  -0.1833781135644365 -0.5175937263420002 -0.003790472319943658  -0.5036874439111947 0.7999976207483954 -0.09993829984340019  -0.5169517907047424 0.8092031420856032 -0.1138410500990803  -0.4469508374135079 0.7826750044478168 -0.07245852733334877  0.2629951650849069 0.3450995325110926 0.1268501216988914  0.2315113759120999 0.3395006000577544 0.1302134857308638  0.2822602339764803 0.3993103499907986 0.1351385175846711  0.2621068985942102 0.3272392331106927 0.08319137373455587  0.2556285818843755 0.3153157242224153 0.06905754001911846  0.4202133678840735 0.347241661027886 -0.01381007491360061  0.4066942802771994 0.3350790471932575 -0.02457809403052677  0.4362152357012907 0.3358536193188167 -0.02789859150651485  0.3098178000220975 0.4675860579570987 -0.1209854638513331  0.6077285379873171 0.2502128676055645 0.1604630771180627  0.6086991312505008 0.2273545223160469 0.1653159098188211  0.6031266393603349 0.2558723209925181 0.1519952846389232  0.8592829631283948 0.1015420407828115 0.4009776412323767  0.8720159920699173 0.1464441919421403 0.3590978477697516  0.7817408315472438 0.01896469350572742 0.3532593359529885  0.77971913306653 -0.009601204175757327 0.4094008842007638  0.7765060138445902 0.02013665543419013 0.3491232032032361  0.6941754300878088 -0.1568796010434359 0.4152717945437197  0.6760696381988099 -0.1887841194150831 0.400390871688472  0.7000911017508973 -0.1437353478550853 0.4139646888362842  0.3778631477919221 0.2447620028379627 0.7947528860551706  0.1064902019948253 -0.1063421929617562 0.6506490831357105  0.1072090646805125 -0.1067231752578812 0.6463679548248115  0.09639602296449841 -0.07696165998104225 0.6528133849331836  0.1237044684464692 -0.106715853887505 0.6305131035602162  0.08125001224051151 -0.1502247341590245 0.6480918685695655  0.1291494049063824 -0.1062372329749723 0.6297633537193054  0.3848751822548682 -0.09583559598010172 0.4804230808682008  0.3899096805065952 -0.1550291243625965 0.4607360573425945  0.4152764486851464 -0.04549755860620247 0.5749305487481294  0.4148139264520527 -0.04482440110504116 0.5770559034221643  0.01825071711422554 -0.2557913206708048 -0.2680035521125948  0.2791775576571737 -0.2710700485397076 -0.3290992243155245  0.2411379589506299 -0.2739735823819853 -0.3022527940460545  0.2988259973214085 -0.2473837642269596 -0.3319022618468446  -0.07754377810065834 -0.3760929579381834 -0.3514607443286525  -0.1157757793985451 -0.3922546214525693 -0.323623413188543  -0.0475651392163844 -0.3540869300412399 -0.4073269977357112  -0.1453249990449381 -0.3861739943094038 -0.3030896262898852  -0.1508915212647253 -0.3912463444071736 -0.3074515575947105  -0.2112877230916747 -0.3071193580801438 -0.2607125389504937  0.0240206593138574 -0.04662724334245662 -0.06950579739558352  0.05302056415185546 -0.01080088938511117 -0.1017204943544399  -0.005006911959630989 -0.09933107054752331 -0.08010038036230813  0.008733936371090647 -0.0264827424668606 -0.1260522573533652  -0.0746207034393024 -0.1445396700753959 -0.03180921439699327  -0.3172999217446427 -0.2749946772669567 -0.2273330011707009  -0.331404950958481 -0.2899254870411381 -0.1712074406974108  -0.2717964726756318 -0.2942060360927731 -0.2579106834121789  0.7048790704264863 -0.2792812350157319 -0.4514355683357688  0.7041064875459951 -0.2785531914353331 -0.4513478598789067  0.7025775710953494 -0.2777583286259056 -0.4543361278787429  0.7791878301474311 -0.293525862842574 -0.4590334994167233  -0.1232854315445666 0.5063734955871062 -0.02323089271925841  -0.09648469806620194 0.5030578411057598 -0.02092433931793246  -0.1150770391425828 0.4714375256015938 -0.02749802585280694  -0.2495170999199343 0.5731330310383205 0.02876204015922861  -0.1678110410330793 0.2328832844805712 0.1402689071772656  -0.2193324995902461 0.2211303699896995 0.199242479351468  -0.09015641130661153 0.246692467459306 0.1463617735907131  -0.1115658286590732 -0.02598572583268761 -0.0558933542372759  -0.09364007201306478 -0.005158497712447654 -0.1036996711752109  -0.09368357705208828 -0.004347235351174622 -0.1042467667215605  -0.2580955311730205 0.2403176090661082 0.4158395516590216  -0.2518762086493982 0.2620830820839475 0.3967774084723972  -0.2543339724609665 0.2122001117462297 0.4354827235024256  -0.4352858930205815 0.2551926503097597 0.3991781840999812  -0.3665223815082913 0.2302846660969355 0.3583923274469594  -0.5065506288556338 0.2150291364885415 0.3931430462671958  0.2998701667193024 0.3255934804356809 0.413007590369097  0.3244711178236608 0.3043959200810991 0.4808475667986882  0.606577948346019 0.2237047413254618 0.1622987453337941  0.5382355593448692 0.2029609739397506 0.213662785048874  0.4370524270022096 0.02039117530688279 0.539007182982306  0.453319278252822 0.0006922871107508874 0.5007176187468149  0.4393468363005184 0.02956505210088507 0.5607157312540216  0.4585100854785196 0.0009685818395332845 0.4771960173058971  0.1079839695394233 0.2668605896691647 0.4472513648762976  0.1576529700865981 0.3771601553980382 0.3382036236050796  0.2887026983513691 0.09640065386273294 0.3171222245956866  0.1395446781603622 0.08208497319554317 0.309372185172578  0.3268687609175741 0.3026231385138095 0.4808953886829272  0.2979947996924094 0.2820843425181282 0.4988614853045715  0.3578576423349476 0.3024888727562991 0.487525660401827  0.2799813612309507 0.2562830386858946 0.5252450381452574  0.2231738124676779 0.3672368082370415 -0.09697636907362585  0.1949272613545488 0.400190298791517 -0.08918678142918844  0.2651725534620292 0.3759787790914228 -0.08411074953811715  0.3036665363638331 0.439582259635013 -0.1038371655599718  0.1773098963449878 0.4810553654171191 0.1176649821889959  0.2066054461089395 0.5005144281548419 0.1271039006245298  0.1546239941479641 0.4618283591499062 0.100633957426217  0.596097410109184 0.02128038068633046 -0.3899372213168325  0.6079402357165697 0.01283050080570699 -0.3888810525584704  0.6833948039215927 0.05143482881803493 -0.4131955933568493  0.5562690179367644 -0.04645089327229032 -0.4575053071385257  0.7334460670830205 -0.4216154302434993 -0.08343596546237476  0.6821991083550977 -0.4607480749608395 -0.05101284798670368  0.7359434687359968 -0.4187645013810254 -0.08798594536611307  0.6667916870504752 -0.4546432730206557 -0.04678099642337467  0.6828703639012003 -0.4611863220057442 -0.05090141811018939  0.7286370517747036 -0.0009529839842744858 -0.003098388328970005  0.7076236947340162 -0.01622388243477129 -0.04405531240031428  0.5686717588545753 -0.5079185591557835 0.2046012670076346  0.5614146327853176 -0.5157208459027059 0.2080126592815728  0.6413298207641587 -0.5242924155604095 0.1377067405434185  0.2178389614356935 0.6862296937886416 -0.2271105995895467  0.2466421254420476 0.6835818021308506 -0.20356400167644  0.2111578076980681 0.6906790036026872 -0.2353237870465871  0.1798698215963623 0.6920729261503874 -0.1908869564395994  0.2048288351036505 0.5371693798148643 -0.2940586604044106  0.1774799718572238 0.5221372121817711 -0.278075248649803  0.2062527509448929 0.5393258183804258 -0.2941691198049162  0.2842537434918871 0.8640622797678568 -0.1278020879653385  0.2677264510256707 0.8717609303922209 -0.08593757662289063  0.2780339516467837 0.8305719332968827 -0.1178857875137244  0.2287045859569725 0.8687419105424055 -0.1845238225854578  0.1586958827879939 0.8922406015406459 -0.1964024476986885  0.259742391679849 0.9110863482507889 -0.1364592944051522  0.2064730481652914 0.8411693611811274 -0.2832645689735772  0.1084685592726877 0.8715667812766684 -0.1719063247295116  0.08699927681074869 0.7734723361296082 -0.2874054241624098  0.1053130492738373 0.1169339586534457 0.3004108613458261  0.1907125152950917 0.1093727451244157 0.1506724366016304  0.1718848908701641 0.0303313631965541 0.1774551932329324  0.1893915826789549 0.1106029888187007 0.1502286302649961  0.05884193526436403 0.10792094064172 0.2717302736192927  0.07062721645592031 0.05541146704785598 0.2629364057872051  0.05887524456053273 0.109178273183153 0.2721176196336271  -0.6872923464413268 -0.1483359789077509 0.2204038489306481  -0.6433610015784343 -0.1205588387316785 0.192029133018819  -0.7351217797028768 -0.1394975750434022 0.2408707729096246  -0.6288708427651502 -0.1292877967120726 0.1309982623742168  -0.5172461146552221 0.8095830427210342 -0.1144043018840473  -0.1927376994619504 0.1372986670136646 -0.0009932883553479058  -0.120606945522705 0.1045554203565552 0.02960253235699862  -0.1860892935085566 0.1480786205463184 -0.008494003924420714  -0.2430923635359415 0.1310714362000081 -0.0439197958157206  -0.1168479089256605 0.1004406188167771 0.02941111417312052  -0.1120945151433519 0.1915890325104337 -0.05494736112287894  -0.363738342435997 -0.2612123497834035 0.09548548146088055  -0.3446293580302512 -0.2292796957947542 0.1571776891079101  -0.3572044828215287 -0.2126943658051414 -0.04047045238883243  -0.3438164272389538 -0.2124015539646154 -0.04757377200292348  -0.4094372546997305 -0.1953113496338192 -0.01190941461249844  -0.3331248057293403 -0.2081725250242801 -0.05306359937681934  -0.6202124104321213 -0.1292028594853558 0.132244316519089  -0.5431750794051972 -0.03041011396669455 0.05365766209538748  -0.5382243452595283 -0.02704147154995591 0.04513630939016225  -0.5297908430915843 -0.3158600820077168 0.07293055062128215  -0.5678882928740328 -0.309563693799162 -0.05324669157991235  -0.5032076722977734 -0.2806680106840445 -0.05185925421433867  -0.4534724895661726 -0.3082423220128151 -0.06183659635311502  -0.4832489766034208 -0.4115869867448045 -0.1025613704763185  -0.5068357265468851 -0.4235061085293245 -0.09523926254424706  -0.4522592749268434 -0.4219126960311295 -0.1235718373458254  -0.3693226334012217 -0.2856045377466104 -0.1417914340253485  -0.385846187738265 -0.2662019762121154 -0.05367805836449802  0.6069543564050814 -0.6301455858040371 0.1299942556496943  0.630260909253701 -0.6184349747919399 0.1144139252015189  0.5969474810928245 -0.6459468114516158 0.09647173492826255  0.5698482537041734 -0.7312816402824204 0.2720094246144431  0.461079343027092 -0.7428048515055329 0.02262352770850402  0.6268676030213343 -0.6241189075682041 0.1018305237118092  0.5946317852887647 -0.6613182409891565 0.09004739638842715  0.6987184749861596 0.152584573597559 -0.3421851180853269  0.6876911859973461 0.1544485034614755 -0.3393339299998371  0.701780160643219 0.1517445090575694 -0.3449895979807488  0.6046480279112764 0.1593718182523826 -0.3747338418375963  0.6285780150108302 0.1230326869157536 -0.3050101303279289  0.4415659023063895 0.08295691773103646 0.1499516573577869  0.4740169134877454 0.076019264357875 0.1486029500248239  0.3957812390316788 0.1177546927996671 0.1339083967531203  0.4697681053989988 0.07949013061321357 0.2003751793388051  0.5015417778086857 0.05885919619408859 0.1393816464894596  0.3937766618373107 0.1548270543949903 0.1076971600704398  0.391270094213356 0.1550442823232143 0.1022718849352153  0.3900379743996523 0.124845788046378 0.1299397927038584  0.5328988146075759 0.2038619515407529 0.221540882183824  0.4465561601652543 0.1733015474626891 -0.3381855241303008  0.4191009376002125 0.1598851560580755 -0.3526993752303639  0.4979298156451473 0.1738088271897588 -0.3437463793130739  0.3686541449375016 0.1704962080708698 0.07239020564179302  0.5808140222575833 -0.03225470724648208 -0.2425519965242403  0.597571575224481 -0.03660844131989194 -0.2455410303520379  0.5627385402855688 -0.01167869925756664 -0.2535003314237554  0.5115939565136219 -0.03228634570962868 -0.2784293280609609  0.5449759179363272 -0.00921890501464899 -0.2628962360534181  0.4937143409005311 -0.02398759239262831 -0.2740032600482186  0.6767303783145914 -0.09768284945889587 -0.2675987732735464  0.6884613552182897 -0.1071761861826643 -0.2545208287327164  0.6067664949329418 -0.4435835683410754 -0.05320733118360263  0.6114281775890714 -0.4551844631930458 0.07089534846530246  0.5676666777020636 -0.4345388335168031 0.08623429725818596  0.5752969318802492 -0.4211048094291449 0.06512624591326556  0.6289966777644231 -0.4653121372547774 0.07326961659755524  0.6259154289126091 -0.4688929722425755 0.06147228471701317  0.2777062384227013 -0.3096273494605651 -0.1540903462480371  0.2538906762433565 -0.3639460149714696 -0.1586323962266294  0.2803129865481603 -0.2949154199437148 -0.1461039932177739  0.2752375008979475 -0.3819414016781164 -0.1631809412792075  0.1336408778045754 -0.3320293853106157 -0.1315068813158259  0.1395677631305062 -0.3373512630922449 -0.1311265369646689  0.1241886402124388 -0.3068195657118543 -0.2610802974214231  0.131409355803087 -0.3284701786743368 -0.1299858735412048  0.1710977726359467 -0.3638964874879611 -0.1427248312256193  0.1358839471949659 -0.3294751143604959 -0.1264752140359747  0.209538516003443 -0.3825440890085429 -0.1473965428163734  0.2210063177792621 -0.3969114348490323 -0.2305183384061427  0.2192170996577839 -0.3923141286527039 -0.2536982458781785  0.2501773111460502 -0.3225004684871892 -0.3010294821426664  0.2137354510315499 -0.2720967283659374 -0.3074999790142095  0.2405627828822122 -0.2534884827484478 -0.2916095908049712  0.1049747803505512 -0.2815062055361388 -0.1764160884246174  0.101102201218099 -0.270587906733145 -0.2374191607379437  0.1182635286023232 -0.305887421867493 -0.1427100146931123  0.1448248729831959 -0.2270370067359519 -0.2324018907712811  0.1051595251048788 -0.2656943810785009 -0.2404461128322605  0.2014263501550138 -0.201174501394781 -0.248517964041663  0.1031247631596079 -0.2648901272922222 -0.2411132471168405  0.1783210833482589 -0.3022710653756989 -0.3080517657737704  0.1454679699879121 0.01107441536040884 -0.09441011713305805  0.1325075501110091 0.01466898703929972 -0.0862219286735228  0.2054049452793782 -0.005187227621623795 -0.09366307963488152  0.282122002752249 -0.2720081193925549 -0.1599092362334315  0.3178850660940545 -0.2571535753827922 -0.1235241983713737  0.2763577873392775 -0.2996472769552803 -0.1431940575523503  0.2783256251190066 -0.1657760657345986 -0.1373480500229055  0.3161560577148697 -0.1894578486209623 -0.1300752381782547  0.289872640229829 -0.2095298580066619 -0.168099153136862  0.2514518317419261 -0.1391430729250069 -0.1430584891169495  0.3222588451219742 -0.1977475327248153 -0.1329364162153097  0.2207071212283356 -0.1827857788133735 -0.04173401950694242  0.272038488983962 -0.2433558869143911 -0.1769759050643141  0.2574589872774078 -0.2183703271525398 -0.2117844994428453  0.3225504961026108 -0.2033418521343615 -0.1377654605195778  0.2632654039679326 -0.2139818477455388 -0.2054270274057005  -0.07696201225588076 0.07379863252969114 0.03799274971618738  -0.0427637250822339 0.005058841895755456 0.05120837445469771  -0.08290154737605268 0.09384547891075171 0.09082723177833567  -0.009991580023073874 0.1687842842731394 0.1155708231686917  -0.01038129600196042 0.1692814698949746 0.1165800371902332  0.02948870269946172 0.2273389717608761 0.01066844349211543  0.005571705983504843 0.03440032086800496 0.1932571088106671  -0.03026796856132693 0.07297988659161705 0.1719550428202637  0.00563081799948692 0.03430561225160656 0.1932489643548293  0.1165081562479145 -0.04781598316505838 0.3702519928211701  0.06802125252237826 0.019148236476405 0.2745927441824813  0.1053609832293814 -0.06040472304510439 0.3485940387058886  0.1158687163145186 -0.04767754898886191 0.3748298231542178  0.1343791319380983 -0.04551668246865799 0.377540005280137  0.1828681670957661 -0.06577212298904411 0.171255835104649  0.1956561704616373 -0.04595579532049786 0.1772361264689498  0.2493068348904211 -0.06223046682243109 0.1173900745991265  0.1802094801475047 -0.07782725692788406 0.1822644113249357  0.1713097768640443 -0.06846517006143252 0.1694863928596518  0.1874023757005785 -0.001073987061841454 0.360164003512575  0.1260958949073461 0.03617234661686734 0.2883740559099752  0.1831549558405339 -0.0448829605117914 0.3874122914555186  0.1751423458681635 -0.03851642601732569 0.3923438039136232  0.07053445430493854 0.02575297608390173 0.2691060425250593  0.06649630376983061 0.01447951890875726 0.2716650928187417  0.2039028710340453 -0.043037269192544 0.1963173287898181  0.1812929629275461 -0.02192506282603746 0.181578228622242  0.08409373566499467 0.03677589406245969 0.265017249514832  0.2865586038674895 -0.04899137391880119 0.04958931965685884  0.249786978866068 -0.0625253850646225 0.115281558318367  0.2502387456563909 -0.06284611663230506 0.1171289335312841  0.2816716890442211 -0.05755708295356625 0.1399784924155929  0.2595856890917496 -0.04731197791333447 0.07047151236120597  0.3568110009382887 -0.08395755877828723 0.1871713069739463  0.3534300647181218 0.1142312004044219 0.08413975462565228  0.3556899874243314 0.1439767134396282 0.07217024946915575  0.3496545126638145 0.09586069746010968 0.06982683451832036  0.2396108182942653 0.3041685807494699 0.05369581264424488  0.2468891053210417 0.3143775551241326 0.05018178750439825  0.2513584712938463 0.3098208228212372 0.05977123854942449  0.2253142906730091 0.2884228191930974 0.04457703412651236  0.2155681707140755 0.2997024053210663 0.05587224722264385  0.3572964437302268 0.267616001372915 0.02679610023477122  0.3527612779720148 0.23190445260734 0.02340057345211772  0.4008720463730921 0.3401336496920931 -0.0231836714973892  -0.3810317705736476 0.13720017807919 0.2491163901482184  -0.3916702633773448 0.1266905540867431 0.2780326247271999  -0.3462277351723452 0.2145754942826027 0.2357043604596437  -0.3426338186283304 0.2699953511385953 0.3238864299966316  -0.3465110098716315 -0.2299880967775467 0.1564076161685412  -0.2944556928226745 -0.2254723843889767 0.2422708219940252  -0.3072066484858152 -0.2419055825865171 0.2445351647535249  -0.3021246421659992 -0.1841250636468653 0.2629121686056786  -0.4923240245452563 -0.06653850967020029 0.1132104309136011  -0.4910710823037435 -0.06587961203616034 0.1102519827017695  -0.4983814617542106 -0.07380914161875962 0.1261064814450275  -0.4838106289860056 -0.08504683106991313 0.08519327880350583  -0.07550410388892524 -0.1317187821569619 0.6484466697240995  -0.05810025276695145 -0.1275193943428667 0.6606199704939616  0.07771753353355002 -0.1510816582743514 0.6456121166740725  -0.08933745271171188 -0.1393410085287918 0.6486376339012777  -0.09520548612047733 -0.1286454147181408 0.638199075026872  -0.02606024036433368 -0.1443781085777203 0.7396603655323002  0.08105631015107626 -0.1553824592353845 0.6455234648341185  0.08104076333700373 -0.1991847959728942 0.6452201332537214  -0.1049226993423256 -0.2984430070462142 0.7208165305442371  -0.09599328292929905 -0.2984921690240526 0.6774454964731434  -0.106591752369652 -0.3058396835332391 0.7298496792019812  -0.002282764776270083 -0.149747473489156 0.7493725609316848  0.1440862691502841 -0.09047972451882372 0.3106056254585181  0.1324597666375579 -0.09717598855555684 0.1831633825116445  0.1379461807783941 -0.1002411173819007 0.1883390895490391  0.132871786645715 -0.09627913383570486 0.1824270080459063  -0.05858449278245348 -0.1722256739866237 0.4010548866442711  -0.02243639643661495 -0.2026050870011238 0.3892890797609919  -0.06551771785806708 -0.1721984389065415 0.3987736759608546  -0.004551759498423735 -0.2176146142502952 0.3955176495365612  0.001056573937761679 -0.2223172064239903 0.3998545321635317  0.07640607782487699 -0.08299321576338128 0.3607194772842414  0.02052674058568866 -0.1097382354728786 0.3513396172010406  0.09124661939720816 -0.06891492321741907 0.3714181020824943  0.07140827333379497 -0.007274837201713569 0.4517893928253656  0.0507064579386375 0.01398007075318769 0.4684711340395475  0.109709713774633 -0.04321206933328381 0.3943627608753467  -0.2110725938293886 -0.09388548024041644 0.5233741583071646  -0.2258832816990154 -0.08184322920540318 0.5268436038486741  -0.1890463317271989 -0.09690617658748216 0.500838486632642  0.2161033702994686 -0.08013819934949043 0.3843174151088988  0.2251705342480585 -0.1094888760364263 0.3866104791700084  0.2231550981740443 -0.08298842856466025 0.3803385801182004  0.2110950257193533 -0.07240355250301141 0.3891495699594241  0.2264986075165621 -0.1100113353328317 0.3858569987693132  0.2616483713671156 -0.1593388014821512 0.3174937682262454  0.2325546650425483 -0.09003431117043389 0.375971517079399  0.401382227047143 -0.06557715337439583 0.3871265802080092  0.249992355935707 -0.2011930726519859 0.2201265176685159  0.1959194551801398 -0.2253723074212634 0.2294468819020244  0.1351193159952324 -0.1604549115320818 0.2124334387245884  0.1964081584491478 -0.2254257754111272 0.2293589191955469  0.09852544042725574 -0.1556193589749713 0.1912059088318795  -0.06305983074638953 -0.2651243004899048 0.8061421755076954  -0.03882200019650822 -0.1821396967842916 0.7867847514345144  -0.07891306131283549 -0.2748849441787065 0.7984111680416847  0.01354784818417071 -0.1353879437713292 0.7605991037610169  0.1161105654590396 -0.09186354620658323 0.7349938147262398  -0.1695282451349016 -0.05902249169053483 0.6919954250160325  -0.1112959597424653 -0.1091937893801594 0.6374761693851402  -0.174961506582575 -0.03562102225217384 0.7046552508671933  -0.1076389740522531 -0.1635390474012815 0.6487924528128199  -0.1066039320106237 -0.1266656975092049 0.6286050359414803  0.4309923017875566 -0.3687837813434468 0.3331792595144908  0.4157593938168628 -0.3364362514207558 0.2979647666527261  0.06988701700283556 -0.2749273433972664 0.06850643651763513  0.07508604662281844 -0.2501416146120525 0.07322252282540774  0.09741218438102096 -0.326427046938733 0.0380853832372062  0.05531606264080823 -0.2132031058396607 0.07146428821685981  0.5010842061743075 -0.6933870203718453 0.3725210555582859  0.472139198159139 -0.6344069277970603 0.3284494556825909  0.503902944543993 -0.711491203305481 0.3499424786392915  0.45565516185892 -0.7312600696730432 0.4072485273967238  0.5187024548242718 -0.6111060821171257 0.4019106153344946  0.5002348555414854 -0.6889411363264114 0.4555966467286717  0.403357445898108 -0.5507063678885109 0.4785385534140976  0.4460460018341135 -0.5563471181152834 0.442268594358067  0.3577408216623358 -0.5838713673648519 0.4689207618466558  0.635554162233805 -0.4010624795825825 0.5927659015666785  0.6611121117982633 -0.4231210037783605 0.5578453239114897  0.6101979218544803 -0.3867261901173436 0.5765553402334882  0.4307248482628193 -0.5496031590679431 0.5352543542705838  0.3549145497916457 -0.5210146046825249 0.5591364190664094  0.3490740168823124 -0.5219720198667434 0.5624076934363864  0.4367601252311066 -0.3656299928273761 0.373075968209011  0.4331653813430502 -0.3698709351559991 0.3724312663698741  0.5702088169903324 -0.3644259166244926 0.4075881500920511  0.4934694974871774 -0.4654606081692086 0.3945362866433393  0.491768515053633 -0.5047475932197387 0.4609627100322591  0.4918286701384973 -0.5051675514355902 0.4600248852858493  0.202816493482871 -0.2658764374296002 0.2207410827485902  0.2000893493029433 -0.2814610773503209 0.2283803114348834  0.2269276330932949 -0.2685688681013377 0.2100265660908251  0.2790846134853018 -0.1643552076700958 0.2848749822714177  0.3234117159306499 -0.1916542051047994 0.2618029179959097  0.2055583035296737 -0.2225611929191378 0.2258571289818795  0.2488196552997377 -0.2042815691936119 0.2210316612002443  0.2461463507911923 -0.5079989907722224 0.5659543395807624  0.2867055464202958 -0.4936922208756095 0.5937135972836598  0.3390463601746484 -0.5255245067958972 0.6474841575077198  0.3619199089272835 -0.5682266225003512 0.6652120492315614  0.3121254953069639 -0.5115781372293809 0.6438050732133348  0.3834442618117993 -0.5886437711924015 0.6883143790728607  0.4708582653351828 -0.6339828159352998 0.3282402641935316  0.5209888661775873 -0.5312419571389799 0.4285544000662486  0.4016213226104504 -0.5621367331123688 0.4001467501743277  0.5013849206326995 -0.5212395865484928 0.4378108240771129  0.4087976212274199 -0.542822921021452 0.2798271921709978  0.4413594494588644 -0.5102120320641301 0.2582753712997301  0.4377814072613537 -0.6202093181333993 0.3159383196889048  0.3973929550724776 -0.5664514740693828 0.3897357468872132  0.3627793369662415 -0.5889989580977697 0.4025265498764388  0.3677079679085315 -0.6818963035851102 0.2094124334182696  0.3542313075044044 -0.6668611399220261 0.1978318622227461  0.3027426558995748 -0.5514717205870572 0.2257220558925201  0.2732832037736923 -0.5186047458732514 0.2721093781952442  0.2973121946046875 -0.5722387820825008 0.2140189742769908  0.4133228222289997 -0.8033857016763767 0.1642628181415853  0.2844038728960037 -0.7711745624053842 0.1559250998085212  0.3245016636383325 -0.8278201263318066 0.08988435743045399  0.4199244772523165 -0.8263383439849195 0.1844097936469798  0.2742801847781843 -0.8045886145439987 0.1119116912881674  0.2608407999589135 -0.788731918390813 0.1761035920041416  0.2910930193581044 -0.7264377464445084 0.1903615398754609  0.2395519299548978 -0.8303908096478363 0.141803481538319  0.2940445506704972 -0.8182782133120924 0.09745990336793801  0.3977622320779376 -0.8791027421563844 0.2369454940651546  0.3546104417172607 -0.6037758043662322 -0.0682243814373468  0.3646746670630021 -0.6188430835699584 -0.07255493478030281  0.1637432661892844 -0.6435870884506905 -0.07248774511581124  0.1695101614525618 -0.6393882619317849 -0.08301893070315447  0.1594586817624409 -0.6436888764117205 -0.06634434592768107  0.2214121495520188 -0.6129844934120388 -0.1312733537837595  0.2130437039075471 -0.6797563472762156 -0.2263223841687658  0.2112405179540691 -0.6848327493000071 -0.2267304311260545  0.1942690985028453 -0.6640921452166229 -0.1974714836751515  0.2380432329073266 -0.8372577316297296 0.1436205070346522  0.1940674405722934 -0.8333352290165444 0.1362472658754104  0.3426548866297459 -0.3517110607891235 0.5657118366492907  0.4261008313474783 -0.4096589881633295 0.5753098098133246  0.4806778408214517 -0.3930137251039875 0.5862592048192504  0.4942141857892269 -0.3867302014776909 0.5830789741279683  0.4985258005687343 -0.3842113453889706 0.5806504559333687  0.5224098810983187 -0.4004905123433474 0.5596080542467348  0.766017781273597 -0.3265615680470044 0.5352991949704362  0.7348078341798259 -0.3566955344894965 0.5110756531616283  0.7658489183917105 -0.32117938250676 0.5304617835939001  0.2046385485380727 0.165419111035845 0.8997840345722401  -0.07811882036600079 0.2709972445006544 0.1162884939053638  -0.08635908779598045 0.2684634047301536 0.1324112037200527  -0.03850806114177363 0.2996437020164884 0.07031886742165834  -0.08278546046483279 0.2547286750415008 0.1423975819301888  -0.1414939911700558 0.3136841481357299 0.09091988072709668  0.1734140205053126 0.4195241299072851 -0.1026533940306376  0.09903113789478125 0.2593007470246042 0.4987850050630065  0.08611273275199068 0.2865411398622766 0.5356448761826518  0.1040083486560367 0.2534734379177181 0.4513441331433108  -0.2614596521441101 -0.7690353171257264 -0.1937524351883887  -0.1510367657451883 -0.779448712077684 -0.2558084155628703  -0.2784497210948734 -0.7797583016851616 -0.201937855992509  -0.1529946231632146 -0.7478753510467736 -0.2806696676131389  -0.1369862124523618 -0.7813634834266802 -0.2491839767387744  -0.2955291899352775 -0.8532393514287341 -0.205433664246933  -0.2881474248648936 -0.7655987589463064 -0.1948009239410152  -0.357418591821715 -0.5634506783964566 -0.05348937995236117  -0.362293579365129 -0.5754058632804689 -0.0245036373601346  -0.3368265947466788 -0.5371030089979114 -0.0892791978692014  -0.3685241620861547 -0.5763799066717257 -0.01910574861464746  -0.5711616174674466 -0.4312981158166103 -0.2454282316724594  0.03231956516175483 -0.8843795512918546 0.3746678243976804  -0.004879659249883025 -0.8700454482837718 0.3790052340437673  -0.01305801734954121 -0.7850112948103624 0.3977265496850165  0.06400449435949863 -0.7238762533960968 0.408450242124711  0.03437625699224311 -0.716123733989616 0.4639825424378331  -0.05307598821372762 -0.813837924235691 0.3586212938366803  0.0693056885795493 -0.7276547736844649 0.407455476302942  0.09997881171191966 -0.7555767753539496 0.4692793195080482  0.07235920864671613 -0.7281578635191038 0.4046609701310884  0.04854554925439609 -0.7158727738486195 0.4449799097493966  0.06843970095915919 -0.7193418589491338 0.3974013896053828  0.09855930508541882 -0.7548609043679377 0.4728460195767648  -0.1510673206862483 -0.7070042753995817 0.5104011195859739  -0.1335296827236552 -0.7394044495353419 0.4543165154350062  -0.1518320918004134 -0.7067420162259028 0.5101368814766581  -0.08460178506389869 -0.8163086059123608 0.3878107448099931  0.4552496941079135 -0.8603861428364543 0.0647209520713084  0.4453814514806437 -0.8673148568096197 0.04520639937151937  0.4143570657711931 -0.8775069359817176 0.06136197964491624  -0.2623513042978414 -0.7710842737163092 0.1394030165681266  -0.2599036231474239 -0.7740611183837846 0.1362434191669576  -0.2656811728346196 -0.7595169928047509 0.1395635140566841  -0.3264122428167827 -0.7825741866697373 0.174178324511133  -0.1877955666546991 -0.7874309240609917 0.1853832478948319  -0.2621184201364061 -0.7570712293788318 0.131233296432295  -0.2598953437704236 -0.774067258293252 0.1362402503444843  -0.2599042811273282 -0.7740736962891954 0.1362370979208074  -0.7037235892925555 -0.5926755714978426 0.1741341213604793  -0.7275447792254883 -0.5817393548660563 0.1465749222974689  -0.6855739990449292 -0.592784890378746 0.1705645513407016  -0.6992573029359616 -0.5501215292791335 0.2068860055829662  -0.6472126337707291 -0.5398952118250748 0.2364331671458955  -0.7229125010272678 -0.5489436806364069 0.2123561213526401  0.3202954086089518 -0.9103334749794368 -0.1535235210633263  0.2913439102756121 -0.8798971440745311 -0.1387148017742687  0.3270632997198574 -0.9121223770601136 -0.1533300048242569  0.2671210507239483 -0.8936610206760677 -0.1110946086070221  0.6720244844995631 -0.4181293929953082 0.561954098421023  0.7141202007081686 -0.3541308368963214 0.4758895733521083  0.7333387437933424 -0.3298523187384254 0.485949166830856  0.7037889121093626 -0.3584654473876674 0.4711085288001706  0.5984602550028388 -0.5097185916817276 0.2690560886838169  0.586059814704703 -0.5237740733962809 0.276563356919648  0.6522733472600264 -0.5169870080997345 0.3103761433292443  0.5646031321745764 -0.5345319823950651 0.2964976507388926  0.5340245562275857 -0.4981347538624129 0.3513929788785176  0.5725951812095087 -0.5529194353100712 0.3363650106290117  0.6313564277583291 -0.5481965690155743 0.3340158682868077  0.5506120624304389 -0.5276154730478443 0.3810968619915882  0.2671900249228955 -0.8117482328092549 0.3344413371065402  0.2486327682000937 -0.820278634982709 0.3364734166197945  0.2781668920938591 -0.8041834430236656 0.3406847396040567  0.4501011907495069 -0.7654881283918376 0.3819400939619808  0.5699767301324252 -0.7311376702347103 0.3453894132547395  0.5594571923556324 -0.7413300253166036 0.2814431959547491  0.5628591099329507 -0.425797091693082 -0.1429188999025024  0.6152398603827812 -0.3519129737337728 -0.1201651197637102  0.5598826747534152 -0.4408811409634822 -0.1827527969014969  0.6154900935426753 -0.3516731873752971 -0.1197360221760183  -0.5145145066173922 -0.3945796600595245 0.3428698764349571  -0.5378867580767254 -0.4437334560733767 0.3709937352023358  -0.4524634539912422 -0.3980952223667412 0.3210765982323949  -0.5381968073683274 -0.4396238202588811 0.3784302388484655  -0.1802440950506134 -0.5292890130987674 0.6323160793878834  -0.2096575118577701 -0.5082216702316338 0.6338334365679168  -0.1491878913384165 -0.5957362323675163 0.5521438878463627  -0.3121273311708638 -0.6431259202215643 0.6473195872299899  -0.3257674115800968 -0.6887987359350826 0.6024197752871635  -0.3130243590447225 -0.6387913841279116 0.664811702723024  -0.1874109392350214 0.7169841877840563 -0.399373351293089  -0.1715785131908188 0.6970448419840194 -0.4236832845638046  -0.2080274836770458 0.7715020828363452 -0.3983853414510962  -0.1052246800887399 0.6771281728671529 -0.2782955752280212  -0.1083351725155457 0.6825559918749101 -0.4063194112334549  -0.1054589077916805 0.6675476928017641 -0.2709329955110079  -0.1045250718171986 0.668382422540141 -0.2729003024664352  -0.1113470153757358 0.6760843313654283 -0.2686440058181329  -0.08566822655000256 0.6352905375687282 -0.2419866647818223  -0.1022782829592256 0.5944120044853091 -0.3982537076929317  -0.1286714270659284 0.6965172601977171 -0.2137588960922941  -0.1196108230397135 0.5280072796711395 -0.2630437482687226  -0.1948786612899422 0.5183198700922177 -0.2361309879177553  -0.1065227190872339 0.5162412949394888 -0.2631193867690924  0.7478269283957089 0.5279185094817124 -0.2337173200627555  0.7190503179245993 0.5023748706530174 -0.2266054086256813  0.7511790887388011 0.5266510434366523 -0.2383556683232847  0.4286263234113009 0.6265888414996748 -0.1081963108794911  0.4162016117250386 0.6225016055984565 -0.10930654774065  0.4299355455702432 0.6254711382682473 -0.1042049193781084  0.3206669575545473 0.6389116320291635 -0.1491301685374558  0.3093897517286076 0.5763577113292373 -0.2752592620633899  0.3482424575191471 0.5599054490465633 -0.2774751883177421  0.2832114502746267 0.6066118230256394 -0.2376737490923758  0.2678514961830474 0.5724042314457509 -0.2617811792674709  -0.05838338399893923 -0.3760449756356088 -0.0003800636588542489  -0.1301641638346323 -0.341234823755964 -0.003749746608077989  -0.03376525591238042 -0.3950629121310613 -0.01465415711693321  -0.127293580393794 -0.3206487461633987 0.009914476955899046  -0.1640721934357818 -0.3760563627077153 0.006986670773280818  -0.09664371526364544 -0.3077251220178905 0.02845879817095866  -0.197675109079609 -0.4894602684977889 0.03659920500467894  -0.1992340859999567 -0.4891137805439648 0.0392160827788797  0.006947410515337996 -0.404681605990414 -0.02439247866099105  -0.117717738356506 -0.5191714530300634 -0.1453826716162002  -0.1198799205811641 -0.3868456449935473 -0.1203041141364414  -0.0630670776173699 -0.7389405350823758 -0.345494738541945  -0.07066877320130777 -0.7391745369327444 -0.3348345691459138  -0.04866978450132867 -0.7064376987515859 -0.4000119851028164  -0.1151990871177355 -0.2248186539297058 0.1154520754742378  -0.1705035718695441 -0.2525761706228104 0.1572355926835336  -0.09216546309273235 -0.1943970947919934 0.1271604961962566  -0.1880022212077936 -0.3445194842380697 0.1230168917828767  -0.1838073178520106 -0.3459949426109592 0.1194573304018592  -0.1275883816532291 -0.3207774355127195 0.01015162932799214  -0.2706885514986855 -0.2571857825628742 0.1263069870262221  -0.1339957877231862 -0.2888391604999093 -0.01500128741335809  -0.1412664590293934 -0.2676937216468005 -0.0431992578631064  0.2199659152072734 -0.5695124563319954 0.4079945178294231  0.1929651975463862 -0.6161471921178607 0.4307858029623181  0.2241133383792301 -0.5393201831729262 0.373924362752795  0.1950566008170332 -0.6128937353732129 0.442494626039579  -0.007445391115393898 -0.5464380288709819 0.08847722209391824  -0.02530012753768243 -0.5494351157405276 0.09743353344073501  -0.004704801943035658 -0.5402652253286989 0.09731182948334116  0.1298648252101152 -0.1152754368624456 0.05532112129856064  0.1210944552762718 -0.1689331693405587 0.02788815831963597  0.1249213078972988 -0.1088871219946529 0.0653590703020084  0.1306549695476534 -0.09667922456226405 0.06273215671783802  0.05174675381362372 -0.1994437836406709 0.08507912309757953  0.1398372767632026 -0.08010113268410209 0.141586893463499  0.1147063426086309 -0.1845183294326395 0.02426383076559775  0.05163562929463539 -0.202702557163826 0.08293632017789289  -0.2578263975072597 -0.4733852685849657 0.4778562643868548  -0.2595151376268975 -0.4585189683246584 0.4766634931634569  -0.2488725426830534 -0.54399136026027 0.4993613342890809  -0.2505479017103752 -0.4130377765654665 0.4878655364855521  -0.2590791455676053 -0.4489610306562951 0.4749042762586801  -0.2501558649060285 -0.4124309808745362 0.4880022645240458  -0.2755070853027049 -0.4694004358586986 0.6753404396653347  -0.2646166818075648 -0.4464967914738414 0.4756440082563921  -0.1599434514568399 -0.5024726829439863 0.4185131173488005  -0.2713674559314615 -0.4437574912250933 0.4753295814680301  -0.2237228086270574 -0.5051738377318606 0.66014698988001  -0.2620410401933354 -0.4740654810394931 0.6830154459070402  -0.02268282335133351 -0.2022883434199704 0.4522968511004312  -0.01710822473846162 -0.1895672411493588 0.4695091865224035  0.002822975605544342 -0.2237646779383137 0.4205377700954598  -0.02464885930711959 -0.2147851629541306 0.5140668821921782  -0.021692895838639 -0.2703448010046146 0.538875720619538  -0.02233799374605397 -0.2793371710721445 0.5304038682042819  -0.02201336633494086 -0.2788634150629512 0.5340804746921105  0.04456266780007444 -0.3165832668667133 0.4687729813945291  0.1146731819006997 -0.246163448449175 0.6222542442475932  0.09464275010842409 -0.2277763082630888 0.6375614703514231  -0.1959612714254488 -0.2547953707558709 0.5803482147317126  -0.158254301949189 -0.204479667452604 0.5672138427314143  -0.1491578285919566 -0.1334216998234156 0.5644972658379723  -0.2339119493960747 -0.09410423178049759 0.5248522798971719  -0.4148652962694224 -0.4741082380407042 0.5653168396276319  -0.4019893077330745 -0.4680749583822824 0.5429034217676417  -0.3420153556443744 -0.4510305156605788 0.5103485715668015  -0.2574785253256844 -0.3159828631481216 0.4878431816615553  -0.2563783467163247 -0.3127214854390477 0.4872492327884463  -0.2779329112830593 -0.03244042056077738 0.6339294323322907  -0.2746047726810816 -0.05474671677162313 0.6640569510542991  -0.3215068529257801 -0.0468463249865129 0.6740382288968375  -0.2146620235836168 -0.03651861885814293 0.6907031040187591  -0.2209057558569951 -0.005137696411891442 0.7839605628103304  -0.2392531311340062 0.02677768793287503 0.8212349447897724  -0.202526303267596 -0.02092048668552322 0.7516423631950968  -0.2592659248715726 0.05030314938453394 0.8384596553301095  -0.2481354863851911 0.02858494260580917 0.8269275349007816  -0.2589666917454289 0.05276707929909284 0.8388387818858483  -0.4360297474615393 -0.2393206894739634 0.6453108529614004  -0.4622029325342412 -0.2468264522399772 0.62872335508206  -0.4228536847299632 -0.2278976128830825 0.631806084909202  -0.4559848923020735 -0.2304979426195042 0.5910799350257292  -0.5185194534742039 -0.2453831722390929 0.6874473710977771  -0.193707123658626 -0.6883225599032848 0.05944589797051817  -0.202837902327701 -0.6721918182608393 0.03684048517117834  -0.11635155126148 -0.7306521754387646 0.02409991147638434  -0.2200352192245939 -0.6610849869646694 0.0187792531805971  -0.3376662788561957 -0.7331584640141136 0.173323198800843  -0.2146447904676835 -0.6827798161547687 0.1890028569163326  -0.2225939669875674 -0.6568048231023256 0.01926389822660338  -0.2671574811491259 -0.6600363544631833 0.2163331625020493  -0.2710776696950329 -0.6610935745923814 0.2162549937965539  -0.2186938516982402 -0.6587598721267666 0.2082312499213125  -0.3515397183745874 -0.7930824315142128 0.2052768552888806  -0.487601523538863 -0.743503713334445 0.2437839401103543  -0.46335939371585 -0.6334068099322393 0.2213596996650383  -0.4798146534711302 -0.749429292079707 0.2430290639643609  -0.1226070365145196 -0.7939127034493166 0.05241003542634702  -0.298944431927514 -0.8414196620331524 0.1250860356837639  -0.2972291329584051 -0.8564953856636833 0.1001538718269709  0.06823565609320226 -0.8179570345159703 0.2652308366768574  0.09823195238387229 -0.8043289325489928 0.2368563940234882  -0.1536318032634854 -0.7477025622300766 -0.2819218037595123  -0.08800000639915673 -0.7448856549866352 -0.2964302214933249  -0.05125496953164731 -0.696001125814935 -0.4076466688845964  -0.1107938828001147 -0.7315809928476922 0.02626823804564928  -0.03409584385512999 -0.6925657962536208 -0.07397155525868408  -0.1938308392795747 -0.8126023296021854 -0.05620496237597743  -0.1933729643422473 -0.8141519353547045 -0.05541598184906277  -0.1923897666173262 -0.8128189041484909 -0.06217001200385747  -0.1989688920931484 -0.8250133334648809 -0.04810240331899197  -0.1245804793705232 -0.7722650496194633 -0.1873486633827639  0.4319134217922427 -0.6991982491126671 -0.3102922846480438  0.433033828483981 -0.7292494803826215 -0.3127985072260762  0.4341441362260027 -0.7197635062109712 -0.3108499447847257  0.3466821649039363 -0.8443513767514276 -0.2465078932402371  0.3743851300023595 -0.7965584131538809 -0.1642572613051466  0.3754690339291226 -0.7627282533390904 -0.1849183169404015  0.3835725865499564 -0.7960493953644515 -0.1567341176108448  0.3498426716487427 -0.8662971396149844 -0.2331710659544003  0.3525177946653923 -0.8700281140809961 -0.2337499769520679  0.3920569812778721 -0.8898313396370573 -0.2170752083346027  0.4695912090515935 -0.8452356800774571 -0.1248153230689145  0.4637795726377567 -0.8611570246261915 -0.1407108956378243  0.4679004506717455 -0.8399690230797257 -0.1223729442698878  0.4728252613480294 -0.8392121077975224 -0.1208457843169899  0.5038963910238448 -0.4502318690992345 -0.1980008058373282  0.5136009752598056 -0.4374089342782821 -0.1982408769762591  0.4751776158483891 -0.4869557154662973 -0.208168162208462  0.5497449395494074 -0.4433170955288352 -0.194255589118341  0.316872600562969 -0.5369811755584664 -0.1343917648161226  0.3368900346550061 -0.5772472451633462 -0.167830631230935  0.3559134263513259 -0.5705009870840919 -0.2298491760745225  0.3521826330413577 -0.517696859920653 -0.197698737787804  0.1898488968201323 -0.4773459514754623 -0.2635726268913715  0.2713236177517486 -0.5598144294327441 -0.2708848807431072  0.1869752139081169 -0.4719022327869446 -0.2778126468402925  0.3517836081114063 -0.5824518679631709 -0.228957515627221  0.366266029635274 -0.59625294224851 -0.2384472056153734  0.3648197723760105 -0.5605067078078866 -0.2335742786128871  0.2451411410158036 -0.3759923994459781 -0.2544480339107357  0.1561405293262019 -0.4676181655789369 -0.3090345145056644  0.2597192815791543 -0.3404278604147419 -0.2792185201942991  0.3115110748448636 -0.3533131145726879 -0.3032445072336514  0.2818998351581628 -0.3264258263974461 -0.3224372236074127  0.3544473356623338 -0.4111053220240485 -0.3015162066606965  0.3609142695354474 -0.4373785105189362 -0.3145226033669704  0.3601459273191425 -0.3867349570986472 -0.3160089297356409  0.3346837645256009 -0.3562720951116606 -0.31872795538013  0.3350705260050024 -0.3567444704684313 -0.3182728316943775  0.2637200477121135 -0.4032433961832848 -0.2020914442463845  0.3060935805822035 -0.4693338905422016 -0.1924514896173271  0.3566208427912221 -0.7359636665199247 -0.1837072255144292  0.378014490161843 -0.6330117948502307 -0.2624603249859288  0.4536558066918776 -0.634967457087506 -0.181647302275257  0.4019096176502744 -0.6866533503832981 -0.04883917064727233  0.3585590401279132 -0.6554771041136508 -0.0733970598100426  0.395343110511612 -0.6898418198376451 -0.05205348414298412  0.3988973137378484 -0.6886860202355175 -0.0502772688207033  0.41336782675804 -0.5155331361361657 -0.2274837753539591  0.4031764631918602 -0.5183039901648552 -0.2305698414264863  0.3783198607954379 -0.6090097361800551 -0.2390872102442194  0.3784943103478543 -0.6111613717762947 -0.2429813247434057  -0.1596417254610036 -0.3218256507945825 -0.1925840984437684  -0.1671018099798001 -0.3855164290736198 -0.06109082170413332  -0.1323283146669031 -0.3866544349267156 -0.09360907062103427  -0.1856157124375258 -0.3931129197128342 -0.06156634451625748  -0.1304783792726104 -0.3819457031215747 -0.09282780080669453  -0.3663476957802448 -0.2125194221087162 0.159596231883223  -0.4919078881135999 -0.1971417725701443 0.2264708861917356  -0.4614736500623853 -0.2911147366595358 0.2409094041891531  -0.4616277538762671 -0.2908950503070476 0.2410469513316684  -0.3654307797194111 -0.2605203942004829 0.09607637275645022  -0.4962043460277384 -0.2795631184186541 0.08591258197542211  -0.4090692483666956 -0.3813750738421156 0.1811989812015078  -0.5014126501633427 -0.4158560513183907 0.1411049387187073  -0.4071555808875429 -0.3847244192604827 0.1784276221376256  -0.4990506456398782 -0.2810915106509109 0.08696729976224159  -0.5209686603307884 -0.300618126852497 0.08428809458704034  -0.3489715916079359 -0.2160778592058517 -0.04179945017980791  -0.3288656862899139 -0.2063946604990079 -0.06027020472690731  -0.2775073423058805 -0.2929301517894243 -0.1263300747323324  -0.3615193177248316 -0.2794228187879844 -0.1491549979484273  -0.3483921775348249 -0.2972394157937229 -0.1676604982604  -0.09918501050938246 -0.1842291641235928 -0.1624711802677057  -0.0918393592938038 -0.1770531794980654 -0.1807818253038643  -0.1002248156412404 -0.1853803609700533 -0.1613933517355023  -0.09412439017190344 -0.1848802666409937 -0.1584499034766952  -0.09119473554347041 -0.1771614942799194 -0.180194135918807  -0.09256215971203549 -0.191761333559042 -0.1473100041328093  -0.06647097902700974 -0.2264727674752474 -0.1270848934083033  -0.08632994264685077 -0.2048619374992253 -0.1325363510879345  0.01756322592156524 -0.288179630456418 -0.1655010692594573  -0.5394444088180755 -0.4151478192804447 -0.09441699752851818  -0.4647477968064274 -0.4920461084501364 -0.3876948495328785  -0.451024052335097 -0.49567925839097 -0.3910481682850975  -0.4927689760308617 -0.454583457016339 -0.3629277176373352  0.7591284075647698 -0.444466845282817 -0.2347292151729766  0.7998983565433664 -0.4616328483224745 -0.2086502931617817  0.757189433439154 -0.44271456625337 -0.2379376696381409  0.7732598804931115 -0.4389878821627408 -0.1810259638321381  0.7501908053107109 -0.4709248462722739 -0.1412309629834797  0.7685434199608759 -0.4186912977765666 -0.1621915347017725  0.7827669214316529 -0.4455634819534561 -0.184998708067097  0.7129475794421677 -0.5030808612317981 -0.06924673844108138  0.4067992265471791 0.5534530080019652 -0.2462763975929868  0.4342810633330966 0.5529842097426324 -0.2715711319311469  0.5317938329321623 0.2915129809032966 -0.1799714885582102  0.5755738554356594 0.2548111791583355 -0.2022279064538397  0.4961322884420893 0.2517588560795685 -0.1485239625441958  0.6692519364130679 0.3201267543988585 0.07640485405038605  0.682329726961643 0.3521924297305629 0.07859753772548997  0.6406369733990275 0.3102624591141295 0.08480436340242357  0.6216576666413954 0.3498545983392083 0.1004729595421991  0.6995538236323957 0.3665197413814213 0.05178853690196112  0.5893672019579002 0.4640711625518974 -0.1416650673262695  0.5824756491895533 0.4149712307179876 -0.1431881432117957  0.5770394205836558 0.4036863369082956 -0.106246283543751  0.5578059880002075 0.3914929828111344 -0.09366260898063013  0.6808296359612015 0.390508810859252 -0.1332034205221224  0.6259056477890268 0.5804269704225711 -0.07070476489164033  0.6260857432966322 0.5801460632895505 -0.06973921292503044  0.6621715809889061 0.4825651898110267 0.03626836607818149  0.8009936695601008 0.08316632524736078 0.135886515170059  0.8046069184086974 0.085805565391244 0.1405147816419115  0.7913472665850705 0.05906233115276804 0.06795134373392342  0.8168205895411605 0.07891647295283637 0.1607021791612117  0.7467183443902816 0.1336407304087804 0.1773211648490757  0.8237007307779917 0.03260647640397814 0.184265030660002  0.838424318524655 0.07436141473389477 0.1657384507735501  0.8493545944842041 0.393417648286515 -0.2637462832603832  0.8493084262804402 0.3932854423030506 -0.2638793995866554  0.8492823684503729 0.393731335415033 -0.2638977116666246  0.8490386277508728 0.3931257736282181 -0.2624011566066422  0.05292551235782578 -0.5244225601235641 -0.3513159292695621  0.02303806327280056 -0.5386373748686643 -0.3309717486508297  -0.03634731236401963 -0.5385705213154702 -0.3048426826956734  0.04795647744607749 -0.5262753811821892 -0.3517475772580488  0.08291923630931722 -0.4228041336680561 -0.2878995837707843  0.08628506089636562 -0.4253495510271011 -0.2898801833815666  -0.1297527775947603 -0.7736176490192522 -0.2524501201298297  -0.8627132828573223 -0.4291127040379951 0.0679507270827906  -0.8563269543357879 -0.4268696345676893 0.07270606865219478  -0.8739684107268237 -0.4575150543665241 0.1231645134374366  -0.8736418336353988 -0.4620057359163029 0.131179110021753  -0.3652877615280717 -0.4226887276272714 0.2065140663853747  -0.2752274724846954 -0.418687183584552 0.1481127341549811  -0.2586359302926666 -0.4343294464549892 0.07975334383021603  -0.2844826414336333 -0.4244320109490893 0.1615121022324094  -0.2748174249889266 -0.4205201121684013 0.1725608253472743  -0.4230949501440037 -0.6237314284635375 0.1227750111516607  -0.39924913882742 -0.6144195942523721 0.1430440065486339  -0.5262079683009453 -0.6307300940572996 0.08221819946495099  -0.4734080811174506 -0.6205845466386519 0.2296432581625618  -0.5741940610317435 -0.6038431698165836 0.0718429566569557  -0.2486479052204187 -0.7425147707176784 -0.05565948030509751  -0.2122984158244143 -0.644965793268668 -0.1066904160552187  -0.267446000058271 -0.6979455628905969 -0.1555249008045268  -0.2609811542186273 -0.7114040869428547 -0.1392160233605161  -0.2395868373578448 -0.6699244273305682 -0.1442177217884232  -0.2902497871832029 -0.6818023513206302 0.02906419508433916  -0.2681853354159187 -0.6523843523149894 0.02633195915068458  -0.2985107759935089 -0.6773615746431975 0.03042430502484289  -0.3039588347839009 -0.6606067509556566 0.03162290832027119  -0.3441715284067054 -0.7255595133412206 0.1671104441472157  0.105562859713396 0.8713696532739945 -0.1783603426835413  0.06359657459436381 0.9114905956532933 -0.1700468850950818  0.1831643649064595 0.3674254409236868 0.1428191275829242  0.2390438664000159 0.450435485829923 0.1517367999380768  0.1310138185242412 0.3253503221629573 0.2120699272258512  0.1859203570021965 0.2684939674267834 0.2171354953427793  0.1579837224215074 0.2733899504618331 0.2330839124860901  0.1662519552798885 0.2375883685056729 0.2183936285395865  0.1477942657677463 0.2613153927363582 0.2348781833512251  0.1427317957752007 0.2409837431827752 0.2367117180355879  0.1438958944696684 0.2733849287848735 0.2361183680425614  0.1492959774051254 0.2769732308080984 0.2364550322129756  0.1469831231908714 0.2788326958149546 0.2366544639826159  0.5484075823642194 0.6194727472278649 0.06195494807398493  0.2791993033539596 0.3109673844938474 0.05426169813303054  0.2655711790769424 0.3742690590915118 -0.08413478102852241  0.2544290666812128 0.3091432380100368 0.06093996507313369  0.276274083390885 0.3808151715929953 -0.08692229049934051  0.2862791085815681 0.3754967021421451 -0.08906088769720331  0.5675349260669693 0.08985684595871783 0.6306395869404632  0.5728154853316949 0.0914624605123502 0.6287784028923854  0.5440834680246971 0.09295042327786604 0.6335334002147138  0.5798720625959992 0.01765581403155554 0.5889022373202327  0.5839190490076226 0.009879130447580445 0.5728535510896599  0.476482497588074 0.04450502466345404 0.6091879300309272  0.6104823273845852 0.06125032574693572 0.6028621351063035  0.631732126222322 0.05865070647739601 0.5691225881236289  0.06305329979858432 0.0127638213176556 0.4710591298696594  0.03072902336472168 0.0130393995178783 0.4719590905797339  0.2052126502636873 0.2252077462101947 0.7380727394677236  0.1671760083065163 0.2252604240735164 0.7633491153880724  0.2305594548197775 0.2458784841271116 0.7416334496603598  0.1540918664487498 0.3030506577497245 0.594327167932035  0.2041394634463065 0.2797460176047749 0.6057627786178686  0.1204506109641043 0.3194575444939922 0.6023737429878508  0.7439243248020714 0.1351731446131543 0.1723230843378018  0.7337126058705712 0.131359935989465 0.1635050936985761  0.7153890211135463 0.1362147965311684 0.1518547501415662  0.6994359308908504 0.1460569751450916 0.143714602383299  0.5240497656363996 -0.2601177131677004 0.3706062320763857  0.5266345003371169 -0.2095781630912839 0.2973646971892176  0.536784347519319 -0.2449342737112198 0.4080670831342498  0.5718939349428759 -0.2004655604401862 0.4085312595232878  0.5630960105324487 -0.2161613301568689 0.2518842160932111  0.5844582576899008 -0.2044995626084311 0.2484028658499259  0.5368177676247258 -0.216369873136953 0.2366991557876834  0.6150531825237702 -0.2046937167482777 0.2451136839764126  0.5835877278753306 -0.1906883309103818 0.2653933360925532  0.6509201504894413 -0.1835702144275989 0.2673894634670905  0.5593923764136588 -0.1942040137875689 0.280767376006203  0.6503784558823543 -0.1913371486182435 0.2579374985577327  0.6810819340000951 -0.132273994848413 0.2963800933752005  0.6716377866397837 -0.1743181129822875 0.2534043044484589  0.53498370827259 -0.2085779547080716 0.283507928999604  0.5188370992992929 -0.2076702522171875 0.2905244851348735  0.5217747692553927 -0.2072108423842038 0.2849008457187908  0.543855659155008 -0.2471831478066577 0.4137156760566651  0.5933540278761549 -0.2911229844873466 0.4132477724965121  0.4090734630014566 0.2580652164551145 0.767613095812414  0.4077929969334688 0.2574086793470268 0.7677022224626168  0.4901610509311131 0.266643977078483 0.7473535413706435  0.2997019599756055 0.01414904178700307 0.8093647644835875  0.3104063997787728 0.004975588363660178 0.8171672121806275  0.2636126937846872 0.005194933042373364 0.7869614974450387  0.3406889030086518 -0.003172599296619512 0.8252648807804679  0.3683623991615608 0.01474342463684304 0.8127560206363604  0.4155912331928522 0.03213786479182498 0.8415408176931928  0.2001326481273317 0.009977702724122304 0.7915847998503284  0.2190012569260061 -0.06592859235131782 0.5779845076995369  0.114018955273191 -0.08035550578972492 0.7362397281702178  0.1231556327233048 -0.09230326016882898 0.7447863827373623  0.09960177025330617 -0.01408506400117052 0.4532870904448441  0.1340720424819316 -0.0303423239866549 0.4374464240128754  0.07971761218880147 0.04795975903469503 0.467774730311526  0.2049385257701375 -0.01730838992528716 0.4549569589798959  0.178874088231178 -0.04464014497566132 0.4359841747065485  0.2052858408137209 0.02058500986799568 0.4556928549696482  0.06241903987237617 0.1773906340572596 0.7388583670109318  0.1635955235740525 0.2259376468457748 0.7643848520115797  0.04152546930444385 0.1007863323962345 0.7821877282473327  0.2275271137370192 0.08309303008972622 0.7309596619852242  0.2846169740641888 0.09255146664170603 0.6804958664733605  0.1485615115194688 0.0233815142748779 0.750055650375254  0.03348606215584088 0.280916178237194 0.7413257167988913  0.4124620543267877 -0.02913357423267311 0.5800545188510886  0.4142837740527863 -0.02240250313960653 0.5941898248006281  0.163675216207237 -0.1564554050357185 -0.2220117676857074  0.1641703974053799 -0.1568402897514255 -0.2228203957433683  0.163478515295435 -0.1561323942643296 -0.2212484470012174  0.2384275055564387 -0.1346679354138346 -0.1364680550149575  -0.07291789392051926 -0.2285503561710681 -0.3276437556678441  -0.03712681137756687 -0.2393193707488264 -0.352021191903185  -0.08674938263839292 -0.2284548572124788 -0.3232693427059956  -0.08713855636652137 -0.2197022762090579 -0.3186716590586203  -0.02831643819180434 -0.243341438019525 -0.3493814587193916  0.007530331554827407 -0.2509281426076461 -0.2843947911101491  -0.1063438756419954 -0.2048103340094465 -0.2965606929184217  -0.1053530380433032 -0.1319133681003367 -0.2296722176685235  0.1811010126588543 -0.2799170622611895 -0.3081430874968869  0.1410551046082569 -0.2544128631723562 -0.3780002485395638  0.1545507173355556 -0.2383455141015936 -0.384619851036978  0.05122591593032877 -0.2212867280936415 -0.3935019616238968  0.1986806120353228 -0.2662693852363592 -0.3078602169099319  0.1841543872957971 -0.2422928536324657 -0.4363584765478845  0.1855524894436087 -0.2476022554352171 -0.4436668649974055  0.342344420250196 -0.1870566820350494 -0.4103563825014292  0.3415437322758171 -0.1902194520905404 -0.3900572515121545  0.3455677759493316 -0.1889884898183265 -0.4177323118030795  -0.1488723982654448 -0.511677008730967 -0.2159207470620831  -0.1544331890803261 -0.5167764556325289 -0.2083748298617311  -0.1671621226634115 -0.5206429524871331 -0.197120004733817  -0.3399306348442863 0.3929502500170293 -0.4936736396501753  -0.2802322633994863 0.4144515897879852 -0.4611758230107711  -0.4463177727529906 0.3656899853152866 -0.4866360958629083  -0.4729576103557419 0.0634475634200893 -0.5192972233834821  -0.5074513514405045 0.1425998038171579 -0.5512123504481357  -0.4545278561424779 0.07766047689328467 -0.5168794869825444  -0.466917517331694 0.05302772704782157 -0.5231713446076071  -0.2966486076437849 -0.0416935571332792 -0.4645705373209816  -0.2954391364993177 -0.0301832262227129 -0.4690619418299958  -0.3115607941291503 0.3036654693601057 -0.4213775287759152  -0.3309734509116088 0.294184785223042 -0.416631523582693  -0.2771334425236201 0.3196699148282672 -0.4046961243764375  -0.3824909775264394 0.1936302360457833 -0.3378664877710388  -0.4025404278087285 0.2394140779380543 -0.4086513450281898  -0.3822969565709413 0.1931245380047447 -0.3375038824338443  -0.3657138792579386 0.1865256591208194 -0.3225493110095156  -0.3624824202987945 0.1866418951956497 -0.3202491858117616  -0.37088850539313 0.1867468207438961 -0.3264109213836146  -0.261942901561776 0.3942556384783709 -0.4359166891446349  -0.2877004134687052 0.4550145165887069 -0.3480681131546253  -0.2843326245655706 0.4592362752048774 -0.3429174617101876  -0.3019218900591948 0.4922735954280649 -0.3997597428331229  -0.2817557524558501 0.4349983484178064 -0.3561294055545461  -0.2893665182017201 0.4793901552152238 -0.3055849884914302  -0.2759673031749647 0.444866284444968 -0.34564570293949  0.363794963722484 0.2604818447674344 -0.4548449646793062  0.3630660665090247 0.2640121533663493 -0.4668820856837521  0.2867284658056006 0.2623953580996439 -0.3559592123393416  0.3925580505384953 0.274319016730676 -0.5335098736259738  0.3809853277035741 0.2644643292098471 -0.5202038617725745  0.3991332528593949 0.2747643111389201 -0.5396455009148639  0.2525992186262331 0.2404014701086719 -0.5441632583376147  0.2439661887841233 0.2460126191774558 -0.5411825448160449  0.2512511342964239 0.2381407598806587 -0.543866283673144  0.3766634143439428 0.2854766060301875 -0.4606715520675415  0.3628463754241893 0.2632492490566988 -0.4679018945137491  -0.1626097932945276 0.4573482663704879 -0.2253766472425437  -0.2656001769369529 0.5429120155102829 -0.27873543234855  -0.2125389472019094 0.5396842607993532 -0.19750656431925  -0.1513932067748677 0.448793262464221 -0.2259646858320498  -0.2667721536078 0.5494290562946286 -0.2917516407437457  -0.278367753305964 0.5397482873195559 -0.2877543174120697  -0.2343226466177624 0.5529414053910681 -0.1922415933334243  -0.2798698679393107 0.5382099211495515 -0.2890189771890748  -0.1772232525206137 0.7355672042986265 -0.08374810325107521  -0.1568368891448352 0.717289182010844 -0.1221264994178975  -0.1799416810152257 0.7424624995930278 -0.07387496679492045  -0.1840570538110501 0.7274414863145199 -0.0737871576048203  -0.1855455394977455 0.7170768405439694 -0.07336874927848405  -0.1814742335179501 0.7394996725462681 -0.07230677316179153  -0.1659553067642258 0.6928849913850361 -0.01908432370045991  -0.1678480087287745 0.703317742895843 -0.1062557319158866  0.6961332687253695 -0.2209388178903733 -0.4496899545617887  0.6998683349562298 -0.2768421298904569 -0.458030299888907  0.6036134250057629 -0.2705507868500084 -0.5038772000068975  0.6160766076270511 -0.2406630677989433 -0.3450983336783685  0.5797451728478058 -0.253227822801718 -0.3569071401316078  0.617695991384038 -0.2397864145608125 -0.340634815305635  0.6416288391055305 -0.2818208013760741 -0.3556429902283589  0.8599723647744233 0.3043086659532376 -0.3327137416178847  0.830990374776695 0.2653569060371975 -0.297021492567545  0.8539589983098079 0.3139478797387097 -0.3250797942756149  -0.1731437046112706 0.2990760509296575 0.0358484119401726  -0.1062916715729316 0.2013132495336329 -0.07541998090518856  -0.09595647547766037 0.2187896744472737 -0.08096613396605561  -0.0934346561238122 0.2230740763540553 -0.07836206447503907  -0.08111443468609202 0.2624691481145073 -0.07219729629797408  -0.07906281360507454 0.1870944753932131 -0.09140184669807994  -0.1085468415436097 0.2624640688139248 -0.1170742927053786  -0.1829963312655536 0.3179108793169616 0.06274772129395705  -0.04668240127433065 0.2931445500990978 -0.06628595926081884  -0.0805815580467764 0.2628912855720099 -0.07202187288119687  -0.04550646760968036 0.2995231833210509 -0.07459107819741287  -0.3152383944441673 -0.05369233484592924 0.03597707042309042  -0.3384152652058374 -0.05467379630890805 0.09686263587761759  -0.2879894266383074 -0.1084786741856258 -0.02135370013373058  -0.3389246681547488 -0.05398064596080437 0.1017587604726815  -0.3396615881049654 -0.05562148749403174 0.1233337222005764  -0.1929225583643615 -0.2817390624340385 0.1681234245094793  -0.1424387932003132 0.1659118092998418 0.387853587894847  -0.1488685354049115 0.1958207118960437 0.3303435476327833  -0.1825729651734496 0.1084594052398209 0.3879260158998706  -0.03235570108439504 0.2972695759283273 0.3766610008225902  -0.05668929186239251 0.3032648620391153 0.3964119986026148  0.01292601552549066 0.3046333865290103 0.3466830661993872  -0.1240723789792839 0.1928696589242368 0.3030193454205042  -0.1600012572533327 0.2429336160586252 0.3158304323148285  -0.1639094787833697 0.2572971691376674 0.3503441166104707  -0.11965791480138 0.2411542760732228 0.26960641375153  -0.2775409787633933 0.2391241157818789 0.234602019650328  -0.2829034252279555 0.24419913859908 0.2344425761144469  -0.2822334549448388 -0.1834487552953715 -0.0521395525599798  -0.2559165229512953 -0.137409252666695 -0.03972032886332726  -0.218620700707656 -0.1605217221049575 -0.0754506090409218  -0.2686395744340118 -0.1150230009770019 -0.02799751293231188  -0.2676546056328963 -0.1236304629824219 -0.02888368906412749  -0.2817223222210085 -0.1149374687566271 -0.02807365582344073  -0.1635347202499796 0.2549407096040665 0.3648593157204297  -0.3416866239099574 0.2698439094528632 0.3192588785346701  0.4468366947505644 0.3462608810523797 0.7537123894650868  0.4988692664203165 0.3753850202017413 0.7432584284896921  0.4184285955279428 0.2975838746931775 0.745087563448416  0.4988832395844158 0.3757236638688118 0.7431516901616352  0.5147112198992704 0.3425429402152028 0.7218369746055502  0.5280370972109849 0.3390522403686028 0.6980504260360753  0.4349026514135673 0.2826788633778075 0.6136502625634171  0.4529881129481081 0.2880136156573436 0.6148818427689572  0.4316521102979208 0.2751568002234009 0.607280774178653  0.5089363725288335 0.32908731097619 0.7185267783200813  0.2978614911504001 0.0817396003457653 0.6929521129080422  0.46281037826129 0.04207950139954795 0.5983162209827827  0.3242766759424542 0.2572323488854181 0.8160891530079739  0.3911605398138598 0.2514938910867134 0.7876407412440708  0.3818091069671964 0.2255663657893931 0.7315812131395526  0.4190060926637025 0.2935465084430601 0.7433749286471532  0.3733819966526657 0.2019142819102952 0.701055001023232  0.4057471035221997 0.2546080979757357 0.7707167143278448  0.4190436741382349 0.2941834712337813 0.7433265143488292  0.4106317622952469 0.2661938984994904 0.7621914399161801  0.456767307576997 0.3095121824574971 0.3411165327346699  0.433397393186263 0.256847369138343 0.2838279704153998  0.4047983819212381 0.2619030059641425 0.2988243967663712  0.4534091889758125 0.2696792077072093 0.2957080906705833  0.3315409344199495 0.1345986782928781 0.4098775778972243  0.3483397579730664 0.1196080531862169 0.4277093442625926  0.3263247691493238 0.1375614746698845 0.36302504140669  0.4369652124756478 0.2829337536561712 0.465224679319997  0.5134839330032597 0.3222175489901385 0.4058012677078747  0.4223212003539525 0.290075018852864 0.4765425215389093  0.5137495895149713 0.3230496166345488 0.4009861142839628  0.5195319816141156 0.3136610448011369 0.4138332911508473  0.3782086984921406 0.08989898954380207 0.353702040808609  0.4201832462650486 0.1151450199199653 0.4900534696775105  0.4365072708729645 0.1358461340034436 0.5112106614875065  0.4182252435144511 0.1137041011253541 0.4887189356374554  0.5154050305693916 0.3159580910486661 0.6977123277488957  -0.0424575445404262 0.3034711209684218 0.2637368737653024  -0.05932823064946795 0.2852108561067263 0.2449655915278997  -0.03739362860679922 0.3039157997592055 0.2661608164872424  0.1316673911275046 0.1514310695622542 0.2791504882225364  0.1279534118617801 0.1777707904632329 0.2467488612068139  0.02334916417660361 0.2236044260789299 0.4365991487652864  0.02306725369852929 0.2126842658919493 0.4561067971418793  0.0505268808055063 0.2800088135319072 0.3577660365246315  0.1017606363186757 0.2484732655848927 0.4584703034139997  0.00452336477682444 0.1089175858728075 0.3611552239453902  -0.006470166947606035 0.1023185762033007 0.3806335402940275  0.04881210532269736 0.112316228901321 0.2873881318574925  0.431229264641097 0.2749030538722146 0.6067397088106656  0.3514475361392502 0.205443819924412 0.5995748583892284  0.427612121572896 0.2527835774159596 0.5601730321431874  0.3467892252280892 0.2008823826492148 0.6013812152428081  0.4051047284366452 0.2894611009802781 0.5126170527742177  0.3449685161396008 0.200583008391148 0.6013416097842712  0.4789777918764988 0.07222468326619569 0.6152490908679377  0.3469231295553956 0.1853751589481136 0.670107445008534  0.3802695667487787 0.1883077157409805 0.7086781538978851  0.3062464726871613 0.1833042319489146 0.6487885976328785  0.3686116537511361 0.1593124055266655 0.6945178803813442  0.3443030856841141 0.1165502260482905 0.7017143663110024  0.505544983686169 0.08566175760844495 0.6712539851606572  0.456747295399072 0.4755657326353289 0.4776102627154869  0.467025179929886 0.4594018367269819 0.4898313788381673  -0.04162334560609528 0.3003443353809444 -0.07477286761693609  -0.07065471500633266 0.3046169680459219 -0.1227892956080909  -0.08667615705548162 0.1639415948164111 -0.08755001774385997  -0.0009733960135277185 0.1009724961607326 -0.1117643203546912  -0.05430939273705158 0.08487176979446703 -0.09342376400928319  -0.06065897746790325 0.07544719738239734 -0.1016733452981871  0.1288456750147501 0.3114556127512343 -0.05854676307870456  0.1559911844614349 0.2896200356708535 -0.0667690052486303  0.1262235848365182 0.3110339988417993 -0.05883763235235559  0.1148386514336268 0.2890316215668803 0.08932151021898047  0.2037350016032874 0.2953552137133202 0.065602792719132  0.1570339632147379 0.2234789559943924 0.2125587514029344  0.108624948513728 0.2783468482287696 0.08685105072991052  0.1142860713391142 0.3615795306739099 0.03902869300045737  0.1138063361085109 0.361723441270343 0.03939339143551791  0.2250488182511838 0.2749910047639502 0.04185132924966688  0.2000384122126507 0.2757280420367305 -0.02786951863111693  0.2076872000383375 0.3015507621849664 0.0634001738867257  0.157326555990066 0.2235145981218865 0.2124515915748341  0.1896049502781458 0.286390128600478 -0.0787331602860743  0.1729756352628522 0.2779044247131158 -0.06719243298860485  -0.002565286326669927 0.2222690003391325 -0.3698936884771684  -0.02720148535213122 0.2625365292865579 -0.4034155267218014  0.008752571130012932 0.2077281865586805 -0.359889236144058  0.1018488039275667 0.5370565507696834 -0.3081894421923331  0.0686336258225753 0.498148339279083 -0.2988966692472089  0.1461353655309994 0.4800904704654946 -0.1122243467327008  0.1444321867000834 0.4845300657247032 -0.116601087083285  0.143518768847469 0.4845982939175871 -0.1169269098141278  0.09809880049828829 0.5297051157311954 -0.1151893488639011  0.2371540079401744 0.4858223769826258 0.2351425166414596  0.2426262321159048 0.485340585330029 0.2388101547303024  0.1859228507384033 0.5157546412622968 0.2120117820370192  0.2204049364511027 0.4925060745221749 0.1349504599318432  0.2209458183538567 0.5027696622242418 0.1147274379698267  0.2252830521172883 0.5006334967491926 0.1164543434975416  0.1939032797584942 0.5983439501077995 0.07150782189426103  -0.1682117898738412 0.5581454476288332 0.1825199522775736  -0.1681513233958962 0.5666530456645824 0.1752081421863106  -0.1745262826636882 0.5515850955845985 0.1831832855668084  -0.04699815562459515 0.652977260604038 0.1459127426215564  -0.0829518710033347 0.6527157558002539 0.1335859134923227  -0.03917397709251376 0.6542084501816816 0.1463260271542559  0.4787824863049958 0.5268322624883306 0.1607196136110875  0.4515620014516252 0.5557575989051259 0.1671462715785777  0.5088616123755513 0.5168293141259906 0.1169687214715987  0.4423461407869665 0.4938037808405241 0.1759244044531788  0.4291410123334928 0.5707174123738437 0.1732556017452136  0.5577972448904183 0.5061017402852466 0.1174686871328941  0.3951074436851449 0.5832819187942357 0.1992516475147097  0.4189094782464892 0.5810530466150514 0.1799095689469407  0.3267321376872214 0.5124403014350073 0.2684920991564462  0.3743621507861878 0.6016292987044713 0.1786324723862838  0.2815336314723922 0.5082524318301983 0.2697100264396662  0.3746769108824589 0.6023198566048081 0.1767317487850107  0.3703702178644477 0.5424458787888641 0.3406060617110515  0.2739954732174927 0.5026486713105596 0.2686814720100695  0.2772710059008222 0.5089281306861729 0.2728472701773745  0.4226965785720994 0.4646606838671852 0.1973780464194811  0.4051157525877482 0.4596741260597644 0.2128390614727819  0.3517622967514873 0.4668998625210151 0.2558005214804133  0.2682538889645805 0.468985346526261 0.2605172097013246  0.2386108351338342 0.4847170032142611 0.2282094761882797  0.3254178376799656 0.580928379065726 0.1051872789060491  0.2976855147898368 0.475469743802228 0.07840729355115456  0.3379111843350804 0.5987712105746105 0.1006943962524306  0.2548352995307618 0.4798879574484683 0.2544368322813389  0.2835885933621993 0.4011965137861812 0.1304929559054413  0.2637941558868615 0.4660089112142651 0.0885857261791748  0.2683226420580951 0.4660682178585583 0.08679282539504567  0.6252571068180206 0.5895739084164123 -0.0719029799353508  0.6296189903726226 0.5775688249914787 -0.07259056036914968  0.7290995042739637 0.4921895361984129 -0.1285692345776226  0.7397612979439636 0.468140789747908 -0.106317050279717  0.7173767128075185 -0.2762853471463451 -0.0287359241879763  0.7218106899486525 -0.2709324042805927 -0.02862115485696778  0.7085396784663368 -0.2809183247972455 -0.03461294568520462  0.6988481627273296 -0.3575499573090356 -0.1758041322260361  0.7308247312873682 -0.3905100307017143 -0.1859476381113846  0.6908625961676204 -0.3524194319249435 -0.1598330795779905  0.7482363055652348 -0.3988080843517855 -0.193249882897403  0.7479470471066112 -0.2626290134283589 -0.02892365486575514  0.7928784629868861 -0.246430657460138 0.03476643803298702  0.6478097095055687 -0.2520778637725617 0.06668427926783348  0.6594099921891068 -0.2833704905350973 0.06985056659903728  0.637016669733231 -0.238383568387749 0.06724362028993765  0.6605267838344707 -0.2853541145827729 0.0666678946444846  0.5861135815239 -0.415514900186065 -0.2357323033308023  0.8103125730962427 -0.2800333206520944 -0.2871479211060596  0.7891423845613819 -0.2659216572096926 -0.2348155675374252  0.8182070280488334 -0.2893103690068504 -0.3224145486879546  0.7814722612826276 -0.2651114214818965 -0.2327359125679512  0.5963328711192553 -0.009822719677881177 0.1584410319110932  0.6145527349928763 -0.01351907993432718 0.1613677540524547  0.5865891357609095 0.008353703734151268 0.1492845335787804  0.6527468965095411 -0.01730201356909297 0.2124618981583304  0.6554078492529638 -0.01643001243074869 0.2148817698699894  0.7330627780179172 -0.1835953338986528 0.2410319907672079  0.6880972571762678 -0.1219353467834154 0.3067343176889593  0.88578907437897 -0.192422904408208 0.1294758886743058  0.8838929994533494 -0.2327128575625748 0.1189707132265586  0.9044440829703788 -0.1903379738505601 0.1304256117099413  0.8439588735012929 -0.2509166249295647 0.09897209467694668  0.6631184440870763 -0.4689233777895043 0.129220553958013  0.6704765099606429 -0.4847920049315044 0.1321843784606847  0.7790853475080212 -0.01012964045934677 0.4091290265415096  0.08826810408531249 0.5295509347337224 -0.1139963235841325  0.1116607942351284 0.5761725573613273 -0.08993269437174105  0.06988179998948613 0.6738585211224373 -0.3202599650678093  0.07231724050401632 0.6672077231226133 -0.3237195989011207  0.03212621379239723 0.7212824394716404 -0.340972910698339  0.2633985680873164 0.755464046166664 -0.1225399516610767  0.2637658346173598 0.7935355879617615 -0.1227672794188479  0.2577852614116615 0.6934547175002432 -0.1696070601628843  0.2376263778612763 0.7118547646396212 -0.1049652256309123  0.3000843996930525 0.8861838655156292 0.01652337947331167  0.287334287197973 0.8890831842365265 0.01763231224317579  0.2205714874847874 0.8939124500582667 -0.02659737238734086  -0.3170651619586147 0.3743373845900294 0.2827371270152583  -0.2338957107893676 0.4866613420733379 0.2111755227189574  -0.3202173728054074 0.3594303190100617 0.2711891104131414  -0.1622344241596418 0.1292177996167428 0.2867387715179178  -0.1168936962305247 0.241505805846831 0.2674413188842428  -0.1116518279057372 0.2437903004569274 0.2575092473475771  -0.2725179392493834 0.537595770867198 0.03685400220311646  -0.2712510855172523 0.3877042590593885 0.03200980859678182  -0.2823366377326948 0.5481700227890751 0.02610130144955643  -0.1491025467603989 0.8912525811341007 -0.3641783696244396  -0.1588109679820636 0.8938861487174816 -0.3668090887206888  -0.3958715529464272 0.5501456675085599 -0.447989028798349  -0.316961217951402 0.5054880202245997 -0.4117284391909973  -0.3695587442091295 0.5631239394609047 -0.4377561124405099  -0.4383804454630325 0.5416948023670596 -0.4912065947466443  -0.301953362992485 0.4924132361275641 -0.3999052209229598  -0.7360909656662723 -0.1392261209505415 0.2412608633806228  -0.6763084735593273 -0.1512213044408188 0.2274327356269727  -0.7471155704311235 -0.1133819192946511 0.2947375273340056  -0.7727111257025578 -0.1987942286968611 0.342604917601793  -0.7687415440252856 -0.2139642187189655 0.3431994314340218  -0.7533238619791368 -0.1098009745980142 0.3649459807082784  -0.7634079199823561 -0.2274667366140002 0.3343221554855378  -0.7426644759352238 -0.2420582194686606 0.3392996747338288  -0.6683377987529493 -0.151084954244605 0.2293293205762705  -0.6853716985917448 -0.1343716213937654 0.403145545700602  -0.7347457128098209 -0.1006325163788634 0.3772831846920966  -0.6742761656526229 -0.1479615013858948 0.4082413755217131  -0.7114030947092301 -0.1019209550078147 0.3901892071315096  -0.6850155180252865 -0.09431713635085323 0.4264668649051369  -0.7443758494784662 -0.0999637955485865 0.3715342422395781  -0.5146213600081176 0.1802671461847734 0.3703391767207678  -0.5181907869189795 0.1778430227356 0.3755189619970262  -0.4219065411442822 0.1345214306187602 0.306442834897242  -0.5236559596322499 0.1858826580072958 0.3909072819090615  -0.7513068802328914 -0.1156559219692623 0.3084224141930283  -0.7662996048611647 -0.1029893200743876 0.3788284002110326  -0.7444691649002265 -0.09989531800512916 0.3716557513320013  -0.7321113239562368 -0.09096174173840091 0.3483621068661684  -0.3579491195106947 0.4140325991000399 -0.3415154753767433  -0.4488758664776374 0.3684441501450696 -0.466437540271007  -0.2817927639730098 0.4317409735440288 -0.3571602807064507  -0.403869528999024 0.2410958138139294 -0.4203086537319025  -0.4104194873323431 0.2448517049811494 -0.4238904247541342  -0.4394849692269974 0.3495766190318261 -0.4733648486920924  -0.4753750766388924 -0.1606951081119683 0.03769711005238556  -0.4531484255230324 -0.1805605213217889 0.03277945438471566  -0.4483760979090287 -0.1857610231765825 0.02618547937992369  -0.3366116004829003 -0.5404150844799218 -0.09670525847178692  -0.4938064301615808 -0.09074182021077783 -0.1123345925838933  -0.4839546821947591 -0.05877203050769186 -0.04477187339980969  -0.4153014443266028 -0.07644319766782534 -0.1890440248565549  0.4390620216678718 -0.8215809012180973 0.009002791585322141  0.4355180883393244 -0.8718558910135289 0.04164473436898074  0.5809353350499298 -0.616432552596855 -0.1228141051538136  0.5526945947407751 -0.6549272876236878 -0.05813589746344042  0.5817462831554713 -0.6154608520563272 -0.1253836197820019  0.5529153812521971 -0.4001888042789487 0.009467471046513992  0.5972340612618949 -0.4422144584754629 -0.04324045793982263  0.55122001391411 -0.3985496756738688 0.0199054674695302  0.548947112304929 -0.3782457226103865 0.01339839284611301  0.4297380762361412 -0.490995162022802 -0.0128518012673611  0.416847464092473 -0.4959905519962347 0.001577962890014321  0.4433928654286952 -0.5526877570219205 -0.02140400462845915  0.6057452800968806 -0.4420031483110521 -0.05372201447476055  0.4901013648666428 -0.1297089386604224 -0.08206959326942945  0.4726138568119072 -0.09765065828371243 -0.06957771032525503  0.5449708009354099 -0.2040678832686544 -0.07729318077800255  0.466830524543988 -0.2969383195799833 -0.05357767588349495  0.4483889290847702 -0.3052757314432493 -0.06788736035889473  0.4693248416197036 -0.2949914638199834 -0.05128175841207523  0.4325847719096139 -0.3022725853409303 -0.168218372731189  0.4029593737592537 -0.2996226552360072 -0.1403390074068849  0.447300800402978 -0.2912187470140853 -0.1949900726756432  0.4012953730973392 -0.3001082961454683 -0.09278701309796966  0.3344614343270133 -0.2517188985645741 -0.1195219343837065  0.3512805422412455 -0.2641408559361104 -0.1058194116204994  0.3263061458329269 -0.1860350664697315 -0.1286660748193305  0.3307448575764451 -0.1786937341566799 -0.1283739444418298  0.3267227650341669 -0.2391285838563927 -0.1246692037582404  0.3271822937740936 -0.2423120671981357 -0.1218188338773093  0.3274353056724322 -0.2429502498376806 -0.1214138731866939  0.3270838217246912 -0.2429451194699419 -0.1215008624014212  0.3315832196237684 -0.2008099401535741 -0.1470702901845004  0.631625109119716 -0.5455496795041932 0.3284610681821388  0.7431687013963518 -0.5372266902692029 0.2312549139844414  0.7500649379759359 -0.5435557860910541 0.2252680779969273  0.7705193197230374 -0.5397023686643605 0.2351935626131591  0.7054940257356609 -0.5392814407582581 0.1476178242302811  0.6754794213918689 0.3035081548589446 -0.2194495407609315  0.6746721488066548 0.305536210935249 -0.2186966833943037  0.6769469638340797 0.3027201562615561 -0.2292125902096214  0.6623048332287282 0.2853839888768912 -0.2201443151525245  0.7012780759309838 0.3066793038494098 -0.1924458820377621  0.6004919578582927 0.1625785213369838 -0.3752379159072086  0.5005873464303695 -0.04278491669728196 0.285535882080237  0.4500938137282033 -0.1311906600427455 0.2917835421045392  0.5227934402238997 -0.02948543266823695 0.2830404350137455  0.4416963272879653 -0.1423528506691104 0.2816411139556307  0.3344502551279103 0.2435198027192701 -0.5042928083721303  0.33476323587782 0.2436015158570801 -0.5040559250260687  0.270532244798921 0.215224946190652 -0.5242658630578872  0.3800565654569345 0.1731005753326534 -0.3462179005971622  0.4052204775793475 0.1709904101610585 -0.3556387702649568  0.3674746271159191 0.187517602625457 -0.3634242277307808  0.3092384053008256 0.218950816472622 -0.2717815592172299  0.4100172819081737 0.1612647272689132 -0.3560706988323038  0.2904874140992366 0.2497026156579876 -0.3423887702376359  0.2904287409096176 0.2034570112142145 -0.2554206279459588  0.2355161673945464 0.1918152074470619 -0.2708551632103453  0.2895056978721453 0.2068380426541537 -0.2474144189078244  0.3204712222645248 0.2612618138326501 -0.2240514655770807  0.1724447370820916 0.2110071079185135 -0.3498488842297295  0.2867694243092928 0.2619710767129577 -0.3558369266070204  0.3204499992698672 0.2801022626659679 -0.2224491700476657  0.2882251635163215 0.2762850775094788 -0.3488613293906203  0.3204515076145532 0.2800960699315759 -0.222443823024164  0.1681490288375093 0.1963465512674393 -0.3635346447290504  0.1815756945536029 0.2242591620002946 -0.2329073893658518  0.2239526548550365 0.2758607141393401 -0.1985678133972267  0.1003845595581655 0.2214681684980499 -0.2532410184079156  0.2338824414122394 0.2664205968336971 -0.1915089481198447  0.2164230529062475 0.2935888903701191 -0.3745148506288002  0.1959201699860062 0.3115452699730034 -0.4126489430255093  0.4103282632055131 0.1600941524168736 -0.3583658817604717  0.5821228627208603 -0.001992266918012145 -0.2700975294102896  0.5478998864494367 0.02263359369026494 -0.2247698952966383  0.5208181850996882 0.1711940085178922 -0.1804733560069832  0.60139418547551 0.02244680809058017 -0.280910545525601  0.6328438083883521 0.0878485533010734 -0.2887562995924963  0.6329662750785889 0.09136594008240589 -0.2919251240434386  0.5006257348792066 0.1750344670717269 -0.3444166304498879  0.6463632801566823 0.02697744924231698 -0.06512503883121901  0.6567959748029705 -0.008842880255719995 -0.0432842914575122  0.7119443594706182 0.08651852041493006 -0.110408893465482  0.6423597176384229 -0.041727490220455 -0.04405357578204601  0.578204894397837 -0.05106206116817989 0.02392000031537274  0.7071789396367162 -0.02912968728876682 -0.04893803788969688  0.7079380147744049 -0.03352254529372525 -0.0490366166076918  0.4699199670999006 -0.3043582595038613 -0.03527057338379717  0.505263182475825 -0.3169197895800605 -0.006342894036639426  0.5267335226002002 -0.3356151536402385 0.00736164697167245  0.2138310360739221 -0.231928909827719 -0.2863521200853707  0.202122843046626 -0.1695892996078066 -0.3127755480441569  0.1992092461048899 -0.1672098732469423 -0.2362112129525938  0.1925972510190069 -0.1684065735662634 -0.2418794743163222  0.205038464763483 -0.1437364061712952 -0.2556456763280052  0.1833372177416995 -0.1657147591709691 -0.2384669896692294  0.1911632778653063 -0.1522639245687842 -0.2609839165725609  0.3456687643256623 -0.2313346495058597 -0.3337248690534689  0.1696881661226492 0.005221408926817578 -0.01746814724050383  0.207148511017524 -0.004762328735783619 0.002175768483534776  0.09417283206747837 -0.1816340349629421 -0.007408983397174621  0.0800829578164993 -0.1825854516774424 -0.03726954098327386  0.1354001931469958 -0.2012448533321625 0.01785960698334051  0.1927467994728835 -0.2059357612417372 -0.006957241480212352  0.1981840265146233 -0.1704826119739251 0.007160988805872515  0.07977803964363665 -0.1964469161687621 -0.07629881569722374  0.1072909144067207 -0.1570052062726333 -0.1263970038843159  0.1749382027687968 -0.1417649511214886 0.02558261763823622  0.221191396494285 -0.1030757393149596 -0.1206395202023235  0.16341848450685 -0.07653574105684677 -0.1256481389021892  -0.1158053283681081 -0.06184742770588335 0.1099484945216968  -0.08835688055229662 -0.07149212970585773 0.08154074703592365  -0.1666797037208374 -0.07407702061292067 0.1610769015541357  0.1304995387038191 -0.09576506619972275 0.1841023823536158  0.1709313512051113 0.006681243448744266 0.1992568752379504  0.1391876123821333 0.0961040139205636 0.1543610525012383  0.005691867847932644 0.0344673831112831 0.1932843858086503  0.00495056730358355 0.02495326551928658 0.1944517499582289  0.06015986764744491 0.08995779456448104 0.243684702204183  0.06252734744770855 0.1078556548630667 0.2254379254691529  0.04867487830766633 0.1097334385565122 0.1915169174102913  0.07209607060854735 -0.07466921568935625 0.2082091217231434  0.4685455479898241 -0.07935170537661627 -0.04849696611275817  0.4716248554592911 -0.06562613976971038 -0.03810138443084506  0.3744614415341987 -0.0912512026938772 0.2118465312504239  0.375597117451023 -0.09324825547579914 0.2110359160131572  0.3000049355716531 -0.03581604392910437 0.04487183009810487  0.3037246148620985 0.06618063642025045 -0.1149674493634574  0.2168970402155435 -0.02150823997864384 0.03240159312723824  0.26134291884078 0.002454751697692666 0.05849267611251981  0.2633570117836501 0.006128345508220973 0.05679312804770548  0.2341122112890243 -0.05231266224396881 0.05319036476513193  0.292492387596844 -0.03083816663319265 0.05252020270130135  0.3480409531277814 -0.06412603725610806 -0.1320025825435016  0.3493924642988218 -0.09769430657103886 -0.1299281490305744  0.3532549839889745 -0.0589240087727073 -0.1336342568856618  0.1731144163847468 0.1235783926969813 -0.1517089735642113  0.1556847168676758 0.1443735945066183 -0.1652177029075543  0.2045262367193679 0.1159223633911927 -0.1432972934314482  0.1514822685884074 0.1467082483789868 -0.1643857831812063  0.1998476316950157 0.2902376797860313 -0.08274062521579191  0.2226394518751626 0.2916137362384678 -0.1105160758747578  0.1942407816551204 0.2739203320849534 -0.04859368178250173  0.2230931705340814 0.2891310205052795 -0.1176567589228888  0.1884367950603506 0.2739522845750856 -0.05129680065977982  0.1493287843983118 0.1489797386251321 -0.1642267464437722  0.2697149089075894 0.2211193166074255 0.04518103391890323  0.3638633556608448 0.1773155233171582 0.07107217160113623  0.268826198844012 0.21336550987016 0.05230988645571052  0.3950853899064928 0.1992905011417971 0.003259425694289497  0.2683302164878055 0.2117587897298788 0.05234553610467749  -0.5550234521047556 -0.1189215489361845 0.1772126676850627  -0.4031010163907073 0.1263889209879258 0.2850927138724945  -0.4801776489359046 -0.2795490009654441 0.2583811277545286  -0.4788650701797433 -0.2787687228793514 0.2570730738185155  -0.5367632186822487 -0.2615764542377227 0.2829513623260304  -0.337622007224904 -0.1632612863188431 0.3794133319880584  -0.3415288159901851 -0.1411200866624042 0.4422823355514982  -0.319356911900663 -0.15020243583851 0.2897376977074879  -0.3359171145142722 -0.1478836923761597 0.4551251128963696  -0.3987660614280396 -0.03035407752193157 0.2485388889960049  -0.4064012648786882 -0.0269047240771052 0.2595750046898978  -0.3936233233269899 -0.03446876349565674 0.2048194806379955  0.009032631767843427 0.264912861695422 0.7348009876220477  0.004873231373871148 0.2646100882904014 0.7299545149242774  0.4210943387464912 0.08958060307651632 0.4906803538532004  0.4215455590205268 0.1000826602615923 0.4705876708098837  0.3347751791083718 -0.008578208110380153 0.5273570117885462  0.4275778434343043 0.09257285246919669 0.4567414179676738  0.3227314818643777 -0.008320934222229869 0.5331823228773911  0.1172568833292766 0.02114919844070339 0.7339399725310584  0.1075598617556833 0.01049673456033075 0.7284663189064748  0.06740132247681119 0.06281042347317142 0.7689808057620278  0.1054321393413062 -0.04201232720196813 0.7248395039452238  0.1063713020014227 -0.04876173834125096 0.7264038253837048  0.1844784319583064 0.03204816083578232 0.7767427644799917  0.1337072853565525 -0.09632258936759139 0.7534420064110755  0.1752129177798862 0.04785593607310602 0.7940831075586373  0.1907467476893664 -0.03769077341732362 0.7902505067105261  0.01301665494805795 -0.1251598180915092 0.3495550673938808  -0.2248974940680696 -0.07217451487519518 0.5353412049760049  -0.2367062600694285 -0.09572927990344667 0.5268305849366879  -0.2907991662383405 -0.0253421250981633 0.4377672287701249  -0.3261568658484043 -0.08644204609146763 0.4433567267473362  -0.2815087409536856 -0.004988186000776343 0.4371803634384101  -0.2398847773729957 -0.09981859659269668 0.5217733551555208  -0.2928605447271424 -0.1458569063913819 0.4922869853800936  -0.3336149064001298 -0.1105331082537341 0.447105696213433  -0.3417533808581543 -0.1524960317139399 0.4659129122800317  0.2786134210668692 -0.3863628150965539 0.6070740402841076  0.249516935489258 -0.4432362447003195 0.5884258087088488  0.274215133633242 -0.451534217353546 0.5965458185899869  -0.0447531464423265 -0.3024638392262812 0.543768844502867  -0.1076649651931028 -0.2977020248600515 0.6127781309909867  -0.1037527451703219 -0.3265261411737336 0.6310639613367353  -0.1053328331620754 -0.3393417653010693 0.6366030280091132  -0.09596828693347649 -0.2995591462925616 0.677457539186135  0.08144575794939984 -0.2024269428406817 0.6505587645911663  -0.09901467829084029 -0.3280385618766283 0.6958187349407079  0.08128307416282664 -0.1993092990181761 0.6441876734788576  -0.1346012003426222 -0.3757445702961598 0.6701130357702446  -0.1319980496694494 -0.3698570006707398 0.6715564780435694  -0.09982608188745873 -0.3314647972843346 0.6922365052191243  -0.1264016966520506 -0.3164854606595429 0.7332965106471836  -0.08814142395068958 -0.2872241181953205 0.803858386242101  -0.0922432202099608 -0.291807801618426 0.8024124200438202  0.4746541089302908 -0.367456183677418 0.2331843003147426  0.4815110876985036 -0.4047771165484971 0.1913657096744596  0.4474372801040668 -0.3423166005499962 0.2400370575233025  0.5059505835901226 -0.4074213753255804 0.1540631844446118  0.5052792570719352 -0.5070907303142461 0.2476106712630852  0.5567321218776056 -0.5231480617037718 0.2157640723044969  0.390321354379386 -0.5804840674077326 0.07178730445452941  0.5487761306352887 -0.4356839145029385 0.139510128742123  0.5277766861373824 -0.4383276804932816 0.1460501766380919  0.4758350335297462 -0.4377008723050881 0.06732844197854948  0.4067076137949974 -0.3581241105760405 0.06815423696878435  0.4035176154942853 -0.3602778799322828 0.06637125003760466  0.4980109532431569 -0.3184944532299367 0.01359475395322624  0.4646762431734088 -0.3130409429447267 0.02615453156174868  0.4523664697349857 -0.2907119630607062 0.07552895097634875  0.4514012375658857 -0.2879129242336114 0.07707346848122146  0.4619619559680806 -0.2561410259010388 0.3326893645950864  0.403876062740226 -0.3351341727906513 0.2941207882632693  0.5215882202707292 -0.2510782562690682 0.2113614536614033  0.5286793885918637 -0.2356637662098919 0.221900998976987  0.4738803822494835 -0.242471965115122 0.1717493893957745  0.3411108490953015 -0.2553594164197722 0.290709568083612  0.3393998120346984 -0.2078055464077152 0.279424394798247  0.3617193233135105 -0.3167613259083372 0.2836710805177305  0.3249906308284172 -0.1929965470928224 0.2625033790568263  0.5006851512970116 -0.1912240551230981 0.2869887254432268  0.4465206873909293 -0.149591050531875 0.2804003058192697  0.4312309562624347 -0.3366277866130953 0.263945869553876  0.3586063078964642 -0.3603610921485222 0.3092791372337578  0.3409961190925003 -0.3558588760404259 0.3067756519856818  0.3367739410662837 -0.3972532660579459 0.2855439255890905  0.1813081924369882 -0.3986936968261279 0.1485540507161564  0.1861574850118547 -0.3932069582241218 0.1728481456394059  0.1392255371700488 -0.3880296246094587 0.1995695339631098  0.1980047624816965 -0.3972445114273487 0.09192695411738534  0.1908782569341567 -0.4665392139580271 0.04541865661826278  0.1955052845811024 -0.4403149846503419 0.04175712683614899  0.3898555367457888 -0.3618371605029744 -0.03719040077497866  0.3808573469190297 -0.3824547430800391 -0.02986577797260179  0.3030549373906223 -0.2737223906403565 -0.1208119069390947  0.2924160583971329 -0.2850673009712195 -0.1226480051246791  0.2940313841198519 -0.3018157053056854 -0.1094792829548302  0.1528908132317315 -0.329786100291487 -0.1230613470951476  0.250564731349754 -0.3629165789217459 -0.1519066618044552  0.1716526630818133 -0.2791348590551347 -0.02600677278787024  0.1390885843233675 -0.3273325558027466 -0.124312363819564  0.2881775734960172 -0.4169647373998887 -0.05002572869209949  0.2415003299862038 -0.4243386584456211 -0.01622945394956361  0.2854310777638314 -0.4221111891378285 -0.05192291976549751  0.4778982202608655 -0.7075175775187221 0.4733919678060445  0.418782058890311 -0.6703337338386864 0.5027739444985067  0.4586985810137224 -0.6010136669036624 0.622211340152501  0.4060630750712929 -0.6888351834776798 0.5015764002011123  0.4586894167247465 -0.5995360157877975 0.6221353053131289  0.3379214757120828 -0.5930176026598699 0.3955787664767552  0.3170768039792078 -0.6368859480679383 0.3517388958976461  0.2957777762149539 -0.5820222390259959 0.3601987169976271  0.3759005841229368 -0.627340741913802 0.3682134565705257  0.5664718468569306 -0.3879056436540902 0.5618509271486283  0.5858678414234628 -0.3803530354489866 0.5647775829341518  0.5227348424611545 -0.5300289803760957 0.4310537877988961  0.5056527681328649 -0.4777333880321913 0.3542067775867667  0.4918718031561554 -0.5052187565190345 0.4599452921177553  0.205768740863893 -0.4584288905489918 0.2194014228223819  0.2354579860454518 -0.370084989692506 0.1571825186475218  0.1402598505685302 -0.3872248513404186 0.203109081273238  0.128599941375403 -0.3498424372788327 0.231234403899665  0.1394586702059292 -0.3310493245565398 0.3307542534823049  0.1093762476868705 -0.3638922024629032 0.2835828719380704  0.1357595363754601 -0.3234638002486528 0.3358663309832325  0.2003979271269146 -0.4688527067844253 0.2335013490346269  0.2918341148462109 -0.3496432023629525 0.3497247978457248  0.3271124456748749 -0.3528086156902953 0.308726157011981  0.1900627091052145 -0.3801012652563505 0.3991198351544551  0.2601887044294968 -0.4929559992914091 0.2899502791733524  0.2582122686662333 -0.4942532329272764 0.2912730568315096  0.3179156385663028 -0.4210661544561854 0.2737767327803617  0.2521666341373193 -0.2019041959035145 0.2230439573419459  0.3428144341176879 -0.180541742341014 0.2582623705828539  0.3430171527341803 -0.1810154644521087 0.2584849175766545  0.2621659274596654 -0.2833727584998517 0.2201109487918788  0.2365126721152493 -0.2538626949957191 0.209507959931827  0.2918068176528529 -0.1697577404725848 0.09149784122107119  0.3633482458512575 -0.1717166398197479 0.07212365749499874  0.2384069456500291 -0.2777061763533283 0.208102994953311  0.2571292058640868 -0.2838456685774415 0.2173962779894308  0.236953600056784 -0.2747763644502961 0.2076293417590375  0.1719245500069069 -0.5669105081134963 0.4808207359347758  0.1936515752486569 -0.5866324437178418 0.4648239252400286  0.1675036384464239 -0.5582031467175366 0.4952610416267578  0.1891212735192617 -0.5485058486079898 0.5492048792151838  0.2068640918431437 -0.5929633986900652 0.4499240994945961  0.1966643807189546 -0.610246668830083 0.446014077593169  0.2308501361347813 -0.7457105663702078 0.5295095207318802  0.199290201553892 -0.7315541772624411 0.5219203483885081  0.2190737505830984 -0.7788224251992795 0.5377215264717031  0.2157481467119242 -0.7215794212880841 0.4868746708359566  0.288448881894689 -0.7436421021771311 0.4806551413924927  0.2128771118844032 -0.7216108435116164 0.4891487628519048  0.2946142282986959 -0.7487220201689425 0.4873384714571082  0.4315966286878935 -0.614456770431602 0.332929890926282  0.4603360789832825 -0.6306175849045349 0.31815582446801  0.3337925416009197 -0.7019011656455283 0.2122080087270766  0.3013536865897649 -0.6392628825548802 0.3350779194701273  0.2686786144499616 -0.7923568228001163 0.3294302977068855  0.2452902407001714 -0.7502567137762356 0.3182947649500996  0.2785458848660047 -0.8022935356159274 0.3403808191062505  0.2526979482689863 -0.7351765131044874 0.3445267886229365  0.2774218716605265 -0.668684339528224 0.3274944471751254  0.2449885982505594 -0.7494450971734942 0.3183658164991753  0.3258018115494661 -0.8246922934044634 0.0837583199533153  0.3268362021485242 -0.8332250886151639 0.08972033625111987  0.3144933423212913 -0.7837730921343118 0.02522097480800201  0.2629911263880466 -0.7729727777903196 0.04315446968415625  0.2889789498712569 -0.8640534416119422 0.1056105793518936  0.2055240367026823 -0.684057440837908 0.03030794489709723  0.2525796693104448 -0.6623761460633959 0.08819779357948331  0.1944771373158299 -0.6813916052490218 0.03339104344435456  0.2363941273165839 -0.7573881431366004 0.03620157096009946  0.2061027472050805 -0.6614629725640979 -0.02556514235761029  0.206226957234784 -0.6617225999434629 -0.02562417761442063  0.1818411261408703 -0.6456891891798632 -0.04310107006729665  0.237765454307348 -0.7491571140512722 0.009630130167333655  0.1531663023596947 -0.8412672123562659 -0.08911823699820082  0.1569006888776968 -0.8406932354915148 -0.08866749621786005  0.1356855608307456 -0.8405769611712162 -0.09785408461304354  0.143576979390087 -0.630651405968193 -0.04664469700073105  0.1098393792859704 -0.6317096472020121 -0.01468406989473538  0.0895855693347921 -0.6577054275075023 -0.07136039340087885  0.1098710077691825 -0.7986295893705082 0.2563046042684468  0.2272625750272652 -0.8508585062435312 0.3318516934546296  0.1025364460125651 -0.8023350931037529 0.2356123216302448  0.232995848013567 -0.8474991570162689 0.3341951388198358  0.1927367777993037 -0.8355076931380461 0.3735269499635192  0.1620313633564368 -0.8749989743868114 0.3524021292422413  0.2550878374548302 -0.8488016944404414 0.3294935528125796  0.1503734725454374 -0.8762977415954762 0.3525279635737018  0.7189119925101439 -0.2590378345726687 0.5278365606243421  0.7046065064289186 -0.3025439247041722 0.4754826230524059  0.7175988011870191 -0.2429872054336832 0.5282804216105006  0.6911454645174735 -0.2656767453137799 0.4465968576805427  0.7006426519843859 -0.2375991576279954 0.4811428682268608  0.6751627031881499 -0.2779097231315383 0.4355644442419087  0.8593879471074799 0.1119230771583708 0.406115414039317  0.7986818248489818 0.08774434311661961 0.4512751859981544  0.775374489468327 0.08181349751363373 0.4840346027016704  0.7648276250787395 0.08842704606508177 0.4888636294477438  0.1448481095536475 0.2028949607124897 0.8982706526652312  0.147346693673101 0.2028101787066719 0.898262398878635  0.03130250544016477 0.2188520896107366 0.8742610903310125  0.1112809580063261 0.3958126881841542 0.04733207387445204  0.1007811518545554 0.3284719159853138 0.08522187091916537  0.05622901200770389 0.2913474980469293 0.06843319270887957  0.09960536305684523 0.341133530130604 0.1045379598493409  0.03344709199788753 0.2845426240412245 0.07748896778258994  0.003291959617932359 0.2355028606819736 0.1244859916702081  0.08288694786473694 0.2766940275031061 0.07761558780277704  0.04466366624747628 0.2883746591690085 0.04897862746939315  -0.04167564422264559 0.3036469002340602 0.06297251145688065  0.0004459079796244741 0.298999017594514 0.01107079730055769  0.07693971311142712 0.3682380144171974 0.1823051886659495  0.06692061925121691 0.3726001833392581 0.181489718702829  0.08437228081817368 0.3597231278081329 0.1956984292965067  0.01415979891040002 0.409732308892799 0.1760163849987629  0.01313297138635951 0.4223514785617057 0.1749193464196761  0.05943715359681 0.4549071800747791 0.04658420840893424  0.08970069653221499 0.4282343352253222 0.04041878654013616  0.03908221775363761 0.4675251233081122 0.03835407259204629  0.1053234734427921 0.3485748774450559 0.1555154952296998  0.1203486408259305 0.3274728883671228 0.204102754561356  0.03351150157057511 0.4606618843723901 0.3747590751584853  0.04123132353704721 0.4525752030517228 0.3803885326995837  0.05035797713501919 0.4689552937287543 0.3804252481283303  0.05732305947917499 0.4563120306581867 0.3868686531972884  -0.05887441314762776 0.4054440042040092 0.4353737226496338  0.08183809230945197 0.5041072576496686 0.3137898256117714  0.1410111643004986 0.5053923654362182 0.2282774383852548  0.07073624806183328 0.4509223868187299 0.3876817323395971  0.1541660246148792 0.5230213164263841 0.2089429476244398  -0.07353062640779479 0.4076144135425936 0.435786056252407  -0.07702028884924167 0.400020878271048 0.4352599205595311  -0.07050063642930275 0.3770808171807496 0.4333849470233874  -0.07384951379207483 0.2832656585757989 0.4528416173055184  -0.08222649417546421 0.2993839133531608 0.4428597667446973  -0.0809802711010751 0.2956528243638794 0.4399810023404592  -0.07279826831226285 0.2807080318178377 0.4550306433021495  -0.329278169294267 -0.8667918448215466 -0.1908522810582746  -0.266533827696795 -0.6925842743639439 -0.1560092909650155  -0.277201115298801 -0.7558323467245395 -0.1817511319308126  -0.2592817093766825 -0.6719376039789998 -0.1556337464969811  -0.2808523624981905 -0.7617657290067466 -0.1917353548638278  -0.0344044775986751 -0.8464800102481723 0.3850926008767288  -0.2744812232901948 -0.9457161986857131 -0.1154030447934511  -0.2703752232377373 -0.9542997421443935 -0.09485691509318248  -0.2329617029701236 -0.9310003479199558 -0.05845375403971213  0.1634754037911348 -0.8312897242540614 -0.2142772644759993  -0.3613304307450582 -0.8200717459894038 -0.072448079364405  -0.218827859400735 -0.9149141392577046 -0.05552355131947414  -0.2207894435632746 -0.933981454183624 -0.0516070643034881  -0.2068630852715445 -0.9391695177776019 -0.01526149632254991  -0.1806455297964163 -0.8551117591166322 0.0103402079168854  -0.1864078804575688 -0.9039320617517946 0.01856289691382357  -0.1291218256507008 -0.820784115788711 0.02540934880204048  -0.2975115829204861 -0.8578973246608306 0.1004800057309567  -0.4087038927552693 -0.8907836045940141 -0.02925581774784481  -0.404906782667798 -0.8968043565074215 -0.02819756920942653  -0.3784176157879143 -0.8321107346715924 -0.07383483425276929  -0.2133660261022819 -0.9389203202958409 0.002631970469194986  -0.196893477760504 -0.9116007651549771 0.02722627759597601  -0.1727795599611001 -0.9010148824176388 0.02390622792155286  -0.4000974467588877 -0.8984735443858793 -0.0176104728609566  -0.3416091510115837 -0.9136324789897127 0.02867635521818034  -0.4012898349873016 -0.876793058159764 0.2026377242727523  -0.3583784126876273 -0.8341549947411765 0.2055380561454394  -0.4442336005828907 -0.8483940108272601 0.1982353006199524  -0.5076077891359954 -0.7925688629361024 0.225239317107911  -0.3220730028142055 -0.8100927801854696 0.2541387048509809  -0.2579705572713149 -0.8264708941074151 0.3004309205192518  -0.3628401214235449 -0.7669252210128897 0.2037240565234912  -0.4522079898445736 -0.5627035011569196 0.2068311434140241  -0.4457427270927892 -0.5416786118943282 0.2115326845498846  -0.4714067269534565 -0.6200111552892379 0.2293332450300523  -0.4402600670304712 -0.519315949772478 0.2477647796635956  -0.4156850948302667 -0.5009923187415731 0.2583481279571219  -0.8141544961264483 -0.4538157563981718 0.2932832643440584  -0.6967356310776718 -0.3934166357427696 0.3414420872355224  -0.8171317709254243 -0.4514282921786619 0.29011051829137  -0.6923180822554871 -0.3899907809418366 0.345962982628749  -0.691493047716992 -0.3789423046811445 0.3712523802043937  -0.688824570504202 -0.3819125301630841 0.382765557777923  -0.6316293826473641 -0.5283862958816683 0.2726830089929545  0.4120478974304211 -0.8795426753241141 -0.1131239948672157  0.4655611654194886 -0.8601493896813862 -0.1281814184905654  0.3916412662775766 -0.8440085038518241 -0.09302222563749651  0.3821448048228916 -0.8416117457884341 -0.09337156310225248  0.4422584934295827 -0.8350877792896739 -0.06945237206930395  0.474863286064465 -0.8385315867460558 -0.1176795808778876  0.4355469755614068 -0.8370378834625075 -0.05800969439591321  0.4894509443586943 -0.8186311274477903 -0.118292515685919  0.4897057171529032 -0.8185493441521615 -0.1178916169454923  0.49528519074918 -0.7995999792939941 -0.1064315857354574  0.9428405214691303 -0.1826726930357155 0.2545813738065614  0.9291852383176246 -0.1440800684385156 0.3173320034865669  0.9371252630748355 -0.1441003646930898 0.2302619176080941  0.9275817788044951 -0.1459292555057626 0.3222425424981127  0.926792277783318 -0.1191658201611623 0.2873761306044425  0.9238290272093552 -0.1396954741172192 0.3195058456874105  0.2648295850461057 -0.8353370581123576 0.3302169603808482  0.2802835331130652 -0.8278813611446069 0.3385876541021588  0.2569468488473616 -0.8840201748763368 0.2649592160321144  0.2520610830262175 -0.8945476144498721 0.2581364494526311  0.3799255348565955 -0.8868552074914891 0.2470936622659295  0.2487670626781353 -0.8976509501148099 0.2603726331280553  0.2052303130812515 -0.8902944685097515 0.2048199733718891  0.3710358170434467 -0.8781440442751138 0.2599442986121298  0.4160515708501535 -0.6022523333588619 0.6812300974459314  0.3511301886367179 -0.6152863044306978 0.6896499621700528  -0.4275416744836874 -0.4054418646930181 0.270012211495274  -0.4250403219539109 -0.4042032417804026 0.2694430618330706  -0.4074397628047008 -0.40473375026572 0.265225523647131  -0.3179926347810313 -0.6446838708697553 0.5949537908635906  -0.2793737148026068 -0.6453030588044595 0.5744298041640636  -0.3382093439261494 -0.6240026821611964 0.559735487689878  -0.1023425539260273 0.4947015281510281 -0.2570567628505056  0.03216890744331048 0.440124786847796 -0.3209219508261584  0.5675029279950726 0.1561658721626819 -0.3627587089698398  0.5222204563253317 0.149127503310645 -0.3668950083816433  0.5072633104280988 0.1477395752089932 -0.3795562443087439  0.4745298784524696 0.1122931642637094 -0.4227334857200278  0.6362954949657563 0.3753523597890879 -0.3236630535570543  0.6048785232584698 0.4071194607826142 -0.3238993915448982  0.6669426155284889 0.3320382185281279 -0.2818289378573491  0.650346738595411 0.5121512967704999 -0.2554388735695694  0.610226140082088 0.4076491226632791 -0.3291129023137191  0.6007408026967481 0.4079199522213151 -0.3236323504633651  0.688781058940652 0.3595926520417819 -0.1646287923096376  0.6509918286894362 0.5146469127493674 -0.2568433100488276  0.5965709461460873 0.4525444163580298 -0.1490297829916377  0.7111658925338934 0.4605731396096417 -0.1476028680882813  0.4871521015318303 0.5050737696392255 -0.3121213892481403  0.4547874333249305 0.5272811863649651 -0.2833481242127787  0.5008459149693654 0.4747997122828265 -0.3032086938184018  0.4521037378764599 0.5427041162766383 -0.2764147402726886  0.3776970986844056 0.5515323586939146 -0.2714362020431971  0.456515882205095 0.5585621228337758 -0.2749752170168775  -0.1854933054127779 -0.2487015715278436 0.3703718880964258  -0.2569156618940946 -0.2721594955384851 0.4395363199832396  -0.2634464404766134 -0.2745618771565184 0.447753505537818  -0.2404039235676163 -0.2754907076891003 0.4357604204926097  -0.1685605618926679 -0.3569478677069745 0.2180938975962255  -0.1547813614232139 -0.3669745456706982 0.2339426741504568  -0.2416126417687535 -0.4108652447266699 0.2402008023593832  -0.3134179872197033 -0.3037774256757768 0.4650091135165222  -0.3160644957416202 -0.3056265814581168 0.4646516835210946  -0.3221338339057044 -0.3010919151534249 0.4663153029851425  -0.2502400709641787 -0.3084159729692347 0.4844188503811924  -0.3322132233744384 -0.1551621376545764 0.4587109157324351  -0.3111224544815135 -0.1950433945443076 0.4407060178274576  -0.3557813387921004 -0.2779921761670782 0.4685704607558079  -0.3083512549022005 -0.1965988096977079 0.4404443017799057  -0.3619344738035039 -0.1458925167704989 0.6381987658869703  -0.3739776125433334 -0.1503804663895636 0.6354264833888985  -0.3559572684605475 -0.1560079030723833 0.4761770693888672  -0.4488831399515974 -0.2464398653172536 0.5391934889942732  -0.4603245775338362 -0.2213032684207617 0.5784387849274498  -0.1237922681310874 -0.646885205122946 -0.1719812268650947  -0.03529372706456027 -0.5995362439188042 -0.2121241393139954  -0.1084653353139046 -0.689423556756801 -0.244007889780317  -0.03555866276944555 -0.6145206690845312 -0.2310402995855804  -0.1083095437799572 -0.6967742165207156 -0.2465721011320681  0.005608306720090168 -0.6791224785017153 -0.08043291970920907  -0.1132880986661334 -0.5136714528710442 -0.1795192448935501  -0.1163881292587464 -0.5163318807756651 -0.1793065639780594  -0.1321166966868979 -0.5301425326719984 -0.172003020597609  -0.05653110190712143 -0.5084259089917379 -0.2738285770495474  -0.03125192757442945 -0.5981712797380317 -0.2127766548698894  -0.03251307343737587 -0.6131595735038576 -0.2311086840965474  -0.1372862296698661 -0.5364101298516791 -0.1695483923321167  -0.1559580592064345 -0.5421167409548033 -0.1735597296298734  -0.1193171805448829 -0.5240920390915743 -0.1292448316766563  -0.1300867781861303 -0.5164438404599169 -0.07315516539034858  -0.2583838516627488 -0.1790535600625251 -0.05869915623447777  -0.2578690334488538 -0.1789192799430991 -0.0589682688560924  0.2248276152543775 -0.5397325049871478 0.3742532750247672  0.2231900990292654 -0.5360047738031262 0.371494584673181  0.2473358209857756 -0.5610376815456768 0.3786338695034666  0.2202424061637588 -0.5182190168984423 0.3541194260557764  0.2601005236837257 -0.4951089081211413 0.2906556227433941  0.2528701986644026 -0.7193309620264732 0.2695243577367467  0.2510183931529364 -0.4934609695311996 0.2997303703551519  0.2450780657624874 -0.4958789025625961 0.2894114434881216  0.2359827248323142 -0.4927694656515973 0.3119752570371703  0.2320833733272014 -0.473397157376679 0.3338678505630381  0.2333545477611118 -0.7098576396966512 0.259247473382693  -0.05276913165077126 -0.3067766439894328 0.2516218239826399  -0.04866432473538316 -0.306305475421311 0.2488731487570083  -0.1530397687403861 -0.3637708130492953 0.2381034134130208  -0.03080615779570024 -0.3145162315278976 0.2187188640423569  -0.04813069415791675 -0.3410356800453457 0.1868170166524927  -0.03109533132357593 -0.1919846676817411 0.145614458711861  -0.09732048673920297 -0.3768724202626228 0.1662161283837248  -0.014051984592387 -0.3125370611595982 0.2398764807219836  0.0398186950872181 -0.3347644854796582 0.2432841724023019  -0.1556710201977972 -0.3781834568009298 0.2446711603744972  -0.1168189568225985 -0.3812075185918542 0.1755540101402372  -0.1571779252748799 -0.3844401622889778 0.2502263337813719  -0.09310682925769972 -0.3815677270904202 0.1654871415902255  -0.01668019714593395 -0.5885580120238167 0.3423379643371903  -0.03912101087445294 -0.6401438341723297 0.2903929921925097  -0.01252821733425668 -0.403638753713287 0.3212155028739225  0.01509660234695104 -0.4098535690655198 0.3114237875219957  -0.05840769751176723 -0.421862154267488 0.3916637713331291  0.07844550043133208 -0.3895733002677128 0.2818703981902418  -0.07276490628915958 -0.4860325992915338 0.4494479590782109  -0.006127329699996756 -0.5729731894731478 0.4030564505093009  -0.009208313056092987 -0.5753986893389197 0.4018218726047443  0.02301865770133363 -0.5559318193978865 0.3689063540229128  -0.04812103308982676 -0.5766880367603168 0.4016158249694265  0.03565368212518166 -0.5527582888879902 0.3213896711005477  0.04342541566306346 -0.5257785053546921 0.3626121602354433  -0.02843335812454977 -0.5897869851348109 0.3384105754845105  0.07329841823512639 -0.5683395623661769 0.2856623018439952  -0.02932993247652706 -0.05244605527102342 0.05459395803251212  0.04685424323317745 -0.2147253777992801 0.06857469710932626  -0.01778850796989322 -0.2591374471814826 0.04245807438942999  0.05100979809643175 -0.2003998992081266 0.08657073844151988  0.003071041038317048 -0.1905759526141765 0.1280300454534865  -0.02447772266699259 -0.1821993965876965 0.1497479976652017  -0.08313272298918954 -0.1686458417564244 0.153084399709314  -0.07717499857266964 -0.1687735767911866 0.1545530589640576  -0.04709703077401459 -0.1472195723178298 0.1458962327704129  -0.009813766534169713 -0.06296720922194364 0.1841242423344656  0.03055281385384317 -0.1699589719496413 0.1809865051996712  -0.08211822853035568 -0.1524960042976308 -0.03439431282316745  -0.07940537273950944 -0.04774436792941589 0.03421679622232357  -0.0802233139671101 -0.04852753071954656 0.03274782640571193  -0.3039394831863124 -0.5905359961542817 0.5352087428397823  -0.2342040780051232 -0.5363000603264358 0.4721600772762157  -0.3293556225512627 -0.6129670327829889 0.5481975324659178  -0.2666901094719935 -0.5767823552589877 0.4444653986653093  -0.2247476026536236 -0.5804952667970034 0.4127547065194186  -0.3044452183430157 -0.6036576356631501 0.4879320691910613  -0.1694040127952078 -0.5364316678550856 0.4299228125247962  -0.1414037594406501 -0.5945575258672672 0.5443410345811196  -0.1332877396913498 -0.552913490120575 0.4438700004067265  -0.1501619797421447 -0.6248835418250023 0.5717999055635535  -0.1915284225419534 -0.645098873843825 0.5819055721179125  -0.1981799560230594 -0.7120356895572788 0.5362106198870629  -0.1357937566668175 -0.6318966336751972 0.5633158818459325  -0.1689299658163972 -0.6804861409613433 0.5599296552430217  -0.1975006444416502 -0.7141314464317647 0.5327332441731022  -0.1779394447261196 -0.7228509133228247 0.5061288607066979  -0.05984565898746472 -0.1685979400820431 0.4006236873733983  -0.05436102659379136 -0.1279652078661074 0.3840088419029986  -0.001839439289750902 -0.1335251894747924 0.3542677313323777  -0.09369672053049585 -0.08068197749381525 0.5369068054150847  -0.04136530114173249 -0.02213096984760876 0.4894631623732559  -0.185267706946963 -0.03131697116935477 0.4143072851618448  -0.1959566383437378 -0.02178176301752553 0.4154018139060958  -0.05048991140792491 -0.0156293028727518 0.4751031893611907  -0.1820152945887183 -0.1398367015925684 0.4414683275739275  -0.1136477611354089 -0.1875980338630782 0.4034796750870295  -0.2409641428199111 0.1061845921922434 0.4213298638650588  -0.2642985969300927 0.1051155873385594 0.4200683792511068  -0.2824140067722746 0.02107085945075552 0.4362217367817649  -0.2397753293412291 -0.00168526736516967 0.4436141470924498  -0.2757538593030275 -0.002255264406585453 0.4414471126065732  -0.2821329686624644 -0.003139355481623585 0.4378794499983114  -0.2814087993818151 0.0009275421141136525 0.4404327703443014  0.1273366269027446 -0.351668600170551 0.4593261790222068  -0.04077185835943153 -0.2983238072480713 0.3700441070409156  -0.05639683260354646 -0.3511530185632534 0.3931507656396238  0.003455302410711097 -0.22861725781848 0.4018073331207972  0.2239529155129172 -0.1127338170228684 0.3914724750374243  0.2026132650027584 -0.07509246080228719 0.4261714764459893  0.1972226477554616 -0.1873341726037479 0.4272736832593203  0.1790313310150563 -0.04894109481324804 0.4415031398936189  0.1635722885360815 -0.03109463594306353 0.4252266147510959  0.224877781857424 -0.06008554046430317 0.546543047691356  0.2081345640141782 -0.06614459226652906 0.392598583819542  0.05441356575211696 -0.1885383390715656 0.3672391697339262  -0.5515305493873183 -0.4402644887839399 0.387508163803109  -0.07981076698856279 -0.4609467362343188 0.4669928787389432  -0.1134900024789446 -0.3489766320165595 0.6353274200871591  -0.1220757425478399 -0.3589010632280398 0.6426294193343776  -0.1102052247363596 -0.4824901304362809 0.6970231028759766  -0.07447580066042334 -0.4979878703112243 0.7247946094517486  -0.1133056089906725 -0.4842696982013969 0.6986945246365043  -0.003998049667613177 -0.5016216606580169 0.6047066482190981  -0.03482760165088 -0.4887211004913291 0.7534248521667605  0.001165133229877692 -0.5002835594468437 0.6095518915536307  -0.5189068388134005 -0.2416999267388626 0.7075642770896859  -0.5331131846120691 -0.2510522711044851 0.7355353406107603  -0.5229226015796856 -0.219063305590156 0.7167855322476639  -0.5532943208931065 -0.27558158873376 0.7200146617694441  -0.5540436603923629 -0.2906843697100652 0.7189991870353758  -0.5663469176308157 -0.2812603483342462 0.7233316944877097  -0.574223265001668 -0.2830882976333803 0.7228155865341294  -0.4116005608647002 -0.3950691068473583 0.8199597054943015  -0.4097869584280307 -0.3955275234218077 0.8201422026925951  -0.4100143174290377 -0.3946501172009873 0.8211329377977898  -0.1909224710066237 -0.5627620432591138 0.4121623153606397  -0.2653348218848902 -0.592936998153539 0.4035356663664297  -0.1985415094309758 -0.6574355918006609 0.3769552109382271  -0.1894953769436113 -0.6467229712454791 0.3829110991879918  -0.2414175815598922 -0.6824969110376978 0.3613603621881581  -0.1779682560167658 -0.7837146190533608 0.1926434525610357  -0.168923705656732 -0.7847226301967261 0.1931995476507236  -0.2514878998151641 -0.8247329696620835 0.314745249512413  -0.2428412894268602 -0.8211545192599989 0.3170132608185076  -0.2131600694015879 -0.8338988948615441 0.3348318772416045  0.1241576402384941 -0.8919566445365903 0.08845998842554322  0.0608420920086596 -0.8675904886173241 0.06694202782712599  0.126329413384536 -0.8928848290235006 0.09308302298055353  0.01239102587555234 -0.7809252183872055 0.1770405632077949  -0.02003232689092883 -0.7909317227945983 0.1583564431235074  0.09644444599135593 -0.7865172059730353 0.196462281049822  -0.02322855705786782 -0.7901567829672232 0.1543682006979555  0.03078576381154042 -0.8568942309507349 0.09332602282045695  -0.1288720202031023 -0.8183456982856289 0.02263165402247209  -0.1150064628261522 -0.7417030128477802 0.02742225596164127  -0.1035842966058743 -0.8282493395845369 0.001695556459482817  -0.1207228798215464 -0.8384009706915904 0.03297884348480756  -0.1231812037753943 -0.8766598914994816 0.04032638593938755  -0.09999672574865982 -0.8279459809637622 -0.0009359786628478917  -0.07779135709088683 -0.842110944025277 -0.04311991276837809  -0.006299941941114828 -0.7952445522297645 -0.06475182658681428  -0.08330356841378758 -0.8151818858834313 0.1197166124172501  -0.07074394293303635 -0.8098002273308141 0.1330074741007435  -0.09280372843020727 -0.8586652386183107 0.07810255568849539  -0.05111360078432202 -0.789114720521657 0.1454987823196159  -0.1084600760128665 -0.7294279650742242 0.02494405123383287  -0.008049254046283053 -0.7180750361380016 -0.04814130456670211  -0.08160582317265515 -0.7257026665756072 0.06162817731481623  -0.02676239320486162 -0.7886737264809702 0.1536382462264924  -0.05419868065335934 -0.7855239573462298 0.1528200995945579  -0.07990798317373357 -0.7239553826036609 0.06021845911379263  -0.04789575171921244 -0.7191686480059221 0.06607272600302144  0.012383319533581 -0.7113666439190766 0.0468389278379769  -0.03264863414525669 -0.8692988779737951 0.1126040765558214  -0.09237959843353541 -0.8594303643521239 0.07779315358148296  -0.02505995320401431 -0.7869168441993394 0.1522191055447711  -0.02181292160621421 -0.7872061159651211 0.1521206782590961  0.0544303286103522 -0.7336302229553934 0.1594425042432735  0.5526883783115546 -0.2321443560082559 -0.3753522334701426  0.6089976851775086 -0.2970993933053279 -0.367754808841217  0.5224483611036483 -0.2451957560262424 -0.3407869565784276  0.5451261734529054 -0.2361653720263728 -0.3949895413397002  0.5367815946123011 -0.3809514996330536 -0.2630239402670588  0.5408962930755706 -0.3945921079420336 -0.2589567545023302  0.5305366152631922 -0.3733952751645352 -0.2767033769135525  0.5997285366326481 -0.4034201233863565 -0.2318015556721019  0.5928346972449392 -0.4127114404288664 -0.2332646186055444  0.6322260563316343 -0.3966868631492007 -0.2327173043809901  0.6518703507097799 -0.4181722755669371 -0.2386573668219456  0.6533873961070171 -0.4173400005924812 -0.238590943411187  0.6666142550420436 -0.4255820443464765 -0.246726869884113  0.6107876681211967 -0.3079518618750059 -0.3803503602233905  0.5308553658010583 -0.367736865185629 -0.2852855928444778  0.6159828990718335 -0.2965954292893505 -0.3662052197354719  0.6149456280256902 -0.307832557543348 -0.3796417334101084  0.5248146429056607 -0.2644997062234424 -0.2786963302268783  0.5469310420871404 -0.2402843430241377 -0.1724223232693767  0.5116394417537264 -0.270379440374986 -0.2193858997827488  0.6555565357029596 -0.2367113346484244 -0.2169447498421819  0.546425026304081 -0.2401356383181685 -0.1724805666814414  0.5558466210338956 -0.236946941253034 -0.1558774046771913  0.5219806310567162 -0.2451345680746287 -0.3402716381783  0.5162908268978339 -0.3536387413265037 -0.2776789503113373  0.5216127631331742 -0.3612236636070792 -0.2797654432744763  0.5225088596136528 -0.3064036989045746 -0.2960924196052306  0.4274648177036177 -0.6693925611409423 -0.2852762298090865  0.4562387206600406 -0.6729691997725947 -0.2511346893158726  0.4193032812764049 -0.6618549448008015 -0.2824003352442708  0.4340958439523532 -0.7063021580832816 -0.3094261042857568  0.426300932061517 -0.6697820551357444 -0.2930394580805964  0.4772456820436639 -0.6644695191787408 -0.2445520498742181  0.04903190935229075 -0.3255763891126022 -0.4226321134834317  0.04977640443839099 -0.3298450229100018 -0.4306650027288245  0.006668278174671348 -0.3356945947804826 -0.3974193296885339  0.08856092399886073 -0.3457987767291423 -0.445037833210275  9.797693601131929e-05 -0.3363036746193215 -0.3932495142929118  -0.0337036782862373 -0.3270054452053533 -0.3849961791502853  -0.04213234988635105 -0.347567194978016 -0.4102388338531896  -0.05909213765399531 -0.2597610797160386 -0.3706312953071843  -0.0885046720341543 -0.270838572968699 -0.4162577267158538  -0.0207273219673869 -0.198739483284259 -0.3702995240396593  -0.006334050157899264 -0.2217590675792862 -0.358050564128257  0.07534175620225493 -0.4928107870504895 -0.3546993830202838  0.08258096581520712 -0.4909263498171211 -0.365838297329339  0.04614241058305131 -0.5545723698719667 -0.3751338989183853  0.04169360874825966 -0.5844731544175408 -0.4029764294801416  0.008592552750723639 -0.5717399827773495 -0.5280448906684466  0.01064251304865297 -0.5810772599024348 -0.5230587109067136  -0.002005404931715483 -0.5394379542794966 -0.5364269097252929  0.02088994813666423 -0.5353770993567383 -0.5343222600829377  -0.2747226589462821 -0.3122028037465571 -0.1488752278574141  -0.2578569257664965 -0.314097994375367 -0.1814204313740466  -0.1023061206936414 -0.2218277989283316 -0.0719493621813275  -0.2070067619354864 -0.3186469154586464 -0.2167399282535007  -0.1049136517639525 -0.2131625798880288 -0.07347600507897048  -0.2065008331671178 -0.1522633970443357 -0.1287218486856903  -0.1921800812174704 -0.1515858134125975 -0.1542849636516407  -0.2706603091168592 -0.385295723239817 -0.09213912529782266  -0.2715236569111846 -0.3857685140875156 -0.09250035381629415  -0.2791431448478544 -0.3865088999799139 -0.09786381344118227  -0.2035766014258898 -0.4851601812105552 0.04716780111663682  -0.2192125824399894 -0.479057801739541 0.0539551048471357  -0.1771066193419106 -0.269290458089529 -0.2868358984370829  -0.1409178383922267 -0.245706562812534 -0.2900013722072274  -0.2387326529615755 -0.286794684006398 -0.2858067191237192  -0.2134194916003225 -0.3014390171871006 -0.2595081784358228  -0.2407949639326457 -0.292767386265877 -0.2791796358937239  -0.1168860983869926 -0.1393362652145775 -0.3095644163538401  -0.1244882700238798 -0.1272856741639882 -0.3121727815318872  -0.7275386768140413 -0.42189028783041 -0.08469754224831984  -0.7104901379795158 -0.4295573550744133 -0.1214290254491338  -0.4298087004153236 -0.4988284619770662 -0.4438751513734717  -0.2027570139122306 0.6624281793432956 -0.4291616307243944  -0.04221683721128229 0.6588732154571738 -0.484626537110882  -0.0405043904031893 0.6683634312030381 -0.4441805328343755  -0.04176577352762813 0.6318239164196535 -0.511830216235976  -0.06897570986801566 0.6822593908595924 -0.4293346669316456  -0.06596631808989648 0.5528806225843051 -0.4140510192972002  -0.0722099195624813 0.5433741178036556 -0.4138877126328301  -0.2633997064304089 0.5516601641017431 -0.2965784166623149  -0.2825570475123571 0.5388777670394327 -0.2859786740513277  -0.3099096641921677 0.5498279365579666 -0.2722862869279585  -0.2783966177816257 0.5386924981139444 -0.2942127295722333  -0.5926198550717198 0.4980352148027531 -0.6319597014780705  -0.550872288554514 0.5022870853021915 -0.6387930493824093  -0.5837337096767198 0.4761462364945352 -0.6039216934659497  -0.504946695306578 0.503784735878312 -0.6686465029704499  -0.5153694924495494 0.5230882955483919 -0.6417036779867489  -0.5847782364821251 0.471116413091352 -0.6005504292034768  0.8273443307275167 -0.2814428710241409 -0.3245644282881492  0.8251965309429519 -0.2758912516243754 -0.3348298268170358  0.8183721368763317 -0.2395775782593655 -0.3378507680021353  0.7299152606627969 -0.3173489348435666 -0.4267449782961268  0.7955745582120731 -0.2922674511556421 -0.4734635539511143  0.7829360683998182 -0.2950446665273646 -0.3499677391596105  0.7329428508941079 -0.3171480936754335 -0.3864449408993011  0.7082485980351947 -0.2992458325890113 -0.3771548507886923  0.7222606462307202 -0.3215760188627104 -0.4041149693892867  0.7990053867207035 0.5043183348479717 -0.2392952366935654  0.8312447318476444 0.454633605752728 -0.2806792442935886  0.7976535463916887 0.5047049523757766 -0.2355130745663023  0.8334983538855715 0.4483184671076634 -0.2801435807644001  0.5802221392749553 0.3773351062819236 0.1507816877098352  0.5730074604257555 0.3553770129876907 0.1668448568410563  0.4699914787298956 0.3094151753549 -0.1249249412175296  0.4642397801625566 0.3071332042530415 -0.1225215154490588  0.4679497651874708 0.2958361555295687 -0.12319574813773  0.5000588017423289 0.3752757564946405 -0.09307247568457232  0.5076146841888345 0.3794271198141693 -0.09527974072510285  0.3166548549597077 0.2570743163606427 -0.2225476516621451  0.3399509944346167 0.268474017690184 -0.2207229231627524  0.3091054320520789 0.2837136088779105 -0.2166097352287384  0.2742368422386861 0.2708807239584687 -0.2007126217456317  0.4667517508901086 0.296800157822072 -0.1227938876728054  0.456322637400266 0.3103446992403005 -0.1284254407264528  0.2270564641343924 0.2913037344803237 -0.1306396994888473  0.2347711696917105 0.2743202547867185 -0.1596325048868953  0.4418110150923285 0.2902214071494904 -0.05034560819319278  0.4325644150122561 0.3198925543400769 -0.04399915074251996  0.4534691644945144 0.2831771016148666 -0.03793306326315728  0.4099317632217978 0.3296872001632551 -0.03064201410433583  0.3295282772789481 0.3664313541269378 -0.07911784716848407  0.4644199694054108 0.3047296923679347 -0.3610633440950476  0.4630581221657565 0.2890389861630279 -0.3764495018881493  0.4695911804400812 0.3560802184956691 -0.3359191142157953  0.4558084843280936 0.2827051167686489 -0.3736882678743634  0.3757811093651158 0.2820742516308785 -0.4560498133113965  0.5601616944253102 0.5438568934191171 -0.1782890367119673  0.4839134105677876 0.5722616350828128 -0.2383255901782336  0.6054465892363436 0.6212292554665994 -0.1848011914382635  0.5876686287945811 0.5096420892479838 -0.2261199676481712  0.5019822481885936 0.5406388789644423 -0.2962666388049429  0.6085924640762219 0.52272518509252 -0.241374701175498  0.4761381800679312 0.5723499004207527 -0.2525895914250429  0.4615458946674098 0.5612310222037762 -0.2717155571736521  0.4898269332726926 0.3681631498675557 -0.3110794567209485  0.5323755145347755 0.4289396538755839 -0.28052368367241  0.4697764875326426 0.3562356758093426 -0.3356741959036306  0.7215442035730762 0.3861471684829237 0.04461683604907583  0.8331742603273276 0.02559768086056281 0.1889265889872307  0.8358473239884429 0.02193450404553169 0.1891719400166371  0.7322752659169816 0.1046855467406461 -0.3578395025234761  0.8790405539353922 0.4705984583282333 -0.04358624796078629  0.8535701154919646 0.4616747706141615 -0.08295943426256087  0.8673568495048984 0.4511501756365146 0.02151887039133981  0.8594863300013184 0.1003344532047386 0.1957458858231412  0.9168016830934568 0.1505145139065586 0.29127917640652  0.9199267267455463 0.1511343280949107 0.2979203397200592  0.7982046739645818 0.1938039106442365 0.2740961570584056  0.8630473563673255 -0.02201450814366082 0.2066814197358019  0.8523225132086666 -0.009624145388698761 0.1923233135152987  0.8857430698740235 -0.03630623308050344 0.206681134232853  0.1601187031119811 -0.8267378742937217 -0.2101187961975427  -0.3209555102629745 -0.529621038942394 -0.09536537121174926  -0.3110392367321257 -0.5108105126165075 -0.1222238767439628  -0.2905570700936079 -0.4150988711470089 -0.1197342992252693  -0.2084568909603219 -0.6033877834219527 -0.2113414517820159  -0.1623520666091422 -0.6122352683674942 -0.1663879119004856  -0.3630615899176676 -0.3158351764926495 0.8034982078140794  -0.3732944731238541 -0.3216618154609232 0.8237961643448573  -0.2434543624303396 -0.2745612879426418 0.7695413700077247  -0.3744606647091479 -0.3629097884815315 0.8118735953642279  -0.2375824552164678 -0.2734113693194496 0.7745143812719483  -0.2326360127287961 -0.2693663852576878 0.7773832251254276  -0.1995195110826275 -0.2745522600760545 0.7836582010164059  -0.2075972555928128 0.8472867665183602 -0.3880692098937797  -0.02120432478333477 0.947569447632027 -0.1733132803523242  -0.02418981211973688 0.9484471867942625 -0.1715905747545821  -0.03224595445552291 0.9323543095064796 -0.1730435459054429  0.3137489616847426 0.8253587464038984 0.07339404114481736  0.1849989308010349 0.8430724735730335 -0.01710149591610505  0.1740501437604491 0.783147398447013 0.01322847220926139  0.340419134180351 0.6077205759114657 -0.07436282220332188  0.2773651314892814 0.6517145368276244 -0.04289121126801747  0.353289857975385 0.6054154388760724 -0.06877189260491694  0.2806544994632995 0.6788128388822837 -0.1874108283297959  0.244552463673935 0.6814956474223405 -0.05999110960525376  0.2742129909905803 0.6783664702739056 -0.1987724530846524  0.2315255444813031 0.6834521077128123 -0.05952964126551444  0.2501543728956934 0.5697572302786597 -0.2683194935118502  0.2497986864871375 0.569686716786849 -0.2686717631983025  0.2545336670088283 0.6864366103959059 -0.1996811910429513  0.4158085729089158 0.6192250728824368 -0.101466579931877  0.4855167988799898 0.5732741229132755 -0.08975538651666037  0.4625009831866671 0.5640018287044648 0.1091816335388374  0.516680110815403 0.5776046823647494 0.09222660009906034  0.3960624637492393 0.6044554809318085 0.1409954229970503  0.232417084083782 0.6691908853137993 0.3004997334078753  0.2324913158780003 0.6685961649640519 0.300320642956404  0.2311183311970509 0.6724537536087651 0.2991963177447544  0.08197458077350721 0.02016346982715876 0.7387740081666221  0.05163184936955612 -0.05249179150805759 0.6570552277141015  -0.05092418172148797 0.008541879765424101 0.6520178436781945  0.05283978240238096 -0.01838373656404588 0.5537676503049463  0.07919651618872568 -0.02349171661144428 0.5659201746110394  0.007312538634838675 0.0007212412343000213 0.5056438842141742  -0.0771886288348439 0.1858644022500009 0.5723024263012753  -0.07728508823983062 0.1863488986293249 0.5676019105996521  -0.09082853416593953 0.1436238872502557 0.6014998177354332  0.08685317541319973 0.2879423499272994 0.5386417431118025  0.03613740436694059 0.2148565503767291 0.4633204300334492  0.07091648921983494 0.228048348131752 0.4691127567449618  0.02109174858646323 0.1964818781905272 0.4597524598720802  0.02051568632581661 0.1968510671057687 0.459295810611412  0.680321178965583 0.03165582046898521 0.4863611555067666  0.6417012590541518 0.03983519028917387 0.5300399586415739  0.7704250162035673 0.02461544499360159 0.3429361563454572  0.7753305102526405 -0.01191156171192851 0.4145075344112036  0.7701464333066484 -0.01668593849599632 0.4207802414532034  0.7340089780144953 -0.02472720287735987 0.2244516125976962  0.7642542215381996 -0.1156778982645727 0.3036966856475994  0.7662893296018066 -0.05780826375582827 0.4067275404605544  0.7753431035058176 -0.05299585673426082 0.3940157215738717  0.7660976060627989 -0.05383056668045978 0.4090294445434901  0.7623375997354401 -0.1189413512716437 0.3064474832820581  0.6317463858918445 -0.03152441252061088 0.2885194109264643  0.5761380372040411 -0.04344073914031404 0.285198202016584  0.6581858140745803 0.02671790308903413 0.3227959873228144  0.5339708366196104 -0.03005404045698414 0.2966244932653722  0.5180248826044261 -0.02741978788355606 0.2874088372399832  0.5351096372990551 -0.0312490948017654 0.2987769497784272  0.4958700713820591 0.005856240489982876 0.2926301296494644  0.568844202587963 -0.04272281406168479 0.2782677688543684  0.4754121883917751 0.05731717994640645 0.2842521601392016  0.7833315874744103 0.203285721399779 0.2658780616153152  0.7221908283581372 0.02630343771081492 0.3623093446266165  0.6787438496344697 0.03499365681941839 0.3497796997391198  0.4537999212217564 -0.08160980953092162 0.3506331687556509  0.4735852935221905 -0.06435212833701208 0.3274293684974732  0.4501452318441885 -0.07999559724396106 0.3540998201358615  0.5878076696326875 -0.05173158588753594 0.2955769171539696  0.6373497382318278 -0.07594060541471746 0.3297798154067216  0.6501412292035824 0.03555330608361394 0.5237846582292325  0.6636657532577256 0.02911121755342255 0.4995709011254166  0.4345527865604258 0.03880744758574968 0.8542915410158569  0.476497828917986 0.01806837620135952 0.8265244353279623  0.3820036336322536 0.1463766446170374 0.6954826440186347  0.4109763784038258 0.1635354400690456 0.712507839534917  0.3677458286515463 0.1251001535182963 0.6991896723291565  0.4495728315829412 0.1459474916992695 0.7059367400389378  0.5264375292838044 0.06805789608639499 0.7082364958619626  0.4927984029577764 0.1095794963441108 0.6865210493911167  0.5027152564297055 0.08436275041198316 0.6698637159208801  0.5269023490088641 0.06793856392942005 0.709841063480747  0.5220162644004612 0.01049750029621724 0.774773139057352  0.4736658222330773 0.1293370986040061 0.697762075079289  0.4900232266067049 0.1182753203312072 0.6998596698122678  0.5575871173207401 0.2178207957210099 0.7419572580461642  0.4527449771526285 -0.02495804214953203 0.7558740374511056  0.362218476808192 -0.1399829365800175 0.7855856698772229  0.4499560811260787 -0.02037819929553161 0.7461543727364873  0.4660911251277668 -0.02699960480076373 0.7542259040391173  0.3161450428607013 -0.1686082996702239 0.7615415899756852  0.3343315408209299 -0.1922790888582686 0.7410350998969616  0.3289079747633472 -0.208655639515175 0.7450776644127027  0.220630355929555 -0.06430563363440771 0.5780158130852311  0.2203199992302005 -0.06567151008827334 0.5774957509555519  0.09877058685360032 0.0115065847407107 0.605749932334689  0.1058608515134496 0.002469946385858131 0.6210047675741394  0.2486756034371746 0.07849213322310131 0.6072162058931044  0.178665278489824 0.05239828126710311 0.4083224565434479  0.1687510887287626 0.03464410797661975 0.4297726502170942  0.2655366530027095 0.1429892457251173 0.4054542898325658  0.2709565282249758 0.1412917969414076 0.426209932436004  0.2875994523165899 0.1417762829031192 0.3747467906969975  0.0914123069444514 0.08502199989278036 0.8088637116799807  0.05567517273612137 0.08236527390844695 0.7903207296031287  0.1680646705252156 0.194719940170873 0.9157188951790044  0.1476058066879094 0.2028684996362427 0.8982958066397879  0.2462638665189939 -0.6093463584019724 -0.6908422299081458  0.1682828409433077 -0.6352537813859939 -0.6888642048925672  0.2557272088874241 -0.5632088300731998 -0.6912017499649633  0.154096031666742 -0.6300302750662454 -0.576712046537615  0.09775802597191263 -0.6527148210198718 -0.6199191934658688  0.176437548382581 -0.6213991041230768 -0.5636802944082872  0.1775995400774338 -0.1479005276474366 -0.2565104540871499  0.08215389164941667 -0.2648660527212803 -0.2424463115723898  0.02157702643531582 -0.2549583698663916 -0.2682870796205753  0.4201489377378695 -0.4154381840493035 -0.7901762155407073  0.4108548609102423 -0.4184888025459864 -0.7921147558966486  0.4405586125699373 -0.4388950012846377 -0.7572917545383974  -0.1184937612547294 -0.127736286938813 -0.3102056082744147  -0.1732714841318681 -0.01017584104312799 -0.3131807372730405  -0.1619810453381147 0.003308131999731397 -0.2844405625772479  -0.1763443963714355 -0.01096895694573456 -0.3131590391018343  -0.1731387716312568 -0.08680345659074891 -0.3501705028046607  -0.1838476442064609 -0.09111677077977302 -0.3662248815996441  -0.1159242429278216 -0.06484601649170499 -0.3471051716351634  -0.1820215955852257 -0.08755564213024539 -0.3493645171371426  0.2074543169176636 -0.2568569509089663 -0.4390364995449584  0.2851459671960633 -0.2736527463423993 -0.4418824107866649  0.344801145796393 -0.2458462756210867 -0.4929908764628652  0.3599437710383211 -0.2806942537827258 -0.5282560588700429  0.3407326029059398 -0.1665663282695132 -0.4122273905392645  0.3361844941216315 -0.1551246000347063 -0.4139689723880892  0.3460509530184475 -0.1875991913053817 -0.4193159906376862  -0.5103231395954112 0.1430105504127216 -0.5511065199046818  -0.5143894241627818 0.191351654959224 -0.5283490368239259  -0.5177957634666953 0.1392471176639711 -0.5486704479266575  -0.54037066228824 0.3369827106761196 -0.598041964196954  -0.5208195876460912 0.3540510457504379 -0.5779140167540884  -0.5439512939572162 0.3378125717143891 -0.5986406320527916  -0.4993283455874366 0.347701430215822 -0.5493813908781185  -0.4900634696990048 0.3459961770415078 -0.5334857652172015  -0.2133903727337563 -0.09127717242609401 -0.392416005431352  -0.308986662334699 -0.0228825493984836 -0.4952422807961585  -0.2890464066524732 0.02658471238365898 -0.3499163008418758  -0.2892379323314486 0.02475361687710841 -0.3489109728586812  -0.2970504702161718 0.04192027812961335 -0.3458353237564115  -0.2326651935766632 0.3953421014869591 -0.2826573103414224  -0.2207652400168504 0.393657680347007 -0.2750601407936898  -0.2489047176571483 0.409053723990947 -0.3213584784079482  -0.1646776417119353 0.3930383458163316 -0.2574246319633184  0.2272579490112404 0.4499675144822842 -0.3635378129623659  0.1809895267522629 0.4078834590768798 -0.3862765647389591  0.224328329310144 0.4912639885364276 -0.3766724010972821  0.1781292904242958 0.4055928643319276 -0.3859931884713569  0.3031455511963653 0.4343905908706834 -0.4312024453052676  0.3043923788445762 0.4397144651665723 -0.4344732445704356  0.2152640448681287 0.3187485378687959 -0.4658488258527037  0.3128318999938713 0.4400807594235849 -0.4365258294514133  0.21466222138213 0.3187346629862257 -0.4649701738494824  -0.1379407169393227 0.4450549793052876 -0.1482647136218443  -0.2050841573866793 0.5607568428645801 -0.1585742173332805  -0.1338819450149634 0.4420645446836188 -0.1472124512698824  -0.2283758719132301 0.5589112544391666 -0.1815585829949171  -0.2388064860537567 0.5520123856100455 -0.1902646423293973  -0.1379397998300325 0.7245914025716114 -0.1318380470360223  -0.1563981652941957 0.7145091332642663 -0.1742311109613541  -0.1590314283547028 0.7090558596600662 -0.1887689691700742  -0.1574466043988936 0.7119390612567619 -0.1859152250457156  -0.01677751298509016 0.5858853273296522 -0.2301560073188568  -0.01570310639818991 0.58554233101703 -0.2294704562378629  0.677128390017936 -0.1868683089292289 -0.3901523426512153  0.6846095896736347 -0.1653856210158298 -0.387737174613033  0.6497342856525674 -0.1409587895240877 -0.3668885199523871  0.7776833635545313 -0.2042181592370592 -0.3532126436318185  0.6324506470448479 -0.1534420259058974 -0.3628937749536023  0.6291600097989808 -0.1270461763052979 -0.3973959005076962  0.5912931447345147 -0.1603646132135196 -0.3813285986071674  0.5616739203807689 -0.161510307481325 -0.3992968239706092  0.5693374306967544 -0.1098024536341614 -0.4576559972930941  0.5561696199860408 -0.1548130703746586 -0.4111048087713877  -0.243558363772544 0.08181416119525406 -0.08079974258758027  -0.233724237109302 0.1064375676012072 -0.15032724561261  -0.2391422900968435 0.105145689389789 -0.1561112566928361  -0.1182954996657808 0.3356506292136083 0.4578830470305895  -0.1414146221750039 0.3345327499428277 0.5101620579518741  0.3466490200972804 0.1303359003499449 0.5199530980593878  0.2673054390300154 0.1279093779474683 0.6540236440300862  0.2681196004220812 0.1035388116658609 0.6253893477904866  0.2087404944661884 0.2804406682482221 0.6047089735994393  0.3144028112327933 0.1278537116504944 0.445705217689973  0.2077683244415031 0.2805075080027786 0.6053179980729138  0.3047111216661109 0.1366787848637775 0.4349847661563134  0.2992515588300724 0.07652438220022081 0.6883957129176257  0.4067669981927552 0.1253726801840217 0.6842372691600813  0.375323963301648 -0.02955674861483016 0.6585181359037702  0.4670837024325983 -0.02142017182053925 0.7402153566135495  0.4451931162808158 -0.0343816495497381 0.6295385203022568  0.4721821027595831 -0.02650354049272675 0.7500138795291692  0.4200546854197021 -0.03649641153282282 0.6081028079139631  0.4291314711933168 0.01067637754969756 0.5872189641038449  0.3728576884844112 -0.006131605778732709 0.6146837074955654  0.4902806392094958 0.0713185956459815 0.6238016801874607  0.4179747309289046 0.1630527647260621 0.2819519622476565  0.3495069607411204 0.1149665803085031 0.3410402922734078  0.4259742346140259 0.1569649161672648 0.2847370473829025  0.3724780842653608 0.2382520594251941 0.3266686832637267  0.3470227727091023 0.2027003185349639 0.3477374762265709  0.3135853407998974 0.1391761121039666 0.362268744777641  0.5301270693126825 0.3061537982869209 0.39589179455075  0.4729851220945407 0.3349669110226312 0.2146248087765112  0.635717652546368 0.3510085787979318 0.3342199667720301  0.5656316634025929 0.3498290351840213 0.1669376512561869  0.5386107647110773 0.1256257928673782 0.4112528648795311  0.4134145597321588 -0.06898598954238279 0.415060866002971  0.4158322378572678 -0.07817913348665906 0.4080606333037787  0.4448936990472988 0.1105880464635639 0.317791706875479  0.4108578879078028 -0.07775589445167091 0.395050423358108  0.4046957310711988 -0.06553007959207094 0.3714748390114385  0.4162632666749501 -0.07791919416380987 0.370544701208826  0.4159463316164917 -0.1453497570131919 0.2885684099479562  0.4674190964778897 0.4535911654026267 0.4951355109356364  0.4953885994240759 0.4139107783493057 0.5934500792962266  0.499533574616336 0.4068815742939443 0.5955021477369501  0.09841338086555708 0.3444413541750297 0.1995352570528631  0.1465408181227037 0.3251235398365885 0.275744767378196  0.1989488693480479 0.1127832160382344 0.1188184260175564  0.1740065531767293 0.1664688878471744 0.1855395355311581  0.202171433952943 0.1754482111545462 0.1072254402623258  0.1726685119764191 0.1688561000540658 0.1883816707579519  0.2036647037733801 0.1740724485441555 0.1063712751010684  0.2155158280726199 0.1818647179024662 0.08916050011700155  0.09026246924447225 0.1237800461697436 0.1819875357682071  -0.1132067101120032 0.2387424466403285 0.2382164402857229  -0.1119618887321607 0.2441543018827531 0.2562992555780343  -0.07311497979536843 0.2480414199974599 0.1345343343940992  -0.004752560813645459 0.1673227098833844 0.1201521106450743  -0.03611098762705203 0.234198581106866 0.1283411645504743  0.1384515910717738 0.1783028196867773 0.2009428905812022  0.1411714096384112 0.1823970854348933 0.2055895107197324  0.07200586389478902 0.1205131786156447 0.1697665093534251  0.03616963546098092 0.14999000484133 0.1353762149135201  0.0312839497437876 0.1181529504175414 0.1834954134043937  -0.01101444152852445 0.1792343691982187 0.1179959961109707  -0.01176315752070416 0.2312554117502896 0.118686072019496  -0.006245758733696566 0.5098984635688428 -0.00988982031397536  -0.002782525709001633 0.5000619231045385 0.02067202642625943  -0.07110763017784985 0.5176639641853211 -0.03298385850318075  -0.06965515296383404 0.4989448396598113 0.02526136385663856  -0.08616972226507309 0.5102439415855211 -0.009636146337387422  -0.03986673074297803 0.4969507949260049 0.03097311466115657  -0.1226080134881103 0.4221903191823729 -0.02830401088044861  -0.1268915677570754 0.4408443456081514 -0.02555967076206371  -0.04077853823198223 0.3031634838467295 -0.07400153206000779  -0.1169339832557559 0.4670771781162152 -0.0299661534239896  0.01112381578197097 0.09912806755753638 -0.109611422670066  -0.03760526285897531 0.2932234592634023 -0.0642337112687346  0.0003589324263683774 0.2744098258655559 -0.05441817879431721  0.01890395584975474 0.2888715935324296 0.01323766115842786  0.03120790280244103 0.4377458328367576 -0.1074183685282272  -0.07586154882692867 0.3089186921558523 -0.1268198668586072  0.1516434312647131 0.5254232866745082 0.1995089538930163  0.1673059108527187 0.5258660587213076 0.1807422598154206  0.1110166330371971 0.5813064498223417 0.155544813448579  0.1447464609897323 0.5776945297891782 0.1225460962813767  0.2044035160425964 0.6104640507130652 0.3104476269045801  0.2023320627913141 0.6108655509419998 0.312148860833098  0.1440484991937579 0.5875006771085517 0.1165371421271411  0.1815181407356471 0.6274881621034673 0.148515043486243  0.2391324695888607 0.6454288424317757 0.1153320478922863  0.1560186591441462 0.6051911460959281 0.1242307224142491  0.2390533302384372 0.6452615566944849 0.1149904296911067  0.2421185638868578 0.7843915164606349 0.1102831650030624  0.2784498483887847 0.7955483983879476 0.09540513492409569  0.7323267214097225 0.112107699491348 -0.3582527359031052  0.9068188705997076 -0.04298284715444828 0.2127110142740492  0.9449515867874034 -0.07631565832351128 0.2373154686531037  0.9258204784608262 -0.09764950570401087 0.2494939687274354  0.9083906460283723 -0.171166676225832 0.2105888582873953  0.9090274224509544 -0.1823286986025857 0.1520031943295132  0.9255286764908972 -0.09828411800206426 0.2541273377483999  0.7124158736951369 -0.1411310699092879 -0.256066033598362  0.6633066007911863 -0.3419338668629031 -0.1214731518340914  0.6884867280177318 -0.1286539332249997 -0.2565033772308238  0.6592177491299849 -0.06931782894091376 -0.04651945712437906  0.6522830268225902 -0.1281461277181765 -0.08574864720930957  0.5950123546646324 -0.2166823779205886 0.07660215474479783  0.5783892406117962 -0.2103858564664599 0.06716617157458556  0.1413603256158687 0.6604038629335054 -0.3175277108275983  -0.003610934804956875 0.4604645517952096 0.212781522310076  0.02082824810192871 0.4676360429519053 0.02895917804779295  0.02199408893215189 0.4681298991077625 0.0284644500617756  -0.1237857303609449 0.5620498595559422 0.1585825098001271  -0.09999712624768797 0.5526009104194065 0.1879141629904961  -0.1178463766126327 0.5755555264431502 0.1442663154253374  0.03412771315614239 0.4813144906380176 0.2013273769917853  0.01620713535557369 0.4757672089258943 0.2097795401366928  0.07225016946652721 0.5817367048104661 0.1467530811606021  -0.01942314446923624 0.4792735229657119 0.2205822979129592  -0.04229595359399715 0.4967125570298472 0.2159742384106786  -0.01048615677153003 0.4714499100121278 0.2207400965243514  -0.07540869645294933 0.5334089263137578 0.2059143761491421  0.03837215237823988 0.4677367698942972 0.03753551356980564  -0.007567918398980911 0.3896172795677286 0.2482826131606329  -0.08036870764867343 0.5969323228317994 0.1410141166788509  -0.04719082233460761 0.606180430971813 0.1513332390900283  -0.1074866050442287 0.5846667118433546 0.1389996815410247  -0.01938339332975537 0.6094833553459998 0.1529266415296539  -0.209963247080465 0.08524191406173394 0.296857382412575  -0.2225855627032076 0.07836347870842025 0.2839054739141371  -0.2129188540377903 0.05703338593082297 0.2757658829557201  0.001933689298524471 0.2917681584979889 -0.4685341928619104  -0.01808165115194808 0.282376763933236 -0.465013687949731  0.006058230139264806 0.2964191164389568 -0.4702797666550458  -0.07834449486897545 0.2797282940052558 -0.3941721698132756  -0.03500075551449815 0.2606389212055416 -0.4088364562509639  -0.08522822210742971 0.2847106228659718 -0.4006292631149033  -0.04273207593375385 0.2938660809649893 -0.3611475294232289  -0.2393391416645088 0.588622341618692 0.05022263329504784  -0.1346430041850641 0.5888080507686142 0.07538055293614643  -0.2492489768769695 0.5953211511035242 0.04223380966003999  -0.1134353313694093 0.5777724140648818 0.1345407294675968  -0.1231228183794399 0.6469026314016921 0.02966241425088281  -0.09397739049250101 0.6123379354305267 0.1345304991142364  -0.1745906887727146 0.5515599004497369 0.1831539611493321  -0.1952739109838634 0.5343661539362677 0.2029987676868819  -0.2288037593638302 0.5054349019183929 0.2097681569413045  -0.2339196595093264 0.5009119533786769 0.2081920725335926  -0.1427360009950152 0.3237270668418254 0.0683055102334153  -0.2706471717262973 0.3579369925650686 0.03267756638469278  -0.2733682454287086 0.3653417953651307 0.02964233171075957  -0.2697269652808101 0.3765403445565634 0.02650496324938971  -0.2717745214376991 0.3861991146103542 0.03134978055061886  -0.09133704820347255 0.7245791865431254 -0.1430802922417228  -0.01499314582397647 0.6735938331784862 -0.1255572640882462  -0.03857175773468538 0.7555658957569723 -0.1315558846499676  -0.04178025086613725 0.7600777686550561 -0.1272526753763758  -0.003911169938250303 0.7279918771608473 -0.1235611127445451  -0.04478978285154872 0.7719847196176943 -0.1224391898724682  -0.3699773151412978 0.6072677266252318 -0.3809815691240526  -0.2331296377511247 0.6985660613569104 -0.3840520076957608  -0.259166970264215 0.5586359871551324 -0.2995173769545832  -0.2324487188721743 0.7010777119386647 -0.3826645979747009  -0.225720600784511 0.5369815103788312 -0.3540601970478617  -0.2576480462037657 0.5535168937743087 -0.3008845544259263  -0.1776843557540897 0.5316404737399709 -0.366278120084879  -0.2330505153813019 0.6242894075567589 -0.4936977875964584  -0.3094522910033425 0.1276937187551417 0.5332514373334176  -0.2510257676710053 0.1671827933866814 0.5141664112782773  -0.3133702380222907 0.1188592352446538 0.5396806500223138  -0.2474426629858841 0.1941509057392247 0.5199712905350673  -0.2441146677971906 0.1844932214779082 0.5155006110665608  -0.232036523472292 0.1868098364974582 0.5226264886137773  -0.3330782814564588 0.2030988986190466 0.5669342883145152  -0.4053902228135173 0.004393671950160759 0.2933612342562338  -0.4112460680200548 0.02436717244185208 0.3098089544069489  -0.8678426483630811 0.01176892949675694 0.4760298325631609  -0.9010117089605936 -0.03131204628642723 0.4140807812266328  -0.861572293603677 0.004601589355849019 0.5023234755404864  -0.9037827707331525 -0.04065719216471208 0.4143778385251977  -0.901821238885629 -0.03262919740795775 0.412821903505476  -0.8142851242698959 0.05408052948606456 0.4308956910917601  -0.8367135221754121 0.009815323528019407 0.5189550846338505  -0.7705619947338894 0.08284451418379142 0.4091026839850026  -0.5244180753187999 0.1773901099100522 0.4014138743322201  -0.517092329087118 0.185621525147637 0.4086390728084012  -0.6329103864124297 0.1615867003501105 0.4379820094961182  -0.6738501789390721 0.1293042026752571 0.4336480668340726  -0.5569515697155322 0.1602435318727229 0.4275527171138545  -0.2575832299641064 0.6035584464925641 0.04349557837919886  -0.2963240726452113 0.6215522812447456 0.04398718776499345  -0.2504042626264795 0.5810986484333674 0.03834090291222031  -0.3502604401689657 0.6728649969377112 0.01917477665210611  -0.3248155609511996 0.6271274470208928 0.04232118153635685  -0.3559544317484155 0.6727650077782696 0.0194870261412072  -0.3208219718316606 0.563572338722976 0.02593496697494885  -0.3632781207575547 0.6757771429757369 0.0115319058662605  -0.4843630163587628 -0.05939757130993568 -0.04170408518462173  -0.5148752701748043 -0.05220172971276375 0.03114382721232956  -0.5377976357175983 -0.03084755539261076 0.03963068580626915  -0.3260903503431883 -0.3457779300483082 -0.162835308994702  -0.3573211936387341 -0.3378826861143859 -0.1597948058428625  -0.3126978515589466 -0.3420031995234426 -0.1653068927403384  -0.362822348750211 -0.342138012419979 -0.1601999789191864  -0.2950008748794886 -0.3597924635657361 -0.1479566073728122  -0.2875659052176508 -0.4110320676060146 -0.1209538928269873  -0.295010667239794 -0.3594149983879451 -0.1482989518616416  -0.4507282308805386 -0.4201089123829804 -0.1259864526730015  -0.4315879107574338 -0.4382875161232396 -0.144752101335022  -0.4367811208216881 -0.437306366665528 -0.138552620841684  0.4805771182477495 -0.5833752882116299 0.6186782216045207  0.6676814717173873 -0.6184168684152115 0.1221486289298251  0.6110470157796056 -0.5829701261059068 0.02727656943757809  0.6961340818724817 -0.5334486811843325 0.1469856342881004  0.662614070755874 -0.5771469939564884 -0.0192274318557915  0.6583294608577229 -0.4734036846671408 0.1279220509217382  0.641321230488068 -0.4838957516814861 0.1281848880286923  0.7077076840124435 -0.5548113685698097 -0.06192726348798849  0.6324337078841368 -0.475291334091205 -0.004425015658842554  0.6668753833911857 -0.4605213898868305 -0.03676833134000866  0.7093925378101826 -0.5060982563979073 -0.06916943873327992  0.4183158503857646 -0.7233907483505547 0.03813825052169607  0.5068049736522993 -0.7478413972766839 -0.04385020636653493  0.4806645811331089 -0.7448491684429218 -0.08771631262247298  0.4472381502796269 -0.7280337038086128 -0.07663138724914498  0.4973436408006731 -0.7683575361670271 -0.09199091980008833  0.413916000206666 -0.8404706935209243 -0.04404281962140649  0.3613561383690947 -0.1898004176683002 -0.235109840515048  0.4235480480018242 -0.2478842290561954 -0.2075160153299195  0.3894716026367883 -0.1951234303492476 -0.2772441881538857  0.3608086434027881 -0.0655097220264567 -0.1434649868082202  0.3576345023038285 -0.06675687137524709 -0.13413202427387  0.360487246845072 -0.06149123269197876 -0.1470458434922054  0.354885287152604 -0.06064186913641872 -0.133905237466188  0.8263609271418355 0.3015622903773902 -0.2907736068653839  0.8216115435200491 0.3270640528626932 -0.2955510128091817  0.8264957915697466 0.2641391047842706 -0.2914241379424878  0.8047744617760283 0.3422642388470021 -0.3140985572094808  0.8059913818200097 0.3044316189927319 -0.2592494607136804  0.8218912161009234 0.32754053198818 -0.2959386891401309  0.7909189752895281 0.3421945563554922 -0.3110396716397132  0.6708953606778678 0.2931725251693753 -0.233817574333985  0.6794940249635473 0.3356958120669709 -0.2777901981642841  0.006249219992710359 0.2914767280342384 -0.471880153812043  -0.003637210622793995 0.268246198575298 -0.490904736905545  0.008078699039498247 0.2944883078556471 -0.472374945762874  0.506602083053409 0.1372173708365535 -0.1796246115277673  0.5364423503084093 0.08309138817610266 -0.1895421416633245  0.5069865052316631 0.1383222880248962 -0.1796354899289196  0.3552411723047996 -0.060316136301101 -0.1335190767610963  0.3569696156588249 -0.05159578643277651 -0.1271071780267089  0.3305007506565742 -0.02416920186214203 -0.1558938021373027  0.334210876963828 0.04313112780593972 -0.1360276163673812  0.3666224395112891 -0.02107852267119597 -0.1075926978472937  0.3668455476833568 0.05447153575059657 -0.4457931967206297  0.4467479935187676 0.1321465302072948 -0.3929526835319919  0.352909053933335 0.03940478962149335 -0.4453280511928572  0.4738718887542714 0.1001734989885201 -0.429045888222678  0.4905756986963313 0.1253302656142962 -0.4967239774053464  0.4745661159412132 0.07092763335798011 -0.456296988754632  0.4938333054315435 0.05033279843623052 -0.4368209132522594  0.4914464698716871 0.1097367375334068 -0.5138905254775472  0.3011673882677349 -0.1276558946154632 -0.3984077141690614  0.2188298077914082 -0.1401713776878981 -0.3393545289206794  0.3023679215839957 -0.1274863260529093 -0.4005033986368655  0.4724771593661093 -0.07258548635691794 -0.02787871217250854  0.4374470284307557 -0.01679793677027807 -0.03929031609490333  0.5041013232464334 -0.08905773245460705 0.01910792299148249  0.4586229660851234 -0.09031523576026798 0.03825172245126099  0.4638894493172547 -0.09355874126448743 0.0478157451470857  0.4129857724549428 -0.01987885759487416 0.02736758347962439  0.5773692213109073 -0.06539437969813293 0.04297850751448305  0.5188650922254936 0.04945104588317937 0.1463042038355749  0.5712369368242344 0.03341774233696201 0.1514221029797759  0.2069420941937568 0.1648159291154072 0.09509307294333952  0.2117083797187539 0.1705974222499293 0.08968364356502977  0.7841250972572354 0.2064021783598421 0.2714805549452533  0.7848247610283339 0.2065241864908117 0.2726769778557024  -0.3229957642917497 -0.2843478185669823 0.2596204908571381  -0.3429532089378564 -0.324848948063409 0.2663793644424854  -0.3423165671024222 -0.3678360645180133 0.2673997744512782  -0.4758091250657556 -0.1477091074011303 0.2927464679431402  -0.5026412445693766 -0.1300394764943638 0.3150619740874468  -0.4778065319864326 -0.1546323276312291 0.2304736123825374  -0.5744000743994339 -0.09445685932279696 0.2841600291633994  -0.62634044014285 -0.1270020766857568 0.2896721111959553  -0.6907866640326915 -0.09571143437863057 0.3441436046784708  -0.6202858410437463 -0.1200504527615119 0.1973564762921921  -0.5655249052094834 -0.123665796663218 0.17569275332274  -0.5511822880734348 -0.2682545688549544 0.2857872130888164  -0.3710987961441522 -0.1506707068903823 0.4978326703856428  -0.4072453171775772 -0.186724812582269 0.5121338687203297  -0.4072735792209079 -0.1637544917955453 0.5297707747178384  -0.3004263961208165 -0.1610458194174955 0.2887727192633433  -0.2547693583276306 -0.1178190401797582 0.2819854930757739  -0.3322971604511297 -0.04960597627517749 0.1236977667022282  -0.3690662809554286 -0.02470153707162946 0.192039073139649  -0.39348856835961 -0.03415324187822665 0.2042372037856579  -0.2758119148064469 -0.03362548775833699 0.6211893192653245  -0.2662100291618603 -0.03232662713952032 0.6055370483815947  0.02633407108079406 -0.1120687650597986 0.2607794523506443  0.03776347798333859 -0.09190840141328846 0.2421519817796398  0.06878872584066205 -0.1713568913145867 0.1771865440542338  0.0857049348594742 -0.1610195946638165 0.1814921169418882  0.05463507509985235 -0.08995887530146762 0.2114252379977965  0.06722131470691151 0.01609816481930598 0.2673690102014988  -0.02090974384072467 -0.01765581394594828 0.3024869271589666  -0.06384054832052935 -0.01600820733073972 0.3323299164424918  -0.007594838855394824 -0.03360075943644433 0.1708391784417383  0.009971395768615231 -0.02002651702047772 0.1684524014766625  -0.06601367673108723 -0.02122533200805637 0.3383892567008858  -0.08764911986553008 -0.05986517180877595 0.3488437031762432  -0.2234962777747305 0.01652738733219121 0.2830152813823646  -0.2299611328499966 -0.01503413283299801 0.2818691464435737  -0.1964465869897464 0.01200788883251795 0.5293893631511547  -0.207837559787087 -0.01838629100291812 0.5484988073655811  -0.1382992294193802 0.04576706781623927 0.5337108035492927  -0.3152901726088764 0.1179963968002956 0.541240297778236  0.2916301869463112 -0.2791773007649085 0.6917165195692107  0.1162486982855972 -0.4598572078778962 0.5804547337770595  0.06428006155778743 -0.4814409939630535 0.6157507604130424  0.1712794249520151 -0.428895279870212 0.6377841590690768  0.1703425325801885 -0.4282737982518353 0.6502270409651965  0.1725644157415986 -0.430501100928566 0.6361583555328727  0.1771684749829541 -0.4862806513956739 0.566651973927188  0.05300887075229828 -0.4856925087935343 0.6284257035622043  0.1397296404897947 -0.5536521991142651 0.6080087990120352  -0.2085997526163993 -0.2108289645773386 0.6682160273634855  -0.1171592283661455 -0.16056148823046 0.6400267761721418  -0.1689468464993986 -0.2722142948163863 0.7985389099114624  -0.1752584892598147 -0.272219420655413 0.8001406550435688  0.5711115376868575 -0.3647036585764724 0.4088011244045182  0.5883409139872228 -0.3513318957434808 0.4097140188320957  0.4150411638650529 -0.148425797349258 0.2888336470940788  0.3754440700284783 -0.1262649226100075 0.2624293069048891  0.3484533400159031 -0.1829294174859097 0.2618362407125572  0.4053106265694931 -0.2309607979660681 0.1386399762615892  0.3144790544472644 -0.3239362777655613 0.2971133756018371  0.2457334216978204 -0.2879692695059002 0.1979679083463877  0.2452544410346734 -0.3679982327195103 0.1339014171175755  0.3824543872710677 -0.3262516490181377 0.1053525048641083  0.3828668867465199 -0.3281856740187989 0.1044383814206554  0.4083313418253253 -0.2838489869841518 0.1043849007149204  0.3815220629518743 -0.3425791387462252 0.09637209903789606  0.3785215039509364 -0.3449479362550811 0.09424938900628682  0.1400124435695466 -0.3618332432734908 0.02952955597837955  0.121066329269478 -0.3525882466498723 0.02403059571007261  0.152553826000808 -0.3708568237529705 0.03288017508181598  0.1629175396684724 -0.281723203794448 -0.02557344357003335  0.191423048099168 -0.2018082646092114 -0.001786788330156427  0.3092452544437772 -0.7911221122254647 0.3884474758929127  0.3715027020954301 -0.7569557483780881 0.3828278610634568  0.3123663432255094 -0.7994928678578823 0.3801857932170213  0.4338601892890631 -0.7834220892286743 0.3677760618270659  0.3730961165813351 -0.7553445580755894 0.3841094642906494  0.447152148734927 -0.730322252540205 0.4073553195223498  0.4002500961117987 -0.7196512802928551 0.4218853862526738  0.3873801486016298 -0.6892532894218814 0.4955259947965007  0.4530256589445169 -0.6994121320187408 0.4873009112217904  0.3451604089534048 -0.709282057377617 0.5054142277073247  0.3158596336552357 -0.7284018173143332 0.5021777833168173  0.5173411059645605 -0.4691701475785364 0.4984734727224743  0.5049386853938869 -0.4981166795493587 0.489478851876142  0.6306332281434425 -0.4090147558996922 0.5172959888615101  0.6414871433399918 -0.416524666556183 0.5149833672028935  0.6495503451150132 -0.3992516428352902 0.4870763355947584  0.1999797275288085 -0.6212770707269123 0.4469980867477336  0.0853605798570789 -0.6389827886524216 0.4245982125075322  0.08517436904221415 -0.7671256219550818 0.5194346856274725  0.03969470888631975 -0.6323947659583311 0.4422434174498023  0.03833546914365463 -0.6348415950435902 0.4419990055656376  0.05418244024514353 -0.6665376199280679 0.4273116076249237  0.0375197538808273 -0.7497166122995088 0.5398842731064191  0.03740636639730359 -0.7495991579339937 0.5397518969908696  0.3213646828119265 -0.7893841717755911 0.0291884713210488  0.298371829795585 -0.778923451803502 0.008345421094982666  0.367797637930415 -0.8409063381481265 -0.09590031076970459  0.2941257088796868 -0.857240539022877 0.1009109037900412  0.3287691483127319 -0.8496260573090261 0.09064770201712608  0.2086298467118857 -0.8540848934250007 0.1444394726417673  0.1916243267033864 -0.8326875635554847 0.1347810478943153  0.1871184195452147 -0.8282969698642301 0.1397173413832732  0.1081640077083008 -0.7830039941298578 0.1972788247116382  0.1151066894134603 -0.7725664943317024 0.1940808280579355  0.2383293984953752 -0.7459353782438942 0.3139532482643618  0.2449497085216409 -0.7494493583521111 0.3179041917402291  0.1719800844628632 -0.7095739133271539 0.2944972722460535  0.1190337481252744 -0.7485669086807595 0.411943994851325  0.185900811108573 -0.8370813345821436 0.3789122705844448  0.1476285081110765 -0.6925418065889808 0.3522595574263693  0.07172675483857038 -0.7110443013717148 0.3888019497868669  0.1501838619836336 -0.6956591806835198 0.322782334449473  0.5086811573926163 0.254670980170424 0.7365553286412124  0.5159647667416615 0.3167218737286041 0.6978199909903841  0.01862465055178484 0.2269214191230424 0.8589135728833653  0.00422997578825144 0.1979256524873122 0.8571501235938754  0.001006920737656583 0.1971170965764351 0.8584259968534499  -0.01826709340253131 0.1860702819676231 0.8756842099785629  -0.08772935819628619 0.1374924802092027 0.8602233957928833  0.0844872144095774 0.465044938505431 0.3764981126289438  0.09934522128162351 0.4772003206275418 0.3813662488093172  -0.2073238463802455 0.3391016577682233 0.5329690092315028  -0.2572036036989927 0.3257478984639034 0.5539838968881194  -0.2513808037202267 0.2685977061857062 0.5646428709124369  -0.2213538417624036 0.2391590122641834 0.5603624682853376  -0.2546952016571909 0.272363938849123 0.5684242552780495  -0.2592157869281744 0.3264235079217278 0.5568311395227633  0.1191125040212338 0.6006462033883768 0.3648089589710526  0.1526301340835808 0.6170032644053201 0.3431899578039794  0.1210613574225682 0.4680642377167121 0.3680194815033732  0.2732000672124407 0.5019279036374146 0.2712404661609366  0.2748090269083358 0.504644490035948 0.2701380634143115  -0.3763605916135874 -0.8313177669158989 -0.07527639300927362  -0.3531067075673734 -0.8963430476017645 0.04984070484345146  -0.2032301545953733 -0.9169952862204612 0.03056018845312909  -0.5064875451462174 -0.824876241917371 0.2176443753376588  -0.3770453312435421 -0.7633158051134346 0.2023898781551166  -0.5174363159533237 -0.8102673108585252 0.2234378452470421  -0.4223010270031679 -0.7448224574648965 0.2168168403462232  -0.492931999222185 -0.5616611077678175 0.3615813619236138  -0.4867417684445469 -0.5648362797191034 0.363785908261147  -0.5452885125946341 -0.5386055363294128 0.3516920241328962  -0.4736078683597723 -0.5621727478248147 0.3698773676803156  0.9030008579460916 -0.1835655435061856 0.1372252485849051  0.7705658199106131 -0.1533739986529234 0.2705255650466867  0.7725180610947151 -0.1340192405979087 0.2904181937952297  0.2941025369264921 -0.6557377072164067 0.5678753503114485  0.2714169662154774 -0.6650131433719586 0.5900083283159899  0.3256256689605045 -0.7014269851038667 0.5051804341773672  0.2049039719799267 -0.6058073741557755 0.5903787661782128  0.3494838736125085 -0.6150897167020071 0.6887410996479276  0.3312309559706468 -0.6237596752429286 0.6948252679563338  0.2738061058672847 -0.5923910850293924 0.6862108851249784  -0.3185791365354202 -0.311238197906815 0.4654603027611146  -0.3722702443660776 -0.2838077202664646 0.4803792696309227  -0.3917157971440626 -0.3193885106875758 0.4865077713335811  -0.3536726346586931 -0.3780944486189559 0.2582352735311685  -0.3648586337236758 -0.4216941324710132 0.2102782616688349  -0.4183660112832701 -0.4748336271657703 0.2662230457615168  -0.3797518449087446 -0.5304232907053952 0.3501721814489274  -0.3313963907333063 -0.5430988311555334 0.3182167555523215  -0.3852123519694698 -0.535097627422808 0.3564880665899351  -0.3201407114148893 -0.5353287353356492 0.3157275060499588  -0.379623066027133 -0.4057180507139473 0.3643386045706148  -0.4148788111269964 -0.3518455192725257 0.4527307245579799  -0.3595331944468063 -0.4055628451206635 0.355736504827074  -0.4407172529649324 -0.4020245905739396 0.4633216487067461  -0.2984846816288788 -0.4539155226800501 0.4855001570866517  -0.3128231047242916 -0.3209662386376055 0.4703336199237088  -0.2759525576042773 -0.4486363998749568 0.4756454985895682  -0.2800781677714019 -0.5616084136151178 0.7142786195864489  -0.3301036582395552 -0.6140926967934612 0.6753611273385547  -0.2772879234594882 -0.5540877821495444 0.7106100259843292  -0.1733018305612752 -0.4393752993535623 0.704718030360568  -0.2597082454444557 -0.4553052847835629 0.7623758975813721  -0.2171980067052917 -0.449865438832781 0.7862012446747317  -0.2609691474643557 -0.4531645615079476 0.7633568446868257  -0.1667076695735553 -0.4550841871546287 0.8175590629742585  -0.1596316352748204 -0.4609924541442847 0.8233100140487303  -0.2426816643619113 -0.4662353129092346 0.6739169251066084  -0.2654711697257779 -0.49256574978192 0.6828431865905614  -0.2680851541575925 -0.440283236393452 0.7601434268052243  -0.3826177734129157 -0.4067145383472969 0.7825075710089796  -0.401615191841146 -0.3768507308724297 0.8278273384583016  0.05788754937813922 0.5920988887098916 -0.5575415047020157  0.06611624309169616 0.580028664218152 -0.5553125391210195  0.01100389979738032 0.5190945834551943 -0.2367170121667749  0.01049737119366999 0.5760643202963336 -0.2391652121323403  0.05150601771038704 0.42463199891291 -0.1695064010263178  0.01884951162150244 0.5764006686441179 -0.2258764167006028  0.001272298241882623 0.5876556339384406 -0.2317888954453605  0.0005982842739879132 0.5860350391371217 -0.2357988970485807  0.08729879047333323 0.5301498904510636 -0.1135214862563918  0.0513051723526069 0.4605652159320796 -0.08709268720275055  0.07033302153470863 0.5778973004775045 -0.08353714970123742  0.0401040314125725 0.4567897388418822 -0.0885179047066343  0.04496533132208497 0.4143660057797665 -0.1366936684257641  0.03113491224845699 0.3901538382759472 -0.148855933371262  0.5284451401257971 0.1816775573279112 -0.2734157923116149  0.6612531161840967 0.2827714221435411 -0.2192748681336249  -0.1661590081477597 -0.3567022098910125 0.3417374948946341  -0.1647642532044281 -0.3957453698055014 0.2963292660180399  -0.2186962360124812 -0.260633953441483 0.4152654951899701  -0.0539583048257366 -0.3824092844823043 0.3940507353171547  -0.0538691997798046 -0.3872333977599194 0.3940551955081988  -0.2464914505615687 -0.2899024098298849 0.4697956354294218  -0.1708646081250115 -0.3817034814504802 0.4897058399696504  -0.0706862732637132 -0.4247156663848501 0.3858951748208478  -0.2461877659193023 -0.3055364272277385 0.486927224976424  -0.1897454765427657 -0.3198002093835209 0.5034829532308597  -0.1996291329997447 -0.4190948671490099 0.4661696152858129  -0.1944712757995306 -0.4282787824172101 0.4625731532765271  -0.1012120366495149 -0.4991050447471622 0.44293712626218  -0.1489568154988471 -0.4943578157001229 0.4184371582634268  -0.1133650235302136 -0.5168348367305325 0.4337874395600025  -0.115383423857558 -0.4997236073568596 0.4334419452025653  -0.02102112492972589 -0.6977916387579755 -0.07293545571339519  -0.1114888695570762 -0.7657613692323355 -0.1786299676437121  -0.003656531643928811 -0.6881663436499871 -0.07698909756767115  -0.122803294321907 -0.7492865691893322 -0.2685022591093403  -0.05098683110884988 -0.7541940908215548 -0.3198830962267553  -0.1307013761354503 -0.7756558824886953 -0.2100471958245097  -0.03123284244437625 -0.7461861229242562 -0.3212388507680199  -0.1264861392236767 -0.7599875231695638 -0.1912533740423799  -0.1200597864655477 -0.7773701176433523 -0.1874355709435508  -0.1101495752322323 -0.7781351476352546 -0.1832325784638957  0.04340577434041102 -0.7843098617977148 -0.2332412007460805  -0.1204151748026076 -0.7657479322087368 -0.1827003858284778  0.01474192513557135 -0.6937638090671282 -0.1936744811931648  0.1457651555530357 -0.6618217955661135 -0.3578984727970897  0.09507398453542716 -0.6838229594024264 -0.3011971167683101  0.008778776102699788 -0.6132019025549998 -0.4651416854351547  0.04772143467363438 -0.5933902524545747 -0.424906565043626  0.1291007453575198 -0.6556570662684298 -0.3995226987977432  0.02453653815114416 -0.6144860488091808 -0.4707148356899201  -0.0470517233575269 -0.7096654348304711 -0.3959523888538104  -0.04398849734501881 -0.7029331785243977 -0.4267504282895603  -0.05446797356751167 -0.6815011018324777 -0.4273615641948414  0.2322617988614276 -0.5642262980001732 0.2333551604123872  0.2352404758723197 -0.4931776189318771 0.3100887267858142  0.1637907414281471 -0.4525180457964922 0.2466608093855204  0.1342091407772461 -0.5814457486266701 0.1577390162496764  0.1461423597768103 -0.5889349294892299 0.1519331965740772  0.08541943465544551 -0.5325926655894688 0.1942481732386828  0.2583109548185989 -0.7177425956131666 0.2587385217179726  0.2023798637151327 -0.7017188438726497 0.2536079125955313  0.2704195733953005 -0.724600959312297 0.2469486169587746  0.2685890675009274 -0.7304502299866968 0.2225209981894853  0.2110936118063421 -0.7092941907236923 0.2350756632159515  0.1868361149449942 -0.6224224072703225 0.2472219573026176  0.3305732962815094 -0.6138301138767259 0.1147029883925179  0.195010104052454 -0.5613278105520972 0.1460534911160138  0.251181928454502 -0.5682651844058858 0.128279857206578  0.1512278118079707 -0.5893676711045812 0.1457929887472093  0.1950389846183083 -0.6455918189214125 0.1104884031399339  0.08111060248430493 -0.3865853106899216 0.280188206056291  0.1241136227017382 -0.4114582837465137 0.2387547421459218  0.1062630086990255 -0.3652812168821663 0.2805879687127813  0.105546713387231 -0.3658072418873489 0.27923292656622  0.1037905757684271 -0.3669445732601898 0.2795318659692966  0.1143035819370031 -0.3090672587715375 0.3377281550405842  0.1575371548706209 -0.3603010352371858 0.3721543013913109  0.04584631566122517 -0.4603784751300876 0.3833024399696325  0.165281342819887 -0.3703015531717825 0.4113636562914362  0.04343897815124807 -0.5172621829502956 0.3708219495013182  0.1645757425588407 -0.3683295783808351 0.4167957218737152  0.07653165543178481 -0.5480347622607774 0.2810440605339308  0.04542561187060355 -0.5409464662239437 0.3109801047558153  0.2051045748752172 -0.5281470012664033 0.3234900644271129  0.1906450869989393 -0.4953284122060931 0.3861323521482592  0.2214576518638907 -0.4365894550945892 0.3699025907995406  0.04586874601218453 -0.5372709935715028 0.3065287323328877  -0.04797216054944412 -0.5343354452707364 0.2590147683867796  0.05975015966057265 -0.3336398760631603 0.2474371423411932  0.10778214951441 -0.3659042622979895 0.2778528970587369  0.0798465510122011 -0.3893650910919476 0.2791344703693399  -0.006225238556285297 -0.4301329360067514 0.2047986734780868  0.1045942444092611 -0.4347626501699284 0.2351782026670144  -0.1024048370587549 -0.4162249203251658 0.1773984028630664  -0.110203720534632 -0.4327059017125418 0.205129664720026  -0.1022587043653612 -0.4162949139579577 0.1773518733778746  -0.04876159794473429 -0.5681880493344345 0.09753994579511237  -0.03413793040786892 -0.5609995456807353 0.1012610914963324  -0.137084657133362 -0.608865464849813 0.1965215540249271  -0.03007206883480648 -0.5572110608624599 0.1007893539115357  -0.02242449694319176 -0.5399868047227407 0.1120135813676742  -0.1814739937546474 -0.5329190742769914 0.2288477983203486  -0.1789445577889076 -0.5303288652052804 0.2324107842640711  -0.1848746171217355 -0.6638822603680832 0.2717740390112501  -0.1764384364404841 -0.6577208692397676 0.289801026619721  -0.1858526798703244 -0.6601407439142203 0.2506900734934194  -0.06608542044401632 -0.6259227620184501 0.2336563358591888  -0.07523892006798368 -0.7846671103999951 0.3124440609472949  -0.08954344773373939 -0.7869098448724363 0.3088251158085265  -0.0592421212443453 -0.8117748379269886 0.3419566999375097  -0.09779180436309556 -0.7870919534696842 0.296253328344137  -0.07873820494294503 -0.6120710585281857 0.2315181716346095  -0.09757494901468713 -0.7821409598916216 0.2499088607455452  -0.03191887360827085 -0.7700316709747359 0.2493882721894997  -0.04515888415873424 -0.769219024652026 0.2187814268326224  -0.2032314190477504 -0.50220206705893 0.3370739537557222  -0.1495489232720381 -0.4957580702255562 0.4180180051525891  -0.1180856285984779 -0.5120222503703012 0.4309183181669075  -0.1274751080201902 -0.5748145373327285 0.4410826758279105  -0.2037545316669728 -0.5011917717682538 0.3331115197147509  -0.1996432534314454 -0.490023478305351 0.3077398869575874  -0.2143374752305677 -0.4996015561527473 0.3278033755233647  -0.1722697168662987 -0.6353252296895232 0.4026210393663648  -0.1705171707095104 -0.5696028828977038 0.2141534638433872  -0.1946130342981416 -0.4841241014693827 0.2809129397603383  -0.1557887835067808 -0.5028719344834787 0.2479603017433741  -0.09940376553500802 -0.6623194694768776 0.3459678796957118  -0.1174712867385996 -0.6675542504242132 0.3486775457691637  -0.1329965469650124 -0.6696210385341292 0.3448890526485437  -0.175319398758281 -0.6363578886754206 0.4008095327733617  -0.1638745823323769 -0.6142011524202967 0.2071688737920181  -0.0887224733667439 -0.5849633956512189 0.2145407241305454  -0.08141926250799912 -0.5439895536055692 0.2351317620847881  -0.1358891900092052 -0.6082350849986553 0.1987203098423082  -0.1284927884926569 -0.6128709689619566 0.2047260598921616  -0.342918658688838 -0.6182831728961911 0.5565617820960024  -0.09613395816704486 -0.1795903196790603 0.3828222100010036  -0.09725426096431486 -0.139862555778164 0.3624244444941327  -0.2119237191471231 -0.2591677233658693 0.4082970698705382  -0.1231738623367823 -0.1855574213052486 0.4112634054723553  -0.2124929485622642 -0.2581538216338095 0.4142830895455736  -0.2748698969857113 -0.1860246413257546 0.326482902195776  -0.2339874836134435 -0.1297362539323043 0.3055641584389012  -0.287089143224543 0.005502697404376242 0.4470678697947532  -0.3610410503115835 -0.002499866777339536 0.4840597814571187  -0.2934276577795047 0.007714873105319733 0.4523569547201671  -0.4430044412902197 0.03519248078956619 0.4755039587993447  -0.4743690133368285 0.004639631973532149 0.3913959797177579  -0.4977374094749071 0.02985313912281225 0.4149577254623394  -0.4996521620601845 0.0275529417912023 0.4149079651512713  -0.4940316714380279 0.03234435540618932 0.4228846847317161  0.1276462336721395 -0.3519332098492612 0.4592633617390388  0.1395081467482166 -0.3598878885770505 0.4463494877632978  0.1568657116719005 -0.3670836133271121 0.4315900869990623  0.139600753148114 -0.2927641690491236 0.3318448711622819  0.09377828516398787 -0.2995974690761732 0.353568414524563  0.005085531758455011 -0.2192663836790741 0.3931489939811553  0.0282946481486578 -0.2035032101172234 0.3698851730481457  0.04938980783652233 -0.1908533984657398 0.3629700164571523  -0.01178433288620541 -0.472921180967538 0.7692038507876638  0.03598695516253916 -0.4790209293205275 0.6212441883488189  -0.3263884527410589 -0.04004999923208732 0.6712405128506823  -0.3424713021994851 -0.08879093678047564 0.6763342175841978  -0.3527616025450788 -0.09248290709474979 0.6740618245671688  -0.3785197202984475 -0.1056922525464569 0.7144048952975339  -0.2645399542651886 -0.6472511942135503 0.2115614917653034  -0.2330717827292181 -0.6306553468645156 0.2009269062560106  -0.2754950968137493 -0.6498358981726547 0.2111953876365623  -0.2046388253458915 -0.6424410124015708 0.2004457945495132  -0.3133772588745994 -0.6345032861875975 0.1790041217220904  -0.3301577443196512 -0.6315498902061059 0.1652737896948117  -0.3604595834637821 -0.7410172331807749 0.1748368216071324  -0.3504289661313346 -0.7493542116693929 0.1821343901651849  -0.3602477217794413 -0.6327868776603126 0.1415540290492587  -0.3982585701437029 -0.7109501646244851 0.1725132187577873  -0.4055943626093733 -0.6235972034198994 0.1470232697850292  -0.3648909694790692 -0.7410048470742725 0.1756433262350908  -0.3307540777959183 -0.7420609806107045 0.2949059128010296  -0.4264895714766714 -0.545655933300117 0.3550510893711298  -0.4449128485046617 -0.5631066665372495 0.3573998481988616  -0.394711229571545 -0.5878487157015465 0.3679696275796501  -0.120687699880368 -0.8135610362435781 0.3196635763060321  -0.1392729961832761 -0.822917066223408 0.3114262955312801  -0.05513263173042585 -0.8126679773212444 0.3581315768761031  -0.03884097140141844 -0.8361033948442823 0.3874905629820924  0.06811913851471003 -0.6455806375245274 0.04387798277643954  0.09692046657604012 -0.6375352927583935 -0.01866024891180923  0.07278872813545445 -0.6588459658032533 -0.05728399561580255  0.509289161600289 -0.8020363649523429 -0.2765785913314363  0.4338749383400538 -0.7130374161182238 -0.3090588531886137  0.5362095406112077 -0.3989722326331305 -0.2749619847212031  0.4730695270376205 -0.4795736712840882 -0.2985448810502903  0.51304812535457 -0.3580351915847477 -0.2828019332302942  0.4204296554976929 -0.3733056390279239 -0.3162108976794186  0.384529130875899 -0.4215522726089437 -0.4572242956691656  0.3777683396677841 -0.4219367004460435 -0.4409923557899945  0.3925382401702874 -0.4115391380548985 -0.4551618162707413  0.3766893645270469 -0.4230240780911125 -0.464223695158582  0.6918359150293103 -0.2982737515650191 -0.3904494775395242  0.654565620031706 -0.2925470062038654 -0.3312509979893767  0.6552806433406615 -0.2869278749142148 -0.3364171991606241  0.680589601524625 -0.3845027413225427 -0.2827220383002312  0.7189128990169171 -0.3454878307473928 -0.4117892540040983  0.7177995299570786 -0.3471452171636217 -0.412159316524137  0.6896466752598686 -0.2935432821118852 -0.3840248855315833  0.225478404990842 -0.6408850877911028 -0.385800708096225  0.2385615811848386 -0.6405759050764755 -0.3763023074697347  0.1604135113080364 -0.6670711204255294 -0.4941324312798916  0.2382668776367687 -0.6411714145213687 -0.3738666976408995  0.2306916145034602 -0.5923680649034443 -0.3645636702497811  0.2500172345192896 -0.6472413473321483 -0.3851777399653658  0.394868304250459 -0.1883349522711746 -0.286193556205224  0.3719535663703739 -0.214298766558771 -0.3127116772808815  0.4922387177212958 -0.2405188777144788 -0.217083138696318  0.4683667605627263 -0.1892724474472717 -0.2847889763482168  0.5227855587108799 -0.2465192768727511 -0.3389584754811069  0.4584844910314129 -0.2543655944240104 -0.35884509864454  0.423102658887512 -0.186901397657935 -0.288021883450119  0.5025343917550107 -0.2593925316742886 -0.2116226072926436  0.4900824995596034 -0.2319695095923203 -0.2283742571129804  0.5091101560320047 -0.3418136826977736 -0.2557749040783032  0.5116839004464607 -0.3467055432674516 -0.2714657535683592  0.4395200592187241 -0.3551972970549273 -0.2940094778075828  0.5314785727732372 -0.7104637844320817 -0.2239207810115391  0.5684606281190133 -0.7014262649162567 -0.1865405818378363  0.5468046027732276 -0.7112679336523544 -0.2238708732098356  -0.1252955583932499 -0.6655516489550153 -0.7022813548098042  -0.1857661534748635 -0.6581917893321712 -0.7227336154529792  -0.08495718671407204 -0.6583192355342409 -0.7049621068277023  -0.2266132862925193 -0.644168892833839 -0.6946473210676415  -0.2371992070234909 -0.6294277052419128 -0.6956250472939751  -0.2273423739061851 0.03319927253609192 -0.6696042997974073  -0.214119091677076 0.05330267998876542 -0.6647279671838086  -0.2498109865039687 0.02330974731362593 -0.6882784302328628  -0.2308264997974447 0.05558801681878619 -0.6827397721724761  -0.2058613065471029 0.06083202866697392 -0.6631163578985251  0.01639871387664664 -0.3837585806430119 -0.4479864737295232  0.002142709993217681 -0.3603788522159543 -0.4350153366192441  0.02656060634319658 -0.410593324501572 -0.4725807346601202  -0.008292872956156092 -0.3567409572900943 -0.4183404763586794  -0.04463423710067062 -0.3470877908494968 -0.4131250188704298  -0.0870777642572047 -0.05485375706335792 -0.4275737343424823  -0.2001743400987784 -0.265842782227187 -0.6535386092845873  -0.1789202067414786 -0.2871988724032362 -0.6257874874496768  -0.2516954282702296 -0.2804631786342682 -0.7347156367373832  -0.03767558812324043 -0.6531206450941949 -0.6635307299767153  -0.14470592392114 -0.466347840276749 -0.6069103185322509  -0.1642807395716342 -0.4795795603024892 -0.6011174206812366  -0.1341973891289799 -0.4521610755937357 -0.6367845738202578  -0.1503128309973409 -0.4466018404834238 -0.5858911377727987  -0.198650904272808 -0.4996069614900944 -0.603057179244091  -0.227415136533188 -0.4764076625744866 -0.5447207410750332  -0.2147282375760225 -0.5263057552734869 -0.6003477383685466  -0.205215343267639 -0.09373379984121454 -0.3683227524354438  -0.1081477529850508 -0.2754736228178779 -0.4376814151096111  -0.5726969938533818 -0.4312103824477047 -0.2470804719211752  0.1435106813473739 -0.07288487763187576 -0.1136021882763958  0.03367178878754733 0.003399642529797714 -0.1275746925992135  0.01389962846801034 -0.001843617615150867 -0.143498751904276  0.04165747602867673 0.007267721829259305 -0.8416684908951895  0.03621781600575356 -0.006896036462450697 -0.8494670967241134  0.1298749713532549 0.07094359015937657 -0.8093595664107975  0.02947792181165261 -0.020722378887257 -0.8393076370690079  0.01786252302690858 -0.03044517564396126 -0.7466984499035888  0.01487108610049068 -0.02982925572608418 -0.7447864697145506  0.03518907240683124 0.01408144610078027 -0.7249896480605429  0.05167392208137134 -0.0808452356289306 -0.7302479678132022  -0.04483286670872413 -0.02430222911306573 -0.7429901028242099  -0.04004122373869447 0.02434619443642856 -0.680467543137273  0.05913721783368846 0.0326328209525133 -0.7030988881179296  -0.5211606816897574 0.1385438230347791 -0.5471518253119633  -0.5727774729922622 0.1398357018478307 -0.5763862550153791  -0.5178319105259221 -0.4512633783533799 -0.301793478562927  -0.5233078806957986 -0.4374754661191597 -0.2856347367828899  -0.3443082140861268 -0.4806548359061679 -0.491693122557339  -0.4003726811796242 -0.4854749490955745 -0.4534922016336643  -0.3216879071609526 -0.4892184380154879 -0.5061409001194785  -0.406006825073657 -0.4885799684537075 -0.4494125482601659  -0.4088606132389688 -0.4909271755470786 -0.4472750057135262  -0.3307064625200904 0.6358297455520894 -0.5368098528000423  -0.4068879850970432 0.574711185029952 -0.5162371662182967  -0.3283903604125684 0.6353825552897541 -0.5409551236903158  -0.4393533292407726 0.4490579309194696 -0.6806390536381466  -0.4445325600018244 0.531840612342893 -0.4944964352845376  -0.4407429736845708 0.5415747236901131 -0.4909404148779506  -0.4467430869720579 0.5303298422771483 -0.4933078531202266  -0.5489886431205792 0.4782075394974613 -0.5212911456214651  -0.5663282766198501 0.4721266904337829 -0.5389244325377666  -0.5884998284966713 0.4315478936317971 -0.5704531100715061  0.08942970965442397 0.7744956397832 -0.2827383727851694  0.1076976585802114 0.7374005533212389 -0.2679454018420592  0.1977506868866635 0.8437816995932836 -0.2855993597656269  0.1872112629476685 0.6291474311933778 -0.3133483048749119  0.1949297094276123 0.6100543488566774 -0.3126098743984264  0.5127644136746603 0.2539993597921051 -0.02147234350629345  0.5929565277781206 0.2174853265893276 0.05736202022265342  0.5858162667947491 0.2306778601638754 0.03895150229118464  0.5543859127459317 0.2281403330922486 -0.006713847648973561  0.4260561733138178 0.250835456285653 -0.167532220787822  0.4588837232761886 0.2314167280239316 -0.1733537249490314  0.3664823455870012 0.1981462446283047 -0.1539088952067523  0.4000035377920718 0.2606780267690532 -0.1871271352189184  0.503206424813889 0.2411945563644252 -0.1512341561940528  0.5174808616365121 0.157778585947324 -0.1596603902706341  0.4481558252914673 0.2897845173372617 -0.06742785657631314  0.4373810493370111 0.2833786299850234 -0.04803467846578007  0.5065363683229149 0.1372259167054105 -0.1795082630071692  0.4999655981062806 0.1128975347955219 -0.1463657946910769  0.4169310874181748 0.19766211114391 0.002592112517715073  0.3567325615355189 0.08226092555454073 -0.1479480504236503  0.4699113763627748 0.07679249046212032 -0.1036967049738977  0.4381344801253263 0.06144864432236299 -0.09166327256859072  0.412540009986209 0.04261073793944448 -0.08777715851513104  0.3486159041164829 0.06843199923759738 -0.1305153562705842  0.3335395492541361 0.05631975287602682 -0.1454431114965219  0.3343394166784273 0.05491269243388786 -0.1375078149798113  0.3107473254721597 0.06344666655290537 -0.1189947612037262  0.4910374708016668 0.5291220011268019 -0.3066308817523342  0.4579691366039348 0.5571100244576913 -0.2754581783137726  0.4202657211371695 0.6058605516372594 -0.3071643694226747  0.6127877606069345 0.6326795186623233 -0.1802054255535658  0.4489658114660761 0.3143665157984619 -0.1310774359501738  0.4071440112398343 0.3333110258370752 -0.1480236513511129  0.3193664329258132 0.3711394664200217 -0.08840456959322586  0.7023148151212908 0.4156113916904094 -0.1404203208826524  0.6807126829197837 0.3918221574201369 -0.1370256681224451  0.7079421059023761 0.420932216646294 -0.1389711736865261  0.709867847204489 0.4497279390860945 -0.1458503046298406  0.8016331433538419 0.3083986101332759 -0.2112737797303564  0.8045416163436288 0.3151772603185293 -0.2085932455426139  0.8117314661747848 0.2089919436433747 -0.2941326660567682  0.8271601480150764 0.2609698008917752 -0.2895197427528807  0.8123276744918835 0.2077861467481894 -0.2928932690200384  0.8260877550580128 0.2632318193538202 -0.2902661618820033  0.8246374397656647 0.2625044366199172 -0.2935422372999192  0.8110579708319268 0.1230994519971397 -0.1951857037210039  0.711315675197387 0.09269526371456022 -0.1228605754318718  0.797047087799616 0.1180603511614169 -0.1912064099095478  0.7118328728674209 0.08961342244111145 -0.1203721032652004  0.7971636734545127 0.121992341047917 -0.1904790780349319  -0.1987022358308108 -0.5995258453651073 -0.2095384357131288  -0.1703664804686754 -0.5260594546436088 -0.1929119212810311  -0.1671759214451282 -0.5206509966596987 -0.1970697085569486  -0.520917483874424 0.8104172479622685 -0.1217142507330867  -0.4538961775628351 0.8166192818853698 -0.1219825565542523  -0.433135988765607 0.7979190124289779 -0.0939968126989657  -0.4903402130493287 0.8224305503663978 -0.13192346235702  -0.2711088190107629 0.8389767975380503 -0.4414522443689425  -0.2222122228392489 0.8331934139812458 -0.4236776642412827  -0.2138759676422317 0.7177578666915435 -0.382246794823803  0.2349567417578297 0.6950741732163364 -0.08866116864974294  0.226360711103842 0.6879130719093484 -0.06815499356784546  0.147387688996032 0.6775014288843267 -0.1701792610715911  -0.001814968295359071 0.721890302904398 -0.1230383255751059  0.02466712759070386 0.7235647449416964 -0.06984554147844395  0.2867871214948922 0.3867228120345634 -0.09285036501961531  0.3123260584234915 0.3708182829037378 -0.08856075139953208  0.28964687183143 0.3750654153068006 -0.09021586855506504  0.3950644463500415 0.6017792315911501 0.1530903666379368  0.3950953110526326 0.6020174225277586 0.1564621245449187  0.3253274446966865 0.6062076820728692 0.09519534754806089  0.3296198610635184 0.6164510829919103 0.07996327470370417  -0.08191996844554596 0.2382662243689168 0.736358319589558  -0.1061727546157909 0.2242151932096106 0.739432966802068  -0.05854379388297071 0.2454552436541927 0.72904211469035  -0.1287201918182903 0.1222317510839719 0.6813794780797352  -0.121142152542239 0.1257720561740853 0.6211482177951829  -0.1507981813650696 0.1300028479492927 0.6982638200263905  -0.09854060248819649 0.1367688532687276 0.607875186855897  -0.04271361436960396 0.03627948673568228 0.6934183340893662  -0.04263356226578303 0.01572063978097936 0.616481274296873  0.007804447949982252 0.1855779507792734 0.486823845951371  -0.04325373093336872 0.1893616726808943 0.5023868813147609  -0.1416548760289638 0.06002615548376452 0.5350783423671893  -0.1391744076881851 0.04982740367586502 0.5350605721419074  -0.1292779745937358 0.06404811789283844 0.5455353922062683  -0.0339367602984781 -0.02406807029843094 0.484613170600089  -0.03007188255736477 -0.02242129514206073 0.469006276531637  -0.0250938739814844 -0.01972003008003606 0.4639935776024263  -0.001446766248532905 0.009480359593934909 0.5200994408501191  -0.02364222686753158 0.07745296161698507 0.3845277691770564  -0.007223437823406148 0.09013888428493358 0.3843472528639967  0.5353694876310723 0.1287114114380582 0.3710519619341479  0.6628189371114257 0.2843964122784684 0.3654300005102935  0.6924018618129171 0.2717539520690071 0.3716728572149257  0.7159642094833675 0.2169978364826974 0.2984055906894106  0.6964564009464445 0.2033879417232319 0.2884896390263492  0.7286328456256401 0.2179885899146142 0.3122928625633401  0.9138673566100707 -0.1140553682798753 0.3484633724012544  0.7743691627054126 -0.1358912600403035 0.2936297046568077  0.4677303563395946 0.2183924947642206 0.2861346683430045  0.5380765123867364 0.1254815705236109 0.3694681792395675  0.569169048827143 0.1240366169628858 0.3431208923139391  0.4722340938444968 0.07096158410058534 0.2180577527699522  0.4723255210875643 0.0589867130360202 0.2814921782511782  0.6818119107935211 0.2028339189070746 0.2892053837936713  0.5696745676674742 0.1250383678370212 0.3424579814702114  0.6728247466079426 0.03274104933681687 0.3526661913700408  0.6376024767560043 -0.07712512046941809 0.3299843776282372  0.6449275217230338 -0.07811572372189921 0.329170729092477  0.7048652220465018 -0.1089047466707284 0.3579740709272115  0.7445527496343916 -0.1040109419489481 0.3894346086800488  0.7613035848860908 -0.06666942674130218 0.4029006765593594  0.7708896560422973 -0.02085376206103413 0.4364499595835802  0.7612001960592925 -0.0152436717522854 0.4574255847425796  0.7589218612483599 -0.007243193052313808 0.4542716959633576  0.479429347925008 0.02200886963134652 0.8650467537899689  0.5153358803917077 0.01620107927731004 0.7906241264512837  0.6039150576045256 -0.2541525528755072 -0.5141003572587038  0.3104766964779684 -0.5939845640364246 -0.6143746176084217  0.2976211369021186 -0.5803008217672483 -0.6364466359808222  0.3101338411715503 -0.5946737519826286 -0.6142045439135342  0.2940101168889302 -0.3943814321651234 -0.4408458410513524  0.1938751945363319 -0.4989395557877626 -0.3280986069175961  0.3278329510890213 -0.4120149350780673 -0.4355584484070154  0.2945249197289393 -0.3939127406288158 -0.4496647587066079  0.187501675630331 -0.5057119899289234 -0.334969076325643  0.2297390741679275 -0.5897280494909412 -0.3638217793137163  0.2121606262802914 -0.5085720837837501 -0.325158671259302  0.3287121215166188 -0.4952943910650589 -0.4555848355450025  0.289074196372395 -0.5707961071555643 -0.4274403653393554  0.3506622981303503 -0.4492622258363264 -0.4702061239160456  0.2774315109786204 -0.5879642414734348 -0.423888724900261  0.3666011926580045 -0.4097977442750468 -0.3857250593603475  0.3422926324889116 -0.4178839082889159 -0.4534560447931036  0.3677155169216004 -0.3948566149569929 -0.3552576160081691  0.3672796896093486 -0.4582506970090343 -0.306595128597735  0.3722879992476975 -0.4731117281920536 -0.2938703552093254  0.4068461929906151 -0.4716409795342336 -0.7437418575593187  0.3720564294949239 -0.5074098279701995 -0.756566126664925  0.4007799641261164 -0.4700318755118597 -0.7410715461606572  0.4111835313136959 -0.4708057946890224 -0.7422785405335494  0.339917370826975 -0.3552481294405559 -0.799079327567735  0.3262798434980168 -0.3503959857193566 -0.7941376439584069  0.3658129792142982 -0.5096646676297976 -0.7562634811980132  0.3746091590489651 -0.2854364785007302 -0.5253259501157773  0.3400556724339417 -0.3118391506616472 -0.5228535160576289  0.2594328941498041 -0.447467053060982 -0.8008169591518074  0.257681225547259 -0.4813879033531454 -0.7539584861117935  0.2543406959977103 -0.4461357539962587 -0.8064149334008591  0.2006662159189397 -0.5051056569751361 -0.7037007329078089  0.1981833710415248 -0.504851658013845 -0.7025365616903583  0.2353246108015461 -0.5154366247727891 -0.7389511096859835  0.2897388484220244 -0.5689354626819534 -0.6559388148699253  0.2681622974281029 -0.5197209188346308 -0.5298895320093198  0.2703285880598913 -0.4981111406032702 -0.5173015469275781  0.2680003085470433 -0.522036391917019 -0.5306021999903826  0.0800120981708531 -0.6653470296753179 -0.6216342057947429  0.07448508826824515 -0.6724750321614791 -0.6152447900573185  0.1793583930212006 -0.4898509230896574 -0.6906490723318863  0.1127755503215136 -0.5412984872928329 -0.6419471950593928  0.1112579292228859 -0.521995407172324 -0.6613884716270871  0.07674725954431236 -0.5195252033480193 -0.5856454165978821  0.1276601564723364 -0.4986321868522308 -0.6824042299128809  0.07239436463517762 -0.6751485067820993 -0.6210801100258091  0.08904886193748507 -0.6761060723782781 -0.5834908922026929  0.00137552586729377 -0.6509488090097488 -0.6433847354870125  0.008342050926312062 -0.5799905403975799 -0.5290358338725412  -0.03985126256594392 -0.5874707430670885 -0.5807298135329626  0.1115714727042634 -0.6894938142199103 -0.5374904736431141  0.1046167646346251 -0.6790100111877055 -0.5227709354601929  0.0752483457717118 -0.6752967126247423 -0.476758811593822  0.1291131734970326 -0.6761596936157054 -0.5248086449121019  0.03037652369090843 -0.5974413314347253 -0.5038615341922966  0.001500111183082169 -0.6081936414420351 -0.4703996883180846  0.1252463603352303 -0.6825716689440298 -0.5319526025954516  0.05188234655061577 -0.7193308434078005 -0.4588565044366246  0.0433888564107434 -0.7262532284289809 -0.4542549508295961  -0.05703600366639699 -0.6592889890616043 -0.4310697219148716  -0.01704765528110215 -0.6265078718089293 -0.452774180639747  0.02434210910979865 0.04535803623686865 -0.6982595997804784  0.1146703950748338 0.0273060613013397 -0.6614614104289982  0.1106306061391649 0.06666910934086512 -0.7167104302838766  0.0252349497775347 0.06602935520183954 -0.6292058998177246  -0.00885517946945541 0.0672433234701833 -0.6615393124303979  0.0922644803317266 0.05976139690009835 -0.5784165441360586  -0.044400889559332 0.03346601227378536 -0.6666906100603305  -0.007343732547963083 0.06433153798787504 -0.6695213722560818  -0.03489220271138507 0.03806191972956291 -0.6736866383048997  0.1320712266814926 0.07440168750353904 -0.8091817602019853  0.1862691417170984 0.1008994785660822 -0.8333630074312038  0.1075149236251745 -0.1060507188496583 -0.252240518886851  0.01373106730996523 -0.2127669980340854 -0.3688573850073891  0.1104647923220602 -0.09706915977594506 -0.2630554873787901  0.04209369121113075 -0.2189164961850898 -0.3892300785052429  0.01413462033802839 -0.2112790374520297 -0.3697268966786808  -0.07997759261014831 -0.05196882778190449 -0.4150183010999395  0.0351713597723866 -0.01414690430130969 -0.2262088983817889  0.01647764132930185 -0.004360035705990029 -0.1592277056901165  0.03593191047571083 -0.01415479861000338 -0.2267624758486273  -0.1374084334289994 -0.001039106402828519 -0.2791887037862079  -0.2088810605605676 -0.1219233088710365 -0.31640986779821  -0.2391987500735695 -0.1397373669952626 -0.3141320961690364  -0.2460212546671807 -0.1425307641187051 -0.3094576457959565  -0.2486986542603635 -0.1423128776362957 -0.303123191039439  -0.3699778161113788 -0.09298662531471398 -0.2664180520969892  0.4063329261639413 -0.2938921793767471 -0.5331593132821364  0.4053971628535461 -0.2940712354546975 -0.5318765810776721  0.4539953576345405 -0.3552347116324411 -0.6241258068747543  0.384625409670589 0.03539402423062281 -0.467710471354037  0.529127543455082 0.01936728122603538 -0.4232868961110261  0.5336532391576776 0.01730890130720717 -0.4278144990165837  0.5568223214638321 -0.05864075646470462 -0.4596362444612132  0.1720805246678499 -0.1487415730961212 -0.4458013926083199  0.1628250257305183 -0.1501481607708061 -0.4391377132495904  0.2845840564158969 -0.1305864673162872 -0.425697092031129  0.1987614622979709 -0.125359949851896 -0.4812852272768858  0.2516010589429554 0.2282472599676895 -0.5394196676616994  0.3430352438451158 0.1345150240772632 -0.5369702323449936  -0.3094771601785599 -0.02232664599865121 -0.495673026375312  -0.33615127112913 0.01308282554378444 -0.5099132889214147  -0.1326666771381108 0.06423812263995755 -0.6021733442501528  -0.1184255448551477 0.0837167387620661 -0.5820044021576042  -0.1940956025928961 0.06545235095534574 -0.6526814033187713  -0.07550248374592367 0.02989238648055646 -0.6506417521495313  -0.1157747999962852 0.09421193072054145 -0.5753093247412452  -0.3258576898515439 0.06704510078723136 -0.3844770653664628  -0.3032226451597024 0.05145392185685171 -0.3467535104059782  -0.3449376049173554 0.08230525261962654 -0.3754346666431414  -0.4519689142317125 0.07957677045963395 -0.5097888576414777  -0.3954402191422072 0.0366662584972023 -0.5317573780896317  -0.2804334429941711 -0.02891705206325067 -0.7166732375220857  -0.3554473833112833 0.08699111012695412 -0.7157564028546968  -0.3597470752900591 0.1229755168908729 -0.7299592824214168  -0.3628162017988907 0.1234358571611175 -0.7327239806199541  -0.4708836808284172 0.1410236675956373 -0.695959492902731  -0.4193488353756638 0.05186648391272258 -0.5286439937744036  -0.3382628087147638 -0.1537744679887234 -0.901752186658753  -0.3305161005523749 -0.2053764372998791 -0.8519349229048948  -0.3448412877577847 -0.136155305983195 -0.8948136341198556  -0.3190118326601978 -0.2212303768075174 -0.8443849422466952  -0.2548183734221816 0.3510614298392092 -0.405892457811764  0.2049203163458841 0.53814719520105 -0.2953323431060446  0.221926064820889 0.5850050414559064 -0.2838573552415356  0.1920204280821162 0.3239347450926688 -0.4237067373734478  0.1827471731187996 0.2729675001683391 -0.3736409820067289  0.2150647751130788 0.3186326696333049 -0.4660768792041962  0.1532005922797867 0.3310480821503781 -0.4234422427082083  0.1788382644106666 0.2182799801949737 -0.3591850306278369  0.1463359602805778 0.3289896546830572 -0.4202469107924846  0.1374714274416289 0.3329076441986738 -0.4113110966908207  0.1768315541124668 0.2169237518746104 -0.3579978401283992  0.188078178901489 0.3222781306109346 -0.516714350727589  0.1853992956943351 0.3123850537435895 -0.5410427052640915  0.1705682693520397 0.325941722604624 -0.4987983558805361  0.1648199137032476 0.1559607375620346 -0.389237821732409  0.1577735810528554 0.1479012225610165 -0.3945926821864216  0.134705633690107 0.1518187415052278 -0.3929257473138871  0.1366210903885466 0.1484179570998589 -0.3950125738791502  -0.08873138516853886 0.6207827091290996 -0.04050066985274083  -0.1822919924659491 0.6797523675782196 -0.1165034194401744  -0.07897256053426056 0.5161350658191917 -0.02809387501936904  -0.08521038982657536 0.511718140486852 -0.03278142922340818  -0.1872086359518686 0.5826420191017544 -0.1159401764320539  0.7215192613485395 0.1839861398455381 -0.3427817429150664  0.739607102203937 0.1865365213295656 -0.3437582227498164  0.730692728473177 0.1190577392520167 -0.3506356819212844  0.7589531666530588 0.1432396945723168 -0.3499169760197061  0.7557475578129308 0.1652910477473152 -0.3472433032655201  0.7563158388674901 0.1705946137762853 -0.3455730507663342  -0.3384318095219232 0.1669349352627283 -0.1964135256926929  -0.3445853585203398 0.1995849874927743 -0.2588950114560151  -0.302433267106583 0.2295213058788425 0.226109619271073  -0.2955417169484197 0.2884299600882143 0.31361616162853  0.2681657978367213 0.1027133647645484 0.6264316502208549  0.2544082780405011 0.09736198303592158 0.5996071285885973  0.3261348671847485 -0.01790393653472902 0.5769707775651117  0.2432774504611931 -0.06480713011539667 0.5624535037480798  0.3246702933057434 -0.009960309902071838 0.5925739392848416  0.2563629785111295 0.003365260784577703 0.6135788854667689  0.3090584609538495 -0.01314509458477145 0.5198447377691552  0.2370806803917935 -0.06582125823997258 0.5520096811188961  0.2215585611615609 -0.06646571255303739 0.5778763062371042  0.2268379087065743 -0.06767284439111539 0.5712162040955607  0.2324017350218524 -0.05708346845370468 0.5856412369956685  0.2335734951114085 -0.06642414385320181 0.5521147927942106  0.2284347347822329 0.03056199731011601 0.5557861537143933  0.2344578807551089 0.03779601357667486 0.5632957290608357  0.2482318354691455 0.08551561358047131 0.5982264747343135  0.234440669334248 0.2241895343220494 0.2112141254684397  0.2797889792044361 0.2061871292488801 0.3238922939526169  0.2981855907146465 0.1784866263870583 0.3522487144006438  0.1536528224181023 0.2396140792433301 0.2255332828145738  0.1410064815961776 0.1923795097057038 0.2089148260744706  0.1269458695492794 0.1790035772926445 0.2446668348443735  0.1272719640281484 0.1854596135928877 0.2455990781231251  0.1226085592739433 0.1750273784095472 0.2462357632799914  0.1341660139929811 0.2324377699993173 0.2396539397657476  0.1330537675694631 0.2300259860887551 0.2420940830299417  0.1295691826547363 0.2385777605278583 0.2411664466581075  0.5210158325138918 0.3088710805353339 0.4187408505746404  0.5316467911489493 0.2797633380934584 0.4989393833622139  0.5070580497861659 0.3804827724381621 0.6021524147752175  0.5161905536043415 0.3873982655554417 0.6107731626951891  0.5068484825556043 0.4064026828006735 0.6023222980402505  0.5278267778766257 0.3425491217633658 0.6881695023828686  -0.02981339524838814 0.3497015889788914 0.2492670693354571  -0.01087986872909598 0.3902008556538204 0.2540029801483365  0.05431391132896751 0.281291577345244 0.3586746426147559  0.08082445207538104 0.2590034262117505 0.3058072527562129  0.108905657785371 0.333158742730825 0.1987509377415206  0.1230703913264334 0.2496013206467211 0.2432902469221619  0.1487672965409974 0.3236775960307369 0.2590698215406693  0.1324042429022678 0.329819049457878 0.2175587731048099  0.06334840481031315 0.113465155045741 0.2758809544509087  -0.1145442695339106 0.02404459911396657 -0.08910869430395625  0.03168619431742632 0.2068001814224966 -0.3101731668134227  0.03567112538140109 0.2061642625236958 -0.3028483462045573  0.07332386446142002 0.1585344203389801 -0.348838644555242  0.05877042139843493 0.1837645874994843 -0.3121847922224669  0.07431156748549544 0.1546116489950166 -0.3503980424092762  -0.04811716669639277 0.181239874921157 -0.4076845237184583  -0.04948089628336867 0.1750525150854796 -0.4118576768850287  -0.05042413201227065 0.1711989041053519 -0.4156283194748469  0.006118975796229081 0.2333513905707115 -0.05046986762086424  0.006085508212828661 0.2293128277575844 -0.05076639663701898  0.008781439747969924 0.266249618860274 -0.05198397669269104  0.1249062992190969 0.16137367909766 -0.1760056741126744  0.09142506411855299 0.1722245353108873 -0.1983929367931399  0.0245765165715795 0.1358802503957873 -0.08930480604828463  0.129478840380149 0.3319725079935905 -0.3952136236129412  0.09143366955980288 0.3389668562768319 -0.4239919130838459  0.0373367238871383 0.3391407178324282 -0.3749262731115733  0.03343388280546686 0.3489678143730939 -0.3604074185035002  0.07172332828413376 0.202479145111215 -0.1610314855095922  0.05893828777845038 0.2142335656284401 -0.193582593862513  0.139641832750008 0.2763110829043788 -0.06666209900450937  0.04337326626885781 0.3853890609910551 -0.1414527752927977  0.1155781272704049 0.3210768480461834 -0.06573266723021431  0.01240620558595625 0.2699371774918723 -0.04732333288122702  0.02118376854644365 0.2695530405645339 -0.03451409306045569  0.02928841506141014 0.3893248886514323 -0.1486028535380591  0.02808931848946732 0.388515022287518 -0.1496844596061677  0.1192076717679085 0.3116048301996216 -0.05640388362323114  0.09509399422266901 0.2965212616705046 -0.04932980808837939  -0.01799181169054373 0.433539380186741 -0.3394433051768418  -0.002950927760770061 0.4338845499906938 -0.3420735441739082  -0.01746007445181755 0.3270951812979281 -0.3379331238238327  -0.05079260141759578 0.4642995616544411 -0.3702781339749653  -0.05098568871914559 0.4355547110251842 -0.319748994173525  0.01917922266047612 0.4210241219870446 -0.3457421837231213  -0.05054153706590403 0.464620206537003 -0.3706874607520739  0.02442737088824339 0.3898258450435653 -0.3461883007213771  -0.07427316024170692 0.3022163175001428 -0.1247238469186469  -0.1081251465948077 0.263397415284815 -0.1167158796080872  -0.1067226347121613 0.3407931264768253 -0.1390247520764115  -0.108848083631009 0.3490726250890768 -0.1456970266375152  0.01159525820494504 0.2745455107447778 -0.3262103146894057  0.02055012059106082 0.2599435606391068 -0.3140144485465844  0.02123749896818107 0.264473687368965 -0.3149472438526751  0.00561070976228574 0.2829433905181803 -0.334801292270926  0.1358597334249462 0.585828773606538 0.1195726655022169  0.003278654874754608 0.6009725029653228 0.1625243147223855  0.1372960250166009 0.5871779051764296 0.1183750311853143  -0.01880639238187669 0.6092349910069428 0.1533846793728628  0.04995290959781079 0.7108395641008011 0.06869856808865515  0.2231279190606713 0.756544280764554 0.2217541252516222  0.2223162352205401 0.7573341772481634 0.2320883402549386  0.2569462624005173 0.7523551239188915 0.1862556890453846  0.2262851468096687 0.711449491834242 0.2802186519455757  0.706602969773266 -0.2843141778335144 -0.03697089708672364  0.6787162877814922 -0.3497536633995432 -0.1132733595630567  0.6310045655861644 -0.2935773091515267 -0.1139772952549087  0.673693588300309 -0.2394635142396598 -0.2304511517579019  0.7688284699434603 -0.2647410223928665 -0.2330947501418621  0.6694662680879198 -0.2328780255241128 -0.2290358875360177  0.8009875764157176 -0.2426040848444986 0.07640359669660073  0.8041023748916072 -0.2454683186199587 0.08473635651589637  0.5428517915394742 -0.1449916031960043 0.01674872497187904  0.5461394637799498 -0.1828915332769096 0.03046865285577009  0.5625551555735419 -0.2055342593443896 0.05160702986655901  0.4604420422690703 -0.1028118418733989 0.05399986053385839  0.5571385707745711 -0.2096797223842434 0.06003233596267454  0.5079597485672472 -0.1951041030968864 0.06730926468545823  -0.3100242722154401 0.9190982733457457 -0.05891924419901795  -0.2784756737402481 0.8987710658085333 -0.0617747526214166  -0.2733945162041309 0.8917408430541854 -0.0704683028771593  -0.2727055990821788 0.886096020608201 -0.07202970315952704  -0.285101575465462 0.6218015853543921 -0.5115040698256756  -0.120226861987505 0.774572096001488 -0.1052875501923236  -0.1479356078013146 0.7910665360281055 -0.07469527158805073  -0.1543150336717583 0.785232748295148 -0.07249225033842614  -0.1176104404584199 0.9002735517756199 -0.1544952500291157  -0.1217841439818461 0.8930385848861833 -0.150694980479228  -0.04348750246581792 0.9156204947091118 -0.1782615169052109  -0.1537722901407159 0.8711253721816796 -0.09895725524636137  -0.2466100141277002 0.8494894267262663 -0.0863637369794137  -0.7317443921945733 -0.09088029480709341 0.3463187344788369  -0.5244595983400798 -0.005237558665712003 0.4262030430130149  -0.5270647211151221 -0.007449744615063156 0.4270798694654082  -0.7517976192562867 0.08013440198639862 0.4022268719389037  -0.7082862648620841 0.121946236033984 0.4113883653820521  -0.7663455606266038 0.08440298342415277 0.404425947068099  -0.6803624347290438 0.1246361479482865 0.4264168316219489  -0.1829433785709332 0.6722929895500639 -0.1322059137562122  -0.1878730529940111 0.5814016080387652 -0.15054072048482  -0.1856652539302603 0.6251452515902913 -0.1511923634682781  -0.1878236768647827 0.582794381437215 -0.1517648250977023  -0.2103737976911361 0.5620081009391712 -0.1681472916168637  -0.3652285465935835 0.6755796626279582 0.009078699344608768  -0.4446147885316116 0.7751529202891833 -0.07307443101964495  -0.4007021479938084 0.7771789748859533 -0.1276257965844678  -0.4006884103140543 0.7770874153469248 -0.127615239033713  -0.4179052619330896 0.8140870684571878 -0.08543660684739093  -0.3264682148186633 0.8275196349585688 -0.1126568593312438  -0.2699237390200534 0.850920430032474 -0.1001012701437336  -0.2674349563150388 0.8494611320634237 -0.09935647335554568  -0.2613180445832699 0.848525076917846 -0.09244421730108965  -0.4573947546934854 0.3587076477921821 -0.5145362035485442  -0.4784910066736404 0.3471559237437112 -0.530364983692086  -0.4524143370018869 0.3713359868609571 -0.5001614894863966  -0.510395282034196 0.3645197223122106 -0.5168778501414009  -0.5073899414761242 0.3673685900931501 -0.5133301598536365  -0.5689117590858216 0.3906983349930183 -0.5635988353433456  -0.4535357827361703 0.3724263181983242 -0.4991717133031748  0.5361856160670352 -0.7400870887983577 -0.08425851221984333  0.4972536271661051 -0.7732909249278554 -0.09932292422165562  0.3486070846475139 -0.7895046480955581 0.03963197677784618  0.327918097788436 -0.7868737627519174 0.02789626619459719  0.4327337452965721 -0.8278666593933606 0.009069305041847791  0.3908558103292343 -0.8282344012995048 -0.03079581274523986  0.3565701738837999 -0.8714921671215193 0.09834432770925727  0.3564448962996178 -0.8719532027535973 0.09832439455296639  0.1973464757601496 -0.1391614155980483 -0.2687428078274527  0.1390626845794643 -0.1114810854111844 -0.2529048646245938  0.2000336270754973 -0.06154199488379932 -0.2993738451620898  0.219039711625637 -0.1157914530826653 -0.3171644159055321  0.1814875215116358 -0.03138193043105215 -0.3024264345349587  0.1095034022956999 -0.09618889941027195 -0.2635299117965055  0.1499977960698212 -0.1662970377288923 -0.4324489584253437  0.1163990899222904 -0.161215371394497 -0.4336739952794119  0.1127959167237582 -0.08642621236269854 -0.4631782633930105  0.3381135625418416 -0.1546351847540976 -0.4109558746304782  0.3100261639357583 -0.1491528096759379 -0.4953264651712274  0.3555207294279162 -0.1416694921795855 -0.4112287112691552  0.2614864186605929 -0.1217753728059314 -0.4562815900377121  0.3701126669974518 -0.1301684522992493 -0.4134883465213508  0.2999138086395849 0.03560801271625257 -0.4456149252439848  0.3834142119364496 0.03574175170386861 -0.4819028898563856  0.1495918355299501 0.1188731400492848 -0.3965661823513377  0.1365606487816309 0.1481492057790409 -0.3950305181396536  0.4417314389439664 -0.0002920593700820595 -0.04168424607615014  0.4299837085492626 0.008365107787680189 -0.00377863669654117  0.3686734480830758 -0.02693764664586908 -0.1032115557557441  0.3819013718591724 0.05691388450799588 0.06535129358914685  0.4093684522837077 -0.001584481831895822 0.04812438083124536  0.40157490620848 0.006487910126646755 0.05918239863355736  0.2671927462522611 0.03342833422721069 0.06037845217644278  0.2547504075579425 0.2140762179952064 -0.01379228429633478  0.2613490201463127 0.2331754512198743 0.04909080153570407  0.1666923273544453 0.2622875259553172 -0.06011306245554472  0.2380687418199907 0.1757939220604645 0.06903484159369491  0.2652506970542035 0.2159596255136028 0.05588213943800503  0.730057129998815 0.3458786415411377 0.2032409540064476  0.7120145690113128 0.3418152242908131 0.2138226652194543  0.7413368733307864 0.3700857750334006 0.1833826608394651  0.6454611507404729 0.3439410087587077 0.3384535147954245  0.75254228029212 0.3614252272822859 0.1525215505925479  0.7589767865117845 0.3601438923820729 0.1484661296493109  -0.4181184193147134 -0.1226877850720121 0.5287505387582286  -0.392490441184969 -0.008130276243923118 0.5218277723904176  -0.4196716074077863 -0.1325472034460959 0.5323114267925761  -0.1673204223647146 -0.07252574573835062 0.1604816274213471  -0.1892338868224656 -0.08552874414796717 0.1664166822317412  -0.1878109339906964 -0.08728193929025233 0.1672328627375861  -0.1878763828918555 -0.08715941500693961 0.1670187229935723  -0.1842954779312151 -0.09936401724414914 0.201928022153855  -0.08568611147282248 -0.07618648281041179 0.3649649227810303  -0.08444469005335714 -0.1220779679817585 0.361820427323427  -0.1903692278836932 -0.1078355338649869 0.2104007185516427  -0.265139708331335 -0.0554438301295495 0.2788863242394926  -0.2629157392182511 -0.05202915711151648 0.2821299245347806  -0.3306822412891131 0.1026976868663694 0.5487807802616821  -0.377212472931564 0.210828797322142 0.57412463197446  -0.3768436722522355 0.2109696218521677 0.5741381877795178  -0.3830779827605232 0.2078997437863952 0.5775817218827574  0.113685160874038 -0.448477326740267 0.7275831826179864  0.06165204338707814 -0.4724211153024612 0.7356644675188975  0.01608203654064702 -0.4591301750990257 0.7635668459767758  0.06203480168756804 -0.473012198177747 0.7362201754187284  0.005614784392443894 -0.4635160283179947 0.7693779746674663  0.1337340937141739 -0.5010388330569209 0.7740105671375291  0.2162909851257848 -0.4755502241339345 0.5695553113962495  0.201950646468827 -0.4810047600041225 0.5702774691027135  0.2635967183551653 -0.4977239558799935 0.5839600784255101  0.6050858479648437 -0.3823255861882855 0.4242511086232516  0.6390833413583514 -0.3903323304870129 0.4873845073871843  0.5966285403056746 -0.2985202182471144 0.4344855202083009  0.2973628445258019 -0.4292747016372979 0.11746777667607  0.3019948176333676 -0.4202273260950155 0.1253500071728755  0.3614242624985737 -0.4711680868245195 0.1019395650990658  0.2762806404877517 -0.3892085077827017 0.1147945620901921  0.4134882217847129 -0.5257659633379115 0.04198601718466424  0.3464734362799493 -0.3334394358628144 0.09122152249418336  0.4137123977307875 -0.5291480675586283 0.03447935298154619  0.3877341264586695 -0.4253388218986394 -0.0411515386697261  0.3319820761528818 -0.4487702526209846 -0.05566300548692245  0.2343046890660735 -0.4339928776025224 0.02690369144625758  0.3860638475536398 -0.4172534856873137 -0.04031245809549912  0.126377960614325 -0.3486059004112199 0.0223761109240975  0.1455392883700839 -0.3326368832973672 -0.003074614325629291  0.1077006824137138 -0.3476769069404658 0.03046847807747564  0.1455834335426945 -0.3241560737663856 -0.1057595054780568  0.1649427641670843 -0.352318030384295 0.007986115068710241  0.02146862301068497 -0.3830860322377312 -0.01740612792301126  0.004178976775363594 -0.3434129573321414 -0.002532488271574714  0.1285754419738265 -0.3103463664746185 -0.1343564072760933  0.1481601549021617 -0.2132985925693373 0.009085252695013327  0.1830738293200751 -0.1438014991439625 0.02202480879940234  0.2301600444306584 -0.2553653137398066 0.2105599066009895  0.3696273269442441 -0.7745960783466478 0.3698513925393033  0.2800372161609519 -0.80242748961041 0.3431288988291988  0.3931627417677783 -0.8825056449231826 0.2408618443946862  0.4419582244181284 -0.8099669592969762 0.1997389300154204  0.2965578816375699 -0.7757194725018683 0.001489141152826085  0.2380249738833516 -0.7586288988278945 0.03747787776961949  0.294250909282511 -0.7731838353373331 -0.002642738465590599  0.1912397487199313 -0.8468649979677435 -0.113031772595189  0.258959590204869 -0.8935841566703953 -0.112707800353409  0.1573784455009003 -0.8395169271070871 -0.09077372477115507  0.2897940710089915 -0.8593186071735825 -0.09681837560702984  -0.2033314474950423 0.112349630348023 0.845425165682115  -0.2008689459165253 0.1134669652962604 0.8446799862789889  -0.2445694943801174 0.1103038997908146 0.8638111349514519  -0.1465658384519555 0.09919473493574778 0.8631608315266847  -0.1937681831880513 0.1149917115148684 0.8344444353421695  -0.1756148779903212 0.1094201340478649 0.8509502461941199  -0.2458976342086189 0.108781367206581 0.8621194272660289  -0.1105359527713079 0.2978322758444945 0.5071956060592939  -0.123683586563827 0.200696782432937 0.4307293774424368  -0.09080294719968807 0.1560275375344825 0.5242302025681275  -0.1163850450670925 0.0818795492177868 0.5471918376220307  -0.03343414753141764 -0.8433999020371931 -0.0837916898518403  -0.02055381401868679 -0.8443065205973357 -0.1123388279019612  -0.01569375103159386 -0.8400488237922736 -0.1150775331464352  -0.09946722264542057 -0.863035913103932 0.06600279835916079  -0.09337644737615206 -0.8590760354759982 0.07674610953368471  -0.579808753817974 -0.5676622275260533 0.3117122426514344  -0.6272208637866522 -0.5257297856374319 0.2717322716681707  -0.3439487512545039 -0.3693413458389274 0.2650892186084814  -0.2970217849121318 -0.4093774636535551 0.2274514359314324  -0.360912539227614 -0.3830569662098437 0.3031653980386448  -0.362996189434057 -0.4025910314133629 0.3427789272457912  -0.2125409369637523 -0.4228329625034447 0.2645331170730489  -0.2493477101439681 -0.4142809295133409 0.2338950193745949  -0.1803926362588011 -0.4165218461055964 0.2720674183698094  -0.2755812368901625 -0.522986441054845 0.319073887619762  -0.1919977003785737 -0.4804218476333258 0.2935854805557999  -0.3370927111054879 -0.4145277969979094 0.2257817069706604  -0.2685147746687294 -0.4153270092159275 0.1903021473999591  -0.1151035575249909 -0.493968941787551 0.815223049914043  -0.1549645393446757 -0.3840445547336172 0.2481226919397918  -0.06116177301654895 -0.552461529640103 0.2758318637024988  -0.07304243956372354 -0.4555096131728527 0.1995473029838753  -0.1922192079289771 -0.4809668334908037 0.2828108851094787  -0.06563109338834192 -0.5265577394128973 0.2228164234311081  -0.03949273980231581 -0.5148342474348273 0.1887398134628689  0.04601461529622555 -0.7834529527698245 -0.2535895027240195  0.05075214870188689 -0.7970088819837201 -0.2126695382457224  0.104231672339532 -0.8239134055429275 -0.2335799792688942  0.1293711500276691 -0.6712275603000286 -0.09298726615155666  0.1756027055653357 -0.6670116095932603 -0.1511651474895565  0.111036991852926 -0.669768860809644 -0.08845509081427747  0.1867183634162458 -0.6635432703171565 -0.1796897101801331  0.2131533633490421 -0.7089433333664502 -0.2180760131334292  0.2149102854549325 -0.7105075369052014 -0.2262428768287341  0.1863843991771433 -0.6609157232184243 -0.19501011981111  0.09931451106431571 -0.6483829226677915 -0.2066814820489217  0.04141371988727416 -0.7575452452479065 -0.327896540192359  -0.01937649296520045 -0.7351935678633276 -0.3329742965744771  0.05249470980128636 -0.7887227914400095 -0.2660094859111288  0.1018226167038141 -0.6905531621135342 -0.2783982963803822  0.03364248621666835 -0.6799531731613673 -0.1743650299564342  0.03983184887608376 -0.6504089652598695 -0.1656852667763617  -0.03043022290356015 -0.6113486314039466 -0.2332498547079859  0.07090425009561148 -0.8191562355768008 -0.2168886130292079  0.08055543456272524 -0.561763663231488 0.2780889909864281  0.09077785318536977 -0.5791451090533284 0.2266413256690222  0.1280818935003523 -0.6065901188386107 0.1899702010448918  0.1587144376023291 -0.6188263868884554 0.203102292543588  0.1223716556870822 -0.7050838189038859 0.3161979608928704  0.1457135211421182 -0.7124258092912299 0.2977765646347135  0.129110631357725 -0.6072273335753557 0.1894612060417049  0.1847063717366673 -0.7147778986609409 0.2777815122734747  0.2019021069612532 -0.7017856173604637 0.2538184815170331  0.149977066196093 -0.589246248548192 0.1515352088540282  0.08209515648187704 -0.6752520830903345 0.2081359880613357  0.07884492822377162 -0.6811268000004311 0.2037488026988689  0.1691332287452643 -0.7163839989771993 0.251522377866775  0.05652009337645873 -0.724096781864366 0.1609301201028411  0.09215126010680096 -0.4355175369173043 0.2420219329872648  0.09711889749627287 -0.4750104048621901 0.2340337773503514  -0.007818317593506149 -0.4308017771557563 0.2041655592883193  0.006692341570427062 -0.5118215445438153 0.09673899435027374  -0.02734715172081718 -0.5381173264768799 0.1499564439680373  -0.04535830040262501 -0.496700034217027 0.1872350891506018  -0.02397943548146282 -0.5361567628451364 0.1144847766832025  -0.07232093508803542 -0.3884006274819053 0.1329432510059643  -0.02118828794805346 -0.3938259507701333 0.105709783606045  0.03652232223837898 -0.4360059759162776 0.07681541037291488  -0.07274672545010143 -0.4556044876277358 0.1996510563700217  -0.04368775730783014 -0.7774393359271115 0.1744150216542503  -0.1289481617061242 -0.6673220441575237 0.1556348214288745  -0.1171561582204261 -0.8033309559352788 0.1786220100399236  -0.1769939336312266 -0.6452417227045437 0.1682040458775202  -0.122238149718286 -0.7964841094379113 0.2226837400965615  -0.1433075364624594 -0.6083450011355359 0.1964924575064685  -0.1830162813539387 -0.6473060517124706 0.1707442540668088  -0.2107324820908008 -0.6655151857581397 0.2283796800790544  -0.1439675461627487 -0.6077218796127407 0.1981947419375181  -0.8097510681645841 0.02533151395774988 0.54159494218322  -0.7864006633296405 0.03419690230033626 0.5730385202933369  -0.7602675460447494 0.02869378902582839 0.5782567643091971  -0.2553340025888067 -0.69844972223456 0.3599040486789004  -0.2756080009677766 -0.7158773873132731 0.3365104735249679  -0.3101734023188792 -0.5972482241438233 0.4168284490312082  -0.3926683339467048 -0.5932876130859093 0.3746137550210862  -0.3635702177542717 -0.5896506581550267 0.3989779845603524  -0.3260123664040817 -0.6063070068924706 0.41864579727125  0.455976116405174 -0.5070065354984021 -0.2550144733270048  0.4079414483820123 -0.5185196046955604 -0.2309255415114784  0.4265348055651049 -0.6679958340295534 -0.2884947555494082  0.3766321889991689 -0.606945647623369 -0.2405863347634012  0.4564647956113895 -0.3874986796279372 -0.4475409962622325  0.4555879077681429 -0.3870575639632395 -0.4475235667230516  0.5486921506704848 -0.382041626665209 -0.4648835576204776  0.3948356860599493 -0.383180066151748 -0.3977939828449935  0.3873843885429912 -0.3826309795374908 -0.3777371793818738  0.49731228494548 -0.3279931791080863 -0.4722978050148056  0.3821359376450036 -0.2855432639517824 -0.5275247584494067  0.5114863255506296 -0.2952298827497652 -0.4631483046890927  0.3845851928613028 -0.2835953445148878 -0.5256747596546284  0.6910795383254232 -0.386653596439953 -0.4225929014201867  0.7161001848115126 -0.4274506739468852 -0.2384792768866038  0.7560984441055093 -0.4400157346409094 -0.2368972051347409  -0.04271400334303913 -0.5885817587544331 -0.5821799167927796  -0.03462325597001036 -0.6536037653779879 -0.6497256219222256  -0.09623129054081631 -0.4670194564929412 -0.6394629142875347  -0.104422898204944 -0.4612498481489445 -0.6692040544436966  -0.114037462716763 -0.4529177768814299 -0.6495627401351146  -0.08672672318015671 -0.469154185103544 -0.6344167571756564  -0.08969248517286464 -0.4781175086427233 -0.626329912963465  -0.03200990758214999 -0.6548815831553116 -0.650810980804946  -0.1063079012259241 -0.4597021004176857 -0.6683534480898922  -0.03734623336015842 -0.6532678836237545 -0.6634614043364513  0.02133615331814022 -0.6427941902827288 -0.6686128623449448  0.01867188941733983 -0.6396770014200743 -0.686746037683346  0.05422860502052308 -0.4850202783054965 -0.6912296003703875  -0.2385617278145858 -0.6243766405465001 -0.6903901517185506  -0.1803665750318811 -0.5141985403951173 -0.723716360738396  -0.1733522015262472 -0.4983447086182534 -0.7138994602041844  -0.2380285364630433 -0.5946306516143067 -0.6739196696244746  -0.2452459107156477 -0.0585454478435066 -0.8028717178934297  -0.2886265667141474 -0.06392253374212988 -0.7711865325022421  -0.1770053859834743 -0.07083211182635997 -0.8478558549926521  -0.2331131016227705 -0.2498449178980937 -0.823959946217139  -0.2409636090377228 -0.2531950117771982 -0.8201997098675741  -0.2072245799707824 -0.2330695855460745 -0.8215854436669279  -0.1169629097119507 -0.4193913591378001 -0.5003097994117053  -0.05245097935605902 -0.350391502634125 -0.458164361370111  -0.1318638796636392 -0.416422615618821 -0.5165260425668178  -0.04996194302979665 -0.3480491220653236 -0.454012795225491  -0.1121514654882693 -0.2735650405935384 -0.4446310140250637  -0.2885327973316905 -0.04281518179648758 -0.73440417987396  -0.2381941045206954 -0.004444133697355933 -0.68112042067981  -0.2860058246594118 -0.04737979182726874 -0.7394246761510576  -0.2918383423903586 -0.0497808388757711 -0.7386491409268553  -0.1979853442437888 -0.05691452042237049 -0.7371035462332083  -0.2893727070877683 -0.04322611627834538 -0.7343469696019631  -0.2959313740088782 -0.05400788816831031 -0.7433834823684421  -0.07088493412182348 0.02857169665787555 -0.6544891996565991  -0.2338143917644945 0.006527014467546791 -0.6767932902400865  -0.2006680525215368 0.05652606510559544 -0.6646822091736181  -0.1429820693229284 -0.06700449029808732 -0.775145879338063  -0.169831691842283 -0.4690925921152495 -0.6532765225615443  -0.1496458221690605 -0.4956078240734045 -0.7211678163860403  -0.2517374313960584 -0.4126917829999145 -0.6949821541400703  0.1315254580202448 -0.1662174140780203 -0.1474611728071263  0.1331378693213719 -0.1660838212762032 -0.1526890968673551  0.1296142452161267 -0.165568588341467 -0.1458264836570206  0.0205552399458994 -0.01728702004567162 -0.1289954092740541  0.007608696948080149 0.0002860206350906586 -0.1474366366499208  0.006535959800214342 1.911067460452776e-05 -0.1547558970584479  0.003069322104709421 0.0009116188258258481 -0.1771330954003285  -0.04968423099170227 -0.02570936720945796 -0.7417401746349018  -0.07370383123058666 -0.04072782828230886 -0.7545296262781417  -0.6643472870816383 0.2059091873088671 -0.5910337484459617  -0.6670934987325041 0.2147457969098214 -0.6028352942999986  -0.6624663046563549 0.2257958846115118 -0.6259448016066445  -0.5217908242294188 0.1616034103935625 -0.6420679133228961  -0.5258434116682604 0.1596814601846402 -0.6412094291709119  -0.5207102326434004 0.1619159700455527 -0.6446257359197485  -0.5408380180529264 0.1575635921516729 -0.6388607275601764  -0.630238606181476 0.2116692707560693 -0.6359189241368752  0.4247163493850315 0.6248254796645866 -0.3064506730427028  0.4448778379038396 0.6505137500428724 -0.392165498854979  0.4523659102239332 0.7485156929030262 -0.4260796337449485  0.3955345270529641 0.6899845846660673 -0.4282403564793095  0.4740241481866045 0.698916551942119 -0.3980209044742843  0.4528850823452834 0.7539766374014946 -0.4318666367975423  0.3675768721860241 0.6751062048979831 -0.4457059310316833  0.3718673174340794 0.5892284966286945 -0.4359849169052066  0.3701329579107257 0.5650997083440423 -0.4622234705789118  0.3552133338764237 0.6225687330658183 -0.4497593351748704  0.855043006035099 0.4290575818979154 -0.2762938676207566  0.8400810388034817 0.3187124865859057 -0.3076869774320891  0.6754563487820827 -0.1927500586264845 -0.5768713487349835  0.6792854252724393 -0.1852507151047017 -0.580163671582305  0.6466362636182568 -0.2043714430371244 -0.566404982436655  0.6809913535204253 -0.1801435616645967 -0.5821944294238848  0.6822885687964533 -0.1809542387883968 -0.583163213477113  0.6498044293451404 -0.1633946468443041 -0.5802329589506279  0.7075549147812874 -0.1994096388703606 -0.6227753875337168  0.4146550257366315 0.2770937956864714 -0.6159174040258633  0.4202740874833118 0.2779082546909394 -0.6020806180747766  0.4137570245942159 0.2762219987057286 -0.6244650106616487  0.4047775035890379 -0.1616253832152456 -0.8755273280864984  0.4279703626481679 -0.1474756119631519 -0.8607230610732518  0.3862400404941658 -0.1716125530333283 -0.9057841415012089  0.4901689987779533 0.1108756204337644 -0.518117261860621  0.4558146711756361 -0.1553004958750214 -0.8426737198798993  0.2235399352993198 -0.01909573754860337 -0.6722498477383169  0.2258043674958368 -0.01854410309304781 -0.6753167859387477  0.2091795955578191 0.001746092063736535 -0.6597943366439587  0.1601064896035708 -0.0763183664705971 -0.6658908278858885  0.4192173645894784 0.2790338675570356 -0.6016977920116902  0.7377820709493372 0.4377614477439598 -0.1009651868146224  0.7125350271552802 0.4621862758859105 -0.1504952626862187  0.757878339979256 0.5211625657166816 -0.2022526413729527  0.8049381877831253 0.3160151016405915 -0.2085459030361241  0.815325373856677 0.4339071602839352 -0.06425632375705315  0.8162862111724366 0.4253011978402403 -0.06941058598622557  0.8749190455864162 0.4157267096253224 -0.1243393246350824  0.8135828948892893 0.430871880154645 -0.0642954628571296  0.865598361559657 0.3641023630669232 -0.187225264721724  0.88403842917652 0.3815641924203384 -0.1769118297420949  0.7989613685079868 0.2331663446707019 -0.3028208861895713  0.7912656351647389 0.2240010321276376 -0.3063365726647763  0.7905814289004233 0.2242553167904344 -0.3064599394196868  0.8782249343811817 0.4252807502177633 -0.1223540712453208  0.8896624406918212 0.4128827717601303 -0.1590839059335269  0.8906515968689839 0.391768484441067 -0.1814849153785225  -0.3942834558783038 0.3847164734664333 -0.5800083571730728  -0.382617127286259 0.3807332220090647 -0.5652516627499979  -0.3935054321042153 0.3919311302800476 -0.6004360656450676  -0.278257319019637 0.2087768190143831 -0.5645160489781564  -0.3387619031209311 0.3175512676640255 -0.5561998185654845  -0.2504782696413891 0.2075004921706673 -0.5654960326732296  -0.1986070351128385 0.1229471965754737 -0.6318145465316765  -0.1428215006602068 0.1449142006445116 -0.5760701098693817  -0.2013071012554288 0.07144381355860219 -0.6561068271683228  -0.2323761700289012 0.2022317427151731 -0.5485027176513007  -0.2433694863499772 0.2004731636819045 -0.5562381444648439  -0.1533453671204706 0.1608230832122625 -0.5612323014271938  -0.1537166209345176 0.280243530632495 -0.5808974149397638  -0.1344340724024732 0.239437478619016 -0.5603373870873002  -0.1975867398383664 0.2791042792820289 -0.5703272485640711  -0.1321749351347229 0.2322426130793538 -0.5564554974540238  -0.1266163852626042 0.2260791542194172 -0.5576733829492614  -0.298847229288162 -0.3131421305420878 -0.1719331499660053  -0.2837057646569834 -0.3166118065467572 -0.1627405237620432  -0.2136077863435917 -0.3007564867605757 -0.250219831530089  -0.2421151776287072 -0.2920907338166149 -0.2762181679527203  -0.2096173702282213 -0.3022307558252176 -0.2505331163175415  -0.2095949362469807 -0.3022539087928802 -0.250502170988099  0.06938661421490025 0.6944918348558299 -0.1855871641752994  0.1601111371411097 0.5932485323216247 -0.06375021519738064  0.166754997886613 0.6008885255373271 -0.05081585981683438  -0.005287132220168078 0.6374247364738441 -0.1217012190734114  -0.005768934977735701 0.6554161916323877 -0.1375241576359437  0.04234678835943163 0.7234899384607364 -0.04201921866889617  0.2270281815279726 0.6386293195044813 -0.02593786663420202  0.2104826321641887 0.6767934117514089 -0.07371515876214495  0.195613698987927 0.6005672056366156 0.07097933408852578  0.1778195553733593 0.5973680176931513 0.08435312574640563  0.05458711016257482 0.7181103460135393 0.0692785346564951  0.2548092895727657 0.7546442043043242 0.1799512293756688  0.3088969556296943 0.8007116446878774 0.1266593299995309  0.3114354211136627 0.8007923260234612 0.1247484874010471  0.2555781692942759 0.7568832678756129 0.175951391919126  0.3124855541812978 0.8018064142687149 0.1211513315041538  0.2965639045339994 0.8087098736651583 0.1119314327184205  0.3108768477175599 0.8212884463851317 0.09660858058847716  0.2756538508302668 0.7953935126509287 0.06841037789302484  -0.1031745583028956 0.02618281942006861 0.7080518286388842  -0.1028441344415323 0.03448213053500193 0.7115968994987003  -0.1203378790424313 0.01476973644825969 0.6981414477786835  -0.03129649430866235 0.06134347310017654 0.7008376048255665  -0.1200844479678381 0.04170043359309966 0.7093982225084989  4.584124247009741e-05 0.07908889071920779 0.7149209742272737  0.02722391103428701 0.1104514077276256 0.7773588174261843  0.03401443431903835 0.1069583385327163 0.7808254716123986  0.008337488011948807 0.1038636661874424 0.7817799145725789  0.0485191322921321 0.0926215126714295 0.7923618709597584  0.04697327655876528 0.0935795547165937 0.7932314856478277  -0.1236202806596129 0.08979062555271083 0.8584146116462806  -0.06944853172898925 0.06422851450601741 0.8107735394297854  -0.1460991469241804 0.09902502923988367 0.8632981425753958  -0.1398553621033184 0.1132094094046305 0.8645182383289391  -0.1182065111792396 0.2182268220420902 0.7409151824487602  -0.1199232444815111 0.2147907859059605 0.7401774593734132  -0.1639697723505291 0.1476504490260804 0.7172499440030934  0.001197014829365503 0.01363067723525659 0.5474312168197915  -0.01210445550831429 0.2255334924977531 0.6910776942477829  -0.004898428741922877 0.2245906911987163 0.6915810729684213  -0.02781463700562327 0.2451911434159124 0.7127700537052563  0.02566537881917452 0.2369818313133682 0.6590577150446105  0.03086889202441028 0.2921256370809577 0.7206688298075007  0.119147338217544 0.3202301593003674 0.6055911542995646  0.004768846788816561 0.2646428043196827 0.7299423833281903  5.778118712898572e-05 0.2256330009421338 0.6883519977046746  0.7279826915127743 0.2146182194055813 0.4168150031165786  0.7425738095326992 0.1925578767283192 0.4026306129459784  0.8559340941300537 0.1494326070995508 0.3810458498605792  0.8686430723939531 0.145043043313215 0.3759389002435038  0.09656159360510501 -0.5223641519607243 -0.4296826276420474  0.08709439411584328 -0.5178803341650949 -0.4982801644872911  0.08109547291053816 -0.5095800820497109 -0.5054187761639712  0.3686529555461826 -0.4904120151624362 -0.7450030713106814  0.3201904738684311 -0.2371297541231551 -0.7088241510703679  0.3460922288986539 -0.2047878466933141 -0.7183148206809864  0.2495152913298448 -0.2699228484533943 -0.7348311636756565  0.3442934303157211 -0.1872950309196083 -0.7361304512137978  0.3466521122357086 -0.1717697241944215 -0.7334693246611355  0.2464528360746664 -0.4895960714526674 -0.7504890067377218  0.2627697960932989 -0.4676053256744641 -0.7455101340425981  0.2422436651947039 -0.4874407537992931 -0.7439779736559561  0.2391864986073299 -0.5173118924223823 -0.7449065446674864  0.1954800201843739 -0.4561961153599555 -0.6952581607383308  0.3337088146799047 -0.5161351907402048 -0.7639958817715771  0.3236163354259032 -0.5360030287512068 -0.7590169139628196  0.3516300236142925 -0.5345231237855531 -0.7505386976845052  0.2641448131184874 -0.5475986334784386 -0.7453893288375257  0.2897344280542096 -0.5671106579419345 -0.6595917026691352  -0.03888446165791561 -0.5345026987505131 -0.5750472612643004  0.0008276898943288969 -0.4837470624598835 -0.6207041231260498  0.009699896473317468 -0.4803461475023331 -0.6185521979475167  -0.007541804763383278 -0.3490834956001607 -0.6011937238359883  -0.06648904906095077 -0.5217779381425709 -0.5867160110382919  -0.003711484942769783 -0.346460230050941 -0.5929328239109245  -0.01145894630303541 -0.3326504127108231 -0.5903399214909908  0.03227643787467253 -0.4148239398613669 -0.4733034447933429  0.05989153485086572 -0.4262419048229389 -0.503643291194673  0.1414072140671503 -0.6607199754927346 -0.5238537425042814  0.157442906491265 -0.6441124298855108 -0.5381415765126867  0.3084780101031688 -0.5955607290331447 -0.612410156346934  -0.02351376667466967 0.2768923482058093 -0.4673367687628703  0.05026124375775748 0.1590283313722018 -0.5403467957344701  -0.09470675765048761 0.1043428498822881 -0.4441134949088837  -0.1149643793738058 0.08630278981904131 -0.5499671618991987  -0.02392708361235243 0.1164416022299951 -0.6134657169635928  -0.1050416513223248 0.2392348466694708 -0.5331636945541131  -0.03700274691368043 0.2678698646393826 -0.4488313182259328  -0.02019493243359947 0.2808331329855159 -0.4652585295135541  -0.03650362427514024 0.2692527696020991 -0.4454736091120482  -0.09281492801184214 0.2149937512907733 -0.5897122216911974  0.2467008124901131 -0.02391685939701482 -0.6775799639746622  0.2307020769818295 0.01875073682343054 -0.6923239669057122  0.1976415731085916 0.09562769097786289 -0.8436963509128269  0.07178559782308451 0.5786011158379729 -0.5537571416058719  0.4822489614559997 -0.3722292209890715 -0.6446579640911049  0.504944742309643 -0.4322395246065092 -0.6585291648950896  0.4987667648442242 -0.4268635576493346 -0.730622128259777  0.4005291912149638 -0.4658315288736143 -0.7339400842499541  0.3570563894224663 -0.4396037290634798 -0.6508627795708954  0.419272455148347 -0.473506128481332 -0.7397087425711486  0.4548039174155309 -0.4572368625071404 -0.7448373305600975  0.49182165686793 -0.4464762591357229 -0.7287424590835146  -0.1263877351448311 0.09080316620164343 -0.4832682216986894  -0.3722276371636775 -0.09424374793161981 -0.2628651030337734  -0.3812011729349367 -0.09291446612586679 -0.2401382291878386  -0.4021659909594406 -0.08904148697735764 -0.1958306838050696  -0.4131140342888023 -0.08518009065747165 -0.1937541799311022  0.3822528367070728 -0.2324763566857548 -0.640217019580708  0.3976403871001247 -0.2382032731693508 -0.642914259802835  0.3530625952368126 -0.2464448927718138 -0.5824190800273954  0.4554571753026772 -0.2099746225155223 -0.6383516930198023  0.5250029313807401 -0.134378543878429 -0.6580808755061661  0.5252904947168766 -0.1368936082066673 -0.6559960212440192  0.5286685564620861 -0.1327870658706442 -0.6590732099815828  -0.06435860550413663 -0.06510266210810671 -0.4176840896524573  -0.05030437329821982 -0.06435034348574076 -0.4182177988910352  -0.05955908146803446 -0.0720483201538345 -0.4143328895833843  0.09474149113488364 0.01227004075958046 -0.5428751564419619  0.1109359969490463 -0.05205703349707946 -0.5227995034003059  0.09550740868625891 0.05911120372801239 -0.5757121853135853  0.1125269684154546 -0.0622411850956677 -0.5008717860293572  0.1499145435188403 0.01085171651885412 -0.621954841321579  0.1082090197182363 -0.06404005919876347 -0.5212926951791415  0.1049506231700958 -0.06639851468826455 -0.5220542148260873  0.1201968610033055 -0.08941160923155084 -0.5838160923550033  0.09233308272979179 -0.08589949857688906 -0.5448955913423796  0.1124232481416143 -0.06257081836985137 -0.4971708307130799  0.1171836488030614 -0.06407640177552078 -0.4936705910210615  0.09729856836225101 -0.1743969095423048 -0.4127147493670181  0.08938727263841867 -0.1715299611744051 -0.4089816540619788  0.1012363088731873 -0.1105373970981905 -0.453369048676338  0.09509743199862877 -0.1121258507077772 -0.4482063851484402  0.1085937398756461 -0.08769484858541367 -0.4625781289701169  0.04433205093078164 -0.2631007776208178 -0.5330107604065307  -0.01888411269816584 -0.3363136837901342 -0.4913787917529482  0.03940608964427671 -0.2571986046905456 -0.5564152377634862  -0.03642535018103528 0.2693225561133217 -0.4446416893264939  -0.09834744430007564 0.2878791661721236 -0.3980466257226192  -0.01741229301643145 0.4247423843454362 -0.494596369899803  -0.01038081945413018 0.4116766557883608 -0.4987326321746033  -0.006688449589706991 0.4226447681436639 -0.494003431306397  -0.05683672791595148 0.4656321225990315 -0.464826114945908  0.3005797467322973 0.4760749992671162 -0.4369094180455203  0.329256648674647 0.4924578615896963 -0.4256594040665257  0.3555796458847727 0.6302451060666274 -0.4501279760839423  0.13122819328621 0.3428409398837943 -0.6206521929196978  0.1185603643288399 0.374156023277558 -0.6253005376738779  0.1426797054398262 0.3415273717995068 -0.6345767195374171  0.04358589444451444 0.3433240060342609 -0.4193031628127167  -0.006211094874149697 0.3489168585844491 -0.4900042192562387  0.1439749518427913 0.3751670474794374 -0.4681590071344939  0.0754180106955793 0.455470037031329 -0.4837718349496403  0.03719848363621 0.3924111623927458 -0.4305525800141685  0.02821005767317619 0.4239973698544673 -0.4446927132401011  0.02814172450362069 0.4402392841727549 -0.520970179611847  0.007352539813452685 0.4389561254314402 -0.4748746976590485  0.03059318667412419 0.4549450675134923 -0.4790412969824922  -0.05065847335510353 0.471988119526591 -0.4572000293585982  0.2869111949102542 0.07169930439233768 0.6553797685200561  0.3813890296102009 -0.03167650781724414 0.641928403852879  -0.03217740754019138 -0.02374419220247945 -0.1946292695672536  -0.1054777870673304 -0.02337211830254364 -0.2203945023582661  -0.103598183798866 -0.03231656708005896 -0.2374603380567326  0.07788831691940219 0.1972978175827586 -0.2315783215524623  0.03823109025353066 0.2112199783221259 -0.2963739179829714  0.04558766627259225 0.03900518567756105 -0.1083354203045969  0.02199341125685771 0.06999836589412431 -0.116267419350305  0.007885330331443341 0.0885198162061583 -0.107459301112146  0.06461817644594804 0.1972268414918606 -0.2112881653509668  0.060974482629683 0.2065117459180861 -0.2882869536567617  0.02984233243334831 0.2659717165290736 -0.3127138164398935  0.07710787401318278 0.2171899207860984 -0.286082155237752  0.007221254048240547 0.3841313829022265 -0.1617377825712085  0.09332279965522965 0.2236678257064937 -0.2725269864465314  -0.006321753119322107 0.2900050629695038 -0.3550651312114295  -0.006055658546395684 0.3187580813173576 -0.3397979512006328  0.001160727808631884 0.2991046199864148 -0.3485826425877128  -0.133410595662304 0.3621423780883435 -0.1627504100136887  -0.1522035303829787 0.3809848359354746 -0.2446932354443984  -0.1286676658782967 0.4348462485402478 -0.1374153643717712  -0.1320147147073323 0.4349356036918763 -0.1402348226970437  -0.07311805440055165 0.3637900371756965 -0.2286087677260101  -0.004409568470996765 0.3776382794710743 -0.1797823303806026  -0.09234096822810094 0.379031362992764 -0.2552953170906426  0.06725568667623026 0.7718162710726449 0.03940965236730111  0.1747125723369592 0.7692401273201854 0.003748417687406636  -0.2310712325784906 0.8330576302188484 -0.08230097181079761  -0.1771684503019418 0.7501923902804997 -0.07170718785443991  -0.1791892407049644 0.7435374486106328 -0.07342512784784587  0.5940518869066291 -0.28699818978994 -0.1110114709496506  0.5558694553512634 -0.2635046241520848 -0.06650727148424421  0.5460229051399664 -0.2516302844633592 -0.07461751343255615  0.5490792738630217 -0.1771190212461736 -0.1160963094124053  0.5448899415393895 -0.2288201891410766 -0.07092027903328969  0.622149190463023 -0.1258799805100045 -0.1211226014779025  0.5037292435656472 -0.1887926758291638 0.06123044832918233  0.4402902533621727 -0.1172551040383494 0.04678013381079285  0.3656807698927222 -0.1701061204639898 0.06822528560891472  0.3956832814846511 -0.2702262786153644 0.1026624064325781  0.448580534315408 -0.2508158714099763 0.163215226252664  -0.5163660462348985 0.8132307067428526 -0.1196587076047075  -0.524290994827911 0.810510442688522 -0.1236428711847559  -0.5340074910125796 -0.01880240284955402 0.4217310812634062  -0.57304128162791 -0.04048179697098419 0.4085296718691737  -0.6333573745211711 -0.06073825635925864 0.4120889235688157  -0.5513347162156371 -0.03930522496441893 0.411516242411897  -0.7348604780640513 0.01823498914790247 0.5907860037165428  -0.7343741453456808 0.0185156093674738 0.5908470256979323  -0.2371584887278657 0.5553166026368331 -0.182670899460985  -0.3227680532743428 0.6294028797658326 -0.1471986247534366  -0.3791489890668761 0.6159281504270855 -0.232782872952262  -0.3752047916137061 0.6288817837171286 -0.2057805271734796  -0.3905173180085189 0.6909317876651102 0.01160701714795639  -0.4313117578202622 0.7359519749955608 -0.01982964574082578  -0.3861962290732828 0.7302008896235873 -0.1782402459316857  -0.384104214931739 0.7468078369645269 -0.1694985587904767  -0.3745394311071111 0.6309619493492684 -0.2059494722865748  -0.3373606079075122 0.7139472616020057 -0.1351319329161427  -0.3044317312526172 0.6577018496358528 -0.1241104819354181  -0.3068300940756525 0.6520640052181499 -0.1287922305965833  -0.3161429982666741 0.6383598570179535 -0.1437089121336998  0.504828377013863 -0.7407215716974361 -0.06287596693588277  0.5060405765497109 -0.7458697345973733 -0.06598201361086353  0.5662755289933231 -0.6447482309614727 -0.03177923690027144  0.6739784138116417 -0.7242605850149763 0.05118673447244089  0.2799445596196672 0.03502437412052072 -0.4704490759827606  0.251342455709698 -0.008488664313343303 -0.477545936323612  0.01595870545582591 -0.1046520115105808 -0.2871397525513983  -0.06343957383225106 -0.111206205460717 -0.3528721245896816  0.08092274528967613 -0.07611162554252027 -0.2719533791946676  -0.006438335702514487 -0.1541178819469259 -0.4133983458014299  0.03649168764783144 -0.06185262952419157 -0.4418268678198545  0.0269035568841183 -0.2062253918318502 -0.3817766734421157  -0.02072784120792117 -0.1883055586014279 -0.3835594915517769  0.2034401283353914 -0.1316515012330268 -0.4921228309569423  0.2323472151373954 -0.1676889381067078 -0.5535926214412206  0.1984645774871579 -0.1250023204593402 -0.4814106173313685  0.1248627075103584 -0.06810897443007999 -0.4857460166663985  0.3024279807471829 -0.1807381034854679 -0.5586853704293694  0.3029066689102155 -0.1843346495477696 -0.5724554937485341  0.2410567155385852 -0.173497320231583 -0.5706208540081409  0.2112169707443097 -0.03745939985319258 -0.477959880374576  0.2159909641834327 -0.03444785979281855 -0.4761083602929529  0.1273034427670443 -0.06441872686967819 -0.4854476778889556  0.2633350182849352 0.01844038325622333 -0.553067088731082  0.1533808859085982 -0.0250791987225322 -0.4532539279629497  0.2795468887406942 0.02038352502546777 -0.5124827018905043  0.4860595070246779 -0.1659528203878654 -0.4630286608120552  0.4742623379247925 -0.1166712722701005 -0.4995842575848881  0.4172108019023022 -0.0937095886233697 -0.4800875596519087  0.4872575838406162 -0.1661180502565296 -0.463726964983266  0.4014569139815193 -0.08231258371201695 -0.4709271088605972  0.3835420101205117 0.03218093239165626 -0.4866635525106741  0.5460024684333808 -0.1629072179899069 -0.4348186349903461  0.5657862169281933 -0.09585356823056038 -0.4877995009930028  0.253346484780214 0.2386177601855509 -0.5507975941994522  0.2866878111187016 0.1599584062277757 -0.612623434621172  0.2930196093066486 0.1493226407726652 -0.6219621809819813  0.2487554834214797 0.2260441547435792 -0.5382799482642774  0.1994711307651354 0.1025936347216301 -0.5713950295671256  0.1726323022298591 0.09748668079756459 -0.587625815094839  0.1628453643128474 0.266697296315864 -0.06676168279182569  0.1620862405237019 0.2655559640767345 -0.06705897445019038  0.02057704247629036 0.2816979375304853 0.03269489474754889  0.02769160517686306 0.2338878308570874 -0.01923071805391528  0.04283319056415523 0.3009609333047331 0.01632263389064651  0.8675202632888138 0.4505300510880609 0.02256556981016853  0.8397919277233059 0.3874714568894996 0.03895540730490623  0.8362355128936547 0.3829708989377957 0.04649821104263176  0.8353470491059704 0.3820510105690497 0.04669575008533437  0.8190214006814358 0.3690256029290446 0.01833165731311548  0.8191778793379769 0.369204789533671 0.01815517217317088  0.7979029730399831 0.3675407076452866 0.01255422337316881  0.7402694769707443 0.4670753440241274 -0.1071967752593239  0.8330656981340908 0.3815241768021223 0.04759723020864313  -0.3551190959503954 0.02486759001165705 0.5290466767149592  -0.3782244408802661 0.006704720292171068 0.5134080209069674  -0.3529862042800856 0.05566839980467737 0.5449856878761521  -0.3786230326608978 0.004710565336582557 0.5143226621117819  -0.499391719045344 0.03936001734460262 0.645388970894504  -0.4990653372729914 0.03980268273623789 0.6450137486931793  -0.5073616219140042 0.04285365507618066 0.6490761308644548  -0.3642368237317701 0.03358031471893924 0.6923935056745769  -0.4565127044096883 0.03676914444912374 0.5350738525198051  -0.4000600248141102 0.05980823068609843 0.6748816726018183  -0.4135581889492534 0.2103359091841945 0.5916608950600583  0.1726209859095874 -0.4907033641796082 0.5649628689977415  0.2240782412972316 -0.485598163737168 0.5707571564470748  0.2129914637652732 -0.5698395762251575 0.7356416622710316  0.155289646990076 -0.5792262329172345 0.5912594153239075  0.1620226122692134 -0.5887161890438757 0.5943061569350512  0.1416163504337532 -0.5577303054386876 0.6060416792449886  0.1911777567161557 -0.6052148537027427 0.5895048470857228  0.1922103019652048 -0.6052241498825418 0.5889141087757739  -0.03979271769071198 -0.5011629770231296 0.7791182724310091  -0.07335650972044441 -0.5234309407816985 0.79231450924716  0.2454237900622831 -0.4193949234553006 0.07458011375051546  0.1567280126137485 -0.3709804389665369 0.04072683961892373  0.2007177719764684 -0.4407124227536487 0.03469765549126055  0.307267603310774 -0.8474392496938145 -0.1130950052064116  -0.2877585202036231 0.0479337770134214 0.8255588292945037  -0.3015603876851509 0.08392856704507136 0.8351814189749177  -0.218977457654021 0.1028504570427295 0.8387242341813457  -0.1978526365524905 0.1060274770261004 0.8017973482387261  -0.24583578526437 0.1083982246928414 0.8614863168247289  -0.2575517238131619 0.2843438665873358 0.5686928222582684  -0.009074391509596449 0.2514420086949472 0.7253467136649383  0.06968940113889543 -0.8185795216417745 -0.2171706112462524  0.02849937011626869 -0.8487272163221486 -0.162660022391376  0.06942873166498123 -0.8196552585328286 -0.2163121161271543  -0.01871138849760082 -0.838237192581329 -0.1263204730151922  0.05555371816113777 -0.7961587645103824 -0.03671464754645244  0.05655595253595558 -0.7911157958415478 -0.03511932686765999  0.0237630275179718 -0.7983802600220155 -0.05173197750750627  0.03839414121815277 -0.7105534850000217 -0.02523762089044823  0.03895613988839293 -0.6557034668906018 -0.08312682716175629  0.0405460908926655 -0.6487394920129819 -0.1623528105015664  0.09574142848932729 -0.5328491282437202 -0.2803700866640843  -0.02433995729145474 -0.5627001381696903 -0.2087556621506281  -0.01503792529578442 -0.5738232847275004 -0.274240428362219  0.02367358092980763 -0.6234553831788268 -0.1567411345296799  -0.02453507361523379 -0.5629688381123744 -0.2079867499699853  -0.01802013240856576 -0.5883560986646794 -0.2750461576157571  0.02003298648865103 -0.5953479659569155 -0.1618790115783015  -0.699567897873231 0.01506730284759453 0.6490142028380717  -0.5199385018103763 0.04212465152834 0.7621062881653511  -0.5091792612677108 0.03125894525821719 0.6767219897163966  -0.5274410164637046 0.09105300390167873 0.7809376990608926  -0.588540256151228 0.03899668305415702 0.6286320214534844  -0.6213261494116141 0.02289181844193551 0.6558995792382181  -0.2829894189104866 -0.7213104134150794 0.3246556043336649  -0.3138305071810396 -0.723337636221464 0.3029004223299231  0.6908341884377889 -0.3869118008885574 -0.4232953222303167  0.5803477592643023 -0.3809422250084095 -0.4296946811714141  0.5809853566095725 -0.3805473546964102 -0.4290369040209848  0.4575086462639003 -0.2547816176322206 -0.3605144908206587  0.4379715564367996 -0.2500042931395852 -0.3645076663199281  0.358468920931417 -0.2161991701768082 -0.3485026200442279  0.3762806978196223 -0.2089078769572746 -0.3187104069626333  0.3805617111351197 -0.2345619961262444 -0.3730888501141062  0.3687915776501562 -0.3966137842781599 -0.3350077312386972  0.345464926507433 -0.3692174847158377 -0.3155691907162586  0.4151833416342802 -0.2915906416294361 -0.5287854914033392  0.3747264292992178 -0.2787434367266544 -0.5166974933654142  0.449554713352656 -0.2777021873634987 -0.5208080367175411  0.5405635065194742 -0.1978748225416498 -0.4360680912132514  0.5396563786264652 -0.2685875266855883 -0.452307193313798  0.5395322766761549 -0.2687434738100521 -0.4524331158047659  0.4949182518270602 -0.1671562078004752 -0.4629900672681759  0.4935345870914776 -0.1669716848870197 -0.4639705668462934  0.3833090767928471 -0.2406059528079936 -0.3760685348158481  -0.02162913497511796 -0.3422839757391777 -0.4855234415075345  -0.04616408589815185 -0.3492106706161198 -0.4572349375268979  0.002136993174612752 -0.296907174473463 -0.5782480356407841  -0.135176613899502 -0.2678277886076628 -0.4597299506260989  -0.1654296923237084 -0.2707821649531287 -0.4884915291847711  -0.293056005317621 -0.4901757723800799 -0.5116923543552134  -0.3249368173492165 -0.06754644488613581 -0.7893874241009962  -0.3348106822181864 -0.06265206338244365 -0.7769549654110721  -0.291215762060697 -0.2460931965103452 -0.840836207244122  -0.2915914595347489 -0.2470648089024171 -0.8402059155586772  -0.2586670310968484 -0.2700574385657364 -0.8126433209263276  -0.2647387236506306 -0.2760073553434895 -0.8018596268227148  -0.2546218796248428 -0.4041179840844861 -0.6967134244853708  -0.2544951668324205 -0.4048495348749286 -0.6966232261351992  -0.2613325509691728 -0.3898122311803872 -0.7148616151679509  -0.1749650985114622 -0.2193828738003996 -0.8201001927715627  -0.1346697052394948 -0.06165330093022343 -0.7765991394277392  -0.5055988323772058 0.1605454453453947 -0.6494456260053182  -0.4838394319593433 0.1432490781954313 -0.6801822143617062  -0.5904230446847127 0.4401172618860439 -0.5741503874323162  -0.5567241099063051 0.3807339497084731 -0.5695854110441735  -0.6309056988295646 0.3395641578272177 -0.6045657228032915  -0.6202788329458383 0.3944427032410986 -0.5651983922043982  -0.6238940865658138 0.3938162507763198 -0.5659352252734536  -0.6369397523154823 0.3580570704902253 -0.5920907903171164  -0.635740540858404 0.3307060419970843 -0.6257489904052481  -0.04793605375597441 0.02921892698754753 -0.6664793094534203  -0.06999357831997567 0.02812567063044417 -0.6551407330293828  -0.1642284934613756 0.05290920967861668 -0.649800132522247  -0.2031470107237879 0.06444630494365861 -0.6582303910359925  -0.6676859751083458 0.2464137931483288 -0.6244230138980857  -0.6502350218970578 0.2933640436755688 -0.6301028319801985  -0.3042537155140731 -0.4833544580190073 -0.503806829767208  -0.2964561121076165 -0.490738536579732 -0.5082731761961887  0.4512601429715435 0.7680741061011594 -0.4311718870825303  0.6134701000129431 -0.2501406833570001 -0.5670409435161886  0.6184096669708545 -0.2351781155534403 -0.5197757586513578  0.6041953130329959 -0.2497304289082216 -0.5722307710959409  0.5754876539578432 -0.2559697750014409 -0.4895940210566944  0.6331639738056354 -0.156108321000106 -0.5920296713624119  0.5470242401322806 -0.1745203183187523 -0.4335909633699892  0.5413307651683549 -0.1946007474422525 -0.4361332646443287  0.5126666850714269 -0.1192508376658971 -0.5030904458473466  0.5056130656249451 -0.1445884744229649 -0.4827620197811747  0.5166556518377673 -0.1089040137308509 -0.528378229247781  0.5676729431033478 -0.1033998828295608 -0.4788307634698902  0.5217747728662468 -0.1655843714226876 -0.4498331546480679  0.187846146303898 0.4497559147856465 -0.7039231360454947  0.1840732627536552 0.4502880760121771 -0.7032118617889858  0.1862345270904816 0.4416676135532642 -0.7060235765657418  0.3222493585392086 -0.1538780461734452 -0.756881381340427  0.2801877727033961 -0.1386404040854775 -0.7695020662282974  0.3411531814497875 -0.1484761480056332 -0.7476779411017617  0.3276789406671563 -0.140131808878288 -0.8675602817372584  0.267990740370085 -0.1628120715784161 -0.8443578860359451  0.260581898805976 -0.170751376962413 -0.8429521414823786  -0.3608503368910099 -0.1208668276111493 -0.826077308497545  -0.3340474569918152 0.4204861776180341 -0.6650743859669772  -0.365886207130823 0.4517816423960193 -0.6738230402820286  -0.3175409267517469 0.4225713601871336 -0.6662962465340044  -0.3938841189035364 0.4326632512485656 -0.6381061976103036  -0.4392616307392362 0.4509250662394614 -0.6845109000538518  -0.3670729750949543 0.4518544960784383 -0.6731311831078683  -0.3042599258844967 0.4143903376783011 -0.6720534456365155  -0.2854918094061332 0.4016703474509175 -0.6775883568481192  -0.2304836381868715 0.3420167752509485 -0.6436029702886482  0.2704436498517364 -0.4977635176212143 -0.5163714329412163  0.3495375831622519 -0.4531180480293296 -0.4727330336259868  0.2921107234947692 -0.3916665363880004 -0.4501592619993711  0.3798544607402557 -0.4453971850423803 -0.4848000493822485  0.3849111800550777 -0.4626187670379439 -0.5435592414389001  0.3845489224446537 -0.44812216143399 -0.5578844435687014  0.3753561364286553 -0.4452860639188667 -0.5681153560409434  0.2910003099708565 -0.3402671344056318 -0.483785108969891  0.2756026661560668 -0.3877219143297155 -0.4572130151101667  0.3692839283994871 -0.424004526562079 -0.4605214982492228  0.3314962962918085 -0.3093312445751559 -0.5324710878068808  0.2700164772410784 -0.3430583175571059 -0.4876909713406824  0.2357257331796228 -0.3339316401697782 -0.5241953250313949  0.09568470715318539 -0.3732134878625966 -0.4584247022273572  0.1255065544576282 -0.4017831937792598 -0.5114304229580713  0.1500960370654403 -0.4173741991720943 -0.5110448658989116  0.1490182045516718 -0.4290517146761493 -0.51361389772947  0.3704291629546268 -0.4385292864456693 -0.600807777838207  0.2577132127800701 -0.319333806954064 -0.7446296264516791  0.2801129659742468 -0.3381448270077172 -0.7945392731023996  0.2407640853575758 -0.3111942827730549 -0.7470125193698992  0.3045522762226672 -0.3371589334553032 -0.79573090200642  0.3259434540164064 -0.3482586231603881 -0.7945255134462874  0.1865256285129239 -0.5986940052350651 -0.5660945694007331  0.1660351147001723 -0.6368066868628173 -0.5528041262461723  0.2471325424993452 -0.6085267989766505 -0.5992603071265086  0.3061186500407769 -0.5969585331943615 -0.6127055120227622  0.1869065105737112 -0.5933595171964902 -0.5614950298478112  0.2772846891309144 -0.5880737049988776 -0.4237704222866673  0.2870521566421986 0.08079583816127861 -0.8326010820551838  0.1184519138467943 0.3745803083335713 -0.6246245683139763  0.1804085808471293 0.4625860805375229 -0.6823968171103756  0.1627707300396318 0.495632212821886 -0.6590567246245757  0.04688137250447778 0.4579999824864118 -0.4725275623962821  0.05198603780935691 0.4278998526731249 -0.5597575564641273  0.142804853997105 0.5484078457695104 -0.6069160772676615  0.1461578480018439 0.5261795797968897 -0.6159656065521419  0.07212334986210543 0.1231761768946505 -0.5319624967078007  0.09111676911672759 0.0806728141490089 -0.5493681558041579  0.05154955769540823 0.1349745707716907 -0.5379120187312092  0.07419282406292645 0.119332151852286 -0.5254721625149137  0.08934706273813797 0.07125733110172038 -0.5574353263500467  -0.004941352235628846 0.1124195442592694 -0.5940525459306143  -0.01583403539267106 0.1042978837392373 -0.627985800172678  0.02591479860347302 0.08528948687430046 -0.607512778665634  -0.027663177958641 0.1480937222448479 -0.6187360621886298  0.0965674308078787 0.05878959173708075 -0.577032143975429  0.1281360415705445 0.03878811258452199 -0.6092820092599652  0.1416540498839154 0.08654689838255984 -0.5904124116012874  0.3209097495499892 -0.08535013495712172 -0.7376690214271509  0.3263486092037177 -0.09328516676966592 -0.7377564921661665  0.342629122287002 -0.03603372240425433 -0.5797362965714344  0.3661121001726748 -0.02776708075560429 -0.5997171332606566  0.3403008662763324 -0.01957543323486995 -0.5609244551904266  -0.01044201545122436 -0.183966507735557 -0.3936068091656856  0.05827608627520687 -0.237261969637502 -0.5723851669784581  0.06409098322950538 -0.1572705996647246 -0.5415802046421745  0.08054259984195281 -0.2286493075287665 -0.5979806789179642  0.05574775347573363 -0.2378459628015523 -0.5724953225544013  0.1434812296453021 -0.2768922270770862 -0.5709627891428785  0.07353863068311753 -0.2279606617951728 -0.6159455942987203  0.1006826745738025 -0.1900937067040728 -0.6062959663355372  0.134018137940129 -0.1071896269511356 -0.6108547537190659  0.3105450267613641 -0.1766048520143827 -0.5851398368725788  0.2574792551931473 -0.1588616001281607 -0.595167515655841  0.2992974069124612 -0.16960028401555 -0.5917215257266256  0.3405366809085167 -0.1950885797019787 -0.6359934908488446  0.3424311931027111 -0.1963357453390268 -0.6111261155030862  0.3427753493660111 -0.1957257899509111 -0.6393354398619411  0.3420924905975334 -0.1961268842892623 -0.6105942053498765  0.1428614832428701 -0.2884264404439216 -0.5547891577090504  0.1615723161088924 -0.2909018273299832 -0.538224955668291  0.1484581794524224 -0.3002251657755634 -0.5478749112558481  0.1431946953690738 -0.2909867253141755 -0.5540482779444182  0.1722518669973633 -0.3425303111890262 -0.6743923677561139  0.1712956538846917 -0.337102220105868 -0.6744514917924982  0.1722173167783765 -0.3426129515063089 -0.6746572068835485  0.3509115353667126 -0.2676016314368385 -0.5462453138808324  0.3530815025041601 -0.2499265143554963 -0.575051191943872  0.1741145978025092 -0.3271632976241796 -0.6724100219064034  0.1796648587983511 -0.3157359857299069 -0.672957930383055  0.2426197062805039 -0.2616378177997181 -0.7215380387198949  0.1989259573946303 -0.1987620243856869 -0.6916059414846594  0.1834687798218307 -0.1723772118101 -0.7026878606919937  -0.267660074987169 0.3757185305991438 -0.3557379845831879  -0.2600430885535817 0.3576119257251655 -0.3786631941654208  -0.2508006344484023 0.3924361261832697 -0.4480454425711581  -0.2548114547782288 0.3510583595906377 -0.4058982448237154  -0.2348511184794699 0.3469106023514804 -0.3971528710902384  -0.0648990784788427 0.5207853747199597 -0.4488034185833433  -0.1194672589236207 0.5552674108302309 -0.3997935007701334  -0.06517522762909855 0.5161625765960673 -0.3794339633136774  -0.151727459756875 0.432837271743781 -0.4680650410441169  -0.1115245137279709 0.4063167151988323 -0.4101905878963708  -0.151734759489257 0.4328312936796839 -0.4680682247285147  -0.1457694904157921 0.5527377854445893 -0.4063835510655622  -0.0984302688144128 0.4139974360697616 -0.4141548629966639  0.3589540988743493 0.6530838836158636 -0.4497004367480369  0.393063488964344 0.008545790097750972 -0.596518000818606  0.3928333999379311 0.009448774583411722 -0.5953637059446133  0.4486523299605857 -0.03617068934720685 -0.5754661527070983  0.3827751516828886 -0.01227977236611137 -0.6515256675071079  -0.0008190887433913441 0.3779923118782158 -0.1623762805538892  -0.002949105694337296 0.3771455147881543 -0.1757201755262451  -0.09325722633116944 0.4508333508561697 -0.286719972697309  -0.1619469381978925 0.3781282128734147 -0.2510515082490737  -0.1321008868078284 0.3720966022469521 -0.2448259775718942  -0.07446417817996477 0.4407178647966443 -0.2870057809094106  -0.4440749551292168 -0.1890854923966439 0.5747030549737059  -0.4236830141938255 -0.1695936235475928 0.5539829797709424  -0.4922524963065977 -0.2393707064720766 0.4977017323682388  -0.5617742491585562 -0.1913642209780158 0.4298329135525967  -0.5631706277906232 -0.1916119913251889 0.4311151589224032  0.07530638473604212 0.1368813179786108 -0.3461825859945472  0.1498709487420357 0.1112098731023251 -0.39463166547969  0.09038041481185646 -0.06248317726324117 -0.2855179432233063  0.08881290541224802 -0.07902873992251744 -0.2750649133370643  0.1035311488650393 -0.02966779267722953 -0.3059376532433767  0.07996605343737653 -0.07616649240574783 -0.2707300355288818  0.1157302774126964 -0.09966629843368338 -0.2611291878815901  0.1791029510473849 -0.02890387134096504 -0.3040734244273062  0.1545525543822812 -0.01403508726641805 -0.3142740329460464  0.09686591513750135 -0.08821471438033239 -0.4530781787781472  0.1115002370479867 -0.06330706790776676 -0.4963890120856245  0.1535942127826782 -0.02509409976211407 -0.3420351776448945  0.1050723070788264 -0.02870127821320621 -0.3065032107462582  0.15749880032958 0.02180917401003819 -0.3071924410677039  0.1627788036717104 0.08798243864229224 -0.3766248751655278  0.1582792771628887 0.03142758203379969 -0.3105359245444985  0.2541960261397811 0.03860474585441905 -0.5661989609612255  0.2612055384920906 0.01989517528048064 -0.5576140183145805  0.3154309036077159 0.09675743720772963 -0.6205379817946667  0.3402683017400756 -0.01930427908131238 -0.5598383919940157  0.2854463879187502 0.03611757773642441 -0.4908250024526536  0.2652848288490124 0.01658769460331626 -0.557042456816607  0.2079784503968254 0.02979958567487316 -0.6173712683719449  0.3659603756758602 0.041393211727977 -0.4760069179829365  0.3472792593586547 0.1347456401185109 -0.5361606812109776  0.1522361922217655 0.001037583243492624 -0.6375733373122325  0.1438909328381389 -0.0696468257329504 -0.6573226703582956  0.2407554473767446 0.03195056697004274 -0.7001586393799276  0.2581813005029389 0.05142608500029183 -0.7122839047218401  0.1629771416933499 0.07841607015463511 -0.7531351181554781  0.1353020599719992 0.08076006890560103 -0.7462114894360568  0.2325688954231284 0.1079749352994975 -0.7560816332105839  0.1455945133004686 0.09210924839806096 -0.5883450381080456  -0.4557139931813941 0.02403924829710841 0.5202804303130638  -0.4928687386459151 0.02283237746283996 0.4664879035643855  -0.4565012169888093 0.02200715621030749 0.5166317529903233  0.1708492539831717 -0.5733713498041215 0.7532887737843276  0.1896899401882679 -0.5706075267008509 0.7391258514754852  0.1881495343019141 -0.5698356291395615 0.7389379925013797  -0.4851692056326987 0.2270326554633235 0.6790778606606775  -0.4819076030498103 0.2183059246730936 0.6369942943978856  -0.4739827190153797 0.2224476735882836 0.7464838947853883  -0.4738639965619216 0.226128771868438 0.6302760430388054  -0.4576821706595855 0.219458191260922 0.6108109074924708  -0.4498434892576829 0.1762343469983088 0.8337490216185874  -0.3646857773397307 0.1486800228718003 0.8608267162127496  -0.4793660309272548 0.1679529061572508 0.8033475633033139  -0.3286688379048507 0.1242676333285539 0.8572455290939528  -0.358381797745186 0.1808009695586231 0.8247129820434236  -0.4734266232884154 0.2093585333893666 0.797803427056216  -0.466573824158188 0.2456184477347067 0.7570475832258314  -0.4756759075271781 0.2051858901470243 0.7965263811613472  -0.4818014868539493 0.2119830361557368 0.7578416223745258  -0.4643923304451264 0.2484709782002693 0.7537706046699558  -0.3996624479760612 0.2427706645233058 0.7573425880401085  -0.1695235998311692 0.129436106318748 0.7554026443776221  -0.1887401049104151 0.1094480641660239 0.7956370258166441  -0.1593136088108666 0.09511797313862194 0.7649373825839565  -0.1919566709948411 0.1575363647287671 0.6926829019242509  -0.210374430942286 0.1539319509684854 0.6980768032945126  -0.2613860329347717 0.1006058107678504 0.6548044557249308  -0.2684767985107601 0.09018761845226611 0.6533772022738793  -0.3425630928019452 0.06579293213755556 0.6747007865579553  -0.134700553657878 -0.0112175608015435 0.6990800897171338  -0.1350194084365016 -0.0135760730474451 0.6900990945783709  -0.1782299268671615 -0.03249257005320903 0.7264054105935409  -0.1937314394969507 -0.03012831335272684 0.740369681174457  -0.2736322084864279 0.2685567545928215 0.5754870788734046  -0.3037310954452778 0.2415595724059741 0.6146382843968604  -0.3209408336468306 0.2329519297822419 0.7077396126126885  -0.3260988245089803 0.2376986882828249 0.7237497188433045  -0.4123835991107909 -0.1525999074155976 0.7222904078943355  -0.4617321688852082 0.0543770375742372 0.767937190987506  -0.4839591013679273 0.04808746344898613 0.7699640414948835  -0.4230740424359359 0.06347536454981917 0.7604618992742074  -0.5201552735112547 0.09730382543175214 0.7845865550185191  -0.6449017294434204 0.004395742748828174 0.6583100377166831  0.04409306440154993 -0.2556086830102631 -0.5600795651907383  -0.177920736604173 -0.2902268419983324 -0.6165698886365216  -0.265626320125745 -0.3913055506469032 -0.7322992287863627  -0.2564822113653176 -0.3391100385803786 -0.7956986966241467  -0.2544847107260835 -0.3343004483664294 -0.7960265749063377  -0.2596460622794994 -0.2716059030498323 -0.7819487164367731  -0.2558117065536624 -0.2749638684735324 -0.7703609080257264  -0.1362196372064837 -0.07955613415576598 -0.8197382811449698  -0.1605104574841529 -0.07137733475522517 -0.8355535959221593  -0.07144065696715357 -0.06356728216571239 -0.8115966785864208  0.5651867281173266 -0.2501758893869489 -0.5655237608238876  0.4680993989350111 -0.2136911403215569 -0.6546218845657934  0.5839723152328471 -0.09244353280542734 -0.5937733747106981  0.5840099107301892 -0.0923450222358638 -0.5936563034295905  0.539705335378282 -0.2687060895648846 -0.4523912884027474  0.4546978254152366 -0.2821498416647495 -0.5179917736455196  0.53393720561261 -0.2569685714185656 -0.5726906738794744  0.5852455276554609 -0.08343768907797902 -0.5935922302196511  0.5866325600826823 -0.08746696296749379 -0.5870576195846824  0.5441855642902249 -0.0421083974121126 -0.6003573205173875  0.5832298083393571 -0.07012742460479443 -0.6122763104168863  0.5597130319661774 -0.08305834751530258 -0.5371589380874409  0.4863022266108576 -0.02712207306443542 -0.6092994880269655  0.2478692822351053 0.379514024646086 -0.7758728955753412  0.2636244606428875 0.3620791286768478 -0.7856569275519427  0.1627807538664465 0.2736925641915657 -0.7249839373002074  0.1978486573965352 0.2479105207713883 -0.7466341618072916  0.2691929034689972 0.3541096704986501 -0.7796862949243258  0.202927225814844 0.2464368591649933 -0.7464470120279479  0.232851916431617 0.2445035743853876 -0.7354211580489787  0.2702983257934801 0.2638846390991806 -0.7328508239321391  0.4354711058778454 0.2656089935661252 -0.6885589857660527  0.3021067928204517 0.06842667550888765 -0.8191955481719432  0.2686531585278871 0.059963202435576 -0.7271036178919144  0.3022741207507392 0.07169816015063044 -0.8221477987009544  0.4767670903505217 0.1658071274000836 -0.8217088624383209  0.4424639391616176 0.1247009678584206 -0.8422136521079179  0.501893876363906 0.1982820631062173 -0.8304751739971888  0.420944396572853 0.109790274484377 -0.8477180093413309  0.3837673550618826 0.2274530353081574 -0.7193127622231743  0.2725122326191801 0.259786638544572 -0.7187332926316219  0.3954245674104922 0.2193473508284591 -0.7182760148162318  0.257421630350899 0.250350494793554 -0.7154394245414931  0.3936401985545415 0.2080540453276335 -0.7155190156979536  0.3964327837469757 0.2176390903836011 -0.719851785127272  0.3896641723380074 0.1801325352468268 -0.7036827585872117  0.4140645835645036 0.2249263522868701 -0.7260740350879871  0.2335815371798248 0.1102588983671689 -0.7677924630025392  0.291346173655415 0.08293868179562661 -0.8221627851237394  0.5716397186085324 -0.05140753255339151 -0.6256606889404198  0.5978771437456268 0.001815161353225292 -0.6602379855944378  0.5480241298966034 0.0120003667047671 -0.7832569875182491  0.4991798950397631 -0.09450814858484617 -0.7354478999783229  0.5341457230518954 0.06541956439096024 -0.6535479468426908  0.5114005990702977 0.07714648121205182 -0.6867264343447591  0.5105023497968425 0.05650970795476161 -0.6380390571701995  0.5123355451387847 0.08063860547225755 -0.6873424371172929  0.442726315747676 0.09491824658703293 -0.6798690554477153  0.5205744119566659 0.03673621360512991 -0.7889946024441082  0.4807401134169284 0.1004542527002897 -0.5237339998259424  -0.2253383590002743 0.33587940501584 -0.6411398813712927  -0.2057449403202086 0.286220371896991 -0.5896708052272334  0.1604590278864047 -0.4649703346749176 -0.6565838198863276  0.1672216029578599 -0.4683589193361728 -0.6697876618321756  0.1494457789487026 -0.4319822344497091 -0.5206482062753203  0.1470060495793367 -0.4652990990158221 -0.6135245529750493  0.1756248803764507 -0.4889354387195026 -0.6854521100259932  0.1904411931175198 -0.4713375693794974 -0.6912464203289462  0.1908023228209391 -0.4603913329152487 -0.6840413874107881  0.179340119124091 -0.4705109980853039 -0.6771179722643326  0.1003044417683678 -0.4917853731051526 -0.6722587867451596  0.09132913813277338 -0.481784439492269 -0.6636628725999814  0.08690781316472924 -0.3874644966276466 -0.6573836280311732  0.07930742380854588 -0.4353370038606393 -0.6535322624097198  0.05136586991863955 -0.4807020947897465 -0.6868906973306981  0.06761192030019618 -0.4700660318896925 -0.6617694112253704  0.06699514381217293 0.4280862856176504 -0.5613109060870909  0.08528337218304134 0.3921364769080795 -0.5866398296885698  0.1541797128825717 0.5234126990842587 -0.6154243445798452  0.1622329830901214 0.4978982967490657 -0.6576655470740286  0.1186179235646482 0.3775040379392587 -0.6092849555183266  0.01546307882660096 -0.01874434492399264 -0.8452451817899334  -0.01578200134002946 -0.0286678502764796 -0.8236550728749945  0.2151342930555249 -0.2979321694967607 -0.8097439012713573  0.2177163029081386 -0.2222822577556817 -0.8189526835188241  0.2281225428908797 -0.311738043261953 -0.8073144752480961  0.1891496853571586 -0.2573039608996929 -0.848489452125982  0.1883624619839341 -0.1546119508480601 -0.6896708447936083  0.2247951570463564 -0.2180430653187989 -0.8032204126900545  0.1831425137447304 -0.1716110782527189 -0.7040164140282268  0.2444090384790299 -0.1816937736356188 -0.8515885995694618  0.2116958383542216 -0.2011444673970345 -0.8679121180313562  -0.1270759031104592 0.2851723925337635 -0.3930228423006159  -0.1042703547101703 0.287581512674726 -0.3928139038684603  -0.0879775293850461 0.1865224661605949 -0.6047917135489316  0.3837638926488301 -0.1318539727430926 -0.7682470367060086  0.3968506786207361 -0.1262559764450164 -0.7791449088369948  0.3466262715477799 -0.2009590301826177 -0.6661457504891529  0.3783464975220215 -0.1421494315557708 -0.7602080610157638  0.3532739698571538 -0.2008977549522143 -0.6868653845939924  0.3993459761769167 -0.1281816080885847 -0.7798994097929777  0.3526980275075533 -0.2056157102729973 -0.6742137272078925  0.4700420850138075 0.1908056569968601 -0.8033625680177153  0.4367164031155645 0.2091054559917862 -0.7838821269463968  0.4123314748080827 0.2360855384905369 -0.7186445236299148  -0.5913740418261333 -0.207111215946804 0.4098894003961916  -0.6200979257867333 -0.197312306498214 0.403113851189939  0.1025164080153028 0.1040558668279477 -0.3573035841966508  0.04728583114328173 -0.01780809383615169 -0.2357110315878068  -0.3643984672384846 0.06460506047293488 0.6602112142162994  -0.3523203234600918 0.05541506381880111 0.6664759357428003  -0.4047019948879637 0.04224471451596055 0.6943863938746521  -0.4095882348769131 0.04540401523480103 0.7122646769015931  -0.3086373619901746 0.08939842065015156 0.8402019033564347  -0.3109147454220749 0.1114667546441924 0.8640153475083346  -0.2513575195511312 0.1048151858932732 0.8648099725461909  -0.3493204428294106 0.2762734260460886 0.766567563377309  -0.3930378856138886 0.2521818609848632 0.7552115483659519  -0.3490359748613351 0.2763118772751049 0.7665289524257954  -0.5135188614076505 0.1233271292933579 0.8397343235207447  -0.4951685487527756 0.1443574002973656 0.820446479690524  -0.4816719216750646 0.2124880482293834 0.7581869405117667  -0.17054377000117 -0.3010503847346024 -0.6018057683366761  -0.1753530485015224 -0.2978549494558618 -0.6099047642041133  -0.1704341106617472 -0.301002812005416 -0.6016687067866463  -0.1679895482845572 -0.2773377776326195 -0.4962874460472672  -0.01181683853702096 -0.1907283124257873 -0.6757077087238708  -0.01476566936309176 -0.1862040174619104 -0.6777105492976458  0.02557456025966841 -0.2248279210468453 -0.6645734483764474  -0.01772348120149842 -0.1877013785246788 -0.6784892522384421  -0.0863097146646926 -0.2155377419218827 -0.7403381316002726  -0.1029319925068248 -0.2279740569181499 -0.7522184666026281  -0.1021149745481262 -0.2241687893417799 -0.7776233170872129  0.4013315624953377 0.1181305434636464 -0.6657722207164208  0.3994958386093627 0.1181539385328094 -0.6640510739382993  0.4171944122276978 -0.01223653571292858 -0.6716588719581543  0.4013513796643476 -0.02007680103379204 -0.6705042719025958  0.4224965299785285 -0.02718443224360768 -0.7416725021372479  0.3867327032840681 -0.01725842157983189 -0.6590104652497141  0.3949351299249808 0.1520518974732767 -0.6935292261678839  0.3996255965425585 0.1194672900694323 -0.6649420078943775  0.3942334685923483 0.1001386754003185 -0.6394170788015661  0.3307697410263897 0.1134189242807848 -0.614538602022724  0.3919227141207505 0.1083291348492819 -0.6338523283376469  0.3849363322175867 0.09280303103602419 -0.6413830412984123  0.4007572676000206 0.0932485667308135 -0.831832641446606  0.4152906121051276 0.09242666214675889 -0.8461819604385709  0.2997660859216095 0.07615239792041915 -0.8191701210498425  0.3017189655822735 0.07087046575838568 -0.8243730743577031  0.2957210715711238 0.07048081683688036 -0.8348127834158706  0.4713051446353118 0.03805088101519656 -0.8111864046960995  0.4988058195954344 -0.09289465700915478 -0.7364775514000116  0.4386436788618036 -0.1422855270763197 -0.8232526720604243  0.5481853032331829 0.020559406143001 -0.8032355403507745  0.5459157411931248 0.02267983675082987 -0.805364441709306  0.5492574430573022 0.01936063520478244 -0.8024765920058285  0.544580264153637 0.02379667287613946 -0.803962973515981  0.5209702184968956 0.03713436936299953 -0.7906473202257699  0.5502502752213458 0.01163919354606305 -0.786573460476804  0.4999671791555501 -0.07693863972040503 -0.7344111660738141  0.4654260680430397 0.02958527965044705 -0.7752069574227973  0.4961579657367426 -0.09432854708532429 -0.7370931034883252  0.4605804423287428 -0.09990608907091912 -0.7437595080063277  0.404735473162256 -0.1253735323238941 -0.7781232582803286  0.117291122615994 -0.4075491056641507 -0.5138252070142476  0.1180187011018807 -0.4085580010377597 -0.5139268549549559  0.1223268160700394 -0.4948500932870304 -0.5127613252990638  0.07548361444547493 -0.520195312381442 -0.5839785622697438  0.08234640815187244 -0.4962027188688466 -0.6260793144397672  0.06861263918933416 -0.4704208431314957 -0.661651648063605  0.06872972030872257 -0.4670139424543306 -0.6608849691858563  0.1386628464111555 -0.4927042869803451 -0.5127704770842975  0.138679731119599 -0.4939554028591727 -0.5192916277536268  0.2586837817944458 -0.335614166853296 -0.8240242788082877  0.2484150023715636 -0.3864553582466482 -0.8509094891898097  0.2456034957447939 -0.4445320256762254 -0.8438951323850193  0.1875422226450943 -0.243923975431747 -0.8526671175836574  0.03575083519054013 -0.2323012642460456 -0.6511869134656612  0.129847093711009 -0.09237268541201155 -0.6216403433060449  0.1887082108255053 -0.1553244085020118 -0.688286440715697  0.1800391463817959 -0.1247826794784357 -0.636501749982005  0.1617585522251804 -0.08299697824545377 -0.6816150436893484  0.1606999255232581 -0.1290557908402077 -0.6141571808230157  0.05517718167022957 -0.09047433031925944 -0.7523691932416393  0.03462491188537799 -0.2407794889173655 -0.9203534137986097  0.06238211314368745 -0.1985772795618438 -0.9300143666052194  0.03060812175193535 -0.2426951600584617 -0.9149913031460309  0.1390893280993362 -0.181023406176709 -0.7563287724751917  0.09774084812708794 -0.1021664232439852 -0.7604515652373567  0.1882017449536033 -0.2284991820965352 -0.8537612750108259  0.1104491461171614 -0.1683076443786951 -0.928519991421171  0.1186890970372746 -0.1712186867441426 -0.9248157674997859  -0.1344291590278549 -0.2117743603538798 -0.7867771724397694  -0.1097652824248031 -0.2798760480154465 -0.8350985604003668  -0.08869599384012108 -0.2798023287192138 -0.8883232704881804  -0.08863916553871878 -0.2795190209093149 -0.8891648311379399  -0.03518043838181757 -0.2807909481205287 -0.8772208824925332  0.02982953747997474 -0.24416052194462 -0.9132021673929098  0.4253468937993494 -0.1372513968291146 -0.794497131339454  0.4141956679758045 -0.1344293256385167 -0.789035839047509  0.4005940355023541 -0.1283492212173898 -0.779887909951866  0.1881467436645048 -0.2348284847276593 -0.8534111488849502  0.1349597078996087 -0.172010858894705 -0.9124694245938206  0.1539013057215349 -0.1830354085439606 -0.8947193070175959  0.1887671119482526 -0.2285931347130603 -0.8536669018189694  0.1750501473686675 -0.1947926169406776 -0.8741806748378976  -0.468404846020881 -0.8437231492681531 0.2617788333941162  -0.3089159569881276 0.9509589496710783 -0.006929470296419291  -0.5294918004759156 -0.3388294986055814 0.7775815160505448  -0.3888221098703932 -0.6834961091746397 0.6176167465500471  -0.3927721105471367 -0.1521819462460608 -0.9068465881355616  -0.3779859575821115 0.2117474515993992 0.9011601647941915  -0.612261207601607 -0.3799737837483749 0.693221571598984  -0.3862512843505821 -0.9041946305123122 -0.1817746557973061  -0.8647598646473383 -0.4943902970310322 0.08699782006857903  -0.308510676311866 -0.9501874021894219 0.0420127757011247  -0.7164395951337745 0.3194005300730521 -0.620078719126537  -0.2059357623974032 -0.6325539890922766 -0.7465024599083706  -0.9190028829313522 -0.0868543759944127 0.3843046038424265  -0.5826368174927482 0.5535532173098644 -0.5949060299810551  -0.3164988944171091 0.8280622957175247 -0.4625378841173663  -0.4974834197700777 0.14656372777593 0.854885565882529  -0.663770774740572 -0.4485332217294553 0.5983530041750407  -0.5660101722900619 0.8150603894640739 -0.1229189016825593  0.860675936834171 0.5003313716401826 -0.09330305625902935  0.3201597441165217 0.9448822409087384 -0.06704699145020653  0.4494621481960638 0.7721796104388572 -0.4489125043496498  0.9153984410080537 0.05143887001954647 0.3989984296349262  0.5241913518519096 0.3465139276475548 0.7777863039356843  0.8826588596838693 -0.3258063234885099 -0.338472431663898  0.860204322402201 0.4357591945429742 -0.2645041740536973  0.8218159803228433 0.5292408200031182 -0.2105294728260893  0.587804079441405 -0.7571487571684472 -0.28462630537306  0.5005537013271166 -0.8579937634829048 -0.1144233538757057  0.7579883864967545 0.6456529480632978 -0.09157448658452406  0.5402404488763884 0.3588602482972811 0.761025354104482  0.4671673209852931 -0.4914606556749925 -0.7348612985638383  0.9341318675981386 -0.141420709245952 0.3274108228724051  0.5117360510965326 -0.004627613435096892 0.8590138585622599  0.4550052310885176 -0.8757536284128837 -0.1607041754396988  0.7847666336784541 -0.5748086319220803 0.231379293224034  0.7421805285606482 -0.1378621024532768 -0.6557149637857893  0.454134441935219 -0.8862572826914688 0.09005524706823735  0.3934305688615986 -0.874110094494065 0.2845064853194311  0.2283806909308345 -0.7951889200692354 0.5615308107388925  0.5564160111319747 -0.7521753200035509 0.3527513579471213  0.4852926546660062 -0.8320595382479912 -0.2682684739915599  0.8064108862033573 -0.2837392450375726 0.518645865150995  0.9401929243899678 0.2048367452648997 0.2718072528765982  0.6109311900665946 -0.6520247255253384 0.4488060252574843  0.9124538295417397 0.3829915995857019 -0.1433368536050626  0.5003084581857726 -0.1699643643258837 -0.8488837208517273  0.9054809159784292 0.2679789758417466 -0.3287728536629407  0.2676225973490813 0.9603447142487339 0.07691674201790401  0.2488359283413107 -0.4604996611461209 -0.8519511446384856  0.6949099771730564 -0.7164585461295148 0.05989395047351847  0.8738529422701464 -0.4295539012370435 -0.2272982428833196  0.5126890240860287 -0.6245589823976201 0.5889618426419193  0.5763637567547123 0.1757762166701322 0.7979395663536992  0.9155699737902341 0.4004677817603839 -0.03401747882585502  0.5052001785739054 0.2351436138497482 -0.8302290469711203  0.819483776680635 -0.2629528431981966 -0.5090207775830253  0.537268407743608 0.04785329828080247 -0.8419339225166644  0.7032297679894279 -0.1678469742219516 -0.690720852919666  </DataArray>
</Points>
<Cells>
<DataArray  type="UInt32"  Name="connectivity"  format="ascii">0 1  0 2  0 3  4 5  4 6  4 7  4 8  5 9  5 10  11 12  11 13  14 15  14 16  9 17  18 19  18 20  18 21  18 22  17 23  23 24  17 25  25 26  17 19  20 27  28 29  28 30  31 32  31 33  34 35  34 36  37 38  37 39  38 40  41 42  41 43  41 44  42 45  42 46  42 47  48 49  48 50  49 51  52 53  52 54  52 55  53 56  53 57  58 59  58 60  56 59  59 61  61 62  63 64  63 65  66 67  66 68  66 69  70 71  70 72  32 73  74 75  74 76  74 77  74 78  79 80  79 81  82 83  82 84  83 85  85 86  87 88  87 89  90 91  90 92  90 93  84 94  84 95  96 97  96 98  96 99  100 101  100 102  103 104  103 105  106 107  106 108  106 109  110 111  110 112  110 113  110 114  115 116  115 117  115 118  119 120  119 121  119 122  123 124  123 125  126 127  126 128  129 130  129 131  132 133  132 134  133 135  133 136  135 137  138 139  138 140  139 141  15 26  26 142  143 144  143 145  12 146  144 147  147 148  147 149  144 150  144 151  152 153  152 154  150 155  155 156  150 157  150 158  159 160  159 161  160 162  91 163  164 165  164 166  167 168  167 169  33 170  171 172  171 173  171 174  172 175  172 176  177 178  177 179  180 181  180 182  180 183  181 184  182 185  186 187  186 188  186 189  190 191  190 192  190 193  190 194  191 195  191 196  156 197  156 198  197 199  197 200  197 201  199 202  130 203  204 205  204 206  205 207  205 208  209 210  209 211  210 212  75 213  75 214  215 216  215 217  64 218  219 220  219 221  222 223  222 224  225 226  225 227  226 228  220 229  230 231  230 232  45 233  43 234  235 236  235 237  238 239  238 240  236 239  239 241  46 47  46 242  46 243  47 244  47 245  244 246  247 248  247 249  250 251  250 252  250 253  254 255  254 256  257 258  257 259  258 260  57 261  262 263  264 265  264 266  267 268  267 269  270 271  270 272  273 274  273 275  276 277  276 278  279 280  279 281  282 283  282 284  285 286  285 287  285 288  289 290  289 291  292 293  292 294  104 295  6 296  251 297  251 298  299 300  299 301  299 302  300 303  304 305  304 306  307 308  307 309  307 310  308 311  312 313  312 314  315 316  315 317  303 318  319 320  319 321  319 322  319 323  73 324  324 325  73 326  73 327  280 328  328 329  280 325  280 330  325 331  329 332  330 333  333 334  335 336  335 337  334 338  161 339  340 341  340 342  343 344  343 345  344 346  76 347  347 348  347 349  77 350  88 351  352 353  352 354  24 355  355 356  355 357  355 358  1 359  1 360  359 361  361 362  361 363  359 364  359 365  366 367  366 368  369 370  369 371  80 372  373 374  373 375  374 376  377 378  377 379  380 381  380 382  380 383  381 384  381 385  382 386  370 382  386 387  370 388  370 389  388 390  388 391  378 392  378 393  392 394  111 112  111 395  112 396  396 397  107 112  398 399  398 400  107 401  401 402  401 403  401 404  107 405  108 405  108 406  108 407  405 408  408 409  408 410  408 411  405 412  21 413  21 414  415 416  415 417  418 419  362 418  420 421  420 422  402 419  402 423  402 424  423 425  362 426  362 427  428 429  428 430  431 432  86 431  97 98  97 433  432 434  86 435  353 436  40 434  98 434  434 437  99 438  99 439  440 441  440 442  406 443  444 445  444 446  124 447  447 448  449 450  449 451  450 452  116 453  116 454  127 455  455 456  326 457  326 458  456 457  456 459  457 460  457 461  458 462  458 463  464 465  464 466  136 467  467 468  465 468  469 470  469 471  469 472  137 473  331 474  35 474  35 475  35 476  67 477  67 478  479 480  479 481  479 482  479 483  480 484  481 485  157 198  198 486  198 487  486 488  158 489  490 491  490 492  493 494  142 493  494 495  496 497  356 496  496 498  496 499  497 500  146 148  142 148  149 501  231 502  240 501  503 504  503 505  506 507  506 508  507 509  507 510  511 512  511 513  514 515  514 516  514 517  518 519  518 520  519 521  522 523  522 524  178 525  178 526  525 527  528 529  528 530  175 531  532 533  532 534  336 533  336 535  327 332  332 536  332 537  535 536  165 538  165 539  540 541  540 542  543 544  543 545  168 546  36 546  36 547  547 548  475 549  29 550  550 551  552 553  552 554  92 553  555 556  555 557  170 558  558 559  169 558  559 560  561 562  561 563  564 565  564 566  565 567  565 568  548 567  549 569  569 570  571 572  571 573  574 575  574 576  577 578  577 579  515 580  516 581  580 582  583 584  583 585  584 586  544 587  544 588  544 589  590 591  590 592  593 594  593 595  187 596  187 597  426 598  599 600  599 601  602 603  602 604  602 605  200 606  488 607  466 608  609 610  609 611  233 612  608 613  614 615  614 616  617 618  617 619  211 620  620 621  622 623  622 624  623 625  68 626  477 627  628 629  628 630  629 631  629 632  633 634  633 635  634 636  634 637  638 639  638 640  641 642  641 643  644 645  644 646  647 648  647 649  650 651  650 652  653 654  653 655  653 656  117 657  657 658  192 654  654 659  118 660  661 662  661 663  660 662  470 664  664 665  666 667  666 668  669 670  669 671  670 672  274 672  672 673  674 675  674 676  674 677  674 678  675 679  676 680  676 681  679 682  683 684  683 685  683 686  684 687  688 689  688 690  260 691  691 692  691 693  260 694  260 695  696 697  696 698  216 699  700 701  700 702  320 703  320 704  321 705  321 706  705 707  708 709  708 710  221 711  712 713  712 714  713 715  713 716  715 717  718 719  718 720  433 719  720 721  242 248  242 722  723 724  723 725  726 727  726 728  727 729  729 730  729 731  305 732  732 733  305 734  305 735  734 736  737 738  737 739  740 741  740 742  740 743  744 745  744 746  744 747  748 749  748 750  482 751  751 752  752 753  754 755  754 756  757 758  757 759  261 760  760 761  701 762  762 763  764 765  764 766  765 767  54 768  55 769  78 770  348 771  761 772  772 773  772 774  773 775  776 777  776 778  699 779  780 781  780 782  783 784  783 785  784 786  787 788  787 789  788 790  788 791  651 792  792 793  794 795  794 796  797 798  797 799  797 800  801 802  801 803  268 804  268 805  804 806  807 808  807 809  807 810  808 811  269 809  69 812  771 813  814 815  814 816  817 818  817 819  820 821  820 822  821 823  689 824  825 826  825 827  825 828  71 826  826 829  271 829  829 830  508 831  509 832  833 834  833 835  615 836  823 837  837 838  838 839  134 840  673 841  277 841  277 842  842 843  844 845  844 846  278 847  843 848  113 849  849 850  114 851  397 852  109 853  2 851  851 854  851 855  856 857  856 858  857 859  857 860  861 862  861 863  861 864  862 865  866 867  866 868  763 869  870 871  870 872  867 873  874 875  874 876  877 878  877 879  293 875  293 880  880 881  790 882  883 884  883 885  883 886  883 887  888 889  888 890  889 891  892 893  892 894  892 895  893 896  893 897  13 896  13 898  896 899  899 900  724 901  724 902  724 903  904 905  904 906  907 908  907 909  905 908  908 910  243 894  243 911  912 913  912 914  890 915  890 916  890 917  918 919  918 920  918 921  919 922  919 923  915 924  920 924  924 925  920 926  920 927  272 928  928 929  72 930  931 932  931 933  934 935  934 936  930 935  313 929  937 938  937 939  937 940  937 941  942 943  942 944  942 945  942 946  349 947  947 948  349 949  349 950  938 951  938 952  943 953  943 954  350 953  948 955  316 956  944 957  957 958  958 959  957 960  959 961  863 868  962 963  962 964  965 966  965 967  965 968  965 969  697 970  970 971  697 972  973 974  973 975  758 976  832 977  978 979  978 980  981 982  981 983  982 984  985 986  985 987  985 988  985 989  986 990  987 991  716 991  991 992  716 987  993 994  993 995  990 996  341 345  939 997  998 999  998 1000  1001 1002  1001 1003  1002 1004  1004 1005  1006 1007  1006 1008  1009 1010  1009 1011  527 1012  527 1013  527 1014  1015 1016  1015 1017  1015 1018  1016 1019  1019 1020  1017 1021  1021 1022  997 999  945 1023  1024 1025  1024 1026  1025 1027  1028 1029  1028 1030  996 1031  1031 1032  996 1029  162 184  1033 1034  1033 1035  988 1036  162 1034  162 1037  989 1034  989 1037  367 1038  1038 1039  1040 1041  1040 1042  1041 1043  445 1044  1044 1045  1044 1046  1044 1047  445 1048  445 1049  387 1050  387 1051  1050 1052  1053 1054  1053 1055  390 1056  389 1057  1057 1058  81 1059  81 1060  1059 1061  1060 1062  391 1063  391 1064  1065 1066  1065 1067  1020 1068  1068 1069  1026 1070  1070 1071  383 1072  1058 1073  1074 1075  1074 1076  1075 1077  1045 1078  446 1048  446 1079  1048 1051  1051 1080  1051 1081  393 1082  1082 1083  1082 1084  1080 1085  1085 1086  403 1087  403 1088  1089 1090  1089 1091  407 1092  407 1093  407 1094  1092 1095  1093 1096  1093 1097  1093 1098  1096 1099  1096 1100  1095 1101  7 120  7 427  427 1102  1102 1103  1104 1105  1104 1106  1105 1107  121 1107  153 489  489 1108  1108 1109  489 1110  1097 1099  1099 1111  1099 1112  375 435  435 436  371 375  372 375  223 1113  1113 1114  1114 1115  1115 1116  1116 1117  1117 1118  1119 1120  1119 1121  229 1122  1123 1124  1123 1125  1124 1126  1124 1127  777 1128  768 1129  1129 1130  768 1131  591 1132  1132 1133  1132 1134  1133 1135  1133 1136  1134 1137  1134 1138  1139 1140  1139 1141  677 1142  1140 1142  621 1143  429 1144  1144 1145  1146 1147  1146 1148  1146 1149  1147 1150  1150 1151  1150 1152  1147 1153  1147 1154  1151 1155  1156 1157  1156 1158  1157 1159  1160 1161  1160 1162  1163 1164  1163 1165  1163 1166  1163 1167  1164 1168  1164 1169  1164 1170  1171 1172  1171 1173  1174 1175  1174 1176  1177 1178  1177 1179  1178 1180  1120 1181  1182 1183  1182 1184  1054 1181  1185 1186  1185 1187  1186 1188  1188 1189  1190 1191  1190 1192  1193 1194  1193 1195  1046 1196  1046 1197  399 1198  1199 1200  1199 1201  1200 1202  1203 1204  1203 1205  1204 1206  1207 1208  1207 1209  1210 1211  1210 1212  627 1213  1213 1214  1213 1215  627 1216  627 1217  1218 1219  1218 1220  1218 1221  1216 1219  1219 1222  1220 1223  1224 1225  1224 1226  1227 1228  1227 1229  1230 1231  1230 1232  1231 1233  1234 1235  1234 1236  1234 1237  1238 1239  1238 1240  1239 1241  1239 1242  523 1243  491 1244  517 1245  495 1246  27 492  1240 1246  504 1247  232 1248  1249 1250  1249 1251  1252 1253  1252 1254  1255 1256  510 1255  1256 1257  510 1258  1241 1243  1241 1259  1259 1260  1241 1257  1261 1262  1261 1263  1262 1264  413 1265  1265 1266  1265 1267  301 1268  1268 1269  1270 1271  1270 1272  301 1271  1271 1273  1043 1274  1043 1275  1276 1277  1276 1278  1279 1280  1279 1281  551 1282  1277 1280  1280 1283  1280 1284  1283 1285  1208 1286  1282 1287  1288 1289  1288 1290  339 1289  339 1291  1291 1292  1293 1294  1293 1295  351 1296  1296 1297  173 1298  1298 1299  1299 1300  1012 1301  179 1300  1302 1303  30 1302  1303 1304  30 537  1281 1305  1305 1306  572 578  572 1307  578 1308  578 1309  183 1308  183 1310  1311 1312  1311 1313  1314 1315  1314 1316  1312 1315  1317 1318  1317 1319  1318 1320  1318 1321  1168 1322  1322 1323  1322 1324  1165 1168  1323 1325  1165 1326  1165 1327  685 1328  582 680  1329 1330  1329 1331  1166 1332  1333 1334  1333 1335  1169 1336  1170 1337  1337 1338  587 1339  1339 1340  1135 1341  1250 1341  1250 1342  1250 1343  207 1324  1324 1344  586 1345  1346 1347  1346 1348  1347 1349  1348 1350  195 1351  453 1352  1352 1353  454 1354  448 1355  448 1356  1355 1357  452 1354  452 1358  1358 1359  1359 1360  1361 1362  1361 1363  1361 1364  1365 1366  1365 1367  1366 1368  255 294  8 1369  16 1369  122 1369  600 1370  600 1371  600 1372  1373 1374  1373 1375  122 1370  122 154  1370 1376  1371 1374  1371 1376  193 1376  1376 1377  1371 1378  154 193  900 1379  201 1375  201 1380  1379 1381  1381 1382  901 1383  1384 1385  1384 1386  1383 1387  1382 1388  1389 1390  891 1389  1372 1390  1356 1391  1391 1392  603 1393  598 1103  598 1394  1103 1395  1395 1396  1396 1397  1367 1398  1398 1399  1393 1400  1400 1401  612 1402  1403 1404  1403 1405  1248 1406  1404 1406  977 1407  1407 1408  610 1409  1409 1410  831 1411  1411 1412  1413 1414  1413 1415  613 1414  1412 1416  840 1417  834 1418  848 1418  834 836  836 1419  1419 1420  847 1421  1421 1422  738 1422  1423 1424  1423 1425  1426 1427  1426 1428  309 1429  1429 1430  309 1431  249 1431  275 1432  845 1432  1433 1434  1433 1435  1436 1437  1436 1438  1439 1440  1439 1441  1439 1442  1440 1443  217 1444  1444 1445  1446 1447  1446 1448  1449 1450  1449 1451  1450 1452  1450 1453  631 1454  631 1455  642 1454  1456 1457  1456 1458  642 1459  648 1460  648 1461  1462 1463  1462 1464  1463 1465  652 1464  1465 1466  1465 1467  1465 1468  1469 1470  1469 1471  1469 1472  607 1473  1474 1475  1474 1476  44 1477  202 1478  1477 1478  234 241  1136 1479  667 1480  473 671  473 1481  1480 1481  1481 1482  471 1172  1482 1483  471 1483  1415 1484  1485 1486  1485 1487  1485 1488  682 1489  1489 1490  682 1491  1334 1492  1491 1493  625 1493  208 585  208 1325  208 1494  585 1495  596 1496  596 1497  596 1498  1325 1328  1325 1499  1328 1500  1499 1501  1500 1502  1501 1503  678 1502  811 1504  1504 1505  1506 1507  1506 1508  692 1509  1509 1510  1509 1511  1512 1513  1512 1514  1510 1515  1515 1516  645 1517  972 1518  966 1519  694 1518  1518 1520  778 1519  778 1521  1519 1522  695 967  967 1520  51 259  1523 1524  1523 1525  1526 1527  1526 1528  1524 1529  1529 1530  1010 1531  1010 1532  1533 1534  1533 1535  1536 1537  1536 1538  1466 1539  1539 1540  1540 1541  290 1542  1541 1542  1543 1544  1543 1545  709 1546  1547 1548  1547 1549  1548 1550  1551 1552  1551 1553  1550 1554  1552 1555  1554 1556  1553 1557  1544 1558  1557 1559  1546 1560  1545 1560  1560 1561  354 1545  1562 1563  1562 1564  1565 1566  1565 1567  1566 1568  1568 1569  1569 1570  1567 1571  39 717  717 1572  1032 1573  1032 1574  1531 1575  1575 1576  1531 1577  1578 1579  1578 1580  1581 1582  1581 1583  1584 1585  1584 1586  1534 1582  1582 1587  721 1588  1588 1589  1590 1591  1590 1592  921 1593  245 1594  1594 1595  1594 1596  1594 1597  245 1598  245 1599  1424 1427  1424 1600  1424 1601  911 1602  1603 1604  1603 1605  1602 1606  1604 1607  902 1606  1607 1608  1609 1610  1609 1611  730 1612  1612 1613  1613 1614  1615 1616  1615 1617  1618 1619  1618 1620  1618 1621  618 1622  618 1623  1624 1625  1624 1626  1627 1628  1627 1629  1630 1631  1630 1632  1616 1633  1634 1635  1634 1636  1634 1637  1635 1638  1635 1639  1640 1641  1640 1642  1643 1644  1643 1645  1646 1647  1646 1648  1641 1649  1641 1650  1225 1651  1225 1652  1225 1653  1651 1654  1652 1655  1652 1656  1652 1657  1638 1658  1659 1660  1659 1661  1662 1663  1662 1664  1663 1665  1663 1666  741 1667  742 1668  1668 1669  1670 1671  1670 1672  1670 1673  1674 1675  1674 1676  827 1677  830 1678  1678 1679  1679 1680  1680 1681  1679 1682  1679 1683  1677 1684  1685 1686  1685 1687  1681 1686  1688 1689  1688 1690  1689 1691  1691 1692  1253 1693  1258 1693  1694 1695  1694 1696  1697 1698  1697 1699  1695 1700  1701 1702  1701 1703  749 1704  1704 1705  616 1706  483 1707  483 1708  1709 1710  1709 1711  755 1712  1702 1712  976 1713  1714 1715  1714 1716  1715 1717  1715 1718  1717 1719  1720 1721  1720 1722  1718 1723  1585 1724  766 1725  1535 1726  711 1726  711 1727  1728 1729  1728 1730  1727 1731  1716 1732  1716 1733  1729 1732  1563 1731  1563 1733  50 62  62 1734  50 1735  50 1736  1735 1737  1738 1739  1738 1740  1741 1742  1741 1743  1742 1744  1742 1745  213 1746  1747 1748  1747 1749  1721 1750  1751 1752  1751 1753  813 1754  1754 1755  1756 1757  1756 1758  1131 1759  1760 1761  1760 1762  1722 1763  1763 1764  1763 1765  1764 1766  1765 1767  1766 1768  1748 1769  1730 1770  1730 1771  1770 1772  1771 1773  1773 1774  1525 1775  65 1776  1776 1777  774 1743  774 1767  1687 1778  1687 1779  1682 1780  1682 1781  1780 1782  1782 1783  1784 1785  1784 1786  1787 1788  1787 1789  1787 1790  969 1791  1791 1792  968 969  968 1793  968 1794  969 1795  1788 1795  1788 1796  1785 1797  1785 1798  1799 1800  1799 1801  802 1802  1802 1803  1128 1804  1804 1805  1805 1806  1806 1807  1808 1809  1808 1810  781 1811  1812 1813  1812 1814  1815 1816  1815 1817  1818 1819  1818 1820  1821 1822  1821 1823  1821 1824  1822 1825  649 1826  1823 1826  1827 1828  1827 1829  1825 1828  1830 1831  1830 1832  1829 1831  1829 1833  1831 1834  1831 1835  1824 1836  1836 1837  1837 1838  60 1838  60 1839  1507 1811  1811 1840  1809 1840  1811 1813  1841 1842  1841 1843  1839 1844  693 1845  1845 1846  1846 1847  1809 1844  1809 1834  639 646  646 1848  1459 1848  1459 1460  1459 1849  1849 1850  1850 1851  1852 1853  1852 1854  1855 1856  1855 1857  1856 1858  1441 1858  789 1441  1853 1859  1859 1860  1861 1862  1861 1863  1862 1864  105 1864  1201 1368  1368 1865  1866 1867  1866 1868  1867 1869  1870 1871  1870 1872  1871 1873  1873 1874  1556 1875  1555 1876  1877 1878  1877 1879  1878 1880  295 1881  1881 1882  706 1883  1807 1884  1807 1885  1886 1887  1886 1888  1889 1890  1889 1891  1889 1892  806 1890  805 806  805 1893  1893 1894  805 1895  1896 1897  1896 1898  1700 1703  1700 1899  1703 1900  1900 1901  1902 1903  1902 1904  626 1905  1905 1906  1907 1908  1907 1909  1907 1910  1636 1911  822 1912  822 1913  1912 1914  1915 1916  1915 1917  1916 1918  1918 1919  1913 1920  1921 1922  1921 1923  131 1919  1922 1924  1924 1925  1922 1926  1927 1928  1927 1929  1928 1930  1914 1931  1917 1931  1917 1932  1926 1933  1926 1934  1935 1936  1935 1937  1628 1938  1938 1939  1625 1940  984 1941  1941 1942  1942 1943  835 1943  1141 1944  1945 1946  1945 1947  1161 1948  1161 1949  604 1950  604 1951  1950 1952  1953 1954  1953 1955  1953 1956  364 1957  1957 1958  364 1959  3 364  605 1959  1954 1960  882 1960  1961 1962  1961 1963  1964 1965  1964 1966  1967 1968  1967 1969  1965 1970  1968 1971  1970 1972  922 1973  1973 1974  1975 1976  926 1975  922 1976  1976 1977  1976 1978  922 926  926 1979  1191 1980  1187 1980  1187 1981  1981 1982  1982 1983  1982 1984  1985 1986  1985 1987  1985 1988  1985 1989  859 1990  1991 1992  1991 1993  1992 1994  1995 1996  1995 1997  1998 1999  1998 2000  1998 2001  1999 2002  2000 2003  2004 2005  2004 2006  2001 2007  2005 2008  2003 2009  2010 2011  2010 2012  2008 2013  1642 2011  2014 2015  2014 2016  2015 2017  1642 2009  1642 2018  2018 2019  871 2002  2002 2020  876 878  876 2021  876 2022  636 2023  2021 2024  2024 2025  860 2026  872 2027  2025 2026  2028 2029  2028 2030  2029 2031  2031 2032  793 2033  2033 2034  1966 2035  2035 2036  2036 2037  903 2038  2038 2039  909 925  2040 2041  927 2040  2040 2042  2041 2043  2041 2044  925 927  725 1610  725 2045  913 2046  2046 2047  297 913  1269 2048  1274 2048  2048 2049  1274 2050  923 2051  923 2052  311 2053  2053 2054  311 2049  302 2055  1593 2056  2056 2057  2058 2059  2058 2060  946 1273  1000 1273  946 1000  1000 2061  815 954  815 2062  815 2063  955 2062  936 2064  936 2065  818 2066  2066 2067  2064 2068  818 951  818 955  951 955  2061 2069  1962 2070  2070 2071  961 2072  2072 2073  956 2074  914 2075  2047 2076  960 2077  2077 2078  318 960  318 2079  960 2080  2081 2082  2081 2083  2076 2079  2084 2085  2084 2086  2085 2087  2088 2089  2088 2090  1797 2091  1798 2092  2087 2093  971 2094  873 2095  2095 2096  873 963  873 2097  963 2098  983 2099  974 2100  1929 2100  2101 2102  2101 2103  2104 2105  2104 2106  2105 2107  2108 2109  2108 2110  1587 2111  2111 2112  1739 1749  2113 2114  2113 2115  2114 2116  2115 2117  1586 2118  2118 2119  2118 2120  2121 2122  1586 2121  1573 2122  1586 2123  1574 2124  1571 2123  2123 2125  1571 2126  1007 2127  1013 2128  573 2128  575 2129  2130 2131  2130 2132  1301 2129  1301 2133  2133 2134  2131 2135  2107 2135  2107 2136  89 2137  227 2137  224 2137  224 2138  224 2139  1294 2140  2140 2141  1292 1294  531 1292  2141 2142  2142 2143  994 2144  994 2145  2144 2146  1297 2147  992 2147  992 2145  562 2148  566 2149  2146 2150  995 2151  1030 2152  2152 2153  2154 2155  2154 2156  2155 2157  1083 2158  2158 2159  795 2159  395 404  360 395  404 2160  360 2160  884 2161  2161 2162  2157 2162  1955 2163  2163 2164  885 1955  1955 1956  2164 2165  1956 2037  2037 2166  2166 2167  2167 2168  2168 2169  1039 2170  1039 2171  2172 2173  2172 2174  1558 2170  1549 2173  2175 2176  2175 2177  2176 2178  1558 2179  1559 2179  2179 2180  1558 1559  2156 2181  2171 2181  2171 2177  2171 2182  2182 2183  2182 2184  2185 2186  2185 2187  2185 2188  421 2189  357 2189  357 2190  1972 2191  2191 2192  1971 1972  916 2193  2193 2194  2193 2195  1971 1977  916 1971  916 1978  917 2194  917 2196  917 2197  2194 2195  2194 2198  2196 2199  898 2197  10 898  2195 2200  10 296  10 2201  296 2202  1049 2203  2204 2205  2204 2206  1056 2207  1086 2208  2208 2209  2208 2210  1086 2211  384 1052  1118 2212  2212 2213  1079 1081  1079 1192  1079 2214  1081 2215  1081 2216  368 1062  368 2215  1189 2215  2186 2217  2186 2218  2186 2219  1066 2220  2221 2222  2221 2223  2217 2224  376 2225  2225 2226  376 2227  2228 2229  2228 2230  1069 2178  1069 2231  1069 2232  2178 2233  2178 2234  1023 2231  1023 1071  1071 2231  1071 2235  317 2236  317 2237  2238 2239  2238 2240  556 2241  2241 2242  556 2243  2243 2244  385 2245  2242 2245  2245 2246  2247 2248  2247 2249  2250 2251  2250 2252  2251 2253  1078 2254  1078 2255  2211 2254  1084 2255  409 2256  410 1087  2209 2257  2258 2259  2258 2260  2261 2262  2261 2263  1094 1100  1094 2264  1094 2265  416 1100  416 2266  416 2267  1111 2268  2269 2270  2269 2271  2269 2272  2273 2274  2273 2275  2274 2276  2277 2278  2277 2279  2275 2280  145 1106  145 2280  2280 2281  145 2282  2283 2284  2283 2285  1194 2286  1194 2287  2284 2286  2284 2288  2286 2289  430 2290  2288 2290  1055 2213  1121 1183  1121 2291  1183 2292  2291 2293  2292 2294  2293 2295  2294 2296  265 2295  703 2297  2297 2298  2298 2299  2299 2300  2301 2302  2301 2303  1792 2304  2305 2306  2305 2307  2306 2308  2308 2309  2306 2310  2306 2311  1125 2312  2312 2313  2314 2315  2314 2316  2315 2317  2317 2318  782 2319  2319 2320  2319 2321  2307 2322  2322 2323  2304 2320  2324 2325  2324 2326  2325 2327  2325 2328  101 2329  2329 2330  101 2326  2327 2331  2330 2332  2328 2333  2333 2334  2328 2335  2336 2337  2336 2338  2336 2339  1137 2340  1496 2341  2341 2342  2341 2343  597 2342  2342 2344  1138 2344  1145 2345  2340 2346  2346 2347  2347 2348  451 663  663 2349  188 2350  1349 2351  2351 2352  2348 2352  2352 2353  2354 2355  2354 2356  1338 2357  2358 2359  2358 2360  2353 2355  2353 2361  2355 2362  2355 2363  2359 2364  2364 2365  2366 2367  2366 2368  1335 2369  2367 2370  2370 2371  1332 2372  2373 2374  2373 2375  1492 2375  2374 2376  2376 2377  2378 2379  2378 2380  2379 2381  2381 2382  2382 2383  624 1173  1175 2384  1360 1362  1179 2385  1362 2386  2385 2386  1357 1363  1363 2387  2387 2388  1363 1364  2389 2390  2389 2391  1364 2390  1364 2392  2390 2393  2392 2393  2393 2394  2395 2396  2395 2397  2396 2398  2396 2399  2398 2400  2289 2401  2401 2402  2403 2404  2403 2405  2404 2406  2406 2407  2405 2408  1077 2409  1077 2410  1205 2411  2411 2412  2412 2413  1211 2414  2414 2415  2414 2416  1226 2417  1803 2418  1990 2419  2419 2420  2420 2421  2421 2422  2423 2424  2423 2425  1228 2426  2424 2427  2424 2428  2426 2427  630 1986  1986 2429  2426 2430  1455 2431  2431 2432  2433 2434  2433 2435  2434 2436  1445 2436  1445 2437  1445 2438  1235 2437  346 2439  2440 2441  2440 2442  2443 2444  2443 2445  2441 2446  1306 2446  2446 2447  2446 2448  1306 2449  174 560  2134 2450  2136 2450  2451 2452  2451 2453  576 2454  2454 2455  2136 2456  460 2457  1320 2458  1319 2455  594 2459  2459 2460  2461 2462  2461 2463  1345 2464  2465 2466  505 2465  2466 2467  237 505  237 2468  2460 2469  1475 2468  2462 2470  2467 2471  2471 2472  1247 2473  2473 2474  687 2474  1707 1710  1706 2475  2475 2476  512 2477  512 1263  512 2478  2477 2479  2478 2480  2210 2479  2262 2479  1090 2481  2257 2262  2262 2482  2229 2483  2229 2481  2229 2484  394 2483  2483 2485  2483 2486  394 2481  2482 2487  2488 2489  2488 2490  2491 2492  2491 2493  2492 2494  2489 2495  2495 2496  2444 2490  2444 2497  2444 2498  2497 2499  2494 2498  2494 2500  541 2501  541 2502  2503 2504  2503 2505  2504 2506  93 520  93 2507  557 2508  2508 2509  2508 2510  2509 2511  2510 2512  2510 2513  2501 2514  2512 2515  1272 2516  314 2516  1275 2517  2517 2518  1275 2519  2519 2520  1272 1275  342 2493  2520 2521  524 2518  1254 2522  2522 2523  342 2523  2521 2524  2524 2525  342 2521  2521 2526  736 2527  484 2527  2059 2528  306 2529  2528 2529  1278 2530  1278 2531  2530 2532  2533 2534  2533 2535  2531 2536  1209 2537  2537 2538  1209 2539  2415 2540  2415 2541  2539 2542  140 2542  2539 2540  2540 2543  2541 2544  140 166  140 2543  1158 2545  2544 2545  2546 2547  1003 2546  2547 2548  526 2549  2549 2550  2551 2552  2551 2553  1014 2554  1003 2555  1696 2556  2556 2557  2557 2558  2552 2559  2559 2560  2132 2561  2560 2562  1295 2563  2564 2565  2564 2566  438 2567  438 2568  438 2569  1018 2567  2568 2570  1576 2571  1579 2570  1579 2571  2570 2572  1018 2573  949 2573  950 2571  940 1011  940 1008  940 941  1008 2574  949 950  941 950  1206 2575  534 2575  163 2576  2143 2577  2577 2578  2149 2150  2149 2578  2148 2149  2579 2580  2579 2581  2580 2582  2580 2583  2582 2584  2585 2586  2585 2587  1321 2588  2586 2588  2588 2589  281 2589  2588 2590  2590 2591  281 2592  2592 2593  2592 2594  2534 2595  2534 2596  2597 2598  2597 2599  1167 2600  2600 2601  2371 2602  2602 2603  2603 2604  2605 2606  2605 2607  2608 2609  2608 2610  2609 2611  2606 2612  2356 2613  1336 2356  2613 2614  2613 2615  1344 2614  2615 2616  2616 2617  2615 2618  2615 2619  2618 2620  2621 2622  2621 2623  2622 2624  1344 2625  2625 2626  1344 2627  2624 2628  2624 2629  2627 2630  2630 2631  2631 2632  2612 2633  2633 2634  2611 2628  2628 2635  2635 2636  2636 2637  1671 2638  1671 2639  2638 2640  2638 2641  2642 2643  2642 2644  1865 2643  286 2645  1865 2646  2645 2647  2646 2648  2647 2649  2648 2649  2649 2650  2639 2651  2639 2652  2639 2653  2651 2654  1672 2655  287 2656  287 2657  287 2658  2656 2659  2659 2660  2640 2661  2662 2663  2662 2664  2665 2666  2665 2667  1351 2668  1351 2669  2666 2670  2671 2672  2671 2673  2672 2674  2673 2675  246 2675  246 2676  246 1598  2676 2677  1595 2678  2678 2679  1595 1598  1595 2680  1598 2681  1473 2682  2682 2683  1473 2684  2684 2685  1473 1476  2686 2687  2686 2688  2686 2689  1420 2690  2690 2691  1260 2692  1402 2693  2692 2694  485 2694  1708 2695  1708 2476  2695 2696  1425 2696  1428 1430  2697 2698  1405 2697  2698 2699  1242 1244  1245 2700  2700 2701  1486 2701  686 1245  686 1244  1244 1245  2702 2703  2702 2704  2702 2705  1596 2703  2704 2706  1597 1600  1597 2707  2707 2708  668 2709  2709 2710  212 2710  1434 2711  1214 1217  1214 2712  2713 2714  2713 2715  1217 2716  2714 2716  1217 1222  1222 2717  2717 2718  1655 1656  1655 2719  1656 2720  1656 1658  1658 2720  2720 2721  1658 2722  2723 2724  2723 2725  2724 2726  2724 2727  2725 2728  2729 2730  1868 2729  2730 2731  743 2732  743 2733  1868 2734  2734 2735  2734 2736  2732 2737  263 1437  1437 1442  1229 2738  2738 2739  2738 2740  2739 2741  1452 2742  2742 2743  702 1451  632 2744  2744 2745  2744 2746  698 2747  2747 2748  632 2748  632 1457  2007 2749  2007 2750  2012 2751  2751 2752  2089 2091  2745 2753  2745 2754  2091 2755  2755 2756  2757 2758  2757 2759  2758 2760  2760 2761  2762 2763  2762 2764  2763 2765  2765 2766  1649 2766  2767 2768  2767 2769  2770 2771  2770 2772  2768 2773  2773 2774  2428 2775  2428 2776  2775 2777  2435 2776  1453 2778  1467 2779  2779 2780  785 2781  2782 2783  2782 2784  1468 2785  2785 2786  2786 2787  2786 2788  323 2787  2789 2790  2789 2791  2780 2790  2349 2792  665 2380  472 1176  189 1497  189 1494  1944 2793  2793 2794  2794 2795  2343 2796  595 2797  2472 2797  595 1495  595 1498  2798 2799  2798 2800  2799 2801  2800 2802  2802 2803  2803 2804  1906 2805  1505 2806  2806 2807  2807 2808  1894 1895  1894 2809  1895 2810  2810 2811  2812 2813  2812 2814  1233 2815  2813 2816  1236 2817  2815 2817  2816 2818  1237 2819  798 2819  2819 2820  2817 2821  1891 2821  798 2821  2814 2822  1232 2822  1232 2823  643 2823  2824 2825  2824 2826  1517 2825  2827 2828  2827 2829  2119 2830  714 2831  2831 2832  2833 2834  2833 2835  2836 2837  2836 2838  1130 2839  2840 2841  2840 2842  1757 2843  2300 2844  1530 2845  707 2846  1883 2847  2847 2848  1874 2849  2849 2850  2851 2852  2851 2853  1876 2854  2855 2856  2855 2857  2858 2859  2856 2858  2858 2860  2859 2861  1993 2862  2861 2863  2856 2862  2788 2864  2846 2865  2865 2866  2867 2868  2867 2869  2860 2868  2860 2870  2870 2871  1527 2845  2845 2872  2872 2873  1570 2874  2874 2875  2876 2877  2876 2878  2877 2879  1775 2880  1775 2881  1775 2882  2880 2883  2883 2884  2879 2885  2881 2886  2885 2886  2886 2887  2124 2126  2888 2889  2888 2890  2888 2891  2889 2892  2892 2893  2893 2894  1572 2895  1572 2896  2834 2897  2897 2898  2898 2899  2900 2901  2900 2902  1577 2901  2902 2903  2902 2904  1759 2841  2125 2905  2905 2906  1122 2907  2907 2908  2302 2908  2909 2910  2909 2911  2912 2913  2912 2914  1591 2043  2043 2915  910 2916  2916 2917  2918 2919  2918 2920  1601 2921  2708 2921  2922 2923  2922 2924  2708 2925  2925 2926  2925 2927  2925 2928  1608 2929  2929 2930  2930 2931  2931 2932  2933 2934  2933 2935  1619 2936  2936 2937  2936 2938  2937 2939  2939 2940  2939 2941  2940 2942  2942 2943  1622 2944  1623 2945  2946 2947  2946 2948  2949 2950  2949 2951  2950 2952  2953 2954  2953 2955  2954 2956  2957 2958  2957 2959  2958 2960  2959 2961  2962 2963  2962 2964  1653 1657  1657 2965  1657 2966  1660 2967  1660 2968  1223 2969  2969 2970  1221 2971  2971 2972  1667 2973  2973 2974  256 2974  256 2975  2974 2976  2975 2977  2975 2978  2977 2979  2979 2980  2978 2981  2980 2982  828 2983  2983 2984  2984 2985  1690 1711  2334 2986  2986 2987  2335 2337  1698 2338  1768 2988  1772 2989  2989 2990  775 2991  2988 2992  2991 2993  1537 2993  2992 2994  2903 2994  1724 1774  1724 2995  1774 2878  2878 2996  2890 2997  2998 2999  2998 3000  1589 3001  1589 3002  1589 3003  2999 3001  1725 3002  2882 2996  2882 3004  1769 3004  1528 3004  1528 1725  3005 3006  3005 3007  1736 3008  214 3006  1740 3009  1740 3010  1734 1744  1744 3011  441 3011  1737 3012  441 3013  3012 3014  2743 3014  2116 3015  767 3016  3016 3017  1746 3018  3017 3019  1022 3020  3020 3021  3019 3021  2869 3021  3021 3022  1777 3023  3023 3024  3024 3025  2316 3026  769 3027  816 3028  3029 3030  3029 3031  3030 3032  3032 3033  2063 3034  3035 3036  750 3035  1752 1901  1901 3036  750 1126  1126 3037  932 3038  3037 3039  3034 3040  3040 3041  3034 3042  2067 2068  3038 3043  3042 3043  3038 3044  3038 3045  2068 3042  2309 3046  2068 3044  3039 3046  3039 3045  3047 3048  3047 3049  3050 3051  3050 3052  745 3051  3053 3054  3053 3055  3054 3056  746 3056  1781 3057  2313 3058  1778 3058  3058 3059  2313 3060  1778 3055  3055 3061  1779 3062  1810 2332  2332 3063  3063 3064  3063 3065  3064 3066  2828 3067  3067 3068  3066 3069  3070 3071  3070 3072  3071 3073  3073 3074  3074 3075  218 1833  2781 3076  2791 3077  3077 3078  3078 3079  2397 3080  3080 3081  3079 3082  2731 2976  2976 3083  1202 3084  3083 3085  881 3085  2034 3086  3086 3087  1863 3088  3088 3089  1887 3090  478 1888  2318 3091  3052 3092  3048 3093  3094 3095  3094 3096  3097 3098  3097 3099  3100 3101  3100 3102  3101 3103  3092 3093  3093 3104  2321 3104  3095 3103  3091 3098  3091 3102  3091 3105  3106 3107  3106 3108  3107 3109  1899 3110  3110 3111  3111 3112  3113 3114  3113 3115  3116 3117  3116 3118  3116 3119  1800 3117  3120 3121  3120 3122  1816 3096  3121 3123  3121 3124  3108 3123  3096 3123  3096 3108  3108 3125  1665 3124  1819 3125  1817 3126  3126 3127  3127 3128  3128 3129  1897 3129  1127 3130  1684 3130  1684 3131  3131 3132  3132 3133  1903 3134  3133 3134  2967 3135  3135 3136  2968 2970  3137 3138  3137 3139  3138 3140  1908 1911  1909 3141  2722 3141  3142 3143  3142 3144  3145 3146  3145 3147  2712 3148  2719 3146  2719 3143  3149 3150  3149 3151  756 3152  3150 3153  3153 3154  3152 3155  2109 3156  3156 3157  3158 3159  3158 3160  3161 3162  1932 3161  3159 3162  3159 3163  3160 3164  3163 3165  1932 1933  1930 3166  759 3167  3168 3169  3168 3170  3122 3171  3171 3172  3122 3173  3172 3174  3175 3176  3175 3177  3174 3176  3176 3178  747 3173  1904 3177  1946 3179  3179 3180  3180 3181  839 3181  3182 3183  3182 3184  3183 3185  3186 3187  3186 3188  3185 3189  2795 3190  3190 3191  846 3189  2795 3187  2699 3187  846 3191  2207 2409  2207 3192  2205 2207  850 3193  1984 3193  854 3194  1984 3195  796 3195  3194 3196  1882 3195  1882 3197  3197 3198  886 3198  3196 3199  887 3200  3200 3201  3199 3202  791 3201  1443 3202  853 1948  853 3203  853 3204  3205 3206  3205 3207  1397 3206  2391 3208  1394 1397  424 1394  424 3203  1979 3209  1979 3210  3209 3211  3212 3213  3212 3214  2082 3213  3213 3215  1974 2082  3216 3217  3216 3218  3217 3219  3217 3220  3217 3221  3219 3222  1987 3220  1987 3223  2425 3224  3222 3224  3225 3226  3225 3227  879 3214  3228 3229  3228 3230  2022 3229  3215 3231  3231 3232  2083 3233  3233 3234  3232 3235  2020 3236  2020 3237  3236 3238  1650 1996  1644 1650  2422 3237  2422 3239  2422 3240  3237 3239  3239 3241  3239 3242  3240 3243  3244 3245  3244 3246  2071 3247  2071 3248  3247 3249  3250 3251  3250 3252  2032 3253  865 3254  3254 3255  1872 3255  3028 3256  3256 3257  2864 3258  3258 3259  979 3260  3260 3261  3261 3262  1410 2102  3263 3264  3263 3265  3264 3266  3266 3267  1408 3265  3267 3268  1920 3269  3269 3270  203 3271  2103 3271  2099 3270  2456 3272  2456 3273  3272 3274  980 3275  2106 3275  3275 3276  1692 3277  3277 3278  3278 3279  2110 3279  1307 3280  3280 3281  2127 3282  3282 3283  2127 2548  2526 3284  3284 3285  1027 3285  3283 3286  952 3287  952 3288  2065 3287  3288 3289  2069 3286  2525 3290  2065 3291  3290 3291  3289 3292  3292 3293  3112 3294  3294 3295  3296 3297  3296 3298  3281 3297  3151 3299  228 3300  2894 3300  554 3301  3301 3302  3303 3304  3303 3305  554 3306  3302 3307  3302 3308  176 3309  185 3309  176 3310  1036 3310  2153 3311  3311 3312  2804 3312  568 2151  1061 3313  3313 3314  1994 2180  1994 3022  2180 3315  3022 3315  3022 3316  3315 3317  2073 3316  2233 3317  2232 2233  2233 3318  2226 3319  2239 3319  2183 2226  2183 2184  2234 2239  2239 3320  379 2230  2218 3320  2218 3321  379 2184  3322 3323  3322 3324  3323 3325  3325 3326  3327 3328  3327 3329  2198 3330  2051 3331  3332 3333  3332 3334  1196 3335  3333 3336  3336 3337  1047 3337  3337 3338  3338 3339  2203 3340  2206 3340  2206 3339  3339 3341  2253 3342  3343 3344  3343 3345  1063 3344  1063 1064  2214 2216  1064 2216  3345 3346  3346 3347  1264 3348  1264 2246  1264 3349  2252 3348  2248 2252  1155 2252  2248 3350  3349 3351  3351 3352  3349 3353  3350 3354  538 3352  1153 3353  141 538  538 1148  141 3355  3354 3355  1148 1153  2266 3356  2266 3357  2388 3358  2268 3359  3359 3360  2407 3361  1112 3361  1112 3362  1112 3363  2607 3362  3363 3364  2610 3364  2285 3364  3364 3365  1340 2610  1340 2285  3366 3367  3366 3368  2259 2263  2259 3367  3369 3370  1152 3369  3371 3372  3371 3373  2287 3370  1152 1154  545 1154  1154 3372  2887 3374  1564 3374  1723 3375  1750 3375  2303 3376  3376 3377  3377 3378  3378 3379  3379 3380  2331 3381  3381 3382  2987 3383  3383 3384  3385 3386  3385 3387  3384 3388  102 3389  3389 3390  3068 3390  3382 3391  3391 3392  3392 3393  1835 3393  2350 3394  2360 3394  2357 3395  2365 3395  2361 2365  2361 3396  2368 3397  2368 3398  2369 3399  2369 3400  3397 3399  3401 3402  3401 3403  3402 3404  3081 3405  1879 3405  1875 3406  3406 3407  3408 3409  3408 3410  3409 3411  3341 3410  3341 3342  2410 3412  3412 3413  3413 3414  2447 3415  461 3416  461 3417  2448 3416  2452 3416  611 2413  611 3418  611 3419  2413 3420  2377 3420  3421 3422  3421 3423  3422 3424  3425 3426  3425 3427  3426 3428  1304 3429  3415 3430  463 3430  1285 3431  462 3428  463 3417  3429 3431  3432 3433  3432 3434  1212 3433  2581 3435  563 3435  3436 3437  3436 3438  3437 3439  3439 3440  563 570  563 3441  570 1287  1287 3441  1286 3441  1287 3442  3434 3442  3438 3443  476 3443  476 3444  2801 3445  2593 3444  2594 3445  2715 3446  3446 3447  3448 3449  3448 3450  1884 3451  3451 3452  3449 3453  1884 3454  3454 3455  3454 3456  2972 3453  3452 3453  3061 3457  3455 3457  3450 3458  3458 3459  1988 3223  637 3460  2027 3460  1988 3461  1447 1988  637 3461  2442 3462  3462 3463  2442 3464  2565 3465  3465 3466  529 3467  2576 3468  2505 3466  2505 3469  3467 3470  3468 3471  3472 3473  2449 3472  3470 3471  2507 3474  3473 3475  2449 3470  3474 3476  3474 3477  3478 3479  3478 3480  1342 3481  1342 3482  1479 3481  1479 3483  3482 3484  2463 3485  592 3483  592 3485  592 1350  3486 3487  1350 3486  3487 3488  3479 3489  3479 3490  1350 3489  655 3491  655 3492  2685 3493  3494 3495  3494 3496  1251 3497  3497 3498  1343 3499  2224 2484  2484 3500  2484 3501  2224 3502  3503 3504  3503 3505  2487 3506  2487 3507  3506 3508  1098 3509  3509 3510  2256 3508  3500 3511  1088 3512  1088 1091  425 3512  3513 3514  3513 3515  422 3514  417 2270  422 2270  2270 3516  422 425  2506 3517  3502 3518  2222 3519  3519 3520  3519 3521  3519 3522  2222 3523  3524 3525  3524 3526  3525 3527  2227 3523  3528 3529  3528 3530  94 2227  94 3531  2227 3532  2513 3526  2513 3529  513 2513  3529 3533  3533 3534  513 3531  2480 2485  3501 3530  2485 3501  2486 3532  2496 3535  3520 3535  3520 3536  3520 3521  2220 3536  3518 3536  3517 3521  3517 3537  2219 2220  3537 3538  3518 3539  2187 2219  3540 3541  3540 3542  206 3543  3543 3544  3543 3545  1266 3546  1266 3547  581 3548  3548 3549  3544 3546  3550 3551  3550 3552  2502 3553  3554 3555  3554 3556  3555 3557  3553 3558  3557 3559  588 3560  3560 3561  1284 2536  1284 3562  1284 3563  2536 2538  2536 2595  2538 3476  2511 3476  3476 3564  2538 3565  2595 3562  3562 3566  3566 3567  3562 3568  539 3565  3565 3569  3549 3570  3549 3571  3549 3572  539 2511  539 3573  2511 2514  3573 3574  3574 3575  2598 3576  3569 3576  3570 3577  3578 3579  3578 3580  3558 3581  3551 3575  2532 3582  2532 2535  2416 3582  2555 3583  3583 3584  2439 3585  2554 3586  530 2555  530 3587  2555 3586  3464 3587  3464 3585  2453 3588  3588 3589  2558 2562  2561 2562  2562 3590  3591 3592  3591 3593  3590 3592  3157 3594  3594 3595  3595 3596  3595 3597  2563 3598  3598 3599  521 3599  521 3600  95 3600  95 437  95 3527  2223 3601  439 3601  439 2569  3522 3602  2566 3602  1005 1290  1005 2566  1005 3603  3603 3604  3604 3605  2574 3605  2583 3606  2584 3607  3307 3607  1309 3608  579 3609  3609 3610  3610 3611  338 2591  3612 3613  3612 3614  3613 3615  1326 1330  3614 3616  3616 3617  1503 3618  1326 3619  3617 3620  681 3620  3621 3622  3400 3621  3618 3623  2372 3619  1490 3622  3398 3623  681 1490  2372 3398  2372 3624  3423 3625  3625 3626  3404 3626  3626 3627  3628 3629  3556 3628  2604 3629  1159 3630  1149 3630  589 1149  1149 3631  3556 3630  2345 3631  2632 3632  2271 2281  414 3632  22 414  22 3633  22 2281  2281 3633  3633 3634  1353 3635  2668 3636  1353 3636  2644 3637  3637 3638  2644 2663  2663 3639  2644 2652  3639 3640  3641 3642  3641 3643  3641 3644  2654 3645  3646 3647  3646 3648  2737 3649  3649 3650  2737 3645  3645 3651  1673 2653  2735 2737  2736 3651  1673 3651  1673 3647  3652 3653  3652 3654  196 658  196 3655  3491 3495  656 3655  3653 3655  3655 3656  3653 3657  3211 3658  3211 3659  3210 3660  2661 3661  2661 3662  2661 3663  3661 3664  3658 3664  1969 3665  3660 3666  3660 3665  2655 3666  2657 3665  2664 3662  288 3667  3667 3668  3668 3669  2670 3670  283 3671  1952 3671  283 3672  3670 3672  3673 3674  3673 3675  3674 3676  3676 3677  3678 3679  3678 3680  3679 3681  3679 3682  3683 3684  3683 3685  3684 3686  2677 3686  728 2677  2677 3687  619 3688  3689 3690  3689 3691  3675 3692  3693 3694  3693 3695  3693 3696  3694 3697  3694 3698  3697 3699  2926 3700  2944 3700  2679 3701  1143 3702  2057 3703  298 3703  252 733  252 3704  3704 3705  3706 3707  3706 3708  3707 3709  3710 3711  3710 3712  3710 3713  3711 3714  3711 3715  3712 3716  2938 3717  3717 3718  1435 3719  3702 3720  3719 3720  3721 3722  3721 3723  3722 3724  3724 3725  2711 3725  3726 3727  3726 3728  2726 3729  2727 3730  3730 3731  3730 3732  1910 3727  1910 3731  3732 3733  3733 3734  3734 3735  812 3736  3736 3737  3736 3738  799 3737  810 3738  3090 3739  3739 3740  2759 3741  291 3742  3742 3743  3743 3744  3741 3744  3745 3746  2753 3745  3745 3747  3745 3748  1448 3746  635 3749  635 2023  635 3750  1448 3749  1448 2746  2753 3751  3751 3752  2746 2753  2023 3230  3230 3753  3750 3754  2097 3755  3752 3755  3753 3756  3754 3757  3757 3758  3758 3759  2006 2749  2749 2752  3747 3756  2017 2752  2752 2756  3756 3760  2086 3761  3761 3762  2075 3763  2771 3764  3764 3765  2438 2774  2438 3765  2438 3766  2430 2772  640 3767  2769 3767  2764 2777  2754 3768  2754 3748  3768 3769  3769 3770  2750 3748  2429 3771  3771 3772  3771 3773  3771 3774  1989 3775  3775 3776  1458 3772  3777 3778  3777 3779  3778 3780  3218 3780  1675 3218  3218 3781  3779 3782  3783 3784  3783 3785  3784 3786  3782 3786  2030 3785  2796 3787  3787 3788  3788 3789  1614 3789  824 3790  3791 3792  3791 3793  3794 3795  1215 3796  3144 3796  1215 3795  2805 3795  1892 3797  3797 3798  800 3799  3139 3800  3139 3801  779 3802  1521 3802  1842 1847  3770 3803  2761 3803  3803 3804  1522 3804  2826 3805  3805 3806  1832 3806  1843 3807  3807 3808  3809 3810  3809 3811  3812 3813  3812 3814  3813 3815  2832 3816  2832 3817  2842 3818  3818 3819  3820 3821  3820 3822  2842 2843  3298 3821  2550 3823  2553 3824  3823 3824  2835 3823  3824 3825  1532 2835  2835 3826  3825 3827  1532 3825  3827 3828  1761 3828  3015 3829  442 3830  3830 3831  3832 3833  3832 3834  2852 3835  2400 3835  2850 2854  2400 3836  2854 3407  2399 3082  3407 3836  869 3837  3007 3837  3829 3838  3018 3829  3838 3839  864 3840  3840 3841  2863 3841  3833 3842  3842 3843  3839 3843  2857 3844  2866 3844  2871 3845  3845 3846  3846 3847  266 710  266 3848  710 3847  2848 2853  2853 3849  2853 3850  3848 3849  3851 3852  3850 3851  2844 3852  2844 2873  2891 3000  2875 2891  2875 3853  2875 3854  2884 3854  1669 3855  3856 3857  3856 3858  3859 3860  3859 3861  3859 3862  606 3863  1380 3860  3863 3864  3860 3865  3866 3867  3866 3868  3867 3869  3861 3865  3861 3870  3861 3871  3642 3870  3870 3872  3656 3864  1385 3873  3873 3874  3875 3876  3875 3877  3875 3878  2919 3879  3879 3880  3876 3881  2932 3882  2932 3883  3884 3885  3884 3886  3887 3888  3887 3889  3857 3890  3891 3892  3891 3893  2910 2913  2913 3894  3894 3895  3888 3896  3897 3898  3897 3899  3898 3900  3895 3901  3895 3902  3901 3903  2687 3904  3904 3905  3902 3906  3907 3908  3907 3909  2687 3910  2687 3911  3496 3910  3906 3912  3908 3913  3913 3914  3499 3915  3915 3916  3911 3916  3493 3911  3498 3914  3716 3917  3716 3918  3716 3919  3920 3921  3920 3922  3921 3923  3917 3924  3924 3925  3708 3926  3926 3927  722 2917  722 1599  2917 3928  2681 3929  3928 3930  3929 3931  3929 3932  2927 3933  3934 3935  3934 3936  2923 3937  2924 2947  2928 3938  3938 3939  3939 3940  3940 3941  3941 3942  3943 3944  3943 3945  3241 3946  3242 3947  3947 3948  786 3948  786 3949  3950 3951  3950 3952  3950 3953  1997 3954  1997 3955  2945 3956  3956 3957  3958 3959  3958 3960  3959 3961  3959 3962  3963 3964  3963 3965  1620 3966  3957 3967  3680 3968  3681 3969  3969 3970  3970 3971  3971 3972  1621 3973  3967 3973  3974 3975  3974 3976  3975 3977  1626 3978  2955 3979  3740 3980  803 3979  803 2820  2820 3980  2019 2961  2019 3981  2019 3982  2961 3981  2961 3983  3981 3984  3982 3985  3984 3986  3986 3987  3985 3988  2013 3988  1647 3983  3989 3990  3989 3991  1647 3990  2013 3992  3992 3993  2013 3994  3994 3995  1666 3996  1666 3997  3996 3998  3049 3998  3998 3999  3999 4000  858 4001  4001 4002  3076 4003  4003 4004  4004 4005  4005 4006  2985 4007  4007 4008  2948 3964  1631 4008  975 4009  1705 4009  1898 4010  1713 4010  2990 4011  2899 4011  2990 4012  4013 4014  4013 4015  2895 4016  2117 4017  4014 4018  2896 4019  4019 4020  4019 4021  4017 4018  4020 4022  4018 4022  2572 4022  4023 4024  1580 4023  4024 4025  4012 4025  3008 3009  4026 4027  1511 4026  3031 3041  4027 4028  1511 1796  1789 4029  1513 4029  1789 1796  1789 4030  3041 4030  3041 4031  3010 4028  1755 4031  4031 4032  4031 4033  770 2904  2904 3010  1513 4034  4034 4035  4034 4036  1745 4037  4037 4038  4038 4039  4039 4040  3025 4041  4040 4041  4040 4042  1719 4042  1753 4043  1699 1758  4043 4044  3105 4044  1758 4045  4045 4046  3026 4047  2323 4047  1514 1516  1508 1516  1514 2323  1514 4048  3027 4049  4049 4050  1508 2323  1508 4050  1790 2310  4032 4035  4046 4048  4032 4033  4036 4048  4033 4051  819 4051  1762 4051  1783 4052  753 4052  1801 4053  4053 4054  1801 4055  4055 4056  4055 4057  1801 4058  4058 4059  4059 4060  4061 4062  4061 4063  2093 4064  4064 4065  4062 4066  2956 3987  3987 4067  3987 4068  4067 4069  4069 4070  4071 4072  4071 4073  3459 4074  4074 4075  3059 4063  3059 4076  4076 4077  3459 4078  4078 4079  1786 4075  1786 4080  4080 4081  4082 4083  4082 4084  4082 4085  4082 4086  2418 4083  4083 4087  4083 4088  4087 4089  4090 4091  3062 4090  1683 4091  3062 4092  4092 4093  4070 4089  4094 4095  4094 4096  4094 4097  3065 3099  3065 4098  3099 4099  4098 4100  4099 4101  1820 4102  3109 4101  4103 4104  4103 4105  4104 4106  2829 4106  1854 4107  4107 4108  1857 3084  3084 4108  3084 4109  4110 4111  4110 4112  1869 4111  2658 4112  1860 4113  4113 4114  1880 4114  3249 3253  3249 4115  4115 4116  3249 3251  4116 4117  3251 4118  3089 4119  4119 4120  3089 4117  4121 4122  4122 4123  4123 4124  3148 4125  3728 4125  3140 4126  4126 4127  4127 4128  4129 4130  4129 4131  4130 4132  4132 4133  2808 4131  3268 4134  1934 4134  3596 4135  4135 4136  4137 4138  4137 4139  4138 4140  3169 4140  3165 4139  3997 4141  4000 4142  4141 4143  4143 4144  2965 4145  4142 4144  4144 4145  2963 4142  3178 4146  690 4147  3792 4148  4148 4149  3792 4150  4150 4151  4151 4152  4152 4153  4153 4154  4155 4156  4155 4157  1939 1940  2943 4156  4158 4159  4158 4160  4159 4161  4157 4161  1617 4157  1617 1940  1617 1936  284 4162  3207 4163  2394 4163  2264 3356  4164 4165  4164 4166  3356 4165  4165 4167  1949 4166  3208 4167  2265 4168  3360 4169  1162 4168  4168 4169  2042 4170  2915 4171  4170 4172  4172 4173  4172 4174  2039 2044  3245 4173  2039 3245  3930 4175  3951 4176  4176 4177  3951 4178  2934 4179  2934 3952  2934 4180  3246 4179  4179 4181  3952 4182  4181 4183  3238 4184  3946 4185  3993 4186  3995 4187  3248 4188  4188 4189  3248 4190  3235 4190  2074 4190  4189 4191  3235 3759  3234 3235  3252 4192  4192 4193  964 4191  964 4194  2074 2080  4191 4193  2078 4194  3760 3762  3234 3762  3762 3763  2090 4195  2094 4195  1793 4196  1794 2090  1794 2092  2090 2092  2092 4197  2098 4198  2096 2098  4196 4199  2094 2096  3257 4198  3033 4199  2096 4199  4200 4201  4200 4202  4201 4203  3013 4203  4202 4204  4204 4205  1416 1417  4206 4207  4206 4208  2060 4209  4209 4210  4211 4212  4211 4213  4210 4212  3293 4214  4214 4215  3584 4215  3276 3589  3276 4216  3276 4217  3295 4218  4217 4218  4213 4216  3299 4219  4220 4221  4220 4222  3155 4221  3304 4223  4223 4224  4225 4226  4225 4227  4224 4226  4226 4228  2138 3305  2138 4229  4229 4230  1073 2139  1073 1076  1073 4231  3314 4232  4232 4233  3347 4233  2296 4234  1561 4234  1184 3347  4235 4236  4235 4237  4236 4238  4237 4239  2165 3326  3326 4240  365 1958  365 4241  1958 4242  4239 4241  363 4243  363 4244  2192 4245  2202 4243  2200 2202  4242 4245  3328 4246  4246 4247  498 3328  3328 4248  4247 4249  3330 4247  4247 4250  1042 4248  2199 4249  499 4251  499 897  4251 4252  310 4252  897 2199  895 897  2199 4253  502 895  895 906  906 4253  2050 4254  3331 4254  2052 4255  2235 2236  2235 4256  1067 4256  2235 2240  2055 4255  3334 4257  3334 4258  3335 4257  2402 2408  2408 4259  1195 2402  1195 2260  1195 4258  2260 4258  400 411  400 412  411 412  412 443  1101 4259  1101 4260  443 4260  3357 4261  2267 4262  2272 2276  2276 4263  2272 4262  4264 4265  4264 4266  1180 4265  1180 4267  2278 4266  4268 4269  4268 4270  4268 4271  4269 4272  4269 4273  4270 4274  3386 4275  2339 4275  3154 4276  2339 4276  2837 3819  3819 4277  4277 4278  2619 4279  4279 4280  4280 4281  2362 3396  2362 2363  2363 2617  2617 4282  4282 4283  2623 4283  2634 4283  128 2383  3403 4284  4284 4285  2384 4285  3418 4286  3262 4286  4286 4287  3418 4288  4288 4289  2445 4290  2445 4291  4290 4292  3427 4289  3424 4293  3567 3571  3567 4294  3568 4293  1484 3419  1484 1487  3419 4295  4287 4295  4287 4296  4287 4291  1488 4296  3440 4297  3469 3477  2499 3463  2499 4292  2499 4298  3541 4298  3475 3563  3475 3477  3563 3564  3564 4299  3541 3572  3541 4300  4294 4301  3572 4301  3534 4299  3534 4302  3579 4302  4302 4303  3488 4304  3488 4305  2792 4306  4307 4308  4307 4309  4308 4310  1109 4311  125 4311  659 1109  659 4312  1109 1110  1110 4313  4313 4314  1110 4310  125 4312  4315 4316  3492 4315  3484 4316  4304 4317  4317 4318  3492 4318  3490 4319  4319 4320  2470 4321  4306 4322  2515 4323  4323 4324  4324 4325  3511 4326  542 4327  4327 4328  3368 3373  4325 4329  3368 4328  3368 4330  4330 4331  3504 4332  3504 4329  3515 4332  3515 3516  4326 4329  4329 4333  4333 4334  3507 3510  4331 4335  3365 4335  3507 4331  4334 4336  2637 4336  3539 4337  3539 4338  3538 4337  3505 4338  3538 4339  1267 3547  1267 4340  4303 4341  4303 4342  3547 4341  3547 4343  2500 4344  4344 4345  2500 3542  4345 4346  4342 4343  4339 4342  4339 4347  500 4346  4340 4346  4300 4347  3561 4348  2629 4348  2629 4349  2629 4350  4349 4351  3559 4352  3580 3581  4351 4353  4351 4354  2601 4350  2601 4352  3552 4355  3545 3580  3545 4353  3580 4356  4353 4356  3577 4356  3577 3615  3615 4354  1331 3615  1327 4354  1331 4355  1327 1331  3164 4357  4357 4358  4358 4359  2599 4360  4360 4361  2596 4362  3627 4363  4363 4364  4362 4365  4364 4365  3638 4366  4366 4367  1378 3874  1377 1378  601 1378  1399 4367  2669 4368  2667 4368  1392 2667  1401 2667  1377 4369  1401 4369  601 1399  194 1392  1392 1401  4370 4371  4370 4372  3643 4373  4373 4374  3643 4371  4371 4375  3944 4376  4375 4377  3882 4376  4376 4378  3650 4379  3648 4380  4380 4381  2650 4380  1438 4381  3905 4382  4382 4383  4384 4385  4384 4386  4384 4387  4384 4388  3903 4389  4385 4390  4389 4391  3692 4383  4392 4393  4392 4394  4391 4393  3692 4391  3677 4395  4396 4397  4396 4398  4399 4400  4399 4401  4402 4403  4402 4404  4405 4406  4405 4407  3687 4408  3701 4409  3968 4410  3968 4411  4412 4413  4412 4414  4413 4415  4413 4416  4410 4415  3961 4417  4411 4418  4418 4419  4414 4420  3695 4386  3695 4421  4390 4422  4421 4423  4397 4422  4424 4425  4424 4426  1592 4425  2054 4426  735 4427  4428 4429  3705 4428  4429 4430  3705 4427  3705 3935  3714 4431  4431 4432  3718 4433  4433 4434  4434 4435  4436 4437  4436 4438  4437 4439  4439 4440  3699 4398  4395 4398  3766 4441  4441 4442  4443 4444  4443 4445  4443 4446  4444 4447  4442 4445  4448 4449  4448 4450  1470 3221  1471 4451  2741 4451  3221 4452  1676 4452  4453 4454  4453 4455  4456 4457  4456 4458  4454 4457  4457 4459  4460 4461  4460 4462  4463 4464  4463 4465  3243 4466  4464 4467  4468 4469  4468 4470  4468 4471  1645 4472  4461 4472  3773 4473  3774 4474  2432 4474  4474 4475  2740 4475  1472 2740  1472 4476  2783 4477  4478 4479  4478 4480  4476 4481  4481 4482  3776 4476  3781 4483  4006 4484  4002 4485  4483 4485  4483 4484  4479 4486  4486 4487  4482 4488  4487 4488  4489 4490  4489 4491  4492 4493  4492 4494  4490 4493  4495 4496  4495 4497  4498 4499  4498 4500  4494 4499  4501 4502  4501 4503  4502 4504  4504 4505  3184 4506  3188 4507  4506 4507  2691 4507  2691 2693  2691 4508  739 4509  4508 4510  2706 4509  731 4511  2705 4510  4510 4511  3799 4512  1885 4513  3800 4512  4513 4514  3456 4515  3136 4516  4515 4516  3801 4517  2818 3798  2818 4518  3798 4519  4514 4519  4517 4519  4518 4520  1814 4520  1814 4521  4102 4522  4105 4523  4524 4525  4524 4526  4525 4527  4523 4526  4527 4528  3808 4527  4528 4529  2809 4529  2809 4530  3075 4530  4531 4532  3816 4531  4531 4533  4532 4534  4532 4535  4534 4536  4536 4537  4537 4538  4537 4539  2830 4536  1583 2120  2906 4540  1583 4538  4538 4541  4540 4541  4542 4543  4542 4544  3380 4545  4539 4543  4272 4546  4273 4545  3810 4546  3810 4547  4547 4548  4271 4544  2838 3815  3822 4278  3817 4549  3826 4549  4550 4551  4550 4552  2839 4553  2112 4554  4554 4555  2112 4556  4553 4557  1538 4555  4551 4557  3831 4558  4558 4559  3831 3834  4559 4560  4560 4561  3259 3834  704 4561  2683 4562  4562 4563  4563 4564  3877 4565  4566 4567  4566 4568  4567 4569  4569 4570  3885 4571  3885 4572  4571 4573  4571 4574  4573 4575  4565 4572  3889 4574  3881 4576  4576 4577  3881 4578  4577 4579  2911 4579  4578 4580  2688 4581  4387 4582  4582 4583  4387 4584  4581 4585  4584 4586  4586 4587  4388 4585  3685 4588  4588 4589  3654 3909  3909 4590  4590 4591  3909 3912  3858 4592  3226 4593  3226 4594  4060 4595  3962 4496  3962 4596  3962 4597  4593 4598  4505 4598  4593 4599  4593 4600  4599 4601  4500 4505  4505 4602  4496 4500  4469 4603  4469 4604  3927 4605  3447 4606  3945 4607  4607 4608  4608 4609  3878 4610  4610 4611  3878 4612  4612 4613  4609 4614  4613 4614  2920 4613  4595 4615  4596 4615  3942 4616  4616 4617  4617 4618  4618 4619  1947 4619  4620 4621  4620 4622  4621 4623  4624 4625  4624 4626  3933 4627  4627 4628  4627 4629  3688 3933  4630 4631  4630 4632  4631 4633  4631 4634  4635 4636  4633 4635  4635 4637  4636 4638  4633 4639  4633 4640  1605 3931  4177 4641  4641 4642  4643 4644  4643 4645  4646 4647  4646 4648  3114 4600  4601 4649  3118 4649  3118 4650  4651 4652  4651 4653  4651 4654  2960 4655  4655 4656  4449 4656  4450 4657  4658 4659  4658 4660  3115 3227  3115 4661  3115 4662  3991 4663  4663 4664  4068 4661  4068 4665  4665 4666  4652 4662  4653 4667  4666 4668  4668 4669  4668 4670  2995 4671  4016 4671  4015 4021  3003 4015  3003 4672  2997 4672  4430 4673  4673 4674  4674 4675  3937 4675  4065 4676  4054 4056  4054 4677  253 4678  4678 4679  4679 4680  3057 4066  3057 4680  4072 4681  4676 4681  4095 4677  4677 4682  4676 4682  4096 4683  4683 4684  4079 4685  2016 4686  4684 4686  3119 4687  4084 4688  4688 4689  4097 4687  4097 4689  4093 4690  4690 4691  4093 4692  4692 4693  2964 4693  1654 2964  4694 4695  4694 4696  3069 3072  3069 4100  3069 4521  4522 4697  2811 4698  4697 4698  4128 4699  1661 1664  4700 4701  4699 4700  4124 4133  4133 4154  1661 4701  4133 4699  4109 4702  4702 4703  4703 4704  2660 4705  4704 4706  4705 4707  1963 4706  3087 4707  4120 4708  4118 4708  4118 4709  2169 3324  4709 4710  3324 4711  3324 4712  2174 4712  3318 4711  2237 4710  3793 4713  3790 4713  3790 4714  4136 4715  4716 4717  4716 4718  1925 4717  4359 4719  4719 4720  2966 4721  4721 4722  2721 4723  4723 4724  4146 4725  4725 4726  4147 4726  4727 4728  4727 4729  4149 4728  4728 4730  4730 4731  4731 4732  4724 4729  4732 4733  4722 4733  1197 1198  852 1198  3204 4734  4734 4735  4162 4735  855 4736  855 4737  1951 4736  4184 4738  4738 4739  4740 4741  4740 4742  4644 4743  4628 4744  4629 4741  4642 4745  3932 4745  2680 4746  3953 4182  3953 4747  4747 4748  3953 4749  4749 4750  4180 4751  4751 4752  4748 4753  4754 4755  4754 4756  4754 4757  4739 4755  4755 4758  4739 4759  4183 4760  4761 4762  4761 4763  4762 4764  4764 4765  2982 4766  2981 3949  3949 4767  4768 4769  1648 4768  4769 4770  1648 3954  3954 4771  4771 4772  4772 4773  4197 4774  4774 4775  4073 4775  2311 4776  3060 4776  933 4777  4077 4777  3060 4778  4081 4778  2784 4779  4779 4780  4780 4781  4781 4782  4783 4784  4783 4785  4480 4784  4477 4480  4477 4786  4473 4480  2778 4785  1851 4786  1461 1851  4205 4787  4782 4787  4788 4789  4788 4790  4207 4791  4789 4791  4792 4793  4792 4794  3608 4795  4219 4790  4793 4796  4793 4797  4222 4798  3306 4799  2244 4799  1072 4800  4231 4800  4230 4800  3306 4230  3414 4801  4802 4803  4802 4804  4803 4805  3308 4804  3411 4806  4805 4806  3606 4227  3606 4807  4297 4808  4807 4808  4238 4240  3321 4238  4238 4809  2188 3321  3329 4250  2188 4810  2188 2190  3329 4810  358 3329  2190 4809  2201 4811  358 2190  358 4811  4244 4811  4261 4263  4267 4812  3358 4812  1316 4813  4813 4814  4815 4816  4815 4817  3388 4818  3811 4552  3811 4819  4556 4819  4305 4820  4821 4822  4821 4823  4322 4822  4322 4820  4281 4823  4824 4825  4824 4826  2279 4825  4825 4827  3634 4827  2626 4827  2282 3634  3634 4828  2620 4826  2282 4309  2464 4828  2464 3480  4314 4829  487 4830  487 4831  4830 4832  4320 4829  4829 4833  4831 4834  4832 4835  151 4836  4833 4836  2469 4834  4321 4835  4720 4837  4838 4839  4838 4840  4794 4839  4794 4841  4841 4842  4361 4843  4843 4844  3624 4844  4379 4845  4372 4846  4846 4847  4845 4847  3663 4848  4848 4849  4850 4851  2045 4850  4850 4852  3659 4851  3640 3669  3640 4374  3640 4853  1387 1388  1388 4854  1387 3872  1386 4854  3872 4853  4378 4855  4378 4856  4855 4857  2641 4858  2641 4859  4377 4860  4760 4763  2935 4760  4760 4861  4763 4862  4856 4863  1611 2935  1611 4852  4852 4863  4849 4852  4647 4864  4864 4865  4408 4865  4406 4408  4587 4866  4409 4867  4867 4868  3698 4869  3696 4407  4400 4870  4416 4871  3977 4872  4872 4873  4403 4872  4873 4874  4874 4875  4876 4877  4876 4878  4404 4879  4432 4880  4420 4880  4438 4881  4881 4882  3972 4882  2728 4883  2728 4884  3735 4883  2941 4885  2941 4884  3735 4886  3735 4160  4886 4887  4885 4888  4885 4889  4887 4888  3923 3925  3715 4890  4417 4891  4417 4892  3923 4417  4890 4891  4419 4892  3682 4419  3682 4893  4497 4893  3960 4893  4435 4440  4435 4894  4894 4895  3723 4896  4896 4897  4869 4897  4423 4877  4446 4898  4455 4899  4455 4900  4899 4901  3855 4900  3855 4902  4458 4903  4766 4904  4904 4905  4906 4907  4906 4908  4766 4909  4766 4910  4767 4909  4911 4912  4911 4913  4914 4915  4914 4916  4465 4917  4917 4918  4918 4919  4870 4871  4870 4920  3976 4920  4921 4922  4921 4923  4491 4924  3729 4924  3729 4925  4925 4926  4922 4926  4923 4927  4927 4928  4928 4929  3892 4930  4930 4931  3862 4932  4933 4934  3644 4933  3868 4931  4934 4935  4935 4936  4932 4937  4932 4938  3868 4939  3871 4939  3883 4937  3883 4940  3644 4939  4938 4941  4941 4942  2674 4943  4943 4944  4944 4945  4945 4946  4936 4947  4611 4947  3890 4580  4948 4949  4948 4950  4949 4951  3880 4952  4951 4952  2914 4953  4954 4955  4591 4954  4955 4956  4953 4957  3893 4957  4592 4956  3657 4958  3869 4958  4605 4959  4659 4960  4912 4961  4961 4962  4664 4963  4667 4964  4669 4963  4606 4965  4965 4966  4967 4968  4967 4969  4967 4970  4968 4971  4594 4969  4969 4972  4597 4972  4632 4971  4597 4973  4973 4974  4597 4975  3922 4974  3922 4632  3922 4976  4632 4976  4976 4977  4976 4978  3965 3966  1629 1632  4603 4979  4979 4980  4981 4982  4981 4983  4746 4984  4743 4984  4985 4986  4985 4987  4985 4988  4638 4986  4987 4989  4987 4990  4987 4991  4637 4992  4752 4993  4753 4994  4994 4995  4995 4996  4996 4997  4996 4998  4993 4999  4997 4999  4989 5000  4942 5001  5001 5002  4940 4942  5000 5003  5004 5005  5004 5006  5002 5003  4940 5007  5007 5008  4622 5008  5005 5009  5009 5010  5010 5011  5011 5012  4568 5011  5012 5013  4568 4950  1639 2951  1637 1639  1937 5014  5014 5015  1633 5016  1637 1937  3978 5017  5015 5018  4670 5019  2718 5019  4654 4670  2718 5020  2718 5021  5022 5023  5022 5024  5020 5025  3147 5025  5023 5026  4085 5026  4088 5021  4085 4088  4657 5027  5028 5029  5028 5030  4982 5031  4685 5032  5032 5033  2417 5034  4695 5033  4691 5035  2952 5035  4691 5036  4696 5036  4086 5037  5034 5037  4447 5027  2458 5038  5038 5039  3274 5039  4208 5039  2457 3273  459 2457  4715 4718  459 5040  5040 5041  5041 5042  4187 4970  4057 5043  4186 5044  5045 5046  5045 5047  4742 5048  4175 5048  4175 5046  4175 5049  4171 5049  4174 5050  5050 5051  4744 5052  4645 5052  4744 5053  4178 4645  4645 5053  4639 5053  4758 5054  5051 5054  4640 4750  4640 4756  5051 5055  5051 5056  5044 5057  5057 5058  5059 5060  5059 5061  4757 4759  4759 5062  4759 5063  5060 5064  4757 5060  5060 5065  4983 5064  4983 5062  4983 5029  5063 5066  3955 5067  5066 5067  4185 5066  4185 4765  4634 5065  4470 5068  4470 4604  4634 5068  3918 5068  5068 5069  4634 4977  4604 5070  5070 5071  5072 5073  5072 5074  4773 5075  3919 5073  4978 5075  3593 3597  4796 5076  3597 5077  5077 5078  5076 5078  3166 3167  3166 3170  4228 5079  4801 5080  5079 5081  5080 5081  5082 5083  5082 5084  5083 5085  5085 5086  4798 5086  5087 5088  5087 5089  5088 5090  5088 5091  5092 5093  5092 5094  5084 5095  5093 5096  5096 5097  5098 5099  4548 5098  5099 5100  4535 5100  4816 5099  3814 4548  4548 5101  5101 5102  5102 5103  5103 5104  5104 5105  4533 5106  5106 5107  1035 5107  1035 5108  5108 5109  1035 1310  1313 5109  3387 5110  4818 5110  5110 5111  5111 5112  5112 5113  3611 5114  2587 5114  5115 5116  5115 5117  5116 5118  4837 5119  4842 5119  4866 5120  4648 5120  4988 5120  3690 5121  4878 5122  5122 5123  5123 5124  4875 5124  4875 5125  3691 5126  5125 5126  5127 5128  5127 5129  4401 5128  4889 4895  4901 5130  4623 5131  4625 5131  4903 5132  5132 5133  4858 4905  4858 4861  4858 4859  4902 4905  4861 4910  4861 4862  4902 5134  4862 4907  4859 5134  4860 5134  4859 4860  4857 5135  5135 5136  5130 5136  5133 5137  5137 5138  5137 5139  5137 5140  5138 5141  5139 5142  4908 5141  5030 5142  4913 5143  5143 5144  4660 5145  5145 5146  5144 5147  5146 5148  5148 5149  5147 5150  4462 5151  5152 5153  5152 5154  5155 5156  5155 5157  5156 5158  5159 5160  5159 5161  5149 5162  5160 5162  5150 5160  5163 5164  5163 5165  5161 5164  5164 5166  5074 5167  5167 5168  5140 5169  5169 5170  5170 5171  4626 5172  5173 5174  5173 5175  5174 5176  5176 5177  5174 5178  5175 5179  4466 5179  4929 5180  5180 5181  4503 5181  5182 5183  5182 5184  5182 5185  3896 5186  3900 5186  5187 5188  4575 5187  5188 5189  5183 5189  3900 5190  5190 5191  5006 5192  5192 5193  4394 5194  5194 5195  4964 5196  5196 5197  4966 5198  5198 5199  5197 5200  4960 5200  4962 5199  3709 5201  5201 5202  5129 5202  5203 5204  5203 5205  5203 5206  4915 5207  5204 5208  5208 5209  4919 5210  5210 5211  5018 5212  5017 5018  5212 5213  4650 5213  5016 5024  4602 5214  4975 5214  4916 4980  4916 5215  5215 5216  4998 5217  4570 5218  5218 5219  5218 5220  5217 5221  5219 5221  5157 5222  5222 5223  5166 5223  5166 5224  5151 5224  5042 5225  5225 5226  1923 5226  5043 5227  5058 5227  3936 5228  5047 5228  5047 5055  5055 5056  5056 5058  4797 5229  5229 5230  5231 5232  4795 5231  5105 5230  5117 5232  4814 5233  5233 5234  5090 5234  5234 5235  4274 5235  4274 4817  5091 5236  5097 5237  5236 5238  5113 5237  5113 5238  4840 5118  5118 5239  5239 5240  5089 5240  5095 5241  5094 5241  5089 5094  5242 5243  5242 5244  5121 5243  5244 5245  4868 5245  5246 5247  5246 5248  5247 5249  5249 5250  5250 5251  5251 5252  5177 5253  5253 5254  5255 5256  5255 5257  5256 5258  5031 5258  5165 5259  5259 5260  5254 5260  5254 5261  4770 5262  5261 5263  5262 5263  5261 5264  5061 5264  5071 5153  5154 5265  5265 5266  5154 5267  5154 5268  5168 5267  5268 5269  4959 5269  5158 5266  5266 5270  5172 5271  4467 5272  5273 5274  5273 5275  5274 5276  5276 5277  5275 5278  5171 5278  5171 5279  5178 5277  5270 5277  5178 5280  5271 5279  5271 5281  5257 5280  5281 5282  5282 5283  4589 5284  5284 5285  4564 5286  4583 5195  3899 5287  2689 5287  3899 5288  5195 5289  5195 5290  4946 5184  4946 5285  5286 5291  5291 5292  5185 5292  5191 5289  5288 5289  5289 5290  5193 5290  5205 5293  5293 5294  5294 5295  3886 5295  5206 5296  4990 5297  5248 5297  5013 5209  5207 5209  5069 5298  4992 5298  5207 5299  5299 5300  5207 5301  4471 5069  4992 5302  5300 5302  4991 4992  3713 5303  4471 5301  5304 5305  5304 5306  5307 5308  5307 5309  5303 5308  5305 5310  5310 5311  5252 5312  4879 5312  4879 5313  5313 5314  5314 5315  5315 5316  5316 5317  5306 5317  5272 5318  5216 5220  5318 5319  5283 5320  5319 5320  5220 5320  5296 5321  5311 5322  5322 5323  5321 5324  5309 5324  5211 5325  5323 5325  3397 5326  4121 5327  281 5328  1211 5329  3976 5330  5088 5331  333 5332  2340 5333  1482 5334  2365 5335  4895 5336  3674 5337  3161 5338  2723 5339  3794 5340  5239 5341  337 5342  4714 5343  2783 5344  267 5345  4898 5346  322 5347  1715 5348  2729 5349  4451 5350  2740 5351  3672 5352  2390 5353  638 5354  1715 5355  4613 5356  2398 5357  3853 5358  1362 5359  1983 5360  4459 5361  1160 5362  2408 5363  2249 5364  1197 5365  3635 5366  1121 5367  2786 5368  444 5369  4487 5370  4467 5371  1674 5372  1894 5373  5295 5374  4737 5375  262 5376  3192 5377  2887 5378  2782 5379  5157 5380  2733 5381  5274 5382  4459 5383  </DataArray>
<DataArray  type="UInt32"  Name="offsets"  format="ascii">2 4 6 8 10 12 14 16 18 20 22 24 26 28 30 32 34 36 38 40 42 44 46 48 50 52 54 56 58 60 62 64 66 68 70 72 74 76 78 80 82 84 86 88 90 92 94 96 98 100 102 104 106 108 110 112 114 116 118 120 122 124 126 128 130 132 134 136 138 140 142 144 146 148 150 152 154 156 158 160 162 164 166 168 170 172 174 176 178 180 182 184 186 188 190 192 194 196 198 200 202 204 206 208 210 212 214 216 218 220 222 224 226 228 230 232 234 236 238 240 242 244 246 248 250 252 254 256 258 260 262 264 266 268 270 272 274 276 278 280 282 284 286 288 290 292 294 296 298 300 302 304 306 308 310 312 314 316 318 320 322 324 326 328 330 332 334 336 338 340 342 344 346 348 350 352 354 356 358 360 362 364 366 368 370 372 374 376 378 380 382 384 386 388 390 392 394 396 398 400 402 404 406 408 410 412 414 416 418 420 422 424 426 428 430 432 434 436 438 440 442 444 446 448 450 452 454 456 458 460 462 464 466 468 470 472 474 476 478 480 482 484 486 488 490 492 494 496 498 500 502 504 506 508 510 512 514 516 518 520 522 524 526 528 530 532 534 536 538 540 542 544 546 548 550 552 554 556 558 560 562 564 566 568 570 572 574 576 578 580 582 584 586 588 590 592 594 596 598 600 602 604 606 608 610 612 614 616 618 620 622 624 626 628 630 632 634 636 638 640 642 644 646 648 650 652 654 656 658 660 662 664 666 668 670 672 674 676 678 680 682 684 686 688 690 692 694 696 698 700 702 704 706 708 710 712 714 716 718 720 722 724 726 728 730 732 734 736 738 740 742 744 746 748 750 752 754 756 758 760 762 764 766 768 770 772 774 776 778 780 782 784 786 788 790 792 794 796 798 800 802 804 806 808 810 812 814 816 818 820 822 824 826 828 830 832 834 836 838 840 842 844 846 848 850 852 854 856 858 860 862 864 866 868 870 872 874 876 878 880 882 884 886 888 890 892 894 896 898 900 902 904 906 908 910 912 914 916 918 920 922 924 926 928 930 932 934 936 938 940 942 944 946 948 950 952 954 956 958 960 962 964 966 968 970 972 974 976 978 980 982 984 986 988 990 992 994 996 998 1000 1002 1004 1006 1008 1010 1012 1014 1016 1018 1020 1022 1024 1026 1028 1030 1032 1034 1036 1038 1040 1042 1044 1046 1048 1050 1052 1054 1056 1058 1060 1062 1064 1066 1068 1070 1072 1074 1076 1078 1080 1082 1084 1086 1088 1090 1092 1094 1096 1098 1100 1102 1104 1106 1108 1110 1112 1114 1116 1118 1120 1122 1124 1126 1128 1130 1132 1134 1136 1138 1140 1142 1144 1146 1148 1150 1152 1154 1156 1158 1160 1162 1164 1166 1168 1170 1172 1174 1176 1178 1180 1182 1184 1186 1188 1190 1192 1194 1196 1198 1200 1202 1204 1206 1208 1210 1212 1214 1216 1218 1220 1222 1224 1226 1228 1230 1232 1234 1236 1238 1240 1242 1244 1246 1248 1250 1252 1254 1256 1258 1260 1262 1264 1266 1268 1270 1272 1274 1276 1278 1280 1282 1284 1286 1288 1290 1292 1294 1296 1298 1300 1302 1304 1306 1308 1310 1312 1314 1316 1318 1320 1322 1324 1326 1328 1330 1332 1334 1336 1338 1340 1342 1344 1346 1348 1350 1352 1354 1356 1358 1360 1362 1364 1366 1368 1370 1372 1374 1376 1378 1380 1382 1384 1386 1388 1390 1392 1394 1396 1398 1400 1402 1404 1406 1408 1410 1412 1414 1416 1418 1420 1422 1424 1426 1428 1430 1432 1434 1436 1438 1440 1442 1444 1446 1448 1450 1452 1454 1456 1458 1460 1462 1464 1466 1468 1470 1472 1474 1476 1478 1480 1482 1484 1486 1488 1490 1492 1494 1496 1498 1500 1502 1504 1506 1508 1510 1512 1514 1516 1518 1520 1522 1524 1526 1528 1530 1532 1534 1536 1538 1540 1542 1544 1546 1548 1550 1552 1554 1556 1558 1560 1562 1564 1566 1568 1570 1572 1574 1576 1578 1580 1582 1584 1586 1588 1590 1592 1594 1596 1598 1600 1602 1604 1606 1608 1610 1612 1614 1616 1618 1620 1622 1624 1626 1628 1630 1632 1634 1636 1638 1640 1642 1644 1646 1648 1650 1652 1654 1656 1658 1660 1662 1664 1666 1668 1670 1672 1674 1676 1678 1680 1682 1684 1686 1688 1690 1692 1694 1696 1698 1700 1702 1704 1706 1708 1710 1712 1714 1716 1718 1720 1722 1724 1726 1728 1730 1732 1734 1736 1738 1740 1742 1744 1746 1748 1750 1752 1754 1756 1758 1760 1762 1764 1766 1768 1770 1772 1774 1776 1778 1780 1782 1784 1786 1788 1790 1792 1794 1796 1798 1800 1802 1804 1806 1808 1810 1812 1814 1816 1818 1820 1822 1824 1826 1828 1830 1832 1834 1836 1838 1840 1842 1844 1846 1848 1850 1852 1854 1856 1858 1860 1862 1864 1866 1868 1870 1872 1874 1876 1878 1880 1882 1884 1886 1888 1890 1892 1894 1896 1898 1900 1902 1904 1906 1908 1910 1912 1914 1916 1918 1920 1922 1924 1926 1928 1930 1932 1934 1936 1938 1940 1942 1944 1946 1948 1950 1952 1954 1956 1958 1960 1962 1964 1966 1968 1970 1972 1974 1976 1978 1980 1982 1984 1986 1988 1990 1992 1994 1996 1998 2000 2002 2004 2006 2008 2010 2012 2014 2016 2018 2020 2022 2024 2026 2028 2030 2032 2034 2036 2038 2040 2042 2044 2046 2048 2050 2052 2054 2056 2058 2060 2062 2064 2066 2068 2070 2072 2074 2076 2078 2080 2082 2084 2086 2088 2090 2092 2094 2096 2098 2100 2102 2104 2106 2108 2110 2112 2114 2116 2118 2120 2122 2124 2126 2128 2130 2132 2134 2136 2138 2140 2142 2144 2146 2148 2150 2152 2154 2156 2158 2160 2162 2164 2166 2168 2170 2172 2174 2176 2178 2180 2182 2184 2186 2188 2190 2192 2194 2196 2198 2200 2202 2204 2206 2208 2210 2212 2214 2216 2218 2220 2222 2224 2226 2228 2230 2232 2234 2236 2238 2240 2242 2244 2246 2248 2250 2252 2254 2256 2258 2260 2262 2264 2266 2268 2270 2272 2274 2276 2278 2280 2282 2284 2286 2288 2290 2292 2294 2296 2298 2300 2302 2304 2306 2308 2310 2312 2314 2316 2318 2320 2322 2324 2326 2328 2330 2332 2334 2336 2338 2340 2342 2344 2346 2348 2350 2352 2354 2356 2358 2360 2362 2364 2366 2368 2370 2372 2374 2376 2378 2380 2382 2384 2386 2388 2390 2392 2394 2396 2398 2400 2402 2404 2406 2408 2410 2412 2414 2416 2418 2420 2422 2424 2426 2428 2430 2432 2434 2436 2438 2440 2442 2444 2446 2448 2450 2452 2454 2456 2458 2460 2462 2464 2466 2468 2470 2472 2474 2476 2478 2480 2482 2484 2486 2488 2490 2492 2494 2496 2498 2500 2502 2504 2506 2508 2510 2512 2514 2516 2518 2520 2522 2524 2526 2528 2530 2532 2534 2536 2538 2540 2542 2544 2546 2548 2550 2552 2554 2556 2558 2560 2562 2564 2566 2568 2570 2572 2574 2576 2578 2580 2582 2584 2586 2588 2590 2592 2594 2596 2598 2600 2602 2604 2606 2608 2610 2612 2614 2616 2618 2620 2622 2624 2626 2628 2630 2632 2634 2636 2638 2640 2642 2644 2646 2648 2650 2652 2654 2656 2658 2660 2662 2664 2666 2668 2670 2672 2674 2676 2678 2680 2682 2684 2686 2688 2690 2692 2694 2696 2698 2700 2702 2704 2706 2708 2710 2712 2714 2716 2718 2720 2722 2724 2726 2728 2730 2732 2734 2736 2738 2740 2742 2744 2746 2748 2750 2752 2754 2756 2758 2760 2762 2764 2766 2768 2770 2772 2774 2776 2778 2780 2782 2784 2786 2788 2790 2792 2794 2796 2798 2800 2802 2804 2806 2808 2810 2812 2814 2816 2818 2820 2822 2824 2826 2828 2830 2832 2834 2836 2838 2840 2842 2844 2846 2848 2850 2852 2854 2856 2858 2860 2862 2864 2866 2868 2870 2872 2874 2876 2878 2880 2882 2884 2886 2888 2890 2892 2894 2896 2898 2900 2902 2904 2906 2908 2910 2912 2914 2916 2918 2920 2922 2924 2926 2928 2930 2932 2934 2936 2938 2940 2942 2944 2946 2948 2950 2952 2954 2956 2958 2960 2962 2964 2966 2968 2970 2972 2974 2976 2978 2980 2982 2984 2986 2988 2990 2992 2994 2996 2998 3000 3002 3004 3006 3008 3010 3012 3014 3016 3018 3020 3022 3024 3026 3028 3030 3032 3034 3036 3038 3040 3042 3044 3046 3048 3050 3052 3054 3056 3058 3060 3062 3064 3066 3068 3070 3072 3074 3076 3078 3080 3082 3084 3086 3088 3090 3092 3094 3096 3098 3100 3102 3104 3106 3108 3110 3112 3114 3116 3118 3120 3122 3124 3126 3128 3130 3132 3134 3136 3138 3140 3142 3144 3146 3148 3150 3152 3154 3156 3158 3160 3162 3164 3166 3168 3170 3172 3174 3176 3178 3180 3182 3184 3186 3188 3190 3192 3194 3196 3198 3200 3202 3204 3206 3208 3210 3212 3214 3216 3218 3220 3222 3224 3226 3228 3230 3232 3234 3236 3238 3240 3242 3244 3246 3248 3250 3252 3254 3256 3258 3260 3262 3264 3266 3268 3270 3272 3274 3276 3278 3280 3282 3284 3286 3288 3290 3292 3294 3296 3298 3300 3302 3304 3306 3308 3310 3312 3314 3316 3318 3320 3322 3324 3326 3328 3330 3332 3334 3336 3338 3340 3342 3344 3346 3348 3350 3352 3354 3356 3358 3360 3362 3364 3366 3368 3370 3372 3374 3376 3378 3380 3382 3384 3386 3388 3390 3392 3394 3396 3398 3400 3402 3404 3406 3408 3410 3412 3414 3416 3418 3420 3422 3424 3426 3428 3430 3432 3434 3436 3438 3440 3442 3444 3446 3448 3450 3452 3454 3456 3458 3460 3462 3464 3466 3468 3470 3472 3474 3476 3478 3480 3482 3484 3486 3488 3490 3492 3494 3496 3498 3500 3502 3504 3506 3508 3510 3512 3514 3516 3518 3520 3522 3524 3526 3528 3530 3532 3534 3536 3538 3540 3542 3544 3546 3548 3550 3552 3554 3556 3558 3560 3562 3564 3566 3568 3570 3572 3574 3576 3578 3580 3582 3584 3586 3588 3590 3592 3594 3596 3598 3600 3602 3604 3606 3608 3610 3612 3614 3616 3618 3620 3622 3624 3626 3628 3630 3632 3634 3636 3638 3640 3642 3644 3646 3648 3650 3652 3654 3656 3658 3660 3662 3664 3666 3668 3670 3672 3674 3676 3678 3680 3682 3684 3686 3688 3690 3692 3694 3696 3698 3700 3702 3704 3706 3708 3710 3712 3714 3716 3718 3720 3722 3724 3726 3728 3730 3732 3734 3736 3738 3740 3742 3744 3746 3748 3750 3752 3754 3756 3758 3760 3762 3764 3766 3768 3770 3772 3774 3776 3778 3780 3782 3784 3786 3788 3790 3792 3794 3796 3798 3800 3802 3804 3806 3808 3810 3812 3814 3816 3818 3820 3822 3824 3826 3828 3830 3832 3834 3836 3838 3840 3842 3844 3846 3848 3850 3852 3854 3856 3858 3860 3862 3864 3866 3868 3870 3872 3874 3876 3878 3880 3882 3884 3886 3888 3890 3892 3894 3896 3898 3900 3902 3904 3906 3908 3910 3912 3914 3916 3918 3920 3922 3924 3926 3928 3930 3932 3934 3936 3938 3940 3942 3944 3946 3948 3950 3952 3954 3956 3958 3960 3962 3964 3966 3968 3970 3972 3974 3976 3978 3980 3982 3984 3986 3988 3990 3992 3994 3996 3998 4000 4002 4004 4006 4008 4010 4012 4014 4016 4018 4020 4022 4024 4026 4028 4030 4032 4034 4036 4038 4040 4042 4044 4046 4048 4050 4052 4054 4056 4058 4060 4062 4064 4066 4068 4070 4072 4074 4076 4078 4080 4082 4084 4086 4088 4090 4092 4094 4096 4098 4100 4102 4104 4106 4108 4110 4112 4114 4116 4118 4120 4122 4124 4126 4128 4130 4132 4134 4136 4138 4140 4142 4144 4146 4148 4150 4152 4154 4156 4158 4160 4162 4164 4166 4168 4170 4172 4174 4176 4178 4180 4182 4184 4186 4188 4190 4192 4194 4196 4198 4200 4202 4204 4206 4208 4210 4212 4214 4216 4218 4220 4222 4224 4226 4228 4230 4232 4234 4236 4238 4240 4242 4244 4246 4248 4250 4252 4254 4256 4258 4260 4262 4264 4266 4268 4270 4272 4274 4276 4278 4280 4282 4284 4286 4288 4290 4292 4294 4296 4298 4300 4302 4304 4306 4308 4310 4312 4314 4316 4318 4320 4322 4324 4326 4328 4330 4332 4334 4336 4338 4340 4342 4344 4346 4348 4350 4352 4354 4356 4358 4360 4362 4364 4366 4368 4370 4372 4374 4376 4378 4380 4382 4384 4386 4388 4390 4392 4394 4396 4398 4400 4402 4404 4406 4408 4410 4412 4414 4416 4418 4420 4422 4424 4426 4428 4430 4432 4434 4436 4438 4440 4442 4444 4446 4448 4450 4452 4454 4456 4458 4460 4462 4464 4466 4468 4470 4472 4474 4476 4478 4480 4482 4484 4486 4488 4490 4492 4494 4496 4498 4500 4502 4504 4506 4508 4510 4512 4514 4516 4518 4520 4522 4524 4526 4528 4530 4532 4534 4536 4538 4540 4542 4544 4546 4548 4550 4552 4554 4556 4558 4560 4562 4564 4566 4568 4570 4572 4574 4576 4578 4580 4582 4584 4586 4588 4590 4592 4594 4596 4598 4600 4602 4604 4606 4608 4610 4612 4614 4616 4618 4620 4622 4624 4626 4628 4630 4632 4634 4636 4638 4640 4642 4644 4646 4648 4650 4652 4654 4656 4658 4660 4662 4664 4666 4668 4670 4672 4674 4676 4678 4680 4682 4684 4686 4688 4690 4692 4694 4696 4698 4700 4702 4704 4706 4708 4710 4712 4714 4716 4718 4720 4722 4724 4726 4728 4730 4732 4734 4736 4738 4740 4742 4744 4746 4748 4750 4752 4754 4756 4758 4760 4762 4764 4766 4768 4770 4772 4774 4776 4778 4780 4782 4784 4786 4788 4790 4792 4794 4796 4798 4800 4802 4804 4806 4808 4810 4812 4814 4816 4818 4820 4822 4824 4826 4828 4830 4832 4834 4836 4838 4840 4842 4844 4846 4848 4850 4852 4854 4856 4858 4860 4862 4864 4866 4868 4870 4872 4874 4876 4878 4880 4882 4884 4886 4888 4890 4892 4894 4896 4898 4900 4902 4904 4906 4908 4910 4912 4914 4916 4918 4920 4922 4924 4926 4928 4930 4932 4934 4936 4938 4940 4942 4944 4946 4948 4950 4952 4954 4956 4958 4960 4962 4964 4966 4968 4970 4972 4974 4976 4978 4980 4982 4984 4986 4988 4990 4992 4994 4996 4998 5000 5002 5004 5006 5008 5010 5012 5014 5016 5018 5020 5022 5024 5026 5028 5030 5032 5034 5036 5038 5040 5042 5044 5046 5048 5050 5052 5054 5056 5058 5060 5062 5064 5066 5068 5070 5072 5074 5076 5078 5080 5082 5084 5086 5088 5090 5092 5094 5096 5098 5100 5102 5104 5106 5108 5110 5112 5114 5116 5118 5120 5122 5124 5126 5128 5130 5132 5134 5136 5138 5140 5142 5144 5146 5148 5150 5152 5154 5156 5158 5160 5162 5164 5166 5168 5170 5172 5174 5176 5178 5180 5182 5184 5186 5188 5190 5192 5194 5196 5198 5200 5202 5204 5206 5208 5210 5212 5214 5216 5218 5220 5222 5224 5226 5228 5230 5232 5234 5236 5238 5240 5242 5244 5246 5248 5250 5252 5254 5256 5258 5260 5262 5264 5266 5268 5270 5272 5274 5276 5278 5280 5282 5284 5286 5288 5290 5292 5294 5296 5298 5300 5302 5304 5306 5308 5310 5312 5314 5316 5318 5320 5322 5324 5326 5328 5330 5332 5334 5336 5338 5340 5342 5344 5346 5348 5350 5352 5354 5356 5358 5360 5362 5364 5366 5368 5370 5372 5374 5376 5378 5380 5382 5384 5386 5388 5390 5392 5394 5396 5398 5400 5402 5404 5406 5408 5410 5412 5414 5416 5418 5420 5422 5424 5426 5428 5430 5432 5434 5436 5438 5440 5442 5444 5446 5448 5450 5452 5454 5456 5458 5460 5462 5464 5466 5468 5470 5472 5474 5476 5478 5480 5482 5484 5486 5488 5490 5492 5494 5496 5498 5500 5502 5504 5506 5508 5510 5512 5514 5516 5518 5520 5522 5524 5526 5528 5530 5532 5534 5536 5538 5540 5542 5544 5546 5548 5550 5552 5554 5556 5558 5560 5562 5564 5566 5568 5570 5572 5574 5576 5578 5580 5582 5584 5586 5588 5590 5592 5594 5596 5598 5600 5602 5604 5606 5608 5610 5612 5614 5616 5618 5620 5622 5624 5626 5628 5630 5632 5634 5636 5638 5640 5642 5644 5646 5648 5650 5652 5654 5656 5658 5660 5662 5664 5666 5668 5670 5672 5674 5676 5678 5680 5682 5684 5686 5688 5690 5692 5694 5696 5698 5700 5702 5704 5706 5708 5710 5712 5714 5716 5718 5720 5722 5724 5726 5728 5730 5732 5734 5736 5738 5740 5742 5744 5746 5748 5750 5752 5754 5756 5758 5760 5762 5764 5766 5768 5770 5772 5774 5776 5778 5780 5782 5784 5786 5788 5790 5792 5794 5796 5798 5800 5802 5804 5806 5808 5810 5812 5814 5816 5818 5820 5822 5824 5826 5828 5830 5832 5834 5836 5838 5840 5842 5844 5846 5848 5850 5852 5854 5856 5858 5860 5862 5864 5866 5868 5870 5872 5874 5876 5878 5880 5882 5884 5886 5888 5890 5892 5894 5896 5898 5900 5902 5904 5906 5908 5910 5912 5914 5916 5918 5920 5922 5924 5926 5928 5930 5932 5934 5936 5938 5940 5942 5944 5946 5948 5950 5952 5954 5956 5958 5960 5962 5964 5966 5968 5970 5972 5974 5976 5978 5980 5982 5984 5986 5988 5990 5992 5994 5996 5998 6000 6002 6004 6006 6008 6010 6012 6014 6016 6018 6020 6022 6024 6026 6028 6030 6032 6034 6036 6038 6040 6042 6044 6046 6048 6050 6052 6054 6056 6058 6060 6062 6064 6066 6068 6070 6072 6074 6076 6078 6080 6082 6084 6086 6088 6090 6092 6094 6096 6098 6100 6102 6104 6106 6108 6110 6112 6114 6116 6118 6120 6122 6124 6126 6128 6130 6132 6134 6136 6138 6140 6142 6144 6146 6148 6150 6152 6154 6156 6158 6160 6162 6164 6166 6168 6170 6172 6174 6176 6178 6180 6182 6184 6186 6188 6190 6192 6194 6196 6198 6200 6202 6204 6206 6208 6210 6212 6214 6216 6218 6220 6222 6224 6226 6228 6230 6232 6234 6236 6238 6240 6242 6244 6246 6248 6250 6252 6254 6256 6258 6260 6262 6264 6266 6268 6270 6272 6274 6276 6278 6280 6282 6284 6286 6288 6290 6292 6294 6296 6298 6300 6302 6304 6306 6308 6310 6312 6314 6316 6318 6320 6322 6324 6326 6328 6330 6332 6334 6336 6338 6340 6342 6344 6346 6348 6350 6352 6354 6356 6358 6360 6362 6364 6366 6368 6370 6372 6374 6376 6378 6380 6382 6384 6386 6388 6390 6392 6394 6396 6398 6400 6402 6404 6406 6408 6410 6412 6414 6416 6418 6420 6422 6424 6426 6428 6430 6432 6434 6436 6438 6440 6442 6444 6446 6448 6450 6452 6454 6456 6458 6460 6462 6464 6466 6468 6470 6472 6474 6476 6478 6480 6482 6484 6486 6488 6490 6492 6494 6496 6498 6500 6502 6504 6506 6508 6510 6512 6514 6516 6518 6520 6522 6524 6526 6528 6530 6532 6534 6536 6538 6540 6542 6544 6546 6548 6550 6552 6554 6556 6558 6560 6562 6564 6566 6568 6570 6572 6574 6576 6578 6580 6582 6584 6586 6588 6590 6592 6594 6596 6598 6600 6602 6604 6606 6608 6610 6612 6614 6616 6618 6620 6622 6624 6626 6628 6630 6632 6634 6636 6638 6640 6642 6644 6646 6648 6650 6652 6654 6656 6658 6660 6662 6664 6666 6668 6670 6672 6674 6676 6678 6680 6682 6684 6686 6688 6690 6692 6694 6696 6698 6700 6702 6704 6706 6708 6710 6712 6714 6716 6718 6720 6722 6724 6726 6728 6730 6732 6734 6736 6738 6740 6742 6744 6746 6748 6750 6752 6754 6756 6758 6760 6762 6764 6766 6768 6770 6772 6774 6776 6778 6780 6782 6784 6786 6788 6790 6792 6794 6796 6798 6800 6802 6804 6806 6808 6810 6812 6814 6816 6818 6820 6822 6824 6826 6828 6830 6832 6834 6836 6838 6840 6842 6844 6846 6848 6850 6852 6854 6856 6858 6860 6862 6864 6866 6868 6870 6872 6874 6876 6878 6880 6882 6884 6886 6888 6890 6892 6894 6896 6898 6900 6902 6904 6906 6908 6910 6912 6914 6916 6918 6920 6922 6924 6926 6928 6930 6932 6934 6936 6938 6940 6942 6944 6946 6948 6950 6952 6954 6956 6958 6960 6962 6964 6966 6968 6970 6972 6974 6976 6978 6980 6982 6984 6986 6988 6990 6992 6994 6996 6998 7000 7002 7004 7006 7008 7010 7012 7014 7016 7018 7020 7022 7024 7026 7028 7030 7032 7034 7036 7038 7040 7042 7044 7046 7048 7050 7052 7054 7056 7058 7060 7062 7064 7066 7068 7070 7072 7074 7076 7078 7080 7082 7084 7086 7088 7090 7092 7094 7096 7098 7100 7102 7104 7106 7108 7110 7112 7114 7116 7118 7120 7122 7124 7126 7128 7130 7132 7134 7136 7138 7140 7142 7144 7146 7148 7150 7152 7154 7156 7158 7160 7162 7164 7166 7168 7170 7172 7174 7176 7178 7180 7182 7184 7186 7188 7190 7192 7194 7196 7198 7200 7202 7204 7206 7208 7210 7212 7214 7216 7218 7220 7222 7224 7226 7228 7230 7232 7234 7236 7238 7240 7242 7244 7246 7248 7250 7252 7254 7256 7258 7260 7262 7264 7266 7268 7270 7272 7274 7276 7278 7280 7282 7284 7286 7288 7290 7292 7294 7296 7298 7300 7302 7304 7306 7308 7310 7312 7314 7316 7318 7320 7322 7324 7326 7328 7330 7332 7334 7336 7338 7340 7342 7344 7346 7348 7350 7352 7354 7356 7358 7360 7362 7364 7366 7368 7370 7372 7374 7376 7378 7380 7382 7384 7386 7388 7390 7392 7394 7396 7398 7400 7402 7404 7406 7408 7410 7412 7414 7416 7418 7420 7422 7424 7426 7428 7430 7432 7434 7436 7438 7440 7442 7444 7446 7448 7450 7452 7454 7456 7458 7460 7462 7464 7466 7468 7470 7472 7474 7476 7478 7480 7482 7484 7486 7488 7490 7492 7494 7496 7498 7500 7502 7504 7506 7508 7510 7512 7514 7516 7518 7520 7522 7524 7526 7528 7530 7532 7534 7536 7538 7540 7542 7544 7546 7548 7550 7552 7554 7556 7558 7560 7562 7564 7566 7568 7570 7572 7574 7576 7578 7580 7582 7584 7586 7588 7590 7592 7594 7596 7598 7600 7602 7604 7606 7608 7610 7612 7614 7616 7618 7620 7622 7624 7626 7628 7630 7632 7634 7636 7638 7640 7642 7644 7646 7648 7650 7652 7654 7656 7658 7660 7662 7664 7666 7668 7670 7672 7674 7676 7678 7680 7682 7684 7686 7688 7690 7692 7694 7696 7698 7700 7702 7704 7706 7708 7710 7712 7714 7716 7718 7720 7722 7724 7726 7728 7730 7732 7734 7736 7738 7740 7742 7744 7746 7748 7750 7752 7754 7756 7758 7760 7762 7764 7766 7768 7770 7772 7774 7776 7778 7780 7782 7784 7786 7788 7790 7792 7794 7796 7798 7800 7802 7804 7806 7808 7810 7812 7814 7816 7818 7820 7822 7824 7826 7828 7830 7832 7834 7836 7838 7840 7842 7844 7846 7848 7850 7852 7854 7856 7858 7860 7862 7864 7866 7868 7870 7872 7874 7876 7878 7880 7882 7884 7886 7888 7890 7892 7894 7896 7898 7900 7902 7904 7906 7908 7910 7912 7914 7916 7918 7920 7922 7924 7926 7928 7930 7932 7934 7936 7938 7940 7942 7944 7946 7948 7950 7952 7954 7956 7958 7960 7962 7964 7966 7968 7970 7972 7974 7976 7978 7980 7982 7984 7986 7988 7990 7992 7994 7996 7998 8000 8002 8004 8006 8008 8010 8012 8014 8016 8018 8020 8022 8024 8026 8028 8030 8032 8034 8036 8038 8040 8042 8044 8046 8048 8050 8052 8054 8056 8058 8060 8062 8064 8066 8068 8070 8072 8074 8076 8078 8080 8082 8084 8086 8088 8090 8092 8094 8096 8098 8100 8102 8104 8106 8108 8110 8112 8114 8116 8118 8120 8122 8124 8126 8128 8130 8132 8134 8136 8138 8140 8142 8144 8146 8148 8150 8152 8154 8156 8158 8160 8162 8164 8166 8168 8170 8172 8174 8176 8178 8180 8182 8184 8186 8188 8190 8192 8194 8196 8198 8200 8202 8204 8206 8208 8210 8212 8214 8216 8218 8220 8222 8224 8226 8228 8230 8232 8234 8236 8238 8240 8242 8244 8246 8248 8250 8252 8254 8256 8258 8260 8262 8264 8266 8268 8270 8272 8274 8276 8278 8280 8282 8284 8286 8288 8290 8292 8294 8296 8298 8300 8302 8304 8306 8308 8310 8312 8314 8316 8318 8320 8322 8324 8326 8328 8330 8332 8334 8336 8338 8340 8342 8344 8346 8348 8350 8352 8354 8356 8358 8360 8362 8364 8366 8368 8370 8372 8374 8376 8378 8380 8382 8384 8386 8388 8390 8392 8394 8396 8398 8400 8402 8404 8406 8408 8410 8412 8414 8416 8418 8420 8422 8424 8426 8428 8430 8432 8434 8436 8438 8440 8442 8444 8446 8448 8450 8452 8454 8456 8458 8460 8462 8464 8466 8468 8470 8472 8474 8476 8478 8480 8482 8484 8486 8488 8490 8492 8494 8496 8498 8500 8502 8504 8506 8508 8510 8512 8514 8516 8518 8520 8522 8524 8526 8528 8530 8532 8534 8536 8538 8540 8542 8544 8546 8548 8550 8552 8554 8556 8558 8560 8562 8564 8566 8568 8570 8572 8574 8576 8578 8580 8582 8584 8586 8588 8590 8592 8594 8596 8598 8600 8602 8604 8606 8608 8610 8612 8614 8616 8618 8620 8622 8624 8626 8628 8630 8632 8634 8636 8638 8640 8642 8644 8646 8648 8650 8652 8654 8656 8658 8660 8662 8664 8666 8668 8670 8672 8674 8676 8678 8680 8682 8684 8686 8688 8690 8692 8694 8696 8698 8700 8702 8704 8706 8708 8710 8712 8714 8716 8718 8720 8722 8724 8726 8728 8730 8732 8734 8736 8738 8740 8742 8744 8746 8748 8750 8752 8754 8756 8758 8760 8762 8764 8766 8768 8770 8772 8774 8776 8778 8780 8782 8784 8786 8788 8790 8792 8794 8796 8798 8800 8802 8804 8806 8808 8810 8812 8814 8816 8818 8820 8822 8824 8826 8828 8830 8832 8834 8836 8838 8840 8842 8844 8846 8848 8850 8852 8854 8856 8858 8860 8862 8864 8866 8868 8870 8872 8874 8876 8878 8880 8882 8884 8886 8888 8890 8892 8894 8896 8898 8900 8902 8904 8906 8908 8910 8912 8914 8916 8918 8920 8922 8924 8926 8928 8930 8932 8934 8936 8938 8940 8942 8944 8946 8948 8950 8952 8954 8956 8958 8960 8962 8964 8966 8968 8970 8972 8974 8976 8978 8980 8982 8984 8986 8988 8990 8992 8994 8996 8998 9000 9002 9004 9006 9008 9010 9012 9014 9016 9018 9020 9022 9024 9026 9028 9030 9032 9034 9036 9038 9040 9042 9044 9046 9048 9050 9052 9054 9056 9058 9060 9062 9064 9066 9068 9070 9072 9074 9076 9078 9080 9082 9084 9086 9088 9090 9092 9094 9096 9098 9100 9102 9104 9106 9108 9110 9112 9114 9116 9118 9120 9122 9124 9126 9128 9130 9132 9134 9136 9138 9140 9142 9144 9146 9148 9150 9152 9154 9156 9158 9160 9162 9164 9166 9168 9170 9172 9174 9176 9178 9180 9182 9184 9186 9188 9190 9192 9194 9196 9198 9200 9202 9204 9206 9208 9210 9212 9214 9216 9218 9220 9222 9224 9226 9228 9230 9232 9234 9236 9238 9240 9242 9244 9246 9248 9250 9252 9254 9256 9258 9260 9262 9264 9266 9268 9270 9272 9274 9276 9278 9280 9282 9284 9286 9288 9290 9292 9294 9296 9298 9300 9302 9304 9306 9308 9310 9312 9314 9316 9318 9320 9322 9324 9326 9328 9330 9332 9334 9336 9338 9340 9342 9344 9346 9348 9350 9352 9354 9356 9358 9360 9362 9364 9366 9368 9370 9372 9374 9376 9378 9380 9382 9384 9386 9388 9390 9392 9394 9396 9398 9400 9402 9404 9406 9408 9410 9412 9414 9416 9418 9420 9422 9424 9426 9428 9430 9432 9434 9436 9438 9440 9442 9444 9446 9448 9450 9452 9454 9456 9458 9460 9462 9464 9466 9468 9470 9472 9474 9476 9478 9480 9482 9484 9486 9488 9490 9492 9494 9496 9498 9500 9502 9504 9506 9508 9510 9512 9514 9516 9518 9520 9522 9524 9526 9528 9530 9532 9534 9536 9538 9540 9542 9544 9546 9548 9550 9552 9554 9556 9558 9560 9562 9564 9566 9568 9570 9572 9574 9576 9578 9580 9582 9584 9586 9588 9590 9592 9594 9596 9598 9600 9602 9604 9606 9608 9610 9612 9614 9616 9618 9620 9622 9624 9626 9628 9630 9632 9634 9636 9638 9640 9642 9644 9646 9648 9650 9652 9654 9656 9658 9660 9662 9664 9666 9668 9670 9672 9674 9676 9678 9680 9682 9684 9686 9688 9690 9692 9694 9696 9698 9700 9702 9704 9706 9708 9710 9712 9714 9716 9718 9720 9722 9724 9726 9728 9730 9732 9734 9736 9738 9740 9742 9744 9746 9748 9750 9752 9754 9756 9758 9760 9762 9764 9766 9768 9770 9772 9774 9776 9778 9780 9782 9784 9786 9788 9790 9792 9794 9796 9798 9800 9802 9804 9806 9808 9810 9812 9814 9816 9818 9820 9822 9824 9826 9828 9830 9832 9834 9836 9838 9840 9842 9844 9846 9848 9850 9852 9854 9856 9858 9860 9862 9864 9866 9868 9870 9872 9874 9876 9878 9880 9882 9884 9886 9888 9890 9892 9894 9896 9898 9900 9902 9904 9906 9908 9910 9912 9914 9916 9918 9920 9922 9924 9926 9928 9930 9932 9934 9936 9938 9940 9942 9944 9946 9948 9950 9952 9954 9956 9958 9960 9962 9964 9966 9968 9970 9972 9974 9976 9978 9980 9982 9984 9986 9988 9990 9992 9994 9996 9998 10000 10002 10004 10006 10008 10010 10012 10014 10016 10018 10020 10022 10024 10026 10028 10030 10032 10034 10036 10038 10040 10042 10044 10046 10048 10050 10052 10054 10056 10058 10060 10062 10064 10066 10068 10070 10072 10074 10076 10078 10080 10082 10084 10086 10088 10090 10092 10094 10096 10098 10100 10102 10104 10106 10108 10110 10112 10114 10116 10118 10120 10122 10124 10126 10128 10130 10132 10134 10136 10138 10140 10142 10144 10146 10148 10150 10152 10154 10156 10158 10160 10162 10164 10166 10168 10170 10172 10174 10176 10178 10180 10182 10184 10186 10188 10190 10192 10194 10196 10198 10200 10202 10204 10206 10208 10210 10212 10214 10216 10218 10220 10222 10224 10226 10228 10230 10232 10234 10236 10238 10240 10242 10244 10246 10248 10250 10252 10254 10256 10258 10260 10262 10264 10266 10268 10270 10272 10274 10276 10278 10280 10282 10284 10286 10288 10290 10292 10294 10296 10298 10300 10302 10304 10306 10308 10310 10312 10314 10316 10318 10320 10322 10324 10326 10328 10330 10332 10334 10336 10338 10340 10342 10344 10346 10348 10350 10352 10354 10356 10358 10360 10362 10364 10366 10368 10370 10372 10374 10376 10378 10380 10382 10384 10386 10388 10390 10392 10394 10396 10398 10400 10402 10404 10406 10408 10410 10412 10414 10416 10418 10420 10422 10424 10426 10428 10430 10432 10434 10436 10438 10440 10442 10444 10446 10448 10450 10452 10454 10456 10458 10460 10462 10464 10466 10468 10470 10472 10474 10476 10478 10480 10482 10484 10486 10488 10490 10492 10494 10496 10498 10500 10502 10504 10506 10508 10510 10512 10514 10516 10518 10520 10522 10524 10526 10528 10530 10532 10534 10536 10538 10540 10542 10544 10546 10548 10550 10552 10554 10556 10558 10560 10562 10564 10566 10568 10570 10572 10574 10576 10578 10580 10582 10584 10586 10588 10590 10592 10594 10596 10598 10600 10602 10604 10606 10608 10610 10612 10614 10616 10618 10620 10622 10624 10626 10628 10630 10632 10634 10636 10638 10640 10642 10644 10646 10648 10650 10652 10654 10656 10658 10660 10662 10664 10666 10668 10670 10672 10674 10676 10678 10680 10682 10684 10686 10688 10690 10692 10694 10696 10698 10700 10702 10704 10706 10708 10710 10712 10714 10716 10718 10720 10722 10724 10726 10728 10730 10732 10734 10736 10738 10740 10742 10744 10746 10748 10750 10752 10754 10756 10758 10760 10762 10764 10766 10768 10770 10772 10774 10776 10778 10780 10782 10784 10786 10788 10790 10792 10794 10796 10798 10800 10802 10804 10806 10808 10810 10812 10814 10816 10818 10820 10822 10824 10826 10828 10830 10832 10834 10836 10838 10840 10842 10844 10846 10848 10850 10852 10854 10856 10858 10860 10862 10864 10866 10868 10870 10872 10874 10876 10878 10880 10882 10884 10886 10888 10890 10892 10894 10896 10898 10900 10902 10904 10906 10908 10910 10912 10914 10916 10918 10920 10922 10924 10926 10928 10930 10932 10934 10936 10938 10940 10942 10944 10946 10948 10950 10952 10954 10956 10958 10960 10962 10964 10966 10968 10970 10972 10974 10976 10978 10980 10982 10984 10986 10988 10990 10992 10994 10996 10998 11000 11002 11004 11006 11008 11010 11012 11014 11016 11018 11020 11022 11024 11026 11028 11030 11032 11034 11036 11038 11040 11042 11044 11046 11048 11050 11052 11054 11056 11058 11060 11062 11064 11066 11068 11070 11072 11074 11076 11078 11080 11082 11084 11086 11088 11090 11092 11094 11096 11098 11100 11102 11104 11106 11108 11110 11112 11114 11116 11118 11120 11122 11124 11126 11128 11130 11132 11134 11136 11138 11140 11142 11144 11146 11148 11150 11152 11154 11156 11158 11160 11162 11164 11166 11168 11170 11172 11174 11176 11178 11180 11182 11184 11186 11188 11190 11192 11194 11196 11198 11200 11202 11204 11206 11208 11210 11212 11214 11216 11218 11220 11222 11224 11226 11228 11230 11232 11234 11236 11238 11240 11242 11244 11246 11248 11250 11252 11254 11256 11258 11260 11262 11264 11266 11268 11270 11272 11274 11276 11278 11280 11282 11284 11286 11288 11290 11292 11294 11296 11298 11300 11302 11304 11306 11308 11310 11312 11314 11316 11318 11320 11322 11324 11326 11328 11330 11332 11334 11336 11338 11340 11342 11344 11346 11348 11350 11352 11354 11356 11358 11360 11362 11364 11366 11368 11370 11372 11374 11376 11378 11380 11382 11384 11386 11388 11390 11392 11394 11396 11398 11400 11402 11404 11406 11408 11410 11412 11414 11416 11418 11420 11422 11424 11426 11428 11430 11432 11434 11436 11438 11440 11442 11444 11446 11448 11450 11452 11454 11456 11458 11460 11462 11464 11466 11468 11470 11472 11474 11476 11478 11480 11482 11484 11486 11488 11490 11492 11494 11496 11498 11500 11502 11504 11506 11508 11510 11512 11514 11516 11518 11520 11522 11524 11526 11528 11530 11532 11534 11536 11538 11540 11542 11544 11546 11548 11550 11552 11554 11556 11558 11560 11562 11564 11566 11568 11570 11572 11574 11576 11578 11580 11582 11584 11586 11588 11590 11592 11594 11596 11598 11600 11602 11604 11606 11608 11610 11612 11614 11616 11618 11620 11622 11624 11626 11628 11630 11632 11634 11636 11638 11640 11642 11644 11646 11648 11650 11652 11654 11656 11658 11660 11662 11664 11666 11668 11670 11672 11674 11676 11678 11680 11682 11684 11686 11688 11690 11692 11694 11696 11698 11700 11702 11704 11706 11708 11710 11712 11714 11716 11718 11720 11722 11724 11726 11728 11730 11732 11734 11736 11738 11740 11742 11744 11746 11748 11750 11752 11754 11756 11758 11760 11762 11764 11766 11768 11770 11772 11774 11776 11778 11780 11782 11784 11786 11788 11790 11792 11794 11796 11798 11800 11802 11804 11806 11808 11810 11812 11814 11816 11818 11820 11822 11824 11826 11828 11830 11832 11834 11836 11838 11840 11842 11844 11846 11848 11850 11852 11854 11856 11858 11860 11862 11864 11866 11868 11870 11872 11874 11876 11878 11880 11882 11884 11886 11888 11890 11892 11894 11896 11898 11900 11902 11904 11906 11908 11910 11912 11914 11916 11918 11920 11922 11924 11926 11928 11930 11932 11934 11936 11938 11940 11942 11944 11946 11948 11950 11952 11954 11956 11958 11960 11962 11964 11966 11968 11970 11972 11974 11976 11978 11980 11982 11984 11986 11988 11990 11992 11994 11996 11998 12000 12002 12004 12006 12008 12010 12012 12014 12016 12018 12020 12022 12024 12026 12028 12030 12032 12034 12036 12038 12040 12042 12044 12046 12048 12050 12052 12054 12056 12058 12060 12062 12064 12066 12068 12070 12072 12074 12076 12078 12080 12082 12084 12086 12088 12090 12092 12094 12096 12098 12100 12102 12104 12106 12108 12110 12112 12114 12116 12118 12120 12122 12124 12126 12128 12130 12132 12134 12136 12138 12140 12142 12144 12146 12148 12150 12152 12154 12156 12158 12160 12162 12164 12166 12168 12170 12172 12174 12176 12178 12180 12182 12184 12186 12188 12190 12192 12194 12196 12198 12200 12202 12204 12206 12208 12210 12212 12214 12216 12218 12220 12222 12224 12226 12228 12230 12232 12234 12236 12238 12240 12242 12244 12246 12248 12250 12252 12254 12256 12258 12260 12262 12264 12266 12268 12270 12272 12274 12276 12278 12280 12282 12284 12286 12288 12290 12292 12294 12296 12298 12300 12302 12304 12306 12308 12310 12312 12314 12316 12318 12320 12322 12324 12326 12328 12330 </DataArray>
<DataArray  type="UInt8"  Name="types"  format="ascii">3 3 3 3 3 3 3 3 3 3 3 3 3 3 3 3 3 3 3 3 3 3 3 3 3 3 3 3 3 3 3 3 3 3 3 3 3 3 3 3 3 3 3 3 3 3 3 3 3 3 3 3 3 3 3 3 3 3 3 3 3 3 3 3 3 3 3 3 3 3 3 3 3 3 3 3 3 3 3 3 3 3 3 3 3 3 3 3 3 3 3 3 3 3 3 3 3 3 3 3 3 3 3 3 3 3 3 3 3 3 3 3 3 3 3 3 3 3 3 3 3 3 3 3 3 3 3 3 3 3 3 3 3 3 3 3 3 3 3 3 3 3 3 3 3 3 3 3 3 3 3 3 3 3 3 3 3 3 3 3 3 3 3 3 3 3 3 3 3 3 3 3 3 3 3 3 3 3 3 3 3 3 3 3 3 3 3 3 3 3 3 3 3 3 3 3 3 3 3 3 3 3 3 3 3 3 3 3 3 3 3 3 3 3 3 3 3 3 3 3 3 3 3 3 3 3 3 3 3 3 3 3 3 3 3 3 3 3 3 3 3 3 3 3 3 3 3 3 3 3 3 3 3 3 3 3 3 3 3 3 3 3 3 3 3 3 3 3 3 3 3 3 3 3 3 3 3 3 3 3 3 3 3 3 3 3 3 3 3 3 3 3 3 3 3 3 3 3 3 3 3 3 3 3 3 3 3 3 3 3 3 3 3 3 3 3 3 3 3 3 3 3 3 3 3 3 3 3 3 3 3 3 3 3 3 3 3 3 3 3 3 3 3 3 3 3 3 3 3 3 3 3 3 3 3 3 3 3 3 3 3 3 3 3 3 3 3 3 3 3 3 3 3 3 3 3 3 3 3 3 3 3 3 3 3 3 3 3 3 3 3 3 3 3 3 3 3 3 3 3 3 3 3 3 3 3 3 3 3 3 3 3 3 3 3 3 3 3 3 3 3 3 3 3 3 3 3 3 3 3 3 3 3 3 3 3 3 3 3 3 3 3 3 3 3 3 3 3 3 3 3 3 3 3 3 3 3 3 3 3 3 3 3 3 3 3 3 3 3 3 3 3 3 3 3 3 3 3 3 3 3 3 3 3 3 3 3 3 3 3 3 3 3 3 3 3 3 3 3 3 3 3 3 3 3 3 3 3 3 3 3 3 3 3 3 3 3 3 3 3 3 3 3 3 3 3 3 3 3 3 3 3 3 3 3 3 3 3 3 3 3 3 3 3 3 3 3 3 3 3 3 3 3 3 3 3 3 3 3 3 3 3 3 3 3 3 3 3 3 3 3 3 3 3 3 3 3 3 3 3 3 3 3 3 3 3 3 3 3 3 3 3 3 3 3 3 3 3 3 3 3 3 3 3 3 3 3 3 3 3 3 3 3 3 3 3 3 3 3 3 3 3 3 3 3 3 3 3 3 3 3 3 3 3 3 3 3 3 3 3 3 3 3 3 3 3 3 3 3 3 3 3 3 3 3 3 3 3 3 3 3 3 3 3 3 3 3 3 3 3 3 3 3 3 3 3 3 3 3 3 3 3 3 3 3 3 3 3 3 3 3 3 3 3 3 3 3 3 3 3 3 3 3 3 3 3 3 3 3 3 3 3 3 3 3 3 3 3 3 3 3 3 3 3 3 3 3 3 3 3 3 3 3 3 3 3 3 3 3 3 3 3 3 3 3 3 3 3 3 3 3 3 3 3 3 3 3 3 3 3 3 3 3 3 3 3 3 3 3 3 3 3 3 3 3 3 3 3 3 3 3 3 3 3 3 3 3 3 3 3 3 3 3 3 3 3 3 3 3 3 3 3 3 3 3 3 3 3 3 3 3 3 3 3 3 3 3 3 3 3 3 3 3 3 3 3 3 3 3 3 3 3 3 3 3 3 3 3 3 3 3 3 3 3 3 3 3 3 3 3 3 3 3 3 3 3 3 3 3 3 3 3 3 3 3 3 3 3 3 3 3 3 3 3 3 3 3 3 3 3 3 3 3 3 3 3 3 3 3 3 3 3 3 3 3 3 3 3 3 3 3 3 3 3 3 3 3 3 3 3 3 3 3 3 3 3 3 3 3 3 3 3 3 3 3 3 3 3 3 3 3 3 3 3 3 3 3 3 3 3 3 3 3 3 3 3 3 3 3 3 3 3 3 3 3 3 3 3 3 3 3 3 3 3 3 3 3 3 3 3 3 3 3 3 3 3 3 3 3 3 3 3 3 3 3 3 3 3 3 3 3 3 3 3 3 3 3 3 3 3 3 3 3 3 3 3 3 3 3 3 3 3 3 3 3 3 3 3 3 3 3 3 3 3 3 3 3 3 3 3 3 3 3 3 3 3 3 3 3 3 3 3 3 3 3 3 3 3 3 3 3 3 3 3 3 3 3 3 3 3 3 3 3 3 3 3 3 3 3 3 3 3 3 3 3 3 3 3 3 3 3 3 3 3 3 3 3 3 3 3 3 3 3 3 3 3 3 3 3 3 3 3 3 3 3 3 3 3 3 3 3 3 3 3 3 3 3 3 3 3 3 3 3 3 3 3 3 3 3 3 3 3 3 3 3 3 3 3 3 3 3 3 3 3 3 3 3 3 3 3 3 3 3 3 3 3 3 3 3 3 3 3 3 3 3 3 3 3 3 3 3 3 3 3 3 3 3 3 3 3 3 3 3 3 3 3 3 3 3 3 3 3 3 3 3 3 3 3 3 3 3 3 3 3 3 3 3 3 3 3 3 3 3 3 3 3 3 3 3 3 3 3 3 3 3 3 3 3 3 3 3 3 3 3 3 3 3 3 3 3 3 3 3 3 3 3 3 3 3 3 3 3 3 3 3 3 3 3 3 3 3 3 3 3 3 3 3 3 3 3 3 3 3 3 3 3 3 3 3 3 3 3 3 3 3 3 3 3 3 3 3 3 3 3 3 3 3 3 3 3 3 3 3 3 3 3 3 3 3 3 3 3 3 3 3 3 3 3 3 3 3 3 3 3 3 3 3 3 3 3 3 3 3 3 3 3 3 3 3 3 3 3 3 3 3 3 3 3 3 3 3 3 3 3 3 3 3 3 3 3 3 3 3 3 3 3 3 3 3 3 3 3 3 3 3 3 3 3 3 3 3 3 3 3 3 3 3 3 3 3 3 3 3 3 3 3 3 3 3 3 3 3 3 3 3 3 3 3 3 3 3 3 3 3 3 3 3 3 3 3 3 3 3 3 3 3 3 3 3 3 3 3 3 3 3 3 3 3 3 3 3 3 3 3 3 3 3 3 3 3 3 3 3 3 3 3 3 3 3 3 3 3 3 3 3 3 3 3 3 3 3 3 3 3 3 3 3 3 3 3 3 3 3 3 3 3 3 3 3 3 3 3 3 3 3 3 3 3 3 3 3 3 3 3 3 3 3 3 3 3 3 3 3 3 3 3 3 3 3 3 3 3 3 3 3 3 3 3 3 3 3 3 3 3 3 3 3 3 3 3 3 3 3 3 3 3 3 3 3 3 3 3 3 3 3 3 3 3 3 3 3 3 3 3 3 3 3 3 3 3 3 3 3 3 3 3 3 3 3 3 3 3 3 3 3 3 3 3 3 3 3 3 3 3 3 3 3 3 3 3 3 3 3 3 3 3 3 3 3 3 3 3 3 3 3 3 3 3 3 3 3 3 3 3 3 3 3 3 3 3 3 3 3 3 3 3 3 3 3 3 3 3 3 3 3 3 3 3 3 3 3 3 3 3 3 3 3 3 3 3 3 3 3 3 3 3 3 3 3 3 3 3 3 3 3 3 3 3 3 3 3 3 3 3 3 3 3 3 3 3 3 3 3 3 3 3 3 3 3 3 3 3 3 3 3 3 3 3 3 3 3 3 3 3 3 3 3 3 3 3 3 3 3 3 3 3 3 3 3 3 3 3 3 3 3 3 3 3 3 3 3 3 3 3 3 3 3 3 3 3 3 3 3 3 3 3 3 3 3 3 3 3 3 3 3 3 3 3 3 3 3 3 3 3 3 3 3 3 3 3 3 3 3 3 3 3 3 3 3 3 3 3 3 3 3 3 3 3 3 3 3 3 3 3 3 3 3 3 3 3 3 3 3 3 3 3 3 3 3 3 3 3 3 3 3 3 3 3 3 3 3 3 3 3 3 3 3 3 3 3 3 3 3 3 3 3 3 3 3 3 3 3 3 3 3 3 3 3 3 3 3 3 3 3 3 3 3 3 3 3 3 3 3 3 3 3 3 3 3 3 3 3 3 3 3 3 3 3 3 3 3 3 3 3 3 3 3 3 3 3 3 3 3 3 3 3 3 3 3 3 3 3 3 3 3 3 3 3 3 3 3 3 3 3 3 3 3 3 3 3 3 3 3 3 3 3 3 3 3 3 3 3 3 3 3 3 3 3 3 3 3 3 3 3 3 3 3 3 3 3 3 3 3 3 3 3 3 3 3 3 3 3 3 3 3 3 3 3 3 3 3 3 3 3 3 3 3 3 3 3 3 3 3 3 3 3 3 3 3 3 3 3 3 3 3 3 3 3 3 3 3 3 3 3 3 3 3 3 3 3 3 3 3 3 3 3 3 3 3 3 3 3 3 3 3 3 3 3 3 3 3 3 3 3 3 3 3 3 3 3 3 3 3 3 3 3 3 3 3 3 3 3 3 3 3 3 3 3 3 3 3 3 3 3 3 3 3 3 3 3 3 3 3 3 3 3 3 3 3 3 3 3 3 3 3 3 3 3 3 3 3 3 3 3 3 3 3 3 3 3 3 3 3 3 3 3 3 3 3 3 3 3 3 3 3 3 3 3 3 3 3 3 3 3 3 3 3 3 3 3 3 3 3 3 3 3 3 3 3 3 3 3 3 3 3 3 3 3 3 3 3 3 3 3 3 3 3 3 3 3 3 3 3 3 3 3 3 3 3 3 3 3 3 3 3 3 3 3 3 3 3 3 3 3 3 3 3 3 3 3 3 3 3 3 3 3 3 3 3 3 3 3 3 3 3 3 3 3 3 3 3 3 3 3 3 3 3 3 3 3 3 3 3 3 3 3 3 3 3 3 3 3 3 3 3 3 3 3 3 3 3 3 3 3 3 3 3 3 3 3 3 3 3 3 3 3 3 3 3 3 3 3 3 3 3 3 3 3 3 3 3 3 3 3 3 3 3 3 3 3 3 3 3 3 3 3 3 3 3 3 3 3 3 3 3 3 3 3 3 3 3 3 3 3 3 3 3 3 3 3 3 3 3 3 3 3 3 3 3 3 3 3 3 3 3 3 3 3 3 3 3 3 3 3 3 3 3 3 3 3 3 3 3 3 3 3 3 3 3 3 3 3 3 3 3 3 3 3 3 3 3 3 3 3 3 3 3 3 3 3 3 3 3 3 3 3 3 3 3 3 3 3 3 3 3 3 3 3 3 3 3 3 3 3 3 3 3 3 3 3 3 3 3 3 3 3 3 3 3 3 3 3 3 3 3 3 3 3 3 3 3 3 3 3 3 3 3 3 3 3 3 3 3 3 3 3 3 3 3 3 3 3 3 3 3 3 3 3 3 3 3 3 3 3 3 3 3 3 3 3 3 3 3 3 3 3 3 3 3 3 3 3 3 3 3 3 3 3 3 3 3 3 3 3 3 3 3 3 3 3 3 3 3 3 3 3 3 3 3 3 3 3 3 3 3 3 3 3 3 3 3 3 3 3 3 3 3 3 3 3 3 3 3 3 3 3 3 3 3 3 3 3 3 3 3 3 3 3 3 3 3 3 3 3 3 3 3 3 3 3 3 3 3 3 3 3 3 3 3 3 3 3 3 3 3 3 3 3 3 3 3 3 3 3 3 3 3 3 3 3 3 3 3 3 3 3 3 3 3 3 3 3 3 3 3 3 3 3 3 3 3 3 3 3 3 3 3 3 3 3 3 3 3 3 3 3 3 3 3 3 3 3 3 3 3 3 3 3 3 3 3 3 3 3 3 3 3 3 3 3 3 3 3 3 3 3 3 3 3 3 3 3 3 3 3 3 3 3 3 3 3 3 3 3 3 3 3 3 3 3 3 3 3 3 3 3 3 3 3 3 3 3 3 3 3 3 3 3 3 3 3 3 3 3 3 3 3 3 3 3 3 3 3 3 3 3 3 3 3 3 3 3 3 3 3 3 3 3 3 3 3 3 3 3 3 3 3 3 3 3 3 3 3 3 3 3 3 3 3 3 3 3 3 3 3 3 3 3 3 3 3 3 3 3 3 3 3 3 3 3 3 3 3 3 3 3 3 3 3 3 3 3 3 3 3 3 3 3 3 3 3 3 3 3 3 3 3 3 3 3 3 3 3 3 3 3 3 3 3 3 3 3 3 3 3 3 3 3 3 3 3 3 3 3 3 3 3 3 3 3 3 3 3 3 3 3 3 3 3 3 3 3 3 3 3 3 3 3 3 3 3 3 3 3 3 3 3 3 3 3 3 3 3 3 3 3 3 3 3 3 3 3 3 3 3 3 3 3 3 3 3 3 3 3 3 3 3 3 3 3 3 3 3 3 3 3 3 3 3 3 3 3 3 3 3 3 3 3 3 3 3 3 3 3 3 3 3 3 3 3 3 3 3 3 3 3 3 3 3 3 3 3 3 3 3 3 3 3 3 3 3 3 3 3 3 3 3 3 3 3 3 3 3 3 3 3 3 3 3 3 3 3 3 3 3 3 3 3 3 3 3 3 3 3 3 3 3 3 3 3 3 3 3 3 3 3 3 3 3 3 3 3 3 3 3 3 3 3 3 3 3 3 3 3 3 3 3 3 3 3 3 3 3 3 3 3 3 3 3 3 3 3 3 3 3 3 3 3 3 3 3 3 3 3 3 3 3 3 3 3 3 3 3 3 3 3 3 3 3 3 3 3 3 3 3 3 3 3 3 3 3 3 3 3 3 3 3 3 3 3 3 3 3 3 3 3 3 3 3 3 3 3 3 3 3 3 3 3 3 3 3 3 3 3 3 3 3 3 3 3 3 3 3 3 3 3 3 3 3 3 3 3 3 3 3 3 3 3 3 3 3 3 3 3 3 3 3 3 3 3 3 3 3 3 3 3 3 3 3 3 3 3 3 3 3 3 3 3 3 3 3 3 3 3 3 3 3 3 3 3 3 3 3 3 3 3 3 3 3 3 3 3 3 3 3 3 3 3 3 3 3 3 3 3 3 3 3 3 3 3 3 3 3 3 3 3 3 3 3 3 3 3 3 3 3 3 3 3 3 3 3 3 3 3 3 3 3 3 3 3 3 3 3 3 3 3 3 3 3 3 3 3 3 3 3 3 3 3 3 3 3 3 3 3 3 3 3 3 3 3 3 3 3 3 3 3 3 3 3 3 3 3 3 3 3 3 3 3 3 3 3 3 3 3 3 3 3 3 3 3 3 3 3 3 3 3 3 3 3 3 3 3 3 3 3 3 3 3 3 3 3 3 3 3 3 3 3 3 3 3 3 3 3 3 3 3 3 3 3 3 3 3 3 3 3 3 3 3 3 3 3 3 3 3 3 3 3 3 3 3 3 3 3 3 3 3 3 3 3 3 3 3 3 3 3 3 3 3 3 3 3 3 3 3 3 3 3 3 3 3 3 3 3 3 3 3 3 3 3 3 3 3 3 3 3 3 3 3 3 3 3 3 3 3 3 3 3 3 3 3 3 3 3 3 3 3 3 3 3 3 3 3 3 3 3 3 3 3 3 3 3 3 3 3 3 3 3 3 3 3 3 3 3 3 3 3 3 3 3 3 3 3 3 3 3 3 3 3 3 3 3 3 3 3 3 3 3 3 3 3 3 3 3 3 3 3 3 3 3 3 3 3 3 3 3 3 3 3 3 3 3 3 3 3 3 3 3 3 3 3 3 3 3 3 3 3 3 3 3 3 3 3 3 3 3 3 3 3 3 3 3 3 3 3 3 3 3 3 3 3 3 3 3 3 3 3 3 3 3 3 3 3 3 3 3 3 3 3 3 3 3 3 3 3 3 3 3 3 3 3 3 3 3 3 3 3 3 3 3 3 3 3 3 3 3 3 3 3 3 3 3 3 3 3 3 3 3 3 3 3 3 3 3 3 3 3 3 3 3 3 3 3 3 3 3 3 3 3 3 3 3 3 3 3 3 3 3 3 3 3 3 3 3 3 3 3 3 3 3 3 3 3 3 3 3 3 3 3 3 3 3 3 3 3 3 3 3 3 3 3 3 3 3 3 3 3 3 3 3 3 3 3 3 3 3 3 3 3 3 3 3 3 3 3 3 3 3 3 3 3 3 3 3 3 3 3 3 3 3 3 3 3 3 3 3 3 3 3 3 3 3 3 3 3 3 3 3 3 3 3 3 3 3 3 3 3 3 3 3 3 3 3 3 3 3 3 3 3 3 3 3 3 3 3 3 3 3 3 3 3 3 3 3 3 3 3 3 3 3 3 3 3 3 3 3 3 3 3 3 3 3 3 3 3 3 3 3 3 3 3 3 3 3 3 3 3 3 3 3 3 3 3 3 3 3 3 3 3 3 3 3 3 3 3 3 3 3 3 3 3 3 3 3 3 3 3 3 3 3 3 3 3 3 3 3 3 3 3 3 3 3 3 3 3 3 3 3 3 3 3 3 3 3 3 3 3 3 3 3 3 3 3 3 3 3 3 3 3 3 3 3 3 3 3 3 3 3 3 3 3 3 3 3 3 3 3 3 3 3 3 3 3 3 3 3 3 3 3 3 3 3 3 3 3 3 3 3 3 3 3 3 3 3 3 3 3 3 3 3 3 3 3 3 3 3 3 3 3 3 3 3 3 3 3 3 3 3 3 3 3 3 3 3 3 3 3 3 3 3 3 3 3 3 3 3 3 3 3 3 3 3 3 3 3 3 3 3 3 3 3 3 3 3 3 3 3 3 3 3 3 3 3 3 3 3 3 3 3 3 3 3 3 3 3 3 3 3 3 3 3 3 3 3 3 3 3 3 3 3 3 3 3 3 3 3 3 3 3 3 3 3 3 3 3 3 3 3 3 3 3 3 3 3 3 3 3 3 3 3 3 3 3 3 3 3 3 3 3 3 3 3 3 3 3 3 3 3 3 3 3 3 3 3 3 3 3 3 3 3 3 3 3 3 3 3 3 3 3 3 3 3 3 3 3 3 3 3 3 3 3 3 3 3 3 3 3 3 3 3 3 3 3 3 3 3 3 3 3 3 3 3 3 3 3 3 3 3 3 3 3 3 3 3 3 3 3 3 3 3 3 3 3 3 3 3 3 3 3 3 3 3 3 3 3 3 3 3 3 3 3 3 3 3 3 3 3 3 3 3 3 3 3 3 3 3 3 3 3 3 3 3 3 3 3 3 3 3 3 3 3 3 3 3 3 3 3 3 3 3 3 3 3 3 3 3 3 3 3 3 3 3 3 3 3 3 3 3 3 3 3 3 3 3 3 3 3 3 3 3 3 3 3 3 3 3 3 3 3 3 3 3 3 3 3 3 3 3 3 3 3 3 3 3 3 3 3 3 3 3 3 3 3 3 3 3 3 3 3 3 3 3 3 3 3 3 3 3 3 3 3 3 3 3 3 3 3 3 3 3 3 3 3 3 3 3 3 3 3 3 3 3 3 3 3 3 3 3 3 3 3 3 3 3 3 3 3 3 3 3 3 3 3 3 3 3 3 3 3 3 3 3 3 3 3 3 3 3 3 3 3 3 3 3 3 3 3 3 3 3 3 3 3 3 3 3 3 3 3 3 3 3 3 3 3 3 3 3 3 3 3 3 3 3 3 3 3 3 3 3 3 3 3 3 3 3 3 3 3 3 3 3 3 3 3 3 3 3 3 3 3 3 3 3 3 3 3 3 3 3 3 3 3 3 3 3 3 3 3 3 3 3 3 3 3 3 3 3 3 3 3 3 3 3 3 3 3 3 3 3 3 3 3 3 3 3 3 3 3 3 3 3 3 3 3 3 3 3 3 3 3 3 3 3 3 3 3 3 3 3 3 3 3 3 3 3 3 3 3 3 3 3 3 3 3 3 3 3 3 3 3 3 3 3 3 3 3 3 3 3 3 3 3 3 3 3 3 3 3 3 3 3 3 3 3 3 3 3 3 3 3 3 3 3 3 3 3 3 3 3 3 3 3 3 3 3 3 3 3 3 3 3 3 3 3 3 3 3 3 3 3 3 3 3 3 3 3 3 3 3 3 3 3 3 3 3 3 3 3 3 3 3 3 3 3 3 3 3 3 3 3 3 3 3 3 3 3 3 3 3 3 3 3 3 3 3 3 3 3 3 3 3 3 3 3 3 3 3 3 3 3 3 3 3 3 3 3 3 3 3 3 3 3 3 3 3 3 3 3 3 3 3 3 3 3 3 3 3 3 3 3 3 3 3 3 3 3 3 3 3 3 3 3 3 3 3 3 3 3 3 3 3 3 3 3 3 3 3 3 3 3 3 3 3 3 3 3 3 3 3 3 3 3 3 3 3 3 3 3 3 3 3 3 3 3 3 3 3 3 3 3 3 3 3 3 3 3 3 3 3 3 3 3 3 3 3 3 3 3 3 3 3 3 3 3 3 3 3 3 3 3 3 3 3 3 3 3 3 3 3 3 3 3 3 3 3 3 3 3 3 3 3 3 3 3 3 3 3 3 3 3 3 3 3 3 3 3 3 3 3 3 3 3 3 3 3 3 3 3 3 3 3 3 3 3 3 3 3 3 3 3 3 3 3 3 3 3 3 3 3 3 3 3 3 3 3 3 3 3 3 3 3 3 3 3 3 3 3 3 3 3 3 3 3 3 3 3 3 3 3 3 3 3 3 3 3 3 3 3 3 3 3 3 3 3 3 3 3 3 3 3 3 3 3 3 3 3 3 3 3 3 3 3 3 3 3 3 3 3 3 3 3 3 3 3 3 3 3 3 3 3 3 3 3 3 3 3 3 3 3 3 3 3 3 3 3 3 3 3 3 3 3 3 3 3 3 3 3 3 3 3 3 3 3 3 3 3 3 3 3 3 3 3 3 3 3 3 3 3 3 3 3 3 3 3 3 3 3 3 3 3 3 3 3 3 3 3 3 3 3 3 3 3 3 3 3 3 3 3 3 3 3 3 3 3 3 3 3 3 3 3 3 3 3 3 3 3 3 3 3 3 3 3 3 3 3 3 3 3 3 3 3 3 3 3 3 3 3 3 3 3 3 3 3 3 3 3 3 3 3 3 3 3 3 3 3 3 3 3 3 3 3 3 3 3 3 3 3 3 3 3 3 3 3 3 3 3 3 3 3 3 3 3 3 3 3 3 3 3 3 3 3 3 3 3 3 3 3 3 3 3 3 3 3 3 3 3 3 3 3 3 3 3 3 3 3 3 3 3 3 3 3 3 3 3 3 3 3 3 3 3 3 3 3 3 3 3 3 3 3 3 3 3 3 3 3 3 3 3 3 3 3 3 3 3 3 3 3 3 3 3 3 3 3 3 3 3 3 3 3 3 3 3 3 3 3 3 3 3 3 3 3 3 3 3 3 3 3 3 3 3 3 3 3 3 3 3 3 3 3 3 3 3 3 3 3 3 3 3 3 3 3 3 3 3 3 3 3 3 3 3 3 3 3 3 3 3 3 3 3 3 3 3 3 3 3 3 3 3 3 3 3 3 3 3 3 3 3 3 3 3 3 3 3 3 3 3 3 3 3 3 3 3 3 3 3 3 3 3 3 3 3 3 3 3 3 3 3 3 3 3 3 3 3 3 3 3 3 3 3 3 3 3 3 3 3 3 3 3 3 3 3 3 3 3 3 3 3 3 3 3 3 3 3 3 3 3 3 3 3 3 3 3 3 3 3 3 3 3 3 3 3 3 3 3 3 3 3 3 3 3 3 3 3 3 3 3 3 3 3 3 3 3 3 3 3 3 3 3 3 3 3 3 3 3 3 3 3 3 3 3 3 3 3 3 3 3 3 3 3 3 3 3 3 3 3 3 3 3 3 3 3 3 3 3 3 3 3 3 3 3 3 3 3 3 3 3 3 3 3 3 3 3 3 3 3 3 3 3 3 3 3 3 3 3 3 3 3 3 3 3 3 3 3 3 3 3 3 3 3 3 3 3 3 3 3 3 3 3 3 3 3 3 3 3 3 3 3 3 3 3 3 3 3 3 3 3 3 3 3 3 3 3 3 3 3 3 3 3 3 3 3 3 3 3 3 3 3 3 3 3 3 3 3 3 3 3 3 3 3 3 3 3 3 3 3 3 3 3 3 3 3 3 3 3 3 3 3 3 3 3 3 3 3 3 3 3 3 3 3 3 3 3 3 3 3 3 3 3 3 3 3 3 3 3 3 3 3 3 3 3 3 3 3 3 3 3 3 3 3 3 3 3 3 3 3 3 3 3 3 3 3 3 3 3 3 3 3 3 3 3 3 3 3 3 3 3 3 3 3 3 3 3 3 3 3 3 3 3 3 3 3 3 3 3 3 3 3 3 3 3 3 3 3 3 3 3 3 3 3 3 3 3 3 3 3 3 3 3 3 3 3 3 3 3 3 3 3 3 3 3 3 3 3 3 3 3 3 3 3 3 3 3 3 3 3 3 3 3 3 3 3 3 3 3 3 3 3 3 3 3 3 3 3 3 3 3 3 3 3 3 3 3 3 3 3 3 3 3 3 3 3 3 3 3 3 3 3 3 3 3 3 3 3 3 3 3 3 3 3 3 3 3 3 3 3 3 3 3 3 3 3 3 3 3 3 3 3 3 3 3 3 3 3 3 3 3 3 3 3 3 3 3 3 3 3 3 3 3 3 3 3 3 3 3 3 3 3 3 3 3 3 3 3 3 3 3 3 3 3 3 3 3 3 3 3 3 3 3 3 3 3 3 3 3 3 3 3 3 3 3 3 3 3 3 3 3 3 3 3 3 3 3 3 3 3 3 3 3 3 3 3 3 3 3 3 3 3 3 3 3 3 3 3 3 3 3 3 3 3 3 3 3 3 3 3 3 3 3 3 3 3 3 3 3 3 3 3 3 3 3 3 3 3 3 3 3 3 3 3 3 3 3 3 3 3 3 3 3 3 3 3 3 3 3 3 3 3 3 3 3 3 3 3 3 3 3 3 3 3 3 3 3 3 3 3 3 3 3 3 3 3 3 3 3 3 3 3 3 3 3 3 3 3 3 3 3 3 3 3 3 3 3 3 3 3 3 3 3 3 3 3 3 3 3 3 3 3 3 3 3 3 3 3 3 3 3 3 3 3 3 3 3 3 3 3 3 3 3 3 3 3 3 3 3 3 3 3 3 3 3 3 3 3 3 3 3 3 3 3 3 3 3 3 3 3 3 3 3 3 3 3 3 3 3 3 3 3 3 3 3 3 3 3 3 3 3 3 3 3 3 3 3 3 3 3 3 3 3 3 3 3 3 3 3 3 3 3 3 3 3 3 3 3 3 3 3 3 3 3 3 3 3 3 3 3 3 3 3 3 3 3 3 3 3 3 3 3 3 3 3 3 3 3 3 3 3 3 3 3 3 3 3 3 3 3 3 3 3 3 3 3 3 3 3 3 3 3 3 3 3 3 3 3 3 3 3 3 3 3 3 3 3 3 3 3 3 3 3 3 3 3 3 3 3 3 3 3 3 3 3 3 3 3 3 3 3 3 3 3 3 3 3 3 3 3 3 3 3 3 3 3 3 3 3 3 3 3 3 3 3 3 3 3 3 3 3 3 3 3 3 3 3 3 3 3 3 3 3 3 3 3 3 3 3 3 3 3 3 3 3 3 3 3 3 3 3 3 3 3 3 3 3 3 3 3 3 3 3 3 3 3 3 3 3 3 3 3 3 3 3 3 3 3 3 3 3 3 3 3 3 3 3 3 3 3 3 3 3 3 3 3 3 3 3 3 3 3 3 3 3 3 3 3 3 3 </DataArray>
</Cells>
</Piece>
</UnstructuredGrid>
</VTKFile>